OFF
10530 21076 0
29.7339 16.397 13.9532 30.3116 16.236 13.7572 30.4358 15.6181 13.9173 29.973 15.9228 14.0101 29.2081 16.2301 14.2453 29.5708 15.5422 14.4005 30.2431 15.1522 14.229 31.3381 15.4176 13.7607 32.2219 15.2906 13.6823 32.4366 14.8495 13.9114 31.6463 14.8418 13.9923 30.9545 15.004 14.0884 31.2943 14.3859 14.3613 32.3863 14.2925 14.2847 31.1053 16.2614 13.6245 32.3267 16.3188 13.5452 32.4524 13.9083 14.8448 31.7246 14.01 14.8362 31.0241 14.1456 14.9927 31.4226 13.7871 15.4094 32.2333 13.672 15.2576 30.3876 14.3389 15.2357 30.8555 13.9894 15.6725 30.2554 14.2845 16.2831 30.8115 13.9397 16.3037 31.3639 13.6652 16.4381 32.3054 13.532 16.0966 30.4838 14.6372 14.5557 29.926 14.9573 14.8221 29.3223 15.2582 15.1974 29.8441 14.7312 15.3564 28.6443 16.506 14.5705 28.9693 15.9186 14.8413 28.3171 16.3648 15.2232 28.7572 15.7633 15.4104 29.1346 15.223 16.0079 29.6143 14.7857 16.1129 28.2186 16.131 16.1657 28.6924 15.6041 16.2596 23.5256 32.4389 2.75628 24.3658 32.3029 2.59818 24.5664 31.6685 2.7454 23.9732 31.8915 2.89142 23.2052 32.335 3.42866 23.8247 31.869 3.52615 24.5247 31.4083 3.37128 23.3325 32.261 4.63105 23.8642 31.8761 4.81074 24.4115 31.4682 4.60133 23.401 32.3396 5.53404 23.9771 31.8891 5.54539 24.4969 31.4871 5.47687 23.4134 32.4212 6.4618 23.9005 32.01 6.23024 24.4744 31.5625 6.4067 23.4854 32.4104 7.42217 23.9639 32.0019 7.00743 24.4221 31.6392 7.37251 23.9805 32.0277 7.81776 27.4368 30.3315 2.65375 28.2581 30.2404 2.55841 28.5085 29.8659 2.73272 27.8982 29.9575 2.85885 27.0716 30.1343 3.38686 27.7591 29.8953 3.3162 28.4845 29.6933 3.1638 27.1625 30.0902 4.5616 27.6777 29.9143 4.2806 28.4535 29.6852 4.19265 25.3315 31.3138 2.7072 26.2894 31.2611 2.53032 26.5305 30.551 2.70532 25.8077 30.8063 2.804 25.118 31.0431 3.42873 25.6662 30.7194 3.41388 26.3377 30.3949 3.26804 25.1948 32.1149 2.54542 26.0538 32.1674 2.48164 24.9807 31.1148 4.50245 25.5412 30.7863 4.55125 26.3657 30.3876 4.44943 27.1799 31.0771 2.48962 28.2232 31.1223 2.45829 27.1424 32.1656 2.44382 28.3201 32.3841 2.42744 29.1188 30.2686 2.50699 29.33 29.7186 2.70662 29.323 29.5039 3.2787 30.217 30.1828 2.49016 30.2009 29.5515 2.72233 30.298 29.3388 3.31984 29.4011 29.4506 4.35714 30.3799 29.2404 4.45639 31.5717 30.2082 2.48532 31.3206 29.4969 2.72001 31.2594 29.1916 3.38676 32.4635 30.1602 2.51721 32.5943 29.5548 2.7324 32.4904 29.1767 3.25765 31.2711 29.0802 4.28668 32.2506 29.0244 4.01989 29.2733 31.1897 2.43152 30.452 31.2524 2.42258 29.4482 32.4371 2.41589 30.6235 32.6583 2.41113 31.573 31.121 2.43222 32.3408 31.0746 2.45966 31.5792 32.2441 2.4212 32.4689 32.2216 2.44163 27.0742 30.1563 5.37002 27.7774 29.9069 5.358 28.5504 29.6618 5.62166 27.2006 30.1185 6.68799 27.9011 29.8506 6.7093 28.6709 29.5752 6.68946 25.0936 31.1112 5.30223 25.7345 30.7489 5.41874 26.4022 30.4116 5.33669 25.16 31.1272 6.25253 25.7305 30.795 6.25314 26.4196 30.4402 6.28395 27.2064 30.0959 7.78029 27.7935 29.8411 7.70735 28.5265 29.5357 7.63406 27.1011 30.1094 8.66616 27.685 29.8333 8.60891 28.3966 29.4845 8.66529 25.1061 31.1967 7.35801 25.7675 30.8012 7.14349 26.4782 30.4255 7.6295 25.1722 31.1775 8.32942 25.7451 30.831 8.33663 26.4134 30.4528 8.82406 24.0008 32.0452 8.59504 24.5733 31.5669 8.33177 29.5084 29.3923 5.68861 30.4204 29.1395 5.63092 29.4628 29.3082 6.6681 30.1007 29.1228 6.41958 32.4966 28.8513 4.76798 31.7392 28.9354 4.82322 31.0339 29.0458 5.11249 31.4704 28.8569 5.61326 32.3369 28.6613 5.68311 30.9604 28.9403 5.91616 30.7205 28.8597 6.66164 31.4685 28.6557 6.47231 32.3234 28.396 6.64609 29.3371 29.2255 7.44745 30.0251 29.0246 7.10177 30.497 28.7451 7.52827 29.8825 28.9214 7.89111 29.1597 29.1577 8.37683 29.7641 28.7945 8.73946 30.5347 28.4983 8.46239 31.3379 28.4256 7.48705 32.3126 28.1673 7.41277 31.36 28.1561 8.41621 31.9788 28.0736 8.01294 27.5481 18.4602 14.5885 28.2035 18.1736 14.2524 28.3858 17.2955 14.3204 27.7795 17.6412 14.7268 27.1778 18.1071 15.1196 27.4573 17.4253 15.3549 28.0516 16.9963 14.9538 27.8192 16.7925 15.574 27.2762 17.1977 16.2493 27.7324 16.6106 16.3524 26.6464 18.5114 15.4621 26.9366 17.8933 15.8073 26.3481 18.4048 16.289 26.7559 17.7558 16.5076 25.6374 20.4473 15.5978 26.1469 20.1441 15.2206 26.3424 19.3107 15.3023 25.8344 19.7019 15.7653 25.261 20.2315 16.2497 25.5943 19.4807 16.4253 26.0995 19.0276 15.998 26.8841 19.4253 14.8286 27.4071 19.2194 14.503 26.9602 18.8246 14.9603 28.2434 19.334 14.1832 26.6495 20.2444 14.8717 27.3844 20.2989 14.4928 28.2484 20.6181 14.2065 29.4695 17.2611 13.8874 30.2541 17.2209 13.7046 29.0589 16.9747 14.1107 28.8424 18.348 14.028 29.4765 18.2045 13.8417 28.9893 17.7377 14.0212 30.2806 18.6088 13.7127 31.1929 17.5057 13.5856 32.1778 17.7436 13.5303 31.3349 18.558 13.6135 32.4795 18.559 13.5748 28.8666 19.3788 14.0082 29.3565 19.4292 13.8973 30.2851 19.5894 13.7727 28.8802 19.9894 14.0331 29.5532 20.3498 13.9224 30.3019 20.4502 13.8205 28.9952 20.5553 14.0403 31.1301 19.3125 13.686 32.1305 19.3685 13.642 31.2112 20.357 13.7219 32.3036 20.5047 13.6617 25.414 21.2894 15.5726 26.0946 21.2274 15.1589 25.0977 20.9992 16.0603 24.9162 22.5034 15.9287 25.4863 22.2176 15.4845 24.9614 21.7568 15.9615 24.3793 22.2715 16.4149 24.6116 21.4323 16.4628 26.1503 22.6191 15.1502 26.7373 21.5274 14.8155 27.5395 21.5336 14.4769 28.321 21.4627 14.2408 26.7452 22.5093 14.8693 27.3861 22.4488 14.6048 28.3149 22.5037 14.2911 24.8619 23.7026 15.9764 25.4833 23.5206 15.5558 24.3366 23.3411 16.3617 26.2092 23.4686 15.191 25.0195 24.3122 15.9224 25.4786 24.5319 15.6597 24.4976 24.6262 16.2871 26.2196 24.4043 15.2484 26.8142 23.3457 14.9104 27.5257 23.5912 14.595 28.3511 23.7709 14.2727 26.868 24.6847 14.9083 27.5663 24.7993 14.542 28.3585 24.6393 14.1726 29.7168 21.4312 13.9396 30.4451 21.6728 13.8126 29.0502 21.3626 14.0767 29.8227 22.7893 13.8899 30.5587 22.8055 13.7281 29.1412 22.7676 14.0631 31.365 21.8007 13.6906 32.4155 21.6805 13.6293 31.3816 22.8589 13.5795 32.4032 22.7126 13.5119 29.6181 23.8153 13.8115 30.3975 23.7407 13.5968 29.0451 23.6791 14.0414 29.4721 24.6988 13.6623 30.329 24.5861 13.3711 28.9665 24.1778 13.9865 31.2569 23.6635 13.4233 32.1787 23.5534 13.3387 31.2242 24.3917 13.1845 32.3809 24.2082 13.0968 23.5647 32.4022 14.6108 24.001 32.0001 14.1577 24.3932 31.5213 14.5833 23.9251 31.9546 14.9591 23.4068 32.4972 15.5339 23.8123 31.8819 15.8011 24.274 31.3454 15.4369 23.3226 32.4052 16.5789 23.7363 31.6555 16.6258 24.1119 31.1737 16.1769 32.3211 27.8188 8.56072 31.7113 27.8702 8.93559 31.0349 28.0782 9.12982 31.4877 27.6894 9.69438 32.3986 27.5442 9.43866 30.3354 28.3107 9.43376 30.8244 27.8874 9.9291 30.1066 28.15 10.2148 30.5225 27.6819 10.6925 31.3398 27.3814 10.5372 32.387 27.2215 10.2958 29.4496 28.4204 10.5522 29.8787 27.9134 10.9654 29.1833 28.2322 11.2928 29.5495 27.6774 11.6567 30.2815 27.3278 11.4506 28.5321 28.583 11.6354 28.9091 27.9484 11.9764 28.2675 28.3153 12.3524 28.5831 27.6391 12.6402 29.2993 27.2723 12.2859 29.9563 27.0151 12.0402 32.3685 26.8698 10.9182 31.7984 26.9555 11 31.0359 27.1292 11.1551 31.3973 26.6997 11.5765 32.3493 26.4807 11.5734 30.657 26.7909 11.8084 30.3653 26.3819 12.3643 31.3174 26.1799 12.0899 32.0605 26.0412 12.0185 27.028 30.1063 9.5425 27.6992 29.7286 9.6422 28.4691 29.3041 9.61062 27.0486 30.0354 10.3083 27.5442 29.6602 10.7219 28.2341 29.2645 10.4741 25.1602 31.2048 9.36803 25.8035 30.8004 9.79691 26.4873 30.3925 9.79046 24.0217 32.057 9.5816 24.4952 31.6501 9.33079 25.185 31.1993 10.7583 25.7933 30.7857 10.987 26.4491 30.3715 10.6872 23.9964 32.108 10.4558 24.5578 31.636 10.3861 26.9808 29.9681 11.0736 26.3917 30.2975 11.6975 26.9437 29.8432 11.8516 27.5044 29.4639 11.6341 28.0994 29.123 11.2522 27.9098 28.9317 11.9875 27.2738 29.2978 12.4667 27.6952 28.6809 12.7136 26.1802 30.289 12.5555 26.6852 29.7812 12.6703 25.2623 31.121 11.8453 25.795 30.7185 11.9114 24.0624 32.0685 11.476 24.6107 31.6061 11.8038 25.084 31.1948 12.6625 25.6189 30.7268 12.7825 24.1371 31.9913 12.7803 24.6146 31.566 12.8844 29.0596 29.0601 9.18148 29.5528 28.6683 9.65451 28.9403 28.9336 9.99641 28.7773 28.8015 10.7903 27.9404 28.0029 12.9954 27.3106 28.4748 13.3715 27.5573 27.6937 13.6103 28.1972 27.3019 13.243 28.4397 26.5385 13.5001 27.8014 26.8666 13.8275 27.1687 27.3146 14.1832 27.3779 26.4794 14.3085 28.0003 26.105 13.9908 26.7654 28.7562 13.8345 26.9731 28.054 14.0102 26.365 28.5232 14.4864 26.6056 27.6716 14.605 25.0704 24.9093 15.963 25.6204 25.4203 15.6641 26.2864 25.7683 15.2237 24.9885 25.413 16.0848 25.6534 26.7135 15.6598 26.2566 26.8357 15.1506 25.0741 26.3176 16.1238 26.9299 25.781 14.8064 27.5118 25.7345 14.435 28.1203 25.4514 14.13 26.7617 26.7061 14.7526 25.6296 27.7711 15.5882 26.0736 27.5397 15.181 25.1254 27.7583 16.0923 25.5083 28.5943 15.5047 26.0262 28.1648 15.0338 25.073 28.6579 16.0574 29.5331 26.6144 12.6754 30.4792 25.669 12.8015 29.8529 25.9515 12.9182 29.1257 26.2197 13.1801 29.3859 25.5347 13.3843 30.0949 25.2383 13.1766 28.655 25.7376 13.7172 28.8375 24.9678 13.8745 31.27 25.619 12.5823 31.3458 24.9406 12.8984 30.8547 25.0511 12.9963 32.3721 25.558 12.4218 32.1408 24.8681 12.8213 28.8694 26.9265 12.9216 25.5116 30.5613 13.6722 26.0754 30.1252 13.2339 26.4618 29.5038 13.5108 25.885 29.9338 13.942 25.3122 30.3956 14.4768 25.6663 29.684 14.6648 26.1756 29.2551 14.2243 27.0271 29.0892 13.1076 25.0742 31.0885 13.4126 23.986 32.082 13.5908 24.5388 31.5463 13.7384 24.9631 31.0039 14.0819 24.8162 30.8985 14.8108 25.8526 28.9341 14.9105 25.2917 29.4969 15.4198 25.0945 30.1705 15.1435 24.9932 29.1478 15.9904 24.6378 30.6442 15.599 24.8319 29.9363 15.8687 24.3185 30.5378 16.4259 24.5588 29.679 16.4684 27.515 16.4733 19.5632 28.0799 16.0008 19.466 28.5027 15.5803 19.7649 27.9193 16.0526 20.0347 27.4363 16.378 20.5932 28.0107 15.8474 20.6367 28.5402 15.3815 20.4939 30.2466 14.2732 17.7751 30.806 13.9416 17.4548 31.3645 13.6479 17.9037 32.3909 13.4881 17.5843 30.2857 14.2155 18.927 30.7853 13.9273 18.6955 31.2577 13.6348 18.9781 32.2425 13.4375 18.9155 29.1396 15.1546 17.0712 29.6686 14.7115 17.2853 28.0246 16.1632 17.2769 28.5734 15.6337 17.3842 29.1262 15.1461 18.6595 29.7293 14.6503 18.742 28.0659 16.0623 18.5506 28.5368 15.6336 18.7694 30.1045 14.252 19.6173 30.65 13.8308 19.6969 31.2792 13.4613 19.7527 32.2645 13.2567 19.7838 30.0555 14.0894 20.1869 30.5177 13.5425 20.5214 31.3346 13.1358 20.3255 32.4055 12.9873 20.2308 29.0706 15.1167 19.6704 29.5557 14.674 19.7162 29.0219 15.0268 20.153 29.4755 14.4959 20.4846 31.2768 12.3723 21.3732 32.3428 12.1779 21.2185 32.301 11.9309 21.706 31.6411 12.0233 21.6775 31.2868 12.207 22.5443 31.7726 11.9594 22.2246 32.5335 11.9149 22.3007 32.128 12.0309 22.7751 31.1707 12.2127 23.5966 31.9596 12.0353 23.2372 32.3751 11.7714 23.7559 31.6867 11.8424 23.8686 31.0413 12.0598 24.4206 31.5443 11.6462 24.4422 32.375 11.3885 24.2488 27.2335 16.3536 21.4827 27.8104 15.8189 21.5418 28.389 15.3567 21.2754 27.2561 16.1455 22.3235 27.7153 15.7123 22.6619 28.3861 15.3002 22.4446 27.1166 16.1148 23.2041 27.6178 15.5769 23.5692 28.2583 15.2065 23.2539 28.67 14.6963 23.6731 28.0645 15.0583 23.8774 27.5961 15.4903 24.4507 28.0321 15.0054 24.1032 28.5268 14.5528 24.3774 27.0545 16.0715 24.2283 29.9194 13.9351 20.8256 29.4107 14.3441 21.3782 29.8747 13.7688 21.499 30.315 13.2671 21.3655 29.3377 14.4719 22.5842 29.7853 13.8766 22.7452 30.2166 13.3441 22.5771 31.2712 12.7862 20.8261 30.8487 13.0742 20.8705 30.7651 12.7782 21.3221 32.2529 12.6558 20.7476 30.7181 12.7316 22.5765 28.9477 14.9148 20.7919 28.894 14.874 21.5544 28.8835 14.8734 22.8481 29.3156 14.3238 23.4418 29.6701 13.6691 23.7591 30.2211 13.2513 23.4784 30.5745 12.6711 23.7843 30.0529 13.0866 23.9047 29.4632 13.5559 24.4053 29.9922 13.0279 24.2202 30.4923 12.4959 24.5092 29.0456 14.0745 23.927 28.9792 14.0099 24.2495 30.9664 12.1761 25.612 31.4574 11.7032 25.6205 32.3376 11.308 25.4665 31.1944 12.2276 26.4778 31.7171 11.729 26.4917 32.4078 11.3037 26.5585 31.3575 12.3136 27.477 31.895 11.7881 27.2742 32.447 11.2975 27.4322 31.5283 12.2754 28.6417 31.941 11.9034 28.0331 32.283 11.4222 28.7488 28.0584 15.0291 24.3927 27.0565 16.0109 25.2789 27.5422 15.5679 25.7292 28.0887 15.0537 25.3521 26.5303 16.4252 25.611 26.9977 15.9859 26.0849 26.4078 16.3574 26.5271 26.9342 15.9258 26.8997 27.4836 15.5687 26.6802 28.0645 15.1034 26.6832 26.2426 16.2514 27.4068 26.7637 15.8586 27.7026 27.4517 15.4481 27.6489 28.0633 15.0608 27.6524 26.092 16.1058 28.1547 26.6699 15.665 28.5403 27.4597 15.2603 28.5162 28.0131 15.0089 28.1496 29.5741 13.543 25.5014 29.9931 13.0252 24.9858 30.4504 12.6359 25.5632 29.0239 14.023 24.9521 29.0467 14.1173 25.6911 30.0912 13.1088 25.8498 29.2413 14.0958 26.3439 29.7112 13.6466 26.27 30.159 13.2625 26.4902 30.6539 12.7394 26.385 28.6051 14.546 25.4159 28.645 14.6331 26.3578 29.2067 14.2029 27.4536 29.7359 13.7493 27.1906 30.2999 13.2402 27.4429 29.1398 14.214 28.6361 29.7579 13.7323 28.4888 30.2591 13.2486 28.6365 30.8271 12.7506 27.2585 30.7922 12.7331 28.6311 28.6207 14.6692 27.6861 28.4968 14.6723 28.5474 31.9549 9.1738 29.9965 32.4556 9.48839 29.7112 32.3539 8.42122 29.8506 31.9816 8.8758 29.9986 31.5954 9.417 30.5683 31.8654 8.55121 30.477 32.1686 8.14455 30.4275 31.9365 9.7398 30.1069 31.9913 11.968 28.7778 30.6592 12.5108 29.5439 31.4208 12.1778 29.3792 31.58 11.7839 29.8663 30.9615 12.0096 29.9259 30.4818 12.5717 30.2895 30.8229 11.8306 30.5457 31.357 11.4049 30.2106 31.9678 11.9521 29.1548 32.143 11.5288 29.5962 31.9724 11.1649 30.0117 31.5254 9.45714 31.8028 31.8183 8.74067 31.5808 32.4019 8.28442 31.702 31.4156 10.5257 30.4584 32.0809 10.5826 30.0121 31.2752 10.413 31.6944 31.8096 9.51971 32.4792 31.9171 9.00751 32.1796 32.3635 8.70473 32.4922 31.5736 10.3561 32.4986 30.9994 11.0789 30.7755 30.8908 11.5625 31.5365 31.0343 10.8353 31.2753 30.6599 12.5292 31.5659 31.1132 11.4281 32.003 31.3668 11.4817 32.6378 31.0024 11.9838 32.0544 31.064 12.325 32.5679 25.4414 16.3712 28.4585 25.9413 15.949 28.8901 25.2086 16.2374 29.2676 25.7852 15.8056 29.5763 26.4917 15.4885 29.3972 25.0562 16.1072 30.0216 25.5346 15.7378 30.3764 26.3586 15.3399 30.3872 27.9333 14.9239 28.859 27.2435 15.1606 29.3146 27.8828 14.8074 29.5269 28.5481 14.5136 29.2753 27.0112 15.1037 30.0032 27.6641 14.785 30.4321 28.4899 14.4322 30.1788 24.4273 16.4085 30.3924 24.9806 16.0035 30.8466 24.3519 16.3417 31.454 24.9582 15.9823 31.4347 25.6289 15.6393 31.5481 26.4544 15.2659 31.6632 24.4537 16.3035 32.6592 24.9539 16.0047 32.1362 25.5098 15.7804 32.623 26.3502 15.4527 32.6407 27.0052 15.0255 30.6499 27.0053 15.0166 31.1264 27.5626 14.8225 31.7829 28.475 14.4342 31.6646 26.9791 15.0803 32.0383 27.2026 15.1619 32.8226 27.8754 14.8085 32.568 28.537 14.5654 32.7559 29.0747 14.144 29.4407 29.6293 13.7763 29.3901 30.1438 13.1852 29.4352 29.0865 14.0763 30.3697 29.6886 13.7019 30.5293 30.147 13.1521 30.7503 29.1945 14.0333 31.7248 29.792 13.6623 31.7315 30.2586 13.1809 31.8001 29.1762 14.2191 32.7809 29.7171 13.8321 32.5796 30.3143 13.3958 32.6731 30.7228 12.8547 32.435 23.6367 22.4571 17.4824 24.1026 22.0002 17.024 24.2842 21.2769 17.2484 23.8465 21.7739 17.7395 23.3333 22.3437 18.3445 23.6763 21.5541 18.5336 24.1187 21.074 18.0587 23.807 23.4387 16.8916 23.9392 22.7233 16.9004 23.3799 23.3036 17.4228 23.8829 24.6566 16.8118 23.3189 24.3478 17.3448 23.1542 23.0452 18.0678 22.8647 24.4616 17.9288 22.9996 23.8051 17.9214 22.5245 24.2704 18.5286 22.8021 23.4573 18.4798 24.378 20.4602 18.3864 23.9655 20.9424 18.8709 23.4973 21.4089 19.5107 23.8663 20.8318 19.526 24.2481 20.2977 19.3965 23.1799 22.1261 19.214 23.2802 21.427 20.4491 23.7364 20.7216 20.4726 24.2143 20.0855 20.3235 23.0457 22.0238 20.0229 22.9497 22.8669 18.8476 22.5063 23.5127 19.3448 22.7812 22.7307 19.597 22.1922 24.3759 19.3407 22.3201 23.3599 20.3707 22.6573 22.5376 20.5272 22.1164 24.0587 20.0914 23.6675 20.4814 21.5144 24.0805 20.0449 21.1135 24.4073 19.4903 21.5015 23.9668 19.9543 21.9257 23.4639 20.4562 22.5105 23.8759 19.8724 22.6091 24.2965 19.3598 22.502 23.2652 20.4319 23.4768 23.7458 19.7535 23.5394 24.2588 19.1613 23.4072 23.2145 20.1881 24.3675 23.6199 19.5165 24.6052 24.1086 19.0859 24.2078 23.2223 21.1817 21.4948 22.9333 21.9035 20.8446 22.5052 22.4085 21.5703 22.8508 21.7827 21.568 23.0908 21.0862 22.4124 22.2961 22.4511 22.5276 22.7126 21.6854 22.4981 21.8428 24.4844 20.5364 21.989 23.9112 20.9132 21.6419 24.5213 21.3861 21.8619 23.797 21.6846 22.2059 23.1736 21.295 21.4481 24.4191 22.4764 21.7814 23.5409 22.554 22.0887 23.064 22.1361 23.0047 21.0003 23.0445 22.2414 22.2249 23.3788 22.5979 21.4836 23.5376 22.882 20.8896 23.8788 22.3757 21.4418 24.5265 22.7501 20.7397 24.7162 22.1243 22.0844 24.1881 21.9719 22.9523 22.9681 21.5561 23.5891 23.4971 21.8577 22.8287 23.7513 21.2092 24.4237 23.5632 21.4198 23.32 24.5593 21.7736 22.5493 24.6036 21.1661 24.0738 24.3368 27.0843 17.1745 17.1837 27.5222 16.6653 17.2709 26.186 18.2333 17.2827 26.6425 17.6158 17.469 27.0645 17.0528 18.1858 27.5504 16.5313 18.4203 26.1588 18.0395 18.2287 26.5606 17.524 18.5063 25.8848 18.8734 16.7362 25.3338 19.4113 17.3097 25.7061 18.7982 17.4973 25.083 20.0276 16.9987 25.1978 19.2501 18.3377 25.6797 18.5769 18.4282 24.6237 20.5128 17.4532 24.9041 19.9006 17.7812 24.7421 19.8353 18.5561 25.5861 18.4699 19.5229 26.0553 18.0139 19.0933 26.4799 17.4695 19.5269 25.9737 17.9669 19.9335 25.4112 18.493 20.5075 25.8467 17.9697 20.717 26.3688 17.4273 20.561 27.0214 17.001 19.0786 26.9566 16.9564 19.9338 26.8815 16.8858 20.7644 25.184 19.0369 19.2788 24.7137 19.609 19.4825 25.0596 19.0216 20.1023 24.606 19.4864 20.5487 24.8157 20.7124 16.6977 25.3424 18.3499 21.572 25.8962 17.7417 21.5323 26.3732 17.2265 21.5144 25.2803 18.1927 22.6037 25.7297 17.7219 22.4854 26.2178 17.1952 22.4457 26.7974 16.7881 21.5158 26.7314 16.6561 22.3671 24.9567 18.9628 20.9358 24.8226 18.9404 21.7005 24.8031 18.7356 22.5994 25.1089 18.2046 23.4121 25.5971 17.6528 23.5565 26.0809 17.1862 23.3482 25.0643 18.0543 24.1861 25.5122 17.5005 24.6108 26.0584 17.0668 24.2122 26.5852 16.6329 23.4578 26.5248 16.567 24.6367 24.6507 18.631 23.6584 24.5039 18.4911 24.6058 23.896 25.6023 16.8946 24.4313 25.5874 16.4731 23.3925 25.6615 17.3268 23.9441 26.1628 16.9782 24.457 26.4387 16.6165 23.4816 26.6167 17.453 22.9049 25.5967 17.8583 22.4398 25.4167 18.4139 23.0116 26.3724 17.847 22.5663 26.6137 18.3491 24.0441 26.8399 17.0515 23.0532 27.007 18.0066 23.6469 27.4302 17.5664 24.1277 27.4026 17.1174 23.1989 27.6486 18.0846 23.696 28.2857 17.7402 24.1477 28.341 17.1919 23.2671 28.4843 18.291 21.8134 25.3741 19.6755 22.1033 25.2805 19.0621 21.9253 24.7491 19.9062 21.6048 25.234 20.5142 21.7604 26.5547 19.6297 22.1376 26.732 19.008 21.4201 26.2681 20.4541 21.8666 27.6468 19.6555 22.2593 27.7457 19.1608 21.4455 27.6797 20.3757 21.8877 28.2427 19.9574 22.35 28.497 19.4599 21.6451 28.6024 20.4634 22.6725 27.5657 18.582 22.7677 28.328 18.8544 23.7502 29.5858 17.7682 24.187 29.5558 17.1151 23.3149 29.4397 18.4846 23.743 30.7173 17.6047 24.0777 30.276 17.095 23.3709 30.684 18.4095 23.916 30.9975 16.9371 23.4782 31.6239 17.5561 23.1643 32.3822 17.4967 23.2043 31.6269 18.4899 23.0831 32.2056 18.2246 22.0899 28.9003 20.0519 22.9298 29.0086 18.9417 22.6308 29.3218 19.5146 23.0358 29.7918 19.0273 23.0515 30.466 19.082 22.2354 29.5578 20.2044 22.7052 30.3587 19.7058 22.2849 30.361 20.4619 23.0156 31.2659 19.1034 22.8177 32.691 18.6615 22.9291 32.0304 18.9779 22.618 32.732 19.476 22.7268 31.7471 19.6828 22.3931 31.3985 20.4664 22.3815 32.6717 20.3736 21.3507 25.3726 21.4541 21.1345 26.3526 21.3221 21.1609 25.3226 22.3811 21.0533 25.9733 22.0351 21.1362 27.555 21.1117 21.2595 28.6408 21.1332 20.9178 27.3956 21.7093 20.9158 26.6407 21.8963 20.6694 27.3733 22.5622 20.8171 26.3724 22.526 20.939 28.4888 21.8192 20.6917 28.6867 22.4891 21.0889 25.0649 23.126 20.9235 25.7812 22.83 20.6147 26.3129 23.47 20.8351 25.5081 23.5622 20.9434 24.9736 23.8948 20.631 25.5011 24.4141 20.8558 24.7157 24.617 20.3635 26.3374 24.5226 20.4126 27.305 23.5914 20.438 28.7091 23.3772 20.2025 27.3404 24.4679 20.1958 28.5486 24.3214 21.7642 29.3163 20.7578 21.3614 29.4691 21.4666 21.9057 30.028 20.928 21.6372 30.3608 21.5458 20.9884 29.1583 22.0275 20.7835 29.4664 22.6478 21.1466 29.8539 22.1191 21.2803 30.608 22.3284 22.0398 30.7845 21.047 21.7689 31.1887 21.7487 22.0773 31.4588 21.2146 21.4774 31.4225 22.4421 21.8752 32.2599 21.8922 22.1175 32.5835 21.1952 21.5849 32.3214 22.6872 20.5216 29.8205 23.4762 20.9059 30.2226 22.8367 20.718 30.6238 23.4819 20.2568 29.6552 24.2574 20.3872 30.6638 24.4134 21.0494 30.9503 23.0106 21.1935 31.5902 23.1321 21.2313 32.2889 23.4861 20.8461 31.4006 23.7534 20.584 31.6432 24.5519 20.9351 32.0741 24.0106 20.8006 32.4089 24.5743 24.6159 27.3736 16.6082 24.6233 28.7071 16.5968 23.9686 18.9578 24.9838 23.3742 19.4502 25.4872 23.7791 18.8885 25.6956 24.3033 18.3716 25.5534 23.0761 20.0482 25.1207 23.2362 19.2348 26.3401 23.6909 18.6139 26.5168 24.2347 18.1305 26.3782 22.6105 20.5032 25.5742 22.9045 19.9039 25.9012 22.3459 20.413 26.4433 22.7376 19.7331 26.6566 23.4545 18.448 27.4525 24.0427 18.0301 27.0689 24.4533 17.4596 27.4784 23.8712 17.8756 27.8275 23.2721 18.2793 28.346 23.6971 17.7001 28.6182 24.2722 17.2744 28.3445 23.0923 19.0589 27.0971 22.2016 20.1714 27.291 22.5891 19.4925 27.5154 22.9235 18.9136 27.8799 22.3427 19.4192 28.41 22.7577 18.7679 28.658 22.0555 20.0244 28.0405 21.9747 21.952 24.9873 21.5163 22.5696 25.4765 21.8163 21.8157 25.7376 22.244 21.234 25.3912 21.3146 22.3702 26.4017 21.6494 21.5514 26.565 22.0882 21.0655 26.1084 21.1802 23.3648 25.4188 21.0268 23.9882 25.0339 21.0965 23.0844 26.1263 20.7203 24.467 25.4879 20.8782 23.8307 25.8348 20.4654 24.4394 26.4916 20.7726 23.5402 26.5701 21.9023 20.8942 26.8813 21.3798 21.4445 27.4561 21.7395 20.7144 27.6242 21.1629 22.1292 27.161 21.2438 21.2218 28.3007 21.5977 20.4926 28.496 20.8266 22.5811 27.5742 20.9957 21.9565 27.9404 20.5774 22.6057 28.4209 20.8575 21.8186 28.6522 20.9352 22.8843 26.8919 20.514 23.4811 27.4817 20.2232 24.4021 27.4377 20.2673 23.4518 28.4555 20.1244 24.1335 28.1641 23.1259 18.1062 29.145 23.5094 17.5098 29.5038 24.0979 17.1252 29.125 24.5142 16.6224 29.4972 23.9664 16.9772 29.8684 23.3852 17.337 30.3663 23.8799 16.871 30.4048 22.624 18.525 29.5331 22.9789 17.9669 29.9103 22.3893 18.4645 30.3707 22.8451 17.8687 30.5665 21.8899 19.8906 28.842 21.3602 20.4334 29.4449 21.7415 19.7363 29.6242 22.2161 19.1942 29.2947 21.2305 20.2119 30.4223 21.6602 19.4734 30.4213 22.0834 19.0461 30.0471 23.1834 17.3216 31.3015 23.7502 16.8259 31.2683 22.261 18.3344 31.2489 22.6915 17.8066 31.3677 23.23 17.2099 32.5399 23.8144 16.7487 32.703 22.1977 18.2455 32.3136 22.6866 17.7056 32.3955 21.9468 18.9324 30.7827 21.4463 19.4606 31.3066 21.8527 18.8507 31.3526 21.1025 20.0925 31.2714 21.2949 19.4632 32.2785 21.7463 18.8248 32.2304 21.0449 20.008 31.9707 19.8629 24.6124 28.6494 20.0089 23.9503 28.9419 19.743 24.4418 29.4027 19.9091 23.8008 29.6441 20.1855 23.1922 29.2687 19.5998 24.4242 30.2735 19.8121 23.6112 30.5547 20.0766 23.0721 30.0903 20.2307 22.4209 30.4452 19.9875 22.9362 30.8982 19.7231 23.4789 31.395 19.8961 22.8811 31.5995 20.1671 22.1842 31.4028 19.485 24.3372 31.3559 19.608 23.4873 32.2916 19.8535 22.6785 32.4605 20.0842 22.0874 32.313 19.3582 24.3625 32.4475 21.1162 21.0737 29.1009 20.4418 22.3518 29.4776 20.7792 21.5369 29.4989 20.9817 20.944 29.9082 20.5525 21.6085 30.392 20.8462 20.8913 30.5837 20.4789 21.3923 31.3018 20.7913 20.6593 31.4113 20.3645 21.3514 32.3053 20.7394 20.4931 32.3132 25.9893 16.9789 25.0295 25.3816 17.3556 25.6488 25.974 16.846 25.7897 24.9521 17.9439 24.9689 24.7849 17.8668 25.7131 25.2363 17.2165 26.5124 25.7487 16.7932 26.6499 24.6954 17.6317 26.5537 25.0827 17.1013 27.1665 25.532 16.6271 27.5931 24.9232 16.9375 27.9168 24.7628 16.7671 28.6495 19.9124 27.3363 25.7885 20.069 27.2114 25.139 20.1518 26.3585 25.4428 19.9583 26.7486 25.9998 19.7487 27.316 26.5878 19.8562 26.4896 26.6648 20.0821 26.0461 26.1276 19.9057 28.299 25.6113 20.0361 28.4551 25.0377 19.7256 28.4283 26.4716 20.1907 25.3599 26.4321 19.957 25.8416 26.9068 19.6938 26.3527 27.556 19.8425 25.5733 27.6703 20.0978 25.0998 27.148 19.9708 24.8827 27.9136 19.7095 25.3469 28.4553 19.5296 26.215 28.5338 19.6129 27.1366 27.3888 19.5325 28.2403 27.5099 19.456 27.1825 28.3015 19.3735 28.1674 28.5046 20.4177 25.3711 25.4696 19.9085 29.5405 25.7004 20.0873 29.731 25.002 19.7458 29.7616 26.4632 19.929 30.3681 25.9347 20.1133 30.6241 25.3588 19.8154 30.701 26.6 20.0357 31.0142 25.9492 19.5729 29.684 27.3242 19.5724 30.7521 27.5787 19.3708 29.6522 28.4109 19.3214 30.7641 28.4285 19.8497 31.4873 26.9057 20.1008 31.7104 26.1985 19.6269 31.8022 27.7025 19.9538 32.1538 26.9849 20.2183 32.558 26.4577 19.7942 32.6124 27.67 19.2727 31.4485 28.3142 19.3306 32.6827 28.3873 20.2874 31.5003 25.3425 20.498 32.4994 25.4997 19.5398 25.2654 29.3575 19.3654 26.1222 29.4915 19.3751 25.2705 30.3816 19.2283 26.2129 30.3973 19.297 27.1372 29.3697 19.2486 28.3999 29.4234 19.1537 27.3231 30.4541 19.1364 28.6982 30.3886 19.2633 25.2906 31.4397 19.1254 26.2695 31.4518 19.164 25.3256 32.5 19.053 26.2394 32.3903 19.0599 27.3178 31.4138 19.0461 28.4724 31.2472 19.0192 26.998 32.0711 18.9517 28.7594 31.9501 18.9858 27.8661 31.9561 18.8663 28.5266 32.7131 18.9375 27.4763 32.5927 19.2071 29.7237 29.5241 19.1547 30.6118 29.2771 19.109 29.7753 30.4288 19.0497 30.4891 30.3464 19.0456 31.1684 29.0345 18.6216 32.5144 28.8181 18.8866 31.8942 28.7646 18.279 32.211 29.4063 18.7506 31.6274 29.349 18.9385 31.0675 29.8673 18.6033 31.7076 30.359 18.8666 31.0457 30.6549 18.2138 32.402 30.683 19.0298 29.6323 31.1138 19.0107 30.1746 30.9581 18.929 29.7834 31.777 18.8127 29.7214 32.5929 18.8761 30.7012 31.4558 18.7314 30.7348 32.4168 18.5867 31.5388 31.632 18.3549 32.3247 31.4172 18.5046 31.4467 32.7303 18.3361 32.3147 32.7544 33.5721 15.3306 13.6764 33.5578 14.7441 13.9721 33.8429 14.2863 14.2745 34.6826 15.3968 13.7574 34.3991 14.8439 13.9812 34.8095 14.362 14.3886 33.9036 16.2773 13.5425 34.9424 16.2427 13.6207 35.0709 14.9911 14.0761 35.6863 16.2221 13.7597 35.5805 15.5935 13.915 35.7748 15.1375 14.2131 36.1853 16.334 13.962 36.0137 15.9039 14.0133 36.4324 15.5246 14.3994 33.5301 13.9745 14.734 33.5447 13.6708 15.3113 34.2803 13.9972 14.842 34.5197 13.7967 15.4271 33.6316 13.5291 16.3158 34.5832 13.6845 16.3871 34.9145 14.0854 15.0515 35.5504 14.3281 15.1645 35.1163 14.0064 15.7325 35.1058 13.9289 16.4901 35.7329 14.2962 16.3646 35.5695 14.6592 14.4877 36.081 14.9426 14.805 36.1435 14.7288 15.3692 36.3715 14.8012 16.2891 36.7383 16.2997 14.2341 36.6695 15.2415 15.2306 37.3077 16.5168 14.6469 37.0114 15.9107 14.8476 37.1724 15.7099 15.393 37.643 16.3231 15.339 36.8921 15.2621 16.272 37.4094 15.7525 16.2509 37.8492 16.232 16.1875 33.3541 30.2079 2.55037 33.4799 29.631 2.78005 33.6763 29.2611 3.17244 34.7458 30.2976 2.52864 34.6199 29.687 2.82505 34.8007 29.2747 3.40239 33.7738 29.0511 3.9082 34.8147 29.0896 4.21056 35.9274 30.301 2.5271 35.6107 29.8319 2.78707 35.7468 29.5115 3.33629 36.8091 30.2494 2.58509 36.3791 29.8976 2.8721 36.63 29.7821 3.36794 35.6713 29.3052 4.38644 36.5092 29.6379 4.35125 33.6174 31.197 2.46018 34.5797 31.2152 2.43425 33.5481 32.4183 2.43682 34.293 32.2285 2.41868 35.6657 31.1616 2.42251 36.849 31.1002 2.42794 35.2093 32.3116 2.40354 36.5385 32.2464 2.39617 37.0502 30.0538 2.95169 37.6772 30.2177 3.19424 37.2091 29.9969 3.40317 37.1639 29.944 4.33598 37.7828 30.2342 4.15881 37.8466 31.1224 2.44538 37.6306 30.4634 2.64429 38.6828 31.3205 2.47661 38.4897 30.7551 2.68245 38.481 30.5729 3.36322 37.7809 32.1864 2.38733 38.9317 32.1855 2.39494 38.4292 30.5685 4.63036 39.5436 31.4308 2.60846 39.1229 30.9691 2.87077 39.2025 30.9586 3.4534 39.8049 31.3234 3.346 39.8243 32.1376 2.44578 40.6514 32.3243 2.48517 40.3979 31.7445 2.73444 40.5157 31.7335 3.37458 39.0013 30.8977 4.37769 39.6097 31.2946 4.53404 40.2922 31.7508 4.44801 33.6253 28.1624 7.20919 33.6306 27.9365 7.87124 32.7596 27.9491 7.9094 33.5365 27.7314 8.63703 34.7051 28.2401 7.43862 34.2112 27.9824 7.96009 34.5808 27.8463 8.73202 34.9603 28.1568 8.12436 33.5646 28.8833 4.54848 33.6942 28.6632 5.50066 34.3999 28.9055 4.72265 34.6619 28.7798 5.54058 33.5314 28.4039 6.3837 34.6707 28.5034 6.52206 35.0606 29.0367 5.00448 35.6822 29.1483 5.4881 36.41 29.4924 5.50632 35.1792 28.8817 5.81917 35.483 28.8256 6.49085 35.9919 29.1421 6.31271 36.5857 29.4408 6.50182 35.5164 28.6 7.43367 36.0332 29.0177 7.01911 36.622 29.3 7.39613 35.5627 28.3457 8.50325 36.123 28.8872 7.82558 36.1936 28.7369 8.66498 37.1115 29.8707 5.67404 37.7678 30.2451 5.45648 37.1422 29.7867 6.72349 37.745 30.2122 6.70548 38.5002 30.6964 5.36301 38.3866 30.6801 6.33426 39.0256 31.0016 5.02981 39.5115 31.4043 5.43808 40.0724 31.8039 5.28858 38.9681 31.068 5.68848 38.9765 31.1524 6.37387 39.535 31.5708 6.3051 40.0414 31.9368 6.03429 37.2366 29.7369 7.60608 37.7563 30.1457 7.73285 36.7458 29.2006 8.46769 37.337 29.6762 8.59015 37.862 30.1448 8.62666 38.3475 30.6431 7.69039 38.3531 30.5878 8.78088 38.8935 31.1184 7.35992 39.4577 31.6102 7.24959 39.9941 32.0274 6.78709 40.5026 32.4001 6.39666 40.01 32.1356 7.39482 38.8676 31.0811 8.77271 39.4034 31.5911 8.53372 39.922 32.0968 8.35026 41.4255 32.517 2.64865 41.0166 32.0473 2.90196 41.0258 32.0174 3.25266 41.512 32.4346 3.41185 40.9466 32.0923 3.93747 40.8776 32.236 4.71245 40.6292 32.2837 5.47601 33.6179 17.6444 13.5238 34.8257 17.47 13.5731 33.728 18.5563 13.5686 34.7004 18.5504 13.5972 35.73 17.1947 13.7044 36.4425 17.1726 13.9246 35.7014 18.5576 13.7018 36.4113 18.1675 13.8527 33.6516 19.4304 13.6312 34.9405 19.379 13.6699 33.6886 20.7508 13.6501 34.7958 20.4439 13.6913 35.7554 19.4357 13.7499 36.4638 19.4143 13.8866 35.7273 20.3057 13.7916 36.4617 20.4195 13.9375 36.955 17.1322 14.1726 37.0101 18.2275 14.0731 37.0461 19.6681 14.0643 37.0436 20.5909 14.0942 37.5669 17.3668 14.4782 37.8962 17.0506 15.0587 37.7054 18.1805 14.3596 38.2691 18.4827 14.7389 38.112 17.7567 14.8769 38.4747 17.5128 15.4539 38.156 16.8321 15.6945 38.2999 16.6707 16.4597 38.7155 18.2484 15.2413 38.7471 17.3092 16.2952 39.221 18.579 15.7018 38.9749 17.9779 15.9272 39.2193 17.8763 16.5099 39.5735 18.4931 16.4161 37.7431 19.1783 14.3015 38.5139 19.3217 14.7242 37.7461 20.3727 14.2962 38.5009 20.1525 14.6323 38.8999 19.0359 15.1215 39.0552 20.3089 14.9795 39.0203 19.8246 15.0315 39.4714 19.4378 15.4749 39.5766 20.2903 15.3271 39.7879 19.1451 16.1209 40.074 20.461 15.7972 39.9873 19.8903 15.9477 40.2703 19.5827 16.5315 33.6158 21.9068 13.6049 34.7089 21.8196 13.6605 33.8425 22.7064 13.5106 34.7615 22.9339 13.5561 35.607 21.6843 13.7825 36.2868 21.5439 13.9263 35.5346 22.7325 13.717 36.1999 22.8083 13.8727 33.6167 23.5556 13.3253 34.6968 23.7317 13.3789 33.8404 24.1926 13.1019 34.8014 24.392 13.1659 35.6438 23.7577 13.5848 36.4581 23.7162 13.8533 35.6187 24.6365 13.3255 36.46 24.6208 13.6675 36.9241 21.4644 14.0931 36.8088 22.7272 14.0552 37.0511 23.5763 14.0904 37.0257 24.1718 14.0032 37.7106 21.4584 14.3223 38.4558 21.1945 14.6099 37.6165 22.7371 14.3148 38.4887 22.4204 14.6613 39.0868 21.2685 14.9665 39.7463 21.2281 15.3587 39.1257 22.6628 14.9963 39.6875 22.4199 15.3046 40.2808 21.1505 15.8208 40.3414 22.2218 15.7586 37.7056 23.891 14.3297 38.4355 23.6718 14.664 37.6243 24.6319 14.2121 38.4177 24.8011 14.6308 38.9777 23.3696 14.9484 39.5598 23.6125 15.2635 39.0444 24.5221 15.0093 39.674 24.5549 15.393 40.2482 23.6686 15.7064 40.2399 24.5948 15.7734 40.5668 20.44 16.3855 40.7358 21.3003 16.2306 40.9081 22.2488 16.2168 40.8539 23.5666 16.1415 40.7407 24.6413 16.1244 33.6818 27.4655 9.56371 34.7244 27.5876 9.72434 33.8436 27.1888 10.2966 34.7362 27.2801 10.5429 35.1326 27.9921 9.06486 35.3342 27.8982 9.73103 35.7903 28.2659 9.40839 35.4976 27.6396 10.5926 35.9468 28.1323 10.1948 33.7563 26.4261 11.6318 33.6127 25.9959 11.9789 32.7348 26.0009 11.9819 33.7527 25.6457 12.3571 34.0435 26.0389 12.0123 33.4632 26.8466 10.9194 34.2657 26.9109 10.9817 34.676 26.6718 11.5712 34.7512 26.1662 12.0782 35.0193 27.0949 11.1285 35.7327 27.306 11.4311 36.5699 28.4802 10.5726 36.1249 27.9308 10.9625 36.3575 27.6864 11.6822 35.3919 26.7707 11.7976 35.6658 26.3713 12.3681 36.0527 27.0206 12.0572 36.6786 27.3678 12.3346 36.7656 28.2754 11.4462 36.9902 28.0364 12.0924 36.4313 28.6863 9.58012 36.9457 29.1865 9.39735 37.4751 29.6271 9.59074 37.9727 30.1451 9.47625 36.9938 29.0404 10.1203 37.5507 29.4751 10.551 37.9871 30.0355 10.1708 38.4641 30.6059 9.69359 38.5051 30.5024 10.6256 38.916 31.0715 9.6788 39.3587 31.51 9.6942 39.8755 32.0311 9.74524 38.9537 31.0288 10.304 39.4543 31.5116 10.6494 39.9272 32.0221 10.6111 37.1245 28.905 10.9235 37.2978 28.7258 11.7371 37.698 29.3418 11.4803 38.0691 29.9476 10.9601 38.1986 29.8328 11.812 37.5526 28.4546 12.5044 37.8677 29.1502 12.2294 38.3556 29.5992 12.6654 38.6145 30.4244 11.5557 38.7518 30.2817 12.449 39.0251 30.9866 11.0371 39.1188 30.9339 11.8656 39.5772 31.5138 11.5952 39.9747 32.0012 11.1829 39.2307 30.7989 12.7751 39.6815 31.4251 12.6111 40.4725 32.4963 11.5774 40.0582 31.981 11.9694 40.1723 31.9728 12.8001 33.6533 24.8727 12.8004 34.7545 25.6074 12.5702 34.6512 24.9283 12.883 35.5425 25.6644 12.8002 35.1577 25.0505 12.9831 35.911 25.2399 13.1778 36.4624 26.6575 12.7082 36.139 25.9663 12.9361 36.5874 25.5399 13.4089 36.8423 26.288 13.2319 37.2836 25.7583 13.767 37.1218 24.956 13.8964 37.8273 25.4457 14.1904 37.471 26.6498 13.5858 37.9233 26.222 14.08 37.2483 27.6887 12.7914 37.0495 27.0091 13.0079 37.662 27.4605 13.3976 37.8512 28.2068 13.187 38.1899 27.7923 13.8516 38.0519 26.9899 13.9698 38.4945 26.6011 14.4717 38.3477 28.6571 13.62 38.627 27.5289 14.4106 38.7538 28.4499 14.2743 38.4334 25.7422 14.5505 38.9916 25.8302 14.9607 39.5509 25.5297 15.3663 39.0607 26.8999 14.9428 39.5754 26.6114 15.4034 40.1686 25.3257 15.8049 40.124 26.2192 15.8479 39.1363 27.8782 14.881 39.6273 27.7102 15.4157 39.242 28.8208 14.7776 39.6334 28.6517 15.3152 40.141 27.3802 15.917 40.1152 28.8099 15.8634 38.0979 28.9309 12.9438 38.663 29.4671 13.4761 38.915 30.1104 13.1683 38.9154 29.1759 14.1122 39.3671 30.581 13.6413 39.1401 29.9206 13.9159 39.3759 29.6637 14.5812 39.6677 30.4875 14.474 39.7253 31.2055 13.4884 40.193 31.7708 13.6931 39.9109 31.1167 14.1861 40.35 31.6031 14.6572 39.7711 29.5227 15.2654 39.9095 30.2199 15.1189 40.2145 29.892 15.8092 40.3405 30.7257 15.6221 40.124 30.948 14.9356 40.5931 32.5065 12.5698 40.747 25.519 16.2379 40.6705 26.4643 16.2981 40.6937 27.4081 16.4447 40.5995 28.4892 16.4329 40.675 32.4226 13.6024 40.712 32.2297 14.4951 40.588 29.6527 16.384 40.7145 30.5724 16.3576 40.6288 31.5348 15.5132 40.8785 32.1619 15.255 40.844 31.3321 16.2053 41.2536 32.6287 15.6658 41.0534 32.0101 15.9929 41.1977 31.771 16.6606 41.5097 32.5752 16.563 33.8285 13.5019 17.5639 34.6523 13.6649 17.7403 33.7286 13.443 18.7218 34.7499 13.6193 18.7487 35.2091 13.9523 17.7053 35.7526 14.2586 17.8853 35.3032 13.8763 18.8696 35.8009 14.2088 18.7682 36.3003 14.6904 17.6414 36.3508 14.6076 18.7695 33.6645 13.2841 19.6337 34.7387 13.4335 19.5693 33.6564 13.0504 20.1148 34.8183 13.1204 20.1943 35.5384 13.6717 19.7524 35.9319 14.1292 19.3346 35.7643 13.3429 20.4813 36.5512 14.4947 19.6289 36.1168 13.9623 19.975 36.3341 13.7874 20.5848 36.8435 15.1522 17.5802 37.3859 15.6228 17.4499 37.9149 16.137 17.3053 36.824 15.0591 18.5712 37.3979 15.539 18.637 37.8771 16.008 18.39 36.7788 14.3289 20.4134 36.9692 15.0402 19.2082 37.5368 15.4907 19.5496 37.9909 16.0176 19.1191 37.0991 14.9323 19.8936 37.2694 14.8379 20.5456 37.6676 15.3666 20.3394 38.5318 16.4778 19.4909 38.0735 15.9532 19.8835 38.1146 15.7996 20.6072 38.5966 16.3559 20.5151 33.6808 12.2316 21.1275 33.6518 11.9401 21.7581 33.7807 11.8966 22.6986 34.784 12.3161 21.0727 34.7407 12.0053 21.6157 34.6724 11.9509 22.5131 35.5795 12.4544 21.3254 35.2583 12.1267 21.8176 35.1025 12.0369 22.1325 35.6441 12.4443 22.4626 32.9459 11.9896 22.7868 32.9789 11.9525 23.2072 33.5732 11.7215 23.7555 34.4932 11.827 23.6545 33.6941 11.3223 24.4784 34.7032 11.6237 24.4017 35.0763 12.161 23.0509 35.0937 12.1488 23.8105 34.9991 11.9701 24.0571 33.7743 12.7119 20.6394 34.7877 12.7337 20.6915 35.3758 12.8352 20.7924 35.898 13.0359 21.061 36.4179 13.4803 21.4267 36.0083 12.86 21.5884 36.118 12.9926 22.2231 35.6694 12.5086 23.6869 36.0114 12.9819 22.7688 36.4462 13.442 22.7252 36.0181 12.9659 23.2032 36.5604 13.4148 23.6095 35.5854 12.3087 24.5031 36.1993 12.9406 23.9032 36.1407 12.7794 24.4418 36.8476 14.0692 21.2158 36.8941 14.0549 22.4334 37.3019 14.6222 21.4242 37.778 15.2284 21.2087 38.2696 15.7574 21.5156 37.3548 14.6044 22.737 37.8093 15.1669 22.4146 38.3398 15.6594 22.6793 38.7982 16.352 21.5189 38.7622 16.1217 22.3961 36.9378 14.0168 23.1963 36.6818 13.3178 24.5424 37.5089 14.4784 23.5353 37.1218 13.864 23.8749 37.2263 13.8759 24.5691 37.6808 14.3956 24.3811 37.9055 15.0981 23.175 38.5019 15.5368 23.4614 38.0816 14.9242 23.8084 38.1221 14.8829 24.367 38.9177 16.076 23.1102 38.5515 15.4233 24.3218 39.4062 16.518 23.4591 39.0161 15.999 23.8459 39.0461 15.9639 24.557 39.5514 16.5308 24.3764 33.4806 8.59359 29.8078 33.3374 8.08908 30.0048 32.874 8.09092 29.952 32.6491 7.99423 30.3213 33.2238 7.99636 30.2949 33.8059 8.27406 30.4771 32.5492 8.01614 31.0433 33.1827 8.04744 31.0952 33.6632 8.34001 31.6764 33.6449 11.2562 25.7965 34.5545 11.5451 25.5122 33.622 11.2832 26.718 34.3807 11.6787 26.4167 35.1394 11.9339 24.4193 35.1254 11.9436 25.2887 35.5686 12.4327 25.647 34.9889 12.0531 25.9736 34.898 12.2245 26.5686 33.7158 11.2688 27.5731 34.1668 11.7429 27.2516 33.3459 10.965 28.1458 32.7552 11.0315 27.9865 32.7676 10.8748 28.7669 33.3518 10.8157 28.9192 33.8874 11.2505 28.7061 34.265 11.7913 28.5272 34.634 12.2004 27.3608 34.7853 12.3059 28.498 36.1107 12.8426 25.2975 35.4489 12.6626 26.4396 36.0087 12.992 25.9763 36.5527 13.3582 25.6236 35.9823 13.1703 26.4919 36.5174 13.5851 26.2883 35.2554 12.7128 27.4448 35.8389 13.1933 27.3466 36.3924 13.6482 27.1631 35.2987 12.6774 28.6965 35.7646 13.1057 28.5864 36.3425 13.6382 28.4924 37.051 13.8134 25.3865 37.5689 14.3906 25.4547 37.0375 13.9854 25.9993 37.4653 14.502 26.4013 38.0829 14.9326 25.1861 38.0234 14.9746 26.0033 38.5616 15.4804 25.4485 39.0405 15.9212 25.8718 39.5345 16.3986 25.4606 38.4603 15.4033 26.576 39.075 15.8545 26.9038 39.625 16.3141 26.5169 36.905 14.0216 26.586 36.9492 14.1187 27.4322 36.8841 14.0537 28.6216 37.5527 14.6243 27.5011 37.9195 14.9372 26.7743 38.0511 15.0454 27.2718 38.5135 15.365 27.6042 37.4677 14.489 28.5229 38.0297 14.9511 27.9973 38.0909 14.8931 28.6315 39.1952 15.7684 27.7778 39.7716 16.2058 27.4163 38.6937 15.2754 28.5637 39.4532 15.7089 28.5382 39.9322 16.0881 28.1291 33.6304 9.69207 29.595 34.1229 9.67106 29.9233 33.9762 9.09583 29.9516 34.0757 8.80753 30.3017 32.6227 10.5343 29.4457 33.7412 10.4993 29.3386 34.4643 10.5076 29.7682 34.3747 9.48756 30.3824 34.7493 10.1509 30.5271 34.0371 11.0208 29.2086 34.6239 11.4099 29.3091 34.9567 12.0483 29.0964 35.3597 11.6925 29.6967 35.1109 10.9716 29.8322 35.1066 10.7073 30.2969 35.4135 11.4432 30.4801 35.5645 12.4968 29.3526 35.6625 12.4686 30.4852 34.1062 8.84366 31.3294 33.4378 8.64756 32.4378 33.9614 8.94591 32.0048 34.3761 9.49876 31.6215 33.9004 9.18452 32.6192 34.1918 9.75265 32.4863 34.7192 10.3042 31.6985 34.4754 10.5076 32.5051 35.077 10.8293 31.1563 35.3005 11.6667 31.4334 35.5672 12.6233 31.6844 34.9152 11.0901 31.9435 34.7162 11.3661 32.6601 35.1154 11.8943 32.1843 35.2821 12.6064 32.5297 35.9861 13.1402 29.4844 36.474 13.7285 29.404 35.95 13.0516 30.7192 36.3508 13.6255 30.5969 35.9756 13.2513 31.6915 36.4291 13.7582 31.6461 35.7033 13.2745 32.6363 36.2484 13.7549 32.4685 36.9993 14.0809 29.1819 37.4197 14.3616 29.4367 36.9535 14.0027 29.965 36.9693 14 30.5865 37.575 14.4107 30.4789 38.1152 14.7793 29.3997 38.3782 14.8096 30.3791 38.7562 15.1079 29.4617 39.4345 15.4716 29.3541 40.574 16.3443 28.4334 40.0739 15.9401 28.8756 40.2195 15.8094 29.5602 39.0317 15.0981 30.3175 39.7012 15.3991 30.2885 40.4801 15.756 30.3158 36.9613 14.0188 31.1211 37.4189 14.3594 31.6735 36.8955 14.0782 32.0074 36.7168 14.1417 32.7609 38.2418 14.7405 31.716 37.4262 14.5192 32.6946 38.24 14.821 32.6883 38.9639 15.0189 31.5793 39.653 15.2925 31.4507 40.4189 15.6221 31.1843 38.8621 15.0617 32.7996 39.5481 15.2881 32.6478 40.4145 15.6326 32.6268 40.8089 16.2075 29.2493 40.9606 16.0872 29.9962 41.5753 16.3392 30.2792 41.0615 15.9899 30.7609 41.0998 15.9396 31.5393 41.7678 16.3003 31.2783 41.1057 15.9372 32.6562 41.7163 16.243 32.6755 38.4354 16.6243 17.4293 38.4274 16.5018 18.4603 38.8086 17.0941 17.1926 39.281 17.6153 17.3766 39.7638 18.2849 17.3083 38.9238 17.0521 18.1725 39.4271 17.5295 18.4591 39.8129 18.0579 18.1951 40.0306 18.9659 16.8899 40.2283 18.8683 17.5443 40.2816 18.6075 18.4123 38.9892 17.0006 19.0163 39.5191 17.4717 19.4791 39.9336 18.0209 19.0689 39.0554 16.9523 19.8608 39.0824 16.8425 20.7032 39.6083 17.41 20.616 40.3993 18.4789 19.4897 40.0163 17.9689 19.9338 40.142 17.985 20.7338 39.2793 16.8759 21.5697 39.7407 17.3601 21.6562 40.1699 17.8434 21.609 39.2838 16.6371 22.5398 39.7327 17.1586 22.425 40.205 17.6432 22.5333 39.8782 17.0887 23.2374 40.418 17.6127 23.4756 39.982 17.0263 24.0237 40.5192 17.4674 24.4829 40.5761 19.5023 17.4038 40.8109 20.1324 17.1014 40.7433 19.3034 18.3482 41.2714 20.5929 17.5531 41.0039 19.9724 17.8986 41.1237 19.8375 18.497 41.4814 20.4254 18.4884 40.5754 18.5046 20.5111 40.7944 19.0707 19.243 41.2686 19.6997 19.408 41.7255 20.426 19.3869 40.9269 19.0393 20.0988 41.3808 19.5064 20.5324 41.7821 20.1799 20.2773 41.1766 21.4655 16.6946 41.0459 20.863 16.9009 41.5974 21.4401 17.3688 41.4298 22.2327 16.71 41.8252 22.2239 17.2186 41.7873 21.1302 18.1905 42.1669 22.4566 17.6361 42.0196 21.8703 17.89 42.1646 21.6399 18.4939 42.5057 22.3803 18.4219 41.3908 23.2029 16.5472 41.8987 23.3134 17.0736 41.4005 24.5649 16.6068 41.9221 24.8444 17.0913 42.4126 23.2443 17.6592 42.4238 24.4262 17.5515 42.7945 23.2115 18.3063 42.8697 24.2453 18.149 41.954 21.0215 18.9964 42.3855 21.5761 19.3798 42.111 20.9084 19.8137 42.2308 20.7565 20.6449 42.7756 22.335 19.3057 42.6074 21.4734 20.4591 42.8578 22.0976 20.1185 42.9396 22.9566 18.9829 43.2321 24.3238 18.6748 43.124 23.6177 18.7705 43.2925 23.3966 19.4281 43.557 24.2962 19.3886 43.1157 22.8019 19.7452 43.1994 22.5524 20.5284 43.5541 23.3853 20.3889 43.8465 24.2188 20.2589 40.6717 18.4092 21.5577 40.7265 18.2044 22.5868 41.0355 18.9794 20.9605 41.1704 18.9604 21.7281 41.5797 19.498 21.5351 41.8915 20.0619 21.1479 41.2124 18.7724 22.5596 41.6998 19.3742 22.5169 42.2895 20.5089 21.5493 42.0086 19.9725 21.9678 42.0993 19.8904 22.6245 42.4893 20.488 22.527 40.8676 18.118 23.4383 40.9607 18.0276 24.1052 41.322 18.5905 23.5418 41.7441 19.161 23.3872 42.2358 19.7654 23.5375 41.5124 18.4716 24.5552 41.8908 19.0758 24.1824 42.3655 19.5251 24.6121 42.6935 20.4631 23.5193 42.7503 20.2301 24.3895 42.724 21.2662 21.5189 42.9884 21.9806 20.9721 43.1247 21.9542 21.6777 43.4245 22.6207 21.4244 42.85 21.1587 22.4406 43.1905 21.7326 22.5801 43.542 22.4463 22.4546 43.7766 23.3756 21.3969 43.9321 23.9903 21.0176 43.84 23.1499 22.285 44.1992 24.4156 21.4725 44.0527 23.8564 21.8444 44.171 23.7318 22.6738 42.9393 21.0571 23.1384 43.3286 21.5767 23.6032 43.6927 22.3543 23.4138 43.0543 20.9388 23.9456 43.1791 20.8106 24.7547 43.4984 21.4805 24.5432 43.8062 22.1811 24.334 43.9388 23.0213 23.077 44.2527 23.4884 23.519 44.0564 22.8978 23.8964 44.1818 22.775 24.7087 44.3907 24.4432 22.3832 44.5804 24.3519 23.4851 44.4791 23.5457 24.4761 44.8053 24.3758 24.5518 41.3256 25.64 16.6834 41.7974 25.8051 17.0993 41.2315 26.5417 16.7679 41.762 26.6043 17.2342 42.3211 25.7176 17.5421 42.276 26.6452 17.7226 42.8164 25.7406 18.1065 42.737 26.8065 18.2528 41.2051 27.3333 16.9099 41.6791 27.4978 17.387 41.0946 28.273 16.9761 41.5971 28.348 17.5339 42.212 27.4087 17.9056 42.0526 28.0454 17.9588 42.6332 27.6249 18.4456 42.3936 28.3823 18.4957 43.3001 25.5254 18.7231 43.7306 25.3716 19.3973 43.195 26.5873 18.7146 43.6834 26.6856 19.4093 43.928 24.9443 19.9976 43.9994 26.6343 19.928 43.9927 25.752 19.92 44.2155 25.4586 20.54 43.1172 27.2686 18.8912 43.4247 27.6506 19.4101 42.8009 28.6328 19.1673 42.9464 27.9711 19.0167 43.8061 27.7423 20.0207 43.9973 27.1012 20.0643 44.2197 26.5868 20.4168 43.2916 28.3905 19.6888 43.7024 28.5555 20.394 41.0305 29.7363 16.9395 41.4662 29.3602 17.5202 41.116 30.9285 16.904 41.4717 30.7106 17.5169 41.9073 29.4124 18.1861 41.9307 28.7521 18.0439 41.8503 30.4432 18.1674 41.5472 31.7819 17.3827 41.7989 32.5612 17.44 41.837 31.5818 18.0873 41.9502 32.235 18.0681 42.2982 29.1945 18.6967 42.2106 30.2611 18.808 42.682 29.4722 19.3795 42.5662 30.284 19.4896 43.1182 29.1023 19.8781 43.3876 29.4348 20.5109 42.8291 30.5207 20.0839 42.9648 29.8487 20.0351 42.1649 31.7277 18.7433 42.2394 32.7047 18.5428 42.5069 31.469 19.5321 42.5142 32.7211 19.3568 42.8472 31.3595 20.3865 42.8016 32.7011 20.2723 44.1071 24.6755 20.7253 44.203 27.5715 20.6722 44.1111 28.2768 20.9161 44.4398 25.2627 21.5221 44.5155 26.4457 21.3484 44.6573 25.2435 22.5889 44.7586 26.2751 22.3583 44.5024 27.8262 21.4591 44.2953 28.6307 21.4842 44.7438 27.6045 22.2322 44.6326 28.7177 22.4068 44.8502 25.3422 23.4622 44.9242 26.2734 23.1619 44.9092 25.0385 24.1488 45.0724 26.4225 23.8304 45.0333 25.7669 24.0244 45.1321 25.5109 24.7001 45.2296 26.4188 24.641 44.9127 27.733 23.0315 44.8755 28.8025 23.3014 45.0599 27.5642 23.6635 45.2223 27.7253 24.4943 45.0509 28.45 23.821 45.1594 28.7608 24.4724 43.7385 29.664 21.284 43.8978 28.9598 21.0413 43.1889 30.3032 20.7196 43.5129 30.4325 21.4565 44.162 29.2763 21.7669 43.8124 30.6487 22.2179 43.9648 29.9826 21.9798 44.3559 29.6087 22.4221 43.0959 31.2616 21.0043 43.3499 31.2934 21.6686 43.0167 32.5825 20.9569 43.2123 32.383 21.6034 43.6432 31.3223 22.4321 43.4642 32.214 22.4815 44.1924 30.2619 22.6954 43.8391 31.5863 23.1869 43.9927 30.9503 22.9498 44.3454 30.5483 23.3959 43.6918 32.3189 23.5063 44.1594 31.1741 23.6857 43.856 32.3967 24.4326 43.9699 31.8486 24.0413 44.2417 31.4109 24.5005 44.6638 29.7072 23.355 44.8842 29.8018 24.2695 44.9645 29.1336 23.9675 44.5976 30.6177 24.4024 40.0553 16.9466 24.8772 40.1242 16.8416 25.8016 40.2632 16.7143 26.7325 40.4938 16.5917 27.5677 40.679 17.353 25.5557 41.0769 17.9171 24.9035 41.2513 17.8343 25.7055 41.7168 18.3498 25.5535 40.7318 17.145 26.4374 41.3365 17.5837 26.5445 41.7913 18.0966 26.3893 42.0325 18.9523 24.9829 42.2215 18.8797 25.7234 42.3227 18.582 26.5375 42.6087 19.4604 25.5349 42.887 20.0926 25.1874 42.7506 19.2505 26.3888 43.3181 20.5947 25.6519 43.0437 19.9426 25.9698 43.208 19.7823 26.7255 43.5254 20.461 26.5271 40.9487 17.0643 27.1188 41.5938 17.4068 27.434 41.9922 17.9872 27.0371 41.1178 16.8975 27.8706 41.2917 16.716 28.6146 41.7955 17.2043 28.2996 42.5885 18.388 27.4331 42.1927 17.802 27.7802 42.4115 17.5911 28.5432 42.8097 18.1796 28.2876 42.9078 19.0559 27.1051 43.3901 19.5246 27.5459 43.7394 20.3269 27.357 43.1082 18.8652 27.8649 43.3137 18.6619 28.6059 43.668 19.3973 28.4281 43.8933 20.0892 28.1154 43.682 21.3773 25.4602 43.9295 22.0465 25.1095 43.8218 21.1687 26.3372 44.2658 22.508 25.5461 44.0673 21.9013 25.915 44.2225 21.7626 26.7054 43.9759 21.0155 27.0491 44.3804 21.5253 27.5439 44.1519 20.8355 27.831 44.3125 20.5958 28.6144 44.5153 22.5439 26.4534 44.609 23.29 25.542 44.8412 24.0454 25.3336 44.8323 23.3429 26.4132 44.9639 23.9664 26.0357 44.7005 22.3615 27.4048 44.6391 21.4256 28.4807 44.8458 22.1399 28.2012 44.9052 23.0715 27.131 45.2126 24.3949 26.5027 45.0944 23.7972 26.8416 45.1883 23.5013 27.5807 45.4263 24.3404 27.506 45.0511 22.8764 27.9182 45.203 22.6535 28.7117 45.413 23.4787 28.4223 45.6807 24.3605 28.519 41.5319 16.5632 29.4163 41.9754 17.051 29.0176 42.6054 17.3932 29.3489 42.1245 16.8913 29.7376 42.193 16.7196 30.4366 42.972 17.9988 28.9913 42.7411 17.2085 30.2788 43.4833 18.4121 29.4122 43.138 17.8359 29.7229 43.3054 17.7025 30.513 43.7221 18.3393 30.282 43.8264 19.1386 29.266 44.0737 19.8959 28.8938 44.2434 19.7098 29.6347 43.9724 18.9805 29.973 44.4077 19.4903 30.4567 42.4571 16.7492 31.2338 42.4228 16.6573 32.3961 42.9409 17.1706 31.1424 43.4356 17.5576 31.4136 43.8355 18.1472 31.1655 43.0064 17.1004 32.2297 43.5997 17.5524 32.3388 43.9325 18.034 31.9872 44.1443 18.8354 30.7376 44.2839 18.6679 31.5172 44.333 18.4341 32.3354 44.5361 20.4538 29.4688 44.7402 20.3147 30.3118 44.6491 19.4098 31.3876 44.8714 20.0857 31.0963 44.7366 19.1503 32.2892 45.2168 20.5538 31.5317 45.0183 19.9311 31.882 45.0947 19.7479 32.5008 45.4524 20.5308 32.4229 44.8027 21.195 29.3064 45.0122 21.9585 28.9803 45.1658 21.7802 29.6963 45.4202 22.5244 29.5736 44.9542 21.0216 30.0294 45.2933 21.4841 30.4806 45.6193 22.2976 30.5063 45.6547 23.4043 29.3677 45.8823 24.2516 29.3842 45.844 23.1672 30.2575 45.9757 23.9201 30.0136 45.1137 20.8322 30.8035 45.5602 21.4265 31.4389 45.8657 22.293 31.3272 45.7981 21.3671 32.3598 45.9509 22.0159 32.0169 45.9807 22.944 30.985 46.2314 24.3212 30.5207 46.1397 23.6477 30.7684 46.279 23.3851 31.4757 46.1473 22.7397 31.7502 46.2593 22.476 32.4572 46.5168 24.3076 31.4898 46.552 23.3759 32.4334 46.7903 24.3262 32.4283 45.0288 24.9299 24.8992 45.0945 24.6495 25.6185 45.2505 25.3116 25.5196 45.3908 26.2585 25.6233 45.4133 25.2197 26.5072 45.5646 26.1549 26.6201 45.4012 27.6424 25.4949 45.3316 28.8059 25.4387 45.5851 27.5323 26.5648 45.5221 28.7506 26.5024 45.6501 25.3066 27.5776 45.7452 26.4399 27.4688 45.8503 25.293 28.4756 45.9091 26.2533 28.2794 45.7598 27.6552 27.4616 45.7175 28.6211 27.46 45.8975 27.6223 28.1139 45.8883 28.7458 28.2899 44.0783 32.0141 24.9009 45.0973 29.4088 24.73 45.1886 29.6697 25.4898 44.8049 30.6544 25.4183 44.95 30.052 25.0061 45.3728 29.662 26.4348 45.0778 30.2166 25.8608 45.2194 30.4384 26.7625 44.4421 31.431 25.5682 44.1314 32.1849 25.6881 44.6734 31.4965 26.5959 44.8813 30.8868 26.2336 44.2937 32.2739 26.6184 45.6055 29.6793 27.5187 45.4495 30.6835 27.6226 45.8493 29.5728 28.4527 45.7713 30.5027 28.3682 45.0488 31.0835 27.0066 45.2338 31.4197 27.6862 44.6075 32.5071 27.5353 44.8197 31.7958 27.2815 45.6939 31.4998 28.2858 45.1622 32.1553 27.9233 45.6023 32.672 28.4078 45.9494 24.9926 29.0978 46.0813 26.4903 28.9598 46.0251 25.7566 28.9633 46.1396 25.3325 29.5971 46.0942 24.6392 29.8431 46.2364 26.1511 29.6574 46.3762 25.1924 30.4921 46.4642 26.2845 30.4846 46.0434 27.6174 28.7515 46.0666 28.4938 28.9738 46.2544 27.587 29.6397 46.2132 28.6957 29.6386 46.5158 27.6205 30.6471 46.4361 28.5775 30.503 46.6396 25.294 31.3385 46.7131 26.2941 31.3848 46.8613 25.241 32.1879 46.898 26.3971 32.0967 46.7458 27.5611 31.5128 46.6799 28.4521 31.4374 46.9154 27.6538 32.2122 46.8737 28.564 32.2627 46.013 29.1148 28.9693 45.9698 30.6776 29.0476 45.9832 29.8805 29.0507 46.1386 29.4594 29.5578 46.1886 30.7208 29.6973 46.3503 29.443 30.3813 46.4081 30.6343 30.6017 45.9874 31.1667 28.9539 46.4013 32.4982 28.746 46.0535 31.9191 28.6974 46.3004 31.7277 29.3393 46.7278 32.2671 29.3591 46.5488 31.6623 30.4095 46.8777 32.3141 30.2851 46.6216 29.4573 31.4631 46.6293 30.885 31.4618 46.8648 29.345 32.4499 46.8223 30.5552 32.3382 46.7775 31.6843 31.5024 46.9218 32.1695 31.1814 46.9095 31.4514 32.3927 47.1378 32.6127 31.6321 47.0179 32.0101 31.9857 47.1193 31.9979 32.7175 47.24 32.4963 32.4678 15.6306 41.4024 2.8515 16.1904 41.1324 2.65998 16.3176 40.3063 2.78582 15.8716 40.7138 2.8046 15.6561 41.5373 3.61558 15.8946 40.7482 3.33081 16.3355 40.2379 3.6696 15.3722 42.2581 2.8678 16.1834 42.0303 2.65345 15.3677 42.4018 3.76829 16.158 41.0818 3.9515 15.8735 42.4161 4.15294 15.9948 41.8666 4.08258 16.5242 41.4368 4.5027 14.9213 43.2968 2.85045 15.2678 43.1242 2.7042 15.0109 42.7243 2.8423 14.9723 43.2891 3.34265 15.0276 42.6826 3.15658 16.0856 43.1547 2.65313 14.8587 44.2998 2.9046 15.2878 44.245 2.70164 14.9128 44.242 3.3063 16.1687 44.6609 2.65159 15.2672 43.2214 3.87331 15.7617 43.21 4.2236 15.2462 44.3283 3.87237 15.8057 44.3073 4.36737 14.8877 45.7037 2.85137 15.3561 45.7838 2.69927 14.9213 45.5353 3.32214 16.2069 45.9371 2.65971 14.9374 46.651 2.84403 15.2906 46.8238 2.73663 14.9907 46.6775 3.32868 16.0216 46.8132 2.69219 15.2041 45.8431 3.83569 15.6998 45.7598 4.27809 15.3519 46.7729 3.91465 15.7908 46.7472 4.2598 15.0617 47.1301 2.88048 15.4907 47.5938 2.90493 15.0894 47.1941 3.11589 16.2199 47.694 2.7218 15.4986 47.5622 3.61976 15.8392 48.4448 2.88419 16.3537 48.6395 2.75023 15.8632 48.4929 3.40292 15.8991 47.3745 4.16826 16.2586 48.6411 3.98701 15.9967 47.9899 3.95034 16.4 47.8073 4.57395 16.3325 42.3339 4.60848 16.2628 43.2455 4.73128 16.2669 44.1698 4.84057 16.2362 45.6169 4.82184 16.237 46.808 4.7061 19.4589 36.4448 2.74335 20.2777 36.2846 2.62824 20.4329 35.4463 2.74949 19.8259 35.8186 2.90319 19.3204 36.3089 3.45448 19.778 35.7521 3.37266 20.247 35.2368 3.46171 19.4784 36.4584 4.54258 19.8451 35.8335 4.22943 20.3232 35.3942 4.63973 21.3946 34.4007 2.70599 22.1576 34.1395 2.58611 22.4058 33.3859 2.68155 21.7236 33.7181 2.82814 21.1946 34.1851 3.45026 21.6505 33.6553 3.36331 22.1325 33.2321 3.36251 21.2655 34.2659 4.68418 21.7472 33.6977 4.46987 22.2684 33.1771 4.49132 23.3057 33.2555 2.58287 22.7751 32.8186 2.85989 22.6245 32.7853 3.47174 24.1761 33.0909 2.5372 23.0533 34.1566 2.52917 24.1062 34.1644 2.49239 22.769 32.7305 4.57879 21.2668 35.2765 2.60636 20.7768 34.7844 2.87275 20.6986 34.6917 3.37961 22.1573 35.0235 2.54057 21.0721 36.1152 2.57135 22.04 36.1866 2.52738 20.7661 34.7677 4.37245 23.1146 35.2719 2.50559 24.096 35.5284 2.49597 23.1226 36.4932 2.51803 24.4545 36.4585 2.51942 17.4785 38.4811 2.82385 18.2706 38.2873 2.63162 18.4225 37.4329 2.80638 17.8807 37.8799 2.81444 17.4951 38.4653 3.63689 17.8688 37.8774 3.29169 18.3559 37.4229 3.61957 18.055 38.0168 4.00287 19.2587 37.2646 2.61698 18.867 36.7757 2.85606 18.7666 36.8745 3.3576 20.0749 37.0851 2.57366 19.0569 38.0928 2.58586 20.0309 38.1848 2.55439 18.6337 37.5359 4.47316 18.9482 36.912 4.08427 18.2727 38.2839 4.70679 16.6255 39.5531 2.91338 17.307 39.3131 2.65335 16.9687 38.9308 2.82067 16.7242 39.5055 3.66068 16.9862 38.9163 3.22438 18.0796 39.1039 2.60608 17.0994 40.1166 2.63665 18.0565 40.1343 2.59354 17.1943 39.1374 3.9522 17.4992 39.4644 4.55781 17.7654 38.695 4.31878 16.7265 40.5574 4.30965 16.9522 39.8809 4.14073 19.0352 39.1782 2.57204 20.0669 39.5434 2.56437 19.0549 40.5055 2.58498 20.2809 40.5591 2.58381 21.0388 37.1737 2.54182 22.1442 37.5057 2.53413 21.1256 38.54 2.54758 22.5692 38.5324 2.54789 23.5213 37.4698 2.53601 24.4436 37.3591 2.53822 23.5148 38.5836 2.551 24.5277 38.3484 2.55135 21.3926 39.5529 2.56311 22.7295 39.6213 2.5642 21.5601 40.5201 2.58177 22.7013 40.6178 2.58225 23.8736 39.4783 2.56293 24.7834 39.4137 2.56187 23.5898 40.4882 2.57624 24.5418 40.5591 2.56757 20.0227 36.0113 4.98643 21.3855 34.4603 5.52424 21.8054 33.9028 5.32154 22.3327 33.3361 5.42807 21.5907 34.4619 6.39191 21.9389 33.9456 6.05391 22.353 33.5016 6.3981 22.8846 32.7937 5.37333 22.874 32.9524 6.27795 20.5989 35.4877 5.46982 20.9147 34.9182 5.1356 20.2025 36.1523 5.66357 21.0598 35.0299 5.88955 21.2062 35.0698 6.59302 20.2998 36.4344 6.46468 20.7452 35.7116 6.44648 22.027 34.0035 6.84254 22.5069 33.4563 7.37031 23.0168 32.8961 7.20025 22.0826 34.0438 7.46565 22.6163 33.4109 8.40248 23.0008 32.9642 8.00848 23.43 32.509 8.37377 22.156 34.0516 8.37486 21.2383 35.2784 7.4728 21.6803 34.5706 7.38012 20.5521 36.4352 7.34487 20.8892 35.8421 7.33325 21.2826 35.4498 8.43481 21.7098 34.7288 8.47339 20.6932 36.6218 8.42825 20.9601 35.9548 8.04254 19.1558 37.1248 4.86959 19.3527 37.3985 5.57906 19.7146 36.6798 5.36297 18.6314 38.5141 5.42749 18.8641 37.8371 5.15605 19.6499 37.5363 6.41368 19.8944 36.8848 6.08633 19.113 38.0767 5.88505 19.3181 38.334 6.60216 18.0575 39.02 4.95815 17.2625 40.28 4.78364 17.6754 40.531 5.41174 17.8342 39.7605 5.17625 18.3264 39.3214 5.59733 18.1466 40.1056 5.85509 18.6808 39.5388 6.37045 18.8659 38.8119 6.12715 18.4173 40.4231 6.47145 20.0759 37.0639 6.86596 19.5819 38.5729 7.49637 19.8322 37.8003 7.24993 20.2301 37.193 7.60917 19.8573 38.5671 8.32999 19.9913 37.9589 7.97482 20.32 37.446 8.40427 19.1063 39.0857 6.86365 19.2729 39.4105 7.51969 18.7685 40.5614 7.22128 18.9077 39.8598 7.05485 19.6037 39.4486 8.3961 19.1491 40.1983 7.81991 19.3968 40.4724 8.54079 25.1398 33.1393 2.48351 26.1396 33.3774 2.45406 25.1054 34.4964 2.47393 26.3303 34.6116 2.47194 27.2888 33.5772 2.44517 28.7047 33.5523 2.44123 27.862 34.5044 2.46864 28.8764 34.5669 2.46512 25.2527 35.4915 2.495 26.2386 35.5521 2.4987 25.4789 36.3125 2.51925 26.6013 36.3498 2.52189 27.6319 35.4702 2.49608 28.7303 35.4118 2.48684 27.7849 36.41 2.52192 28.6017 36.1973 2.50773 29.694 33.4049 2.42859 30.4339 33.7351 2.42077 29.5991 34.3521 2.44898 30.3149 34.6243 2.44049 31.5489 33.6036 2.41694 32.4661 33.3393 2.42565 31.1669 34.5822 2.4265 32.1835 34.6422 2.4224 29.6412 35.3944 2.47101 30.5235 35.383 2.45451 29.4345 36.3173 2.49367 30.3985 36.3279 2.47453 31.3136 35.5157 2.44098 32.3789 35.6805 2.43144 31.2924 36.454 2.45651 32.2844 36.6384 2.44877 25.4027 37.2457 2.5393 26.828 37.236 2.54024 25.841 38.1658 2.55084 26.7618 38.1321 2.5482 27.8646 37.2367 2.53491 28.6671 37.0148 2.52072 27.6382 38.2551 2.53983 28.6041 38.0291 2.52654 25.5675 39.066 2.55692 26.589 39.1559 2.55028 25.5952 40.3047 2.55784 26.6532 40.3494 2.54922 27.5004 39.5007 2.54088 28.4929 39.361 2.52754 27.581 40.4974 2.53853 28.4683 40.8106 2.5266 29.5379 37.2212 2.50584 30.4439 37.3238 2.48844 29.5559 38.348 2.51251 30.5076 38.2636 2.49615 31.2799 37.4265 2.47049 32.2621 37.5773 2.46356 31.2868 38.506 2.48337 32.2366 38.5929 2.47624 29.4177 39.8235 2.51497 30.3759 39.4781 2.5021 29.341 40.8303 2.51625 30.3441 40.6525 2.51035 31.4421 39.6506 2.49459 32.5674 39.5843 2.4862 31.731 40.6346 2.50996 32.7669 40.5178 2.50022 17.0737 41.0727 2.61873 18.056 41.3577 2.60591 17.0752 42.2313 2.62257 18.062 42.4242 2.62193 19.2431 41.5522 2.60626 20.7204 41.4861 2.60388 19.1933 42.541 2.62626 20.4792 42.4003 2.62409 17.0511 43.4022 2.63242 18.1844 43.4746 2.63512 17.2325 44.589 2.63986 18.3078 44.5061 2.6441 19.3661 43.4054 2.64004 20.371 43.2881 2.64158 19.3049 44.2748 2.64767 20.3934 44.2025 2.65249 21.8678 41.3891 2.60019 22.8881 41.5379 2.59957 21.8106 42.2757 2.61951 22.7266 42.5119 2.6187 23.7563 41.4119 2.58649 24.4 41.7227 2.57443 23.5792 42.4458 2.60175 24.4457 42.6518 2.58215 21.743 43.1583 2.6383 22.767 43.3961 2.63157 21.7141 44.0396 2.65144 22.7409 44.3349 2.64446 23.6032 43.5231 2.61295 24.4735 43.6383 2.59315 23.6361 44.4635 2.62632 24.517 44.5558 2.60713 17.0813 45.7472 2.64772 18.1499 45.479 2.6498 17.0278 46.8783 2.65974 18.0831 46.6411 2.65541 19.2812 45.2632 2.65379 20.2556 45.0974 2.65658 19.081 46.2529 2.65665 20.2653 46.3311 2.65778 17.0123 47.8952 2.67857 17.9317 47.8321 2.66212 17.1861 48.7774 2.707 18.1304 48.8312 2.67562 16.6745 48.5598 4.48628 19.1764 47.7454 2.6582 20.7265 47.6029 2.65755 19.0088 48.9817 2.66388 20.1411 48.8844 2.65828 21.6536 45.1896 2.65734 22.8753 45.1385 2.65232 21.6176 46.5863 2.65822 22.7708 46.0526 2.65728 23.7056 45.3479 2.64129 24.5711 45.4495 2.62395 23.7372 46.2706 2.6524 24.6671 46.3456 2.63929 21.7948 47.5955 2.65777 22.7044 47.2925 2.658 21.5591 48.6653 2.6574 22.5301 48.3925 2.6579 23.871 47.1251 2.65673 24.7159 47.2975 2.65173 23.6187 48.3796 2.6583 24.8261 48.2294 2.65695 17.0773 41.0481 4.92175 17.4251 41.3781 5.46797 16.7876 42.4758 5.10775 16.9288 41.8133 5.05155 17.8043 41.5264 6.07113 17.9667 40.8983 6.01031 17.315 42.3423 5.67275 17.8057 42.2235 6.29807 16.766 43.2762 5.2419 16.7404 44.4096 5.33086 17.1779 43.324 5.72184 17.6566 43.1726 6.29442 17.2136 44.1701 5.86632 17.6341 44.3286 6.37268 18.2761 41.3782 6.71883 18.1316 42.4105 6.83677 18.7086 41.3562 7.44671 18.5533 42.2618 7.46387 19.0264 40.976 7.93902 19.219 41.3179 8.53006 18.8731 42.3349 8.14 18.9279 41.7118 8.04835 18.0155 43.3305 6.8465 18.0337 44.3777 6.9361 18.4033 43.2709 7.40207 18.4362 44.5362 7.51721 18.8201 43.3472 8.18673 18.8128 44.8727 8.18709 16.7548 45.8364 5.34261 16.6991 46.6701 5.18874 17.21 45.6319 5.86395 17.7172 45.713 6.46593 17.2183 46.8187 5.70867 17.7106 46.7437 6.29788 16.8342 47.4248 5.12651 17.204 48.7789 4.85758 17.0102 48.0873 4.99853 17.3627 47.7498 5.53005 17.6407 48.4967 5.43783 17.7632 47.5231 6.09101 17.9807 48.1109 6.0114 18.0975 45.6572 6.99595 18.1756 46.7095 6.89804 18.4872 45.8132 7.51498 18.645 46.7199 7.50244 18.8521 45.7529 8.15214 18.9214 46.341 8.06913 18.2797 47.6428 6.63437 18.5469 48.4899 6.43528 18.7217 47.4814 7.27434 18.908 48.1612 7.08551 19.2215 47.772 7.77951 19.0616 47.0419 7.95176 19.3393 46.7226 8.55633 19.5985 47.5536 8.45365 19.467 48.589 7.52014 19.785 48.2985 8.19949 25.3798 41.7779 2.55998 26.5264 41.3867 2.54907 25.2789 42.8678 2.56575 26.2712 42.8284 2.55139 27.5649 41.7358 2.53808 28.3663 41.7802 2.52882 27.3379 42.7111 2.5427 28.4888 42.5032 2.53841 25.3716 43.7274 2.5733 26.1622 43.8627 2.55829 25.3918 44.6201 2.58799 26.2728 44.6484 2.57017 27.1997 43.7552 2.54921 28.616 43.5044 2.54803 27.1455 44.7531 2.56123 28.1687 44.6511 2.55469 29.3408 41.6358 2.52452 30.6592 41.5391 2.52699 29.7109 42.361 2.54076 30.6896 42.3427 2.54701 31.7117 41.4275 2.52945 32.6707 41.3707 2.52172 31.7334 42.0957 2.54532 32.7215 42.2247 2.53993 29.5713 43.3627 2.55107 30.5788 43.2782 2.55454 29.3375 44.7938 2.55392 30.5559 44.6818 2.55501 31.7571 43.0083 2.55478 32.7308 43.2251 2.54789 31.7548 44.2632 2.55569 32.7622 44.5932 2.54852 25.441 45.5031 2.60451 26.3244 45.5469 2.58756 25.4952 46.4345 2.62133 26.3803 46.4764 2.60495 27.3203 45.5967 2.57579 28.3443 45.6669 2.5672 27.3772 46.5234 2.59404 28.408 46.5745 2.58558 25.5754 47.3636 2.63785 26.4285 47.4221 2.62282 25.6337 48.3837 2.6515 26.5368 48.3093 2.63987 27.439 47.4472 2.61233 28.4799 47.4658 2.60352 27.5227 48.3279 2.6296 28.5228 48.3727 2.62017 29.2582 45.8516 2.56259 30.2523 45.8031 2.55786 29.4211 46.6304 2.57704 30.4862 46.6617 2.56821 31.7121 45.7683 2.5561 32.8593 45.819 2.54859 31.5417 46.8842 2.56368 32.5953 46.7717 2.55568 29.4889 47.4819 2.5944 30.4721 47.5248 2.58501 29.5125 48.4038 2.61006 30.4483 48.4597 2.59984 31.4132 47.7328 2.57756 32.4415 47.6491 2.56778 31.2679 48.5964 2.59156 32.2955 48.5891 2.58357 23.0241 32.9911 8.80695 23.0403 33.0212 9.41475 23.4795 32.5082 9.33805 22.1717 34.1514 9.39734 22.604 33.5159 9.31545 23.0585 33.0408 10.1201 23.5007 32.5299 10.2952 22.2105 34.2025 10.3056 22.6248 33.5646 10.2398 21.4548 35.361 9.37343 21.8391 34.6959 9.48838 21.0537 36.0335 8.84482 21.1598 36.0461 9.60113 21.5116 35.4817 10.3105 21.8538 34.8232 10.2762 21.182 36.2553 10.4357 23.0376 33.0969 11.2281 23.5104 32.549 11.3733 22.171 34.3451 11.1629 22.5854 33.6601 11.2281 23.1106 33.0142 12.766 23.6054 32.4547 12.7182 22.2662 34.1952 12.1687 22.649 33.5775 12.6164 21.571 35.5248 11.2111 21.8688 34.9211 11.0803 21.2442 36.3292 11.38 21.5822 35.5782 12.0848 21.929 34.859 12.2022 21.3074 36.3074 12.3228 20.1414 38.1204 8.75025 19.8785 39.5267 9.31427 19.9631 38.9023 9.01238 20.2339 38.3992 9.4528 19.7073 40.2905 9.29553 20.1112 39.1171 9.77299 19.878 40.5503 10.0537 19.9861 39.9091 9.97505 20.2075 39.4249 10.4345 20.105 40.2689 10.7117 20.5389 37.4662 9.41587 20.873 36.6406 9.44774 20.7044 37.56 10.4944 20.8942 36.9183 10.2256 20.43 38.4385 10.3817 20.8498 37.4938 11.3676 20.9935 36.9329 10.9823 20.6305 38.3684 11.434 21.0515 37.0012 11.7501 21.1014 37.0237 12.5124 20.7493 38.4645 12.4934 20.9046 37.6804 12.2992 20.4043 39.3999 11.3361 20.2707 40.4365 11.496 20.5827 39.328 12.3535 20.4476 40.1934 12.2862 23.0306 33.0896 13.8747 23.4766 32.5593 13.7807 22.2142 34.2898 13.4781 22.6364 33.5832 13.7517 23.1177 32.9439 14.7005 22.23 34.2487 14.5841 22.6493 33.5435 14.7822 21.6349 35.4925 13.0522 21.9019 34.9263 13.6028 21.3359 36.327 13.2825 21.6038 35.5774 14.2907 21.9204 34.8802 14.5132 21.3023 36.4896 14.3314 22.9878 33.0641 15.4969 22.2794 34.1469 15.7298 22.6568 33.5015 15.7261 23.0067 32.982 16.1204 22.2071 34.2599 16.8181 22.6252 33.5194 16.5461 21.6402 35.4764 15.579 21.9496 34.8094 15.7656 21.3584 36.3279 15.4182 21.6355 35.4868 16.7172 21.9044 34.8917 16.8806 21.3654 36.3349 16.4789 21.1009 37.2013 13.4093 20.8371 38.4814 13.4936 20.9387 37.8721 13.206 21.1013 37.3278 14.4392 20.9117 38.3861 14.4377 20.9887 37.8773 14.0717 20.7042 39.3175 13.3869 20.5813 40.2505 13.251 20.8057 39.1531 14.3923 20.718 40.2239 14.3509 21.1487 37.2028 15.3027 21.0133 37.9232 14.9287 21.0409 37.9089 15.6382 21.1646 37.2267 16.2907 21.0468 38.0432 16.5168 20.8562 39.318 15.3831 20.9394 38.5229 15.4015 20.822 40.4107 15.4142 20.9182 39.433 16.3285 20.9688 38.6912 16.3728 20.9141 40.6482 16.3962 19.5617 41.317 9.41952 19.1566 42.1874 8.71714 19.4376 42.31 9.4203 19.8689 41.2854 10.3775 19.7332 42.2847 10.2448 19.1399 43.1679 8.85934 19.4281 43.3967 9.52537 19.1413 44.632 8.85252 19.4934 44.7129 9.61938 19.7451 43.6708 10.3669 19.8365 44.768 10.4318 20.0543 41.0458 10.9481 19.9536 42.4115 10.9867 19.9671 41.7771 10.892 20.1531 41.3744 11.4538 20.1577 42.3535 11.6534 19.9895 43.5231 11.111 19.992 44.2047 10.9961 20.2059 43.757 11.7223 20.2382 44.7024 11.4934 20.3707 41.2212 12.3854 20.3706 42.6384 12.4853 20.4641 43.7726 12.5978 20.5393 44.7312 12.3395 19.193 45.8109 8.71957 19.5289 45.6637 9.41367 19.706 46.4935 9.33158 19.8254 45.5222 10.1161 19.9601 46.1555 10.0271 19.8613 47.2198 9.11798 20.2883 48.7026 8.61318 20.0841 47.9672 8.90853 20.3199 47.6676 9.57644 20.133 46.9133 9.84744 20.3563 46.6287 10.5259 20.172 45.7621 10.7542 20.0911 44.9841 10.9775 20.6353 48.4722 9.39106 20.6503 47.4735 10.3835 20.8664 48.1628 10.1117 20.4609 45.5922 11.5582 20.6733 46.4775 11.3635 20.7694 45.5689 12.408 20.8856 46.2231 12.1271 20.8662 47.1813 11.1164 21.3481 48.6062 10.5544 21.113 47.9187 10.8656 21.3025 47.6694 11.588 21.6504 48.454 11.3719 21.093 46.9597 11.8935 21.26 46.7194 12.6294 21.5817 47.5395 12.4656 21.8371 48.1875 12.1578 20.5568 41.4136 13.4204 20.5933 42.7891 13.4795 20.7197 41.7033 14.4668 20.7761 42.762 14.4491 20.6887 43.7606 13.4732 20.7857 44.5361 13.3101 20.8472 43.5342 14.3099 20.9293 44.2473 14.1141 20.85 41.639 15.5176 20.893 42.5091 15.2908 20.9463 41.6058 16.3652 20.9748 42.2217 16.0779 20.9553 43.2295 15.0921 21.1391 44.7014 14.5691 21.0469 43.9753 14.8847 21.1184 43.6899 15.5468 21.3128 44.6202 15.4611 21.0464 42.9628 15.8561 21.1011 42.6998 16.5299 21.2629 43.6368 16.4391 21.5266 44.6269 16.5 20.901 45.2293 13.1098 21.0714 45.9777 12.9028 21.1683 45.6769 13.5757 21.4626 46.4991 13.5548 21.0538 44.9831 13.8971 21.3988 45.6299 14.5086 21.7304 46.5095 14.4588 21.7566 47.2859 13.2998 22.2978 48.6369 12.601 22.0358 48.0055 12.9516 22.1894 47.8428 13.6597 21.9264 47.1222 14.0908 22.325 47.6185 14.5491 22.5583 48.5416 13.4616 22.7116 48.2897 14.3275 21.6035 45.487 15.5625 21.8391 46.2217 15.2756 21.8062 45.4859 16.4249 21.9728 46.0828 16.0435 22.0895 46.9673 14.9014 22.2209 46.8133 15.6485 22.2951 46.573 16.4618 22.5711 47.5444 15.4866 22.889 48.1334 15.1418 22.7316 47.2966 16.4756 23.4046 48.6039 15.5589 23.0477 47.9796 15.928 23.2118 47.8855 16.6246 23.5782 48.4327 16.4005 16.0471 49.0396 2.87415 16.528 49.4695 2.88128 16.0542 49.0911 3.12289 16.4985 49.419 3.60879 17.3234 49.6675 2.7487 18.2157 49.8002 2.71255 16.9538 50.0486 2.87263 17.5414 50.4613 2.88524 16.9435 50.0482 3.21125 18.3642 50.6613 2.76729 16.8694 49.1885 4.20321 17.5216 50.4946 3.55072 17.1436 49.8738 3.9349 17.4626 49.5541 4.58985 17.7792 50.2537 4.27829 19.1488 49.873 2.67979 20.0159 50.0028 2.66568 19.2377 50.7837 2.72582 20.15 50.8654 2.68648 17.9995 50.9967 2.90699 18.6121 51.4048 2.90279 17.9739 51.0153 3.20566 18.5508 51.4505 3.50857 18.1255 50.8913 3.94237 18.4096 50.6116 4.65091 19.3745 51.6502 2.77936 20.2322 51.7841 2.7307 19.0278 51.9885 2.90996 19.6146 52.4117 2.90135 18.9983 52.0013 3.20113 20.3763 52.6092 2.77323 18.7567 51.2495 4.30315 19.5611 52.4124 3.48901 19.1374 51.8614 3.93057 19.4137 51.5941 4.65179 19.7967 52.1945 4.24877 21.1407 49.9232 2.65913 22.5643 49.7474 2.65836 21.0168 51.0014 2.6696 22.1423 50.9437 2.66394 23.6267 49.8367 2.6596 24.6432 49.5302 2.65982 23.4141 50.8246 2.66391 24.546 50.6401 2.66464 21.1545 51.8615 2.69138 22.0453 51.9958 2.67943 21.2698 52.7645 2.73684 22.2441 52.8452 2.71092 23.1619 51.9203 2.67326 24.4442 51.6984 2.6703 23.1301 52.9753 2.69484 24.0845 52.8515 2.67959 20.0278 52.9013 2.93172 20.5737 53.132 2.89844 20.0135 52.9055 3.18645 20.6658 53.1943 3.37135 20.2117 52.768 3.81489 20.4874 52.5252 4.56595 21.4443 53.4962 2.87614 22.3893 53.6733 2.77156 21.4547 53.6118 3.51201 21.8864 53.9491 2.95623 22.6495 54.2517 2.94384 21.9823 54.0276 3.23083 20.923 53.0797 4.08569 21.5823 53.3505 4.45748 22.5256 54.2403 3.44454 22.0706 53.8912 3.97313 22.3595 53.6966 4.69857 23.3246 53.7853 2.73906 24.2441 53.8389 2.70181 23.4596 54.5715 2.84801 24.3548 54.7026 2.74125 22.7948 54.1815 4.20178 23.3231 54.6524 3.50961 23.8688 55.0221 2.87667 24.6096 55.2637 2.91372 23.8459 55.0303 3.20425 24.484 55.2334 3.44035 23.5005 54.4269 4.50856 24.0166 54.9141 3.96285 24.3174 54.7313 4.70644 17.8419 49.2119 5.17578 18.1082 49.9099 4.91314 18.4599 49.5878 5.54227 18.1977 48.8415 5.81515 18.758 50.2778 5.26037 18.8093 49.2535 6.19488 19.3963 50.6307 5.60458 19.0831 49.9432 5.91355 19.4141 49.6431 6.58179 19.7082 50.3151 6.2781 19.0763 50.9356 4.94903 19.7406 51.2658 5.27896 20.1071 51.9001 4.92123 20.4141 51.5861 5.6084 20.0553 50.9618 5.95167 20.3022 50.6455 6.62755 19.1344 48.8888 6.85269 19.7298 49.3325 7.26152 20.0244 50.009 6.9688 20.2763 49.7086 7.63452 20.0311 49.0112 7.95325 20.7905 52.1918 5.22133 20.7381 51.2636 6.35514 21.4894 52.5064 5.50243 21.0935 51.904 5.90186 21.4052 51.6649 6.59044 21.783 52.214 6.20631 20.669 50.4217 7.35501 20.6314 49.4643 8.38671 20.9187 50.1002 8.05899 20.9921 51.0149 6.99371 21.614 51.3202 7.34044 22.4742 52.5178 6.50144 22.059 51.9398 6.92288 22.3404 51.7156 7.62322 21.2589 50.7526 7.70312 21.5219 50.4916 8.4358 21.9101 51.0901 8.06451 22.5239 51.3946 8.40637 22.748 52.2398 7.23957 23.4448 52.5327 7.54292 23.006 51.9872 7.96701 23.2185 51.7617 8.63854 23.723 52.2581 8.33539 21.1905 52.807 4.83998 21.9101 53.0799 5.10362 22.605 53.3246 5.39433 22.203 52.7965 5.78488 23.0758 53.9079 4.93737 23.3841 53.6602 5.59467 23.8162 54.16 5.17727 22.915 53.0735 6.07136 23.6017 53.3151 6.36655 24.5419 54.3709 5.4434 24.1027 53.8794 5.8836 24.3954 53.6435 6.56766 23.1871 52.8059 6.79058 23.903 53.0738 7.07447 24.5997 53.3068 7.35826 24.1672 52.8186 7.80414 24.4512 52.6024 8.52463 25.9017 49.3307 2.6582 26.7569 49.1286 2.65121 25.7626 50.4077 2.66324 26.7665 50.2251 2.65776 27.5823 49.2338 2.64371 28.5507 49.2812 2.63397 27.7404 50.2389 2.65011 28.6983 50.2415 2.64165 25.6135 51.5144 2.66696 26.6265 51.4847 2.66145 25.2781 52.8874 2.67162 26.452 52.7409 2.66438 27.5735 51.4284 2.65462 28.5345 51.3716 2.64708 27.5052 52.6214 2.65753 28.4712 52.6065 2.65012 29.5162 49.3304 2.62312 30.4336 49.4076 2.61264 29.5888 50.1794 2.63221 30.4207 50.3218 2.62462 31.3318 49.4523 2.60331 32.252 49.5288 2.59872 31.3634 50.3346 2.61683 32.4108 50.3346 2.61122 29.5482 51.2715 2.63878 30.582 51.3267 2.63135 29.4298 52.5363 2.64315 30.4289 52.484 2.63676 31.5312 51.2049 2.62504 32.4783 51.3185 2.62105 31.534 52.3917 2.63101 32.6245 52.3368 2.62593 25.151 53.9969 2.68423 26.2261 53.9696 2.6718 25.342 54.8196 2.71878 26.2873 55.0134 2.70152 27.3623 53.8694 2.6617 28.3519 53.8325 2.65398 27.2513 54.8937 2.67798 28.2188 54.9125 2.66741 25.4883 55.5662 2.83623 26.2492 55.7435 2.75322 25.3502 55.6067 3.49445 25.8827 55.975 2.88235 26.4543 56.0801 2.90146 25.8892 55.9692 3.19226 24.7742 55.1651 4.1877 25.5378 55.3696 4.49007 26.559 56.088 3.3579 26.116 55.8357 3.95457 26.5369 55.6584 4.67391 27.1302 55.7198 2.72996 28.0596 55.7476 2.71645 27.3421 56.1681 2.89893 28.2445 56.2742 2.87955 26.8725 56.0153 3.96819 29.3724 53.7417 2.64762 30.3087 53.5358 2.64192 29.1355 54.8096 2.6568 30.3011 54.7991 2.65357 31.373 53.6713 2.63811 32.5832 53.5143 2.63243 31.3888 54.9418 2.65264 32.3345 54.814 2.64686 29.2001 55.7578 2.71174 30.5565 55.7879 2.71603 29.1406 56.4126 2.92462 30.151 56.3572 2.85762 31.6345 55.7394 2.7086 32.7646 55.7941 2.71843 31.535 56.3551 2.89178 32.7129 56.4098 2.95348 24.8541 54.1256 6.11879 25.0722 54.9042 4.93528 25.379 54.6645 5.59299 25.8551 55.1153 5.13579 26.5522 55.2279 5.42435 25.5839 54.3196 6.38191 26.1444 54.8368 5.8507 26.4475 54.599 6.52042 27.5327 56.1005 4.20589 27.3606 55.8243 4.8147 27.357 55.4882 5.4368 28.4596 56.2373 4.40476 28.0533 55.9137 4.93671 28.3034 55.6557 5.58241 26.9207 55.0191 6.032 27.6151 55.1768 6.1663 28.4717 55.2941 6.37086 25.1317 53.8554 6.84759 25.4159 53.6229 7.53829 25.9003 54.0844 7.06679 24.9074 53.0847 8.06496 25.6057 53.292 8.34852 26.6254 54.2497 7.31993 26.1693 53.8204 7.8041 26.4527 53.5872 8.50032 26.9376 54.0086 8.00631 27.2638 54.7666 6.75022 27.4415 54.4615 7.4568 28.0538 54.9139 6.90135 28.3253 54.6523 7.56698 27.6248 54.1666 8.15933 28.4808 54.294 8.36402 28.8146 56.0117 5.05951 29.4461 56.1134 5.08659 29.2215 55.7708 5.7096 29.3345 55.432 6.4309 30.3148 56.0729 5.29806 30.2893 55.7765 5.9053 30.3134 55.4382 6.61592 31.6968 56.1479 5.18632 31.6531 55.8436 5.80306 31.6049 55.5138 6.49848 32.8117 56.0798 5.24459 32.7702 55.8186 5.77631 32.7254 55.4913 6.46158 28.8198 55.0281 7.03166 29.4526 55.1331 7.07223 30.292 55.0979 7.31544 29.2379 54.7804 7.70894 29.3447 54.4419 8.43384 30.2673 54.7989 7.92527 30.2832 54.4636 8.62362 31.5536 55.1741 7.21054 32.6836 55.1618 7.15692 31.5678 54.8696 7.84187 31.5068 54.5406 8.52995 32.6451 54.8898 7.73505 32.788 54.5471 8.4343 27.4211 56.2298 3.3595 28.2603 56.3703 3.43015 29.116 56.4897 3.49297 30.1565 56.556 3.40677 29.3454 56.3803 4.4507 30.419 56.4278 4.53901 31.5616 56.566 3.48078 32.6917 56.5388 3.56907 31.7941 56.4621 4.4976 32.7066 56.3908 4.67458 20.888 49.1481 9.10435 21.1914 49.8362 8.7845 21.4514 49.5763 9.54124 21.7988 50.2175 9.20659 21.1458 48.8829 9.83584 21.7165 49.299 10.3337 22.4018 50.5998 9.5848 22.0364 49.969 9.93486 22.2458 49.7584 10.6219 22.6529 50.3466 10.3664 22.1531 50.8356 8.80734 22.815 51.1727 9.17204 23.478 51.5085 9.4726 23.9456 52.0306 9.02468 23.058 50.947 9.91356 23.2638 50.7372 10.617 23.7476 51.2441 10.313 24.6165 52.2811 9.33023 24.1809 51.8009 9.76662 24.4475 51.6043 10.5143 21.9373 49.0871 11.0525 22.4733 49.5373 11.4664 22.1458 48.8797 11.8126 22.8737 50.124 11.1143 22.7034 49.2897 12.334 23.4809 50.5062 11.4522 23.0785 49.9211 11.8725 23.2621 49.7344 12.6158 23.7282 50.2677 12.3213 23.9477 51.0318 11.0215 24.5903 51.3023 11.3386 24.1527 50.8215 11.776 24.4026 50.6534 12.5611 22.8993 49.1104 13.1069 23.4527 49.5386 13.4817 23.9111 50.0702 13.074 23.0787 48.9407 13.8854 23.2312 48.7679 14.6504 23.6617 49.327 14.3596 24.5284 50.3771 13.4278 24.0919 49.8831 13.8457 24.2715 49.7237 14.6165 23.843 49.1463 15.1822 24.4346 49.539 15.5136 24.0055 48.9974 15.9579 24.0868 48.8132 16.6405 24.9106 52.0793 10.0554 25.5939 52.2971 10.3479 25.137 51.8427 10.8128 25.3849 51.6469 11.5449 25.8889 52.0916 11.0707 24.8635 51.1167 12.1043 25.5286 51.3565 12.4033 26.5999 52.2796 11.3377 26.1136 51.8599 11.834 26.358 51.6675 12.5683 26.8737 52.0644 12.0725 25.1544 52.832 8.81138 25.419 52.6143 9.52489 25.9116 53.0737 9.05247 26.6183 53.2496 9.31694 26.1596 52.822 9.80034 26.4395 52.6006 10.5044 27.2609 53.7641 8.74051 27.4374 53.4692 9.4592 28.0527 53.9159 8.89912 28.3295 53.664 9.5736 26.9275 53.0174 10.015 27.6186 53.1802 10.1737 28.4752 53.3142 10.3756 27.254 52.7815 10.7668 27.4954 52.4997 11.559 28.0309 52.9412 10.9161 28.3713 52.7582 11.5401 27.5358 52.1745 12.3755 28.3706 52.4227 12.3428 28.8225 54.0359 9.03877 29.4667 54.1468 9.08885 29.2509 53.7976 9.72939 29.3575 53.4696 10.4637 30.2499 54.1207 9.34904 30.2241 53.8331 9.9637 30.2488 53.517 10.6619 31.3828 54.1997 9.27237 31.3723 53.9133 9.9083 31.349 53.6092 10.5917 32.674 54.2024 9.20853 32.6137 53.9446 9.79672 32.7082 53.6541 10.4457 28.805 53.0727 11.0658 29.5158 53.1635 11.209 30.3091 53.1873 11.4282 29.1825 52.8349 11.8112 29.3838 52.5471 12.5895 29.9977 52.9312 11.9233 30.3173 52.7409 12.4946 31.1669 53.2842 11.3466 32.6252 53.2903 11.3222 30.8305 52.9935 11.9981 31.5596 53.0217 12.0143 32.6449 53.0242 12.0084 24.7829 50.1969 14.2794 25.0637 50.9028 12.8916 25.2907 50.7442 13.6488 25.7846 51.1674 13.1813 26.4801 51.3758 13.4673 25.4232 50.5246 14.4784 25.9874 50.9732 13.9602 26.089 50.788 14.6469 27.1059 51.8455 12.8393 27.3586 51.6616 13.5618 27.8976 52.021 13.0278 26.7121 51.1483 14.3609 27.4995 51.4078 14.4135 28.5891 52.154 13.1678 28.2152 51.8287 13.7903 28.4288 51.589 14.6049 24.9313 50.0174 15.0363 24.644 49.3293 16.5174 25.5699 50.3024 15.3307 25.1022 49.859 15.8136 25.3606 49.7842 16.5763 25.8216 50.1574 16.1474 26.395 50.6717 15.4313 26.472 50.3857 16.4471 27.006 51.0288 15.0351 27.6315 51.1683 15.2553 28.391 51.3134 15.4319 27.123 50.8374 15.7805 27.3531 50.6862 16.5621 27.9001 51.0058 16.0135 28.5671 51.1497 16.1191 29.3918 52.2198 13.4231 29.0058 51.9498 13.9326 29.3608 51.7991 14.5526 29.7857 52.056 14.0489 29.3735 51.4994 15.473 30.4627 52.1459 14.1014 30.2532 51.8759 14.7734 30.4329 51.6373 15.5607 29.2814 51.1914 16.4573 30.2615 51.3475 16.457 31.3216 52.1243 14.3792 31.3055 51.9104 14.9992 31.4206 51.7007 15.6585 32.617 52.1853 14.264 32.6364 51.9646 14.9138 32.6281 51.747 15.5822 31.2954 51.4492 16.481 32.5331 51.4902 16.4602 30.2726 52.4085 13.3223 31.3149 52.7331 12.7191 31.3291 52.4116 13.581 32.7633 52.7793 12.6108 32.6784 52.479 13.4323 22.9418 32.9603 16.9457 22.5572 33.5421 17.5204 22.8636 32.8986 17.8219 22.2184 34.1652 17.7859 22.4911 33.4685 18.5755 22.1508 34.2142 18.6867 21.6391 35.4757 17.6503 21.9294 34.8029 17.7938 21.3732 36.3292 17.5323 21.6451 35.4687 18.6917 21.8987 34.825 18.882 21.4085 36.2183 18.4113 22.3371 33.5293 19.5946 22.093 34.2058 19.6668 22.1809 33.5636 20.549 22.0205 34.2272 20.4912 21.6451 35.4661 19.8305 21.8989 34.7459 19.843 21.3883 36.3553 19.4063 21.6223 35.4763 20.7556 21.8296 34.8047 20.7553 21.4038 36.3035 20.768 21.1701 37.2998 17.4174 21.0439 38.2994 17.4524 21.2205 37.1008 18.4234 21.0912 38.1268 18.4224 20.9784 39.5024 17.2311 20.9852 38.8861 17.0111 20.9829 40.7216 17.2085 21.0217 39.1957 17.9004 21.0558 39.4537 18.582 21.0349 40.6447 17.8462 21.0978 40.759 18.6699 21.2009 37.3132 19.286 21.1124 38.2693 19.4377 21.2302 37.2201 20.2801 21.1439 38.3725 20.4762 21.0993 39.6626 19.5126 21.1621 40.7793 19.6229 21.1489 39.8805 20.4552 21.2313 40.847 20.5469 21.8985 33.6972 21.8616 22.04 33.7086 21.2727 21.6885 33.5006 22.6276 21.8179 34.5306 21.5707 21.985 34.1211 21.0004 21.655 34.6475 22.4949 21.5891 35.4391 21.6545 21.3742 36.3659 21.8896 21.4876 35.5148 22.6821 21.3479 36.3209 22.8161 21.408 33.2613 23.5068 21.4468 34.5731 23.5048 21.0824 32.7642 24.1115 21.1288 33.4406 24.376 21.2368 34.2009 24.3438 21.364 35.6763 23.6316 21.2802 36.496 23.5676 21.2338 35.3441 24.5411 21.2196 36.3971 24.4705 21.2307 37.3037 21.5212 21.1666 38.3238 21.4041 21.2306 37.3073 22.7726 21.1903 38.5326 22.338 21.1852 39.5947 21.3971 21.2614 40.629 21.2949 21.2307 39.8157 22.3499 21.3211 40.7065 22.1169 21.2063 37.2302 23.7786 21.1887 38.4741 23.683 21.1666 37.3482 24.6624 21.1675 38.7494 24.7271 21.2355 39.6842 23.4815 21.3624 40.7641 23.2507 21.2194 39.7058 24.8216 21.3414 40.6358 24.758 20.9874 41.2548 16.9581 21.044 41.989 16.8447 21.0784 41.669 17.507 21.2131 42.6616 17.4195 21.1896 41.8015 18.4038 21.3501 42.7649 18.3229 21.4225 43.6417 17.4396 21.6743 44.4877 17.5549 21.5782 43.6474 18.4853 21.8268 44.5026 18.4254 21.2751 41.7247 19.4452 21.4365 42.6566 19.282 21.3306 41.6254 20.3685 21.535 42.6222 20.436 21.672 43.5025 19.5627 21.8752 44.2426 19.2771 21.7914 43.5669 20.5067 21.9498 44.132 20.138 21.884 45.2034 17.2555 22.0988 45.9396 16.8349 22.2131 45.8195 17.616 21.9884 45.0955 18.0499 22.3088 45.6683 18.5304 22.5285 46.5903 17.3523 22.6774 46.4444 18.3275 22.8933 47.1486 17.3539 23.2809 47.6636 17.4731 23.7485 48.2504 17.2867 22.9984 47.0524 18.0168 23.4538 47.563 18.4652 23.8881 48.1096 18.1227 22.0772 44.9714 18.8501 22.1508 44.8466 19.6527 22.1802 44.6454 20.5218 22.4359 45.5855 19.493 22.8073 46.2862 19.373 22.5222 45.433 20.4956 22.8524 46.0724 20.2832 23.1055 46.9377 18.7926 23.2355 46.8694 19.6007 23.6322 47.4477 19.4391 24.4286 48.5495 18.4864 24.006 47.9906 18.9077 24.0986 47.8999 19.5188 23.2635 46.6673 20.4874 23.7387 47.275 20.4348 24.1947 47.8038 20.2846 21.4063 41.6338 21.3351 21.615 42.5782 21.547 21.4767 41.6483 22.2976 21.678 42.5419 22.4688 21.8333 43.4035 21.3794 22.0185 44.0607 20.9578 22.0874 44.0479 21.599 21.8787 43.2672 22.3218 22.1048 43.8959 22.3741 22.341 44.7606 21.4067 22.3598 44.5675 22.2852 21.5423 41.7631 23.2804 21.7406 42.594 23.3129 21.5223 41.6139 24.5957 21.736 42.4965 24.3567 21.9289 43.2027 23.2311 22.1217 43.772 23.1831 21.9334 43.1147 24.1794 22.1767 43.8063 24.3274 22.4305 44.5304 23.2252 22.5362 44.6437 24.3052 22.7135 45.5233 21.4253 22.9672 46.0509 21.0454 22.7439 45.3093 22.376 23.3196 46.5272 21.4321 23.0531 45.9815 21.8231 23.1076 45.9143 22.4345 23.4904 46.5491 22.3769 23.8108 47.114 21.4492 24.2981 47.7011 21.258 23.9316 47.0797 22.3159 24.386 47.6108 22.3059 22.8233 45.2543 23.4066 23.1959 45.9087 23.2515 23.6343 46.58 23.3017 22.8924 45.2734 24.3747 23.2166 45.8205 24.2542 23.6417 46.4604 24.1888 23.9974 47.0513 22.981 24.4541 47.5355 23.2988 24.0481 47.0022 23.6968 24.0714 46.9476 24.3077 24.5468 48.3665 19.4465 24.7238 48.2577 20.4315 24.8888 48.178 21.4448 24.9248 48.0547 22.3144 24.9516 47.9864 22.9509 24.4936 47.4399 24.2501 25.4421 48.3285 23.3042 25.0077 47.9246 23.6674 25.029 47.8615 24.4011 25.5918 48.3123 24.2233 20.0913 32.9142 27.1368 19.8795 33.2075 27.9253 20.2022 33.5816 27.4537 19.6203 33.481 28.6541 20.0744 33.8731 28.1853 20.8872 33.1137 24.8507 20.7494 33.4488 25.5008 20.9948 33.8923 24.9983 21.0723 34.5258 25.0595 20.4713 33.5004 26.4699 20.8618 34.2766 25.7256 20.6935 34.4727 26.5885 21.0691 35.2818 25.4377 21.1227 36.2714 25.3939 20.9325 35.0468 25.9739 20.8642 35.3242 26.547 21.0019 35.8272 26.0445 21.0318 36.5631 26.1669 20.4504 34.3914 27.5632 20.2393 34.465 28.5312 20.6934 35.3065 27.4411 20.9162 36.1391 26.7985 20.8034 36.3313 27.7332 20.4906 35.3697 28.562 20.6459 36.3954 28.747 21.1127 37.5045 25.5662 21.1263 38.8421 25.7404 21.0467 37.6855 26.386 21.0674 38.7226 26.5762 21.2048 39.8507 25.6665 21.3023 40.6066 25.8468 21.1446 39.7796 26.6402 21.2824 40.7712 26.6279 20.9666 37.0665 26.9391 20.9103 37.4851 27.7297 20.9976 37.9946 27.0663 21.0272 38.8967 27.1853 20.7698 37.3724 28.6776 20.9539 38.4767 27.7446 20.8536 38.5269 28.662 21.0674 39.7194 27.5109 21.1977 40.7454 27.5901 20.9751 39.1769 27.9599 20.9233 39.5137 28.6821 21.033 39.9761 28.1654 21.0919 40.7016 28.5055 18.0306 33.2805 29.0434 18.7246 33.2078 28.8986 18.1169 32.7563 28.9738 17.6778 33.6388 29.4041 17.8425 32.836 29.4002 18.4562 33.8432 29.3087 17.7037 33.4145 30.2689 17.9303 32.7189 30.335 17.5367 34.3357 29.8166 18.759 34.3017 29.7607 17.6212 34.632 30.2982 19.326 33.8449 29.2187 19.9011 34.1112 28.9186 19.6662 34.4115 29.6132 17.0636 35.2918 30.0838 17.237 35.0191 30.0438 17.0778 34.9012 29.8685 17.0267 35.6743 30.4519 17.1454 34.9657 30.1176 17.4742 35.3966 30.5319 18.1875 34.6091 30.3772 20.1064 34.7802 29.2086 19.198 34.7946 30.2049 19.8627 35.093 29.9081 20.2313 35.4265 29.5334 19.5069 35.4223 30.555 20.0496 35.8113 30.1498 18.0621 33.6849 30.7737 18.3353 33.5221 31.3984 18.257 34.65 31.2561 18.3914 33.3133 32.4675 18.4247 34.5862 32.4611 18.3779 35.2344 30.7509 17.7253 35.8156 31.1681 17.9121 35.0564 30.928 16.8141 36.1569 30.8753 17.1344 36.0777 30.937 16.9006 36.4527 31.7021 17.049 35.9451 31.0464 17.4057 36.2994 31.6061 18.2349 35.5511 31.5465 18.5821 36.2664 31.7115 17.4825 36.4079 32.2475 17.8113 35.9032 32.6233 18.2115 35.3841 32.8192 19.1124 35.8082 31.1501 19.8148 36.1523 30.8254 20.1894 36.5794 30.3711 19.5274 36.5026 31.4701 20.4217 36.2304 29.5717 16.8105 36.9982 32.1043 17.1297 36.8483 32.0092 16.3278 37.28 32.4944 16.4261 36.6421 32.3452 17.349 37.259 32.6465 18.4655 36.7931 32.3053 19.9718 36.9209 31.0256 19.1707 36.8815 32.0809 19.7673 37.266 31.7175 20.0882 37.6197 31.1615 19.4354 37.5293 32.4187 19.8914 38.0819 31.8955 20.1509 38.4984 31.4353 19.6996 38.4328 32.6512 20.0062 38.9207 32.052 20.5482 37.3179 29.692 20.6762 38.4636 29.6516 20.2967 37.3714 30.5511 20.4191 38.3982 30.6046 20.7868 39.5864 29.6315 20.9624 40.1813 28.9468 20.8961 40.5087 29.6709 20.5653 39.5348 30.5973 20.7196 40.5902 30.5941 20.3051 39.4071 31.4355 20.4489 40.5291 31.5843 20.1145 39.7182 32.1641 20.1929 40.5914 32.4582 21.4735 41.4869 25.7661 21.6937 42.3834 25.7279 21.4513 41.6364 26.7246 21.6825 42.5101 26.7444 21.9297 43.1162 25.6106 22.1452 43.7336 25.8142 21.9131 43.1922 26.7581 22.1509 43.8293 26.7523 22.4642 44.4842 25.7263 22.4273 44.4921 26.8555 21.4028 41.7826 27.6568 21.6438 42.6178 27.5937 21.2596 41.6463 28.6243 21.5272 42.5721 28.4981 21.8623 43.2714 27.7041 22.1102 43.8898 27.6669 21.7926 43.3918 28.6639 22.0938 44.0355 28.428 22.4167 44.5952 27.6906 22.3591 44.667 28.5569 22.8491 45.1776 25.5953 23.219 45.7872 25.4735 23.6522 46.4102 25.3139 22.7771 45.106 26.7672 23.1393 45.6933 26.7399 23.5684 46.3163 26.7122 24.1309 46.9611 25.2539 24.0494 46.8715 26.7481 22.7873 45.2502 27.7328 23.1715 45.8411 27.7053 23.6157 46.47 27.7604 22.7402 45.3709 28.6844 23.172 45.976 28.4943 23.5595 46.5569 28.6837 24.06 46.9358 27.6873 24.0259 46.9783 28.2796 21.0475 40.9539 29.1789 21.1389 41.6759 29.5179 21.3975 42.6438 29.5656 20.9574 41.155 29.9462 20.8759 41.4773 30.6418 21.0828 41.9348 30.1916 21.1881 42.6147 30.6168 21.7272 43.5501 29.553 22.0147 44.0488 29.0654 21.5234 43.4613 30.5295 21.9323 44.1275 29.8867 22.2612 44.7 29.4424 21.8263 44.2298 30.7514 20.6735 41.4908 31.4776 20.9504 42.0425 30.9321 20.8545 42.3232 31.6513 20.4252 41.6279 32.4931 20.7045 42.5697 32.5107 21.1533 42.9666 31.3651 21.4065 43.7172 31.5886 21.7595 44.4836 31.6193 21.0172 43.04 32.0373 21.1763 43.6699 32.4245 21.5373 44.4985 32.5673 22.1918 44.8397 30.3859 22.6445 45.4693 29.6783 23.0667 45.9801 29.2182 23.4035 46.5403 29.5786 22.5344 45.571 30.6671 22.9857 46.0407 29.9852 22.9169 46.1057 30.6575 23.9714 47.0322 29.0188 24.4398 47.465 28.6985 23.9094 47.0892 29.8027 24.4566 47.5995 29.5963 23.3143 46.6202 30.5561 23.7801 47.1243 30.7005 24.3385 47.6454 30.6301 22.0919 44.941 31.1974 21.9773 45.0455 31.9838 22.3241 45.5279 31.5919 21.8843 45.1541 32.6393 22.2438 45.7122 32.5086 22.7773 46.1648 31.5416 22.7016 46.3912 32.5728 23.2394 46.7518 31.5615 23.7622 47.3074 31.635 24.3086 47.7966 31.6612 23.2015 46.9199 32.4017 23.5884 47.412 32.6439 24.1108 47.7961 32.4296 24.6362 47.5021 25.3092 25.2035 47.9493 25.2968 25.7656 48.3556 25.2518 24.5433 47.4039 26.6715 25.1084 47.8601 26.5863 25.6832 48.2793 26.5432 24.5001 47.4133 27.7829 25.0364 47.8257 27.651 25.5628 48.2215 27.7354 25.0495 47.8977 28.4951 25.6649 48.3558 28.7344 25.0051 47.9455 29.2333 25.4554 48.3218 29.653 24.9463 48.0013 29.9965 24.9017 48.0589 30.6592 24.8318 48.1472 31.464 24.7111 48.285 32.5533 24.3105 48.7345 17.4899 24.8049 49.1558 17.3872 25.3508 49.539 17.4035 25.9743 49.9867 16.9619 26.0358 49.8215 17.6593 24.9183 49.0324 18.0694 25.5218 49.3584 18.387 26.3219 49.7496 18.5064 26.668 50.1944 17.3804 26.9245 50.0935 18.1409 27.517 50.4785 17.5211 28.2561 50.8904 16.7717 28.3742 50.7237 17.5106 27.4892 50.2259 18.4704 28.3959 50.4922 18.462 25.0538 48.9048 18.8501 25.1283 48.7654 19.6111 25.7482 49.2094 19.4377 26.44 49.589 19.4239 25.328 48.7241 20.4727 25.8801 49.0747 20.3403 26.5267 49.408 20.4004 27.0197 49.9392 18.9059 27.1048 49.8095 19.6226 27.7397 50.0947 19.3363 27.4136 49.7702 20.3612 28.0004 50.0222 20.0333 28.4224 50.2785 19.4472 28.6088 50.1476 20.2582 28.9711 50.9702 17.0411 29.189 50.8485 17.6831 29.681 51.077 17.1362 30.4077 51.1193 17.372 29.4493 50.6964 18.5332 30.039 50.941 17.8736 30.3623 50.8437 18.4947 31.1764 51.2185 17.3138 32.4056 51.2392 17.4037 30.8308 51.0121 18.0004 31.4873 51.0702 18.0189 32.5104 51.0404 18.2456 29.3074 50.4655 19.4964 30.339 50.6507 19.4034 29.4174 50.2813 20.5306 30.2832 50.4473 20.4183 31.2605 50.9007 18.6827 31.3513 50.7493 19.4154 32.5166 50.8939 18.8854 32.3928 50.7385 19.6052 31.2751 50.5721 20.2869 32.5392 50.5728 20.4576 25.4758 48.6582 21.378 25.9641 48.9978 20.9748 26.5174 49.2158 21.3523 25.469 48.4803 22.3733 26.0518 48.9021 21.7316 26.1414 48.8418 22.4316 27.3807 49.5599 21.4133 28.0929 49.902 20.7575 28.3262 49.8514 21.4845 26.7271 49.1443 22.3201 27.4783 49.4333 22.5258 28.271 49.7236 22.3028 26.163 48.7492 23.3048 26.3252 48.7441 24.3078 26.8519 49.0721 23.336 27.5327 49.3433 23.5071 28.4144 49.6425 23.3306 26.9806 49.0487 24.1695 27.5438 49.2685 24.4204 28.3797 49.54 24.3173 28.8368 50.0464 21.0783 29.4283 50.13 21.4379 28.9888 49.9621 21.8835 29.0397 49.8869 22.5867 29.6726 50.0543 22.3216 30.2595 50.2719 21.4508 30.3207 50.1516 22.4062 31.2896 50.4043 21.2671 32.603 50.4032 21.4413 31.2648 50.247 22.2922 32.6477 50.2506 22.42 29.3488 49.8774 23.3325 29.9368 50.0141 23.0424 29.3347 49.7781 24.287 30.5086 50.0756 23.2091 30.0357 49.9526 23.7489 30.3135 49.9338 24.4002 30.7832 50.0225 23.9298 31.4163 50.1303 23.2642 32.7025 50.125 23.4115 31.4745 50.04 24.2233 32.6602 50.041 24.3051 26.4198 48.7424 25.2011 26.3768 48.6924 26.3385 26.9473 48.9886 24.8589 27.4635 49.1861 25.2058 28.2499 49.4428 25.245 26.9824 48.963 25.5326 27.0699 48.9853 26.4491 27.6558 49.2212 26.2746 28.5216 49.4868 26.2951 26.2604 48.6468 27.7298 26.3925 48.7607 28.7009 26.9152 48.9272 27.5213 27.5394 49.1841 27.7541 28.2961 49.4197 27.605 26.9511 48.9665 28.2622 27.4475 49.1877 28.7185 28.3197 49.4561 28.707 29.2377 49.6902 25.2884 30.2605 49.8709 25.2472 29.4017 49.6935 26.4031 30.1628 49.8288 26.1812 30.9743 49.9717 24.8078 31.407 49.9504 25.4494 31.7539 49.9951 24.9973 31.2368 49.9119 26.4207 32.262 50.0075 24.8539 32.856 49.9484 25.3886 32.6282 49.9221 26.1939 29.1738 49.6424 27.7121 30.2101 49.8297 27.6934 29.2979 49.7002 28.7847 30.2109 49.864 28.8732 31.2448 49.9122 27.7106 32.642 49.9101 27.5879 31.3682 49.9325 28.6133 32.8815 49.9251 28.6014 26.2324 48.7495 29.6957 25.4646 48.4422 30.5808 26.1671 48.8278 30.764 26.9235 48.9982 29.0328 26.9459 49.0633 29.8084 27.5409 49.2779 29.5594 28.38 49.5454 29.6957 26.8198 49.1062 30.6778 27.5238 49.3669 30.5131 28.4042 49.6594 30.6974 25.432 48.5805 31.6196 26.0974 48.8984 31.543 25.4138 48.7381 32.5384 26.0018 48.9618 32.1316 26.6787 49.1936 31.6769 27.5057 49.5021 31.5588 28.4057 49.8091 31.7146 26.4632 49.2774 32.5745 27.2641 49.6081 32.6021 28.0662 49.8364 32.4224 29.3284 49.7762 29.7512 30.3267 49.9286 29.6663 29.3246 49.8687 30.6235 30.0359 49.9501 30.3026 31.2718 49.9744 29.3349 32.7399 49.9696 29.2312 30.7938 50.0172 30.1465 31.4353 50.0343 29.9839 30.4952 50.0767 30.8521 32.5333 50.0246 29.8167 31.4149 50.1278 30.8239 32.7121 50.1122 30.6795 29.0936 49.912 31.3405 29.8505 50.012 31.0349 29.5665 50.0949 31.8313 28.9972 50.0096 32.0334 28.7179 50.0833 32.7172 30.276 50.1747 31.6559 29.3831 50.2214 32.625 30.2313 50.3567 32.5857 31.2653 50.2763 31.7587 32.6936 50.2639 31.624 31.3054 50.4908 32.7402 32.6667 50.4643 32.5652 33.6765 33.2873 2.42218 34.3591 33.4949 2.40957 33.4514 34.5745 2.42012 34.514 34.5909 2.41747 35.4971 33.5221 2.40597 36.7801 33.4643 2.401 35.7374 34.5667 2.42011 36.8528 34.4667 2.41211 33.8048 35.5856 2.42917 34.7956 35.4971 2.43279 33.6193 36.4351 2.44484 34.5078 36.2972 2.44696 35.7787 35.5128 2.43615 36.7865 35.3573 2.42799 35.6597 36.3304 2.44946 36.7518 36.2137 2.44371 37.6371 33.6353 2.38196 38.6309 33.2738 2.36246 37.5036 34.6606 2.39717 38.3244 34.5237 2.37462 39.8471 33.1453 2.36776 40.8601 33.0889 2.40686 39.5637 34.4791 2.36249 40.8504 34.1492 2.36806 37.6428 35.3505 2.41023 38.5044 35.374 2.39659 37.6389 36.1034 2.42959 38.5427 36.2786 2.41752 39.4113 35.4813 2.38601 40.5887 35.4312 2.37203 39.5178 36.3443 2.40265 40.4094 36.4938 2.38976 33.6274 37.3316 2.46002 34.7423 37.1767 2.45877 33.423 38.4481 2.4702 34.5651 38.3309 2.46452 35.7741 37.2588 2.45663 36.693 37.1454 2.45068 35.5674 38.3162 2.4588 36.5835 38.3011 2.45268 33.3848 39.7328 2.47671 34.3509 39.755 2.46777 33.503 40.6576 2.48616 34.2934 40.8452 2.47458 35.4385 39.6564 2.46037 36.4755 39.5308 2.45396 35.224 40.8036 2.46376 36.3421 40.8493 2.45586 37.6538 37.0162 2.44083 38.5924 37.2397 2.42962 37.6501 38.1174 2.44543 38.6904 38.1311 2.43635 39.5576 37.3607 2.41568 40.5263 37.4507 2.40059 39.5855 38.3415 2.42668 40.5437 38.4909 2.4136 37.5132 39.4063 2.44752 38.5766 39.2686 2.44067 37.3683 40.6778 2.44901 38.3754 40.6556 2.44343 39.6484 39.3112 2.43306 40.5761 39.4978 2.42664 39.4937 40.45 2.43961 40.8151 40.4437 2.43868 40.5255 32.5762 7.20839 40.4606 32.6145 8.24312 41.6894 33.2681 2.46727 42.4974 33.4692 2.6376 42.0786 32.9014 2.85114 42.0912 32.8908 3.38102 41.8823 34.0969 2.41395 42.7026 34.2779 2.47846 41.4733 32.6239 4.4493 42.0287 32.9746 4.03824 42.6206 33.3708 3.44837 43.5351 34.4504 2.63133 43.145 33.8535 2.83173 43.1622 33.8385 3.42196 43.6624 34.3367 3.48113 42.4856 33.5038 4.49044 43.0655 33.9252 4.10882 43.496 34.4898 4.50246 41.8535 35.1429 2.37639 42.8718 35.0986 2.41839 41.5321 36.4186 2.37464 42.8413 36.1575 2.37389 43.7214 35.2583 2.46353 44.5879 35.4065 2.61648 44.2081 34.8148 2.82057 44.1998 34.8056 3.49932 43.9154 36.0948 2.40614 44.7412 36.2764 2.46517 44.0658 34.9161 4.12871 44.6853 35.3163 3.55988 45.5599 36.3908 2.70463 45.1417 35.7437 2.79938 45.24 35.8621 3.48479 45.6796 36.3771 3.64689 44.4699 35.5141 4.4967 45.0428 35.9433 4.11291 45.4214 36.576 4.44442 41.403 37.6149 2.38734 42.4997 37.5283 2.3722 41.5096 38.5714 2.39906 42.4253 38.6771 2.38671 43.8486 37.1815 2.37155 44.9075 37.116 2.41787 43.6151 38.5675 2.37366 44.8782 38.17 2.37598 41.5861 39.515 2.41633 42.592 39.5146 2.40332 41.8242 40.3272 2.43275 42.6531 40.4513 2.42533 43.5748 39.6781 2.39368 44.7509 39.4827 2.37881 43.5131 40.5816 2.41684 44.402 40.5012 2.39938 45.7341 37.2761 2.4802 46.5676 37.496 2.69222 46.167 36.8362 2.89058 46.1454 36.8506 3.63191 45.9078 38.1095 2.42012 46.7074 38.3067 2.47859 45.9658 36.9939 4.08695 46.5729 37.413 3.62832 47.3987 38.5283 2.80329 47.0604 37.9177 2.73571 47.053 37.8995 3.29408 47.3214 38.4685 3.68944 46.259 37.571 4.34033 46.837 38.0793 3.98162 46.5428 38.3624 4.59597 45.9046 39.1572 2.38679 46.9013 39.1419 2.45098 45.7532 40.4096 2.38785 46.8471 40.09 2.41285 47.6926 39.3487 2.6565 47.6835 39.2172 3.6702 47.7236 40.3317 2.48252 48.3801 40.5509 2.81521 48.122 39.7897 2.72325 48.1095 39.7769 3.39663 47.0876 38.8132 4.18867 47.299 39.5326 4.34227 47.8326 40.0865 3.97713 48.2938 40.4985 3.70186 47.4671 40.4411 4.50115 41.2624 32.7923 5.38892 41.8924 33.124 4.83913 41.7405 33.2509 5.48044 42.2484 33.6943 5.42004 41.0333 32.8399 6.19789 41.6053 33.3863 6.29442 42.1719 33.9351 6.23204 42.8993 34.0827 4.88482 42.735 34.2596 5.61716 42.6155 34.4594 6.47083 43.283 34.7037 5.33606 43.8884 35.1062 4.8727 43.6972 35.2965 5.58926 44.2254 35.7699 5.31134 43.1181 34.8847 6.10711 43.4991 35.4722 6.42664 44.0291 35.9452 6.01665 41.0235 32.9843 6.90256 41.489 33.5038 7.21691 42.0111 33.9705 6.91988 40.9605 33.0562 7.57908 40.9611 33.14 8.35107 41.4062 33.578 8.09983 41.9138 34.0501 7.61111 42.4012 34.4827 7.28035 41.8158 34.0683 8.35795 42.3062 34.6016 8.21391 42.9721 35.0167 6.87273 42.8044 35.0433 7.52087 43.2911 35.6073 7.38444 43.8473 36.1109 6.76321 44.3262 36.5601 6.36072 43.7118 36.2724 7.54724 42.7859 35.2236 8.32133 43.2111 35.8381 8.4037 43.6496 36.4856 8.36193 44.832 36.1568 4.83145 44.6201 36.4203 5.55037 44.1555 36.8224 7.21219 44.0089 36.9565 7.96048 45.1476 36.8321 5.15198 45.7466 37.2875 4.78628 45.3983 37.4862 5.45514 45.9869 37.9567 4.99456 45.7222 38.2513 5.63148 44.8893 37.0694 5.87986 44.699 37.311 6.60477 45.1628 37.772 6.15819 45.3713 38.4651 6.40231 46.2131 38.6661 5.21692 45.895 39.0445 5.8933 46.367 39.4727 5.43821 45.6306 39.3525 6.52942 46.0696 39.8324 6.04548 46.779 39.226 4.82034 46.9466 40.0171 4.94101 46.6033 40.3326 5.49157 46.222 40.4837 6.11941 44.4631 37.528 7.50033 44.9351 38.0189 6.90463 44.7901 38.3072 7.56556 44.195 37.5072 8.34608 44.4875 38.3607 8.44571 45.148 38.7543 7.11582 45.2791 39.5032 7.33394 45.7765 40.2984 6.76282 45.3752 40.3464 7.5065 44.9109 39.0397 7.86254 44.7315 39.317 8.49024 45.0336 39.7995 8.01236 45.0964 40.339 8.11809 33.5205 41.4839 2.50399 34.4291 41.5847 2.4858 33.5436 42.2657 2.52108 34.4472 42.334 2.50238 35.3889 41.6723 2.4699 36.2435 41.8683 2.45986 35.3637 42.4633 2.48371 36.2475 42.6645 2.46698 33.5574 43.2788 2.52968 34.4499 43.3576 2.51073 33.6382 44.7255 2.53055 34.5591 44.6728 2.51176 35.3488 43.5151 2.49177 36.2267 43.6486 2.47617 35.4576 44.6571 2.4971 36.3174 44.5369 2.48679 37.2157 41.9007 2.45149 38.1888 41.6758 2.4466 37.1005 42.8684 2.4573 38.3396 42.6981 2.45321 39.4521 41.6859 2.44706 40.4967 41.4583 2.44852 39.5446 42.8031 2.45595 40.4744 42.6105 2.45724 37.2896 43.7235 2.4683 38.6116 43.6556 2.46579 37.182 44.7113 2.4869 38.3331 44.568 2.4828 39.5888 43.6369 2.46658 40.3903 43.6178 2.46867 39.5956 44.4364 2.4808 40.5635 44.5569 2.48487 33.6058 45.8802 2.53571 34.3825 45.7027 2.52337 33.4963 46.7198 2.54666 34.3267 46.5425 2.53726 35.2445 45.5351 2.51304 36.2011 45.4951 2.50646 35.3348 46.4734 2.53048 36.2928 46.5035 2.52537 33.3992 47.502 2.56064 34.4301 47.4454 2.5543 33.5431 48.4314 2.57609 34.6226 48.3559 2.57022 35.4553 47.4739 2.54906 36.3496 47.4858 2.54369 35.5145 48.4457 2.56715 36.4816 48.4283 2.56172 37.0824 45.6158 2.50487 38.104 45.5314 2.50126 37.2408 46.5064 2.52147 38.4573 46.4818 2.51946 39.4938 45.4597 2.49941 40.7985 45.4914 2.50094 39.793 46.4551 2.51821 40.8842 46.3846 2.51501 37.3862 47.464 2.5398 38.7495 47.4307 2.53781 37.6852 48.388 2.55749 38.7873 48.3511 2.55241 39.8387 47.3499 2.53334 40.7312 47.1892 2.52398 39.6842 48.1992 2.54185 40.5376 48.0749 2.52964 41.7999 41.3695 2.44867 42.837 41.327 2.44309 41.4803 42.5001 2.45957 42.818 42.3738 2.45904 43.6966 41.4598 2.43507 44.6837 41.3954 2.41746 43.9353 42.3349 2.45234 44.7596 42.2363 2.4359 41.3315 43.5787 2.47101 42.5484 43.4838 2.47247 41.6733 44.4961 2.48605 42.8775 44.4214 2.48417 43.792 43.2645 2.46863 44.6618 43.0766 2.45412 43.7469 44.2549 2.47608 44.6615 44.1838 2.45936 45.712 41.5674 2.40229 46.8373 41.123 2.39913 45.402 42.4304 2.41834 46.8133 42.3079 2.40102 47.8032 41.2965 2.44787 48.6493 41.431 2.6616 47.9463 42.1458 2.41787 48.7068 42.3245 2.47238 47.9918 40.8873 4.09647 45.5167 43.1998 2.42837 46.7936 43.5355 2.40852 45.5022 44.1912 2.43468 46.5798 44.6431 2.41827 47.9474 43.2421 2.40092 48.8953 43.2828 2.4652 47.8092 44.7225 2.40116 48.7821 44.5518 2.4398 41.8875 45.3816 2.49896 42.6546 45.1414 2.49219 41.6683 46.1224 2.5075 42.5741 46.1649 2.49499 43.5494 45.43 2.4793 44.425 45.3754 2.46286 43.3979 46.4576 2.47866 44.3453 46.441 2.45892 41.6846 47.0234 2.51039 42.5375 47.5207 2.49449 41.4844 48.2219 2.51373 42.4437 48.7192 2.49608 43.4594 47.7082 2.4757 44.3924 47.851 2.45591 43.4224 48.9093 2.47674 44.6715 48.8733 2.45889 45.3458 45.5573 2.43889 46.8071 45.8195 2.41976 45.4455 46.8209 2.43833 46.81 46.9725 2.42548 47.9702 45.8765 2.41095 48.7678 45.7177 2.45426 47.8514 46.8008 2.42662 48.7229 46.7264 2.48135 45.8174 47.9089 2.44117 46.9571 47.9117 2.44092 45.844 48.9801 2.45404 46.8279 48.7828 2.47487 47.834 47.7544 2.46894 48.639 47.6277 2.52788 47.7358 48.6792 2.52714 48.5087 48.4923 2.72099 47.7876 48.7351 3.85128 48.4983 48.4326 3.55089 48.5472 47.6381 3.79857 47.9364 47.9763 3.98258 47.2653 48.4349 4.27692 47.4677 47.5724 4.47792 48.0712 47.2287 4.11714 47.0682 40.7775 5.06686 47.5802 41.3387 4.66618 48.0784 41.5068 4.20618 47.1112 41.46 5.21776 47.7603 42.1794 4.67338 48.2312 42.2854 4.24055 47.3083 42.257 5.15113 46.6608 41.2644 5.72597 46.2034 41.2629 6.36881 46.8468 42.2614 5.68844 46.3811 42.2789 6.27164 47.824 43.2491 4.73392 48.3734 43.3077 4.22324 47.2906 43.3449 5.26168 47.7401 44.7594 4.82184 48.2758 44.6635 4.32038 47.1937 44.7233 5.34168 46.8019 43.4709 5.80435 46.3223 43.6559 6.37934 46.7058 44.7422 5.85822 46.2199 44.7635 6.40637 45.8913 41.2117 6.8597 45.562 41.2315 7.38837 45.9611 42.2567 6.87979 45.5472 42.4445 7.50366 45.1789 41.2452 8.12033 45.1419 42.7237 8.21411 45.8891 43.7861 6.96719 45.4678 43.7005 7.56682 45.796 44.8572 6.92153 45.4003 44.6863 7.47511 45.1228 43.717 8.13982 45.0738 44.3891 8.06296 43.6418 48.6349 7.56964 44.2078 48.2522 7.19016 44.4609 47.4745 7.43437 43.8863 47.9045 7.86448 43.2629 48.3728 8.30694 43.5989 47.6018 8.50122 44.124 47.1585 8.09402 47.7674 45.8457 4.6932 48.2521 45.7477 4.2708 47.2817 45.7359 5.13482 47.5859 46.6834 4.67206 48.131 46.5598 4.23699 47.0493 46.5091 5.17401 46.7293 45.7666 5.6526 46.2729 45.5874 6.18256 46.5086 46.7186 5.59147 46.1322 46.3382 6.11316 45.8169 47.7632 5.80792 46.4399 47.5071 5.35 45.981 47.0581 5.97235 45.3497 47.4704 6.41362 45.6186 46.6873 6.50746 45.5462 48.6142 5.53703 46.1869 48.2691 5.19591 45.1681 48.2241 6.15473 47.006 47.1178 5.00384 46.5905 48.6762 4.67312 46.8581 47.8915 4.83838 45.7701 45.7458 6.70624 45.2824 45.6353 7.34516 45.2239 46.4471 7.08878 44.891 45.7289 7.86319 44.9843 45.0805 7.96903 44.5132 45.7039 8.40743 44.6682 44.7839 8.56351 44.7085 46.549 7.68516 44.2347 46.4656 8.39079 45.0108 47.0736 7.00622 44.5453 48.601 6.5331 44.8031 47.8293 6.80323 40.3981 32.5616 9.63044 40.3631 32.4728 10.6583 40.8985 33.0968 9.49271 41.3958 33.6425 9.25371 41.8964 34.2422 9.22517 40.8357 32.9967 10.6954 41.3414 33.572 10.709 41.8211 34.1788 10.4773 42.3219 34.7574 9.11475 42.2741 34.7764 10.2205 42.7216 35.3099 9.27828 43.0556 35.849 9.3681 43.455 36.4836 9.36742 42.7374 35.4388 10.2138 43.068 36.0042 10.1236 43.3347 36.523 10.4391 40.9684 33.0836 11.5116 41.3515 33.5161 11.7357 41.7694 34.0768 11.7239 40.9599 32.9974 12.189 41.4015 33.4904 12.58 41.8564 34.1143 12.692 42.2267 34.7117 11.7265 42.2783 34.7177 12.8716 42.6825 35.3984 11.3041 42.9904 35.9488 10.8967 43.2271 36.4383 11.2894 42.6713 35.3641 12.5814 42.9987 36.0307 11.5654 42.9555 35.9708 12.3282 43.8759 37.074 8.74905 43.825 37.2917 9.51659 44.0962 37.7801 9.11258 43.6675 37.2517 10.3108 43.961 37.9512 9.9157 44.2128 38.3805 9.40151 43.8618 38.1047 10.6481 44.0861 38.6248 10.1295 43.5319 37.2808 11.3422 43.7408 38.3227 11.4446 43.2237 36.5611 12.272 43.4448 37.3371 12.356 43.5877 38.1121 12.2134 43.9722 39.0895 10.8472 44.1465 39.2701 10.249 43.8304 39.2746 11.4585 43.9848 39.9843 10.9995 44.1939 40.2525 10.299 43.8379 40.4658 11.539 43.6555 39.261 12.3102 43.6291 40.7772 12.4258 44.4031 39.2826 9.3893 44.8121 40.1769 8.6933 44.5169 40.3141 9.41909 41.0292 32.977 12.973 41.0829 32.9297 13.7096 41.5059 33.4857 13.6361 41.9443 34.1421 13.5299 41.1849 32.8573 14.6551 41.6537 33.5139 14.653 41.9468 34.0277 14.2666 42.3158 34.6633 13.8261 42.2938 34.4821 14.6709 42.7144 35.3668 13.6725 42.9248 35.8922 13.3894 42.7178 35.2415 14.6912 43.1517 36.3928 13.6006 42.9733 35.9094 14.1317 42.9893 35.8877 14.7589 43.1935 36.4191 14.8026 41.6958 33.3348 15.6516 42.007 33.9699 15.0423 42.1075 33.9727 15.7938 41.8326 33.2388 16.5275 42.1612 33.7962 16.6685 42.4254 34.5429 15.5007 42.5174 34.4877 16.4656 42.7936 35.2104 15.748 43.013 35.8142 15.5132 43.2142 36.2997 15.7366 42.8583 35.14 16.7133 43.0852 35.764 16.5412 43.2898 36.3858 16.4964 43.3675 37.2313 13.3012 43.5023 38.2461 13.1383 43.3492 37.255 14.4587 43.4307 38.3808 14.1836 43.5186 39.618 13.2894 43.45 40.7748 13.4424 43.4197 39.8619 14.245 43.345 40.7487 14.2765 43.361 37.2449 15.7617 43.4056 38.3553 15.3867 43.4074 37.1767 16.6879 43.4244 38.6176 16.572 43.3766 39.6175 15.3025 43.2656 40.7218 15.1532 43.3662 39.7379 16.7721 43.2463 40.6143 16.3521 44.0308 40.8109 10.8843 43.9095 42.784 10.8728 44.1775 42.6676 10.2086 44.1548 41.6849 10.4242 43.9502 42.0051 11.0065 43.6886 42.5916 11.5517 43.8057 41.632 11.5448 43.9776 41.2507 11.0476 43.5706 41.834 12.3063 43.396 42.6875 12.4205 43.8119 43.7127 10.7068 44.1441 43.5144 10.0588 43.5109 43.5443 11.5266 43.6555 44.6429 10.5301 44.0313 44.1583 10.0147 43.3295 44.483 11.3563 43.2084 43.5404 12.3852 43.1199 44.2132 12.1019 44.8527 41.3001 8.78066 44.492 41.5202 9.55273 44.7906 42.7159 8.87394 44.4638 42.8036 9.52156 44.7805 43.8045 8.69164 44.4268 43.6724 9.39365 44.2902 44.5358 9.33068 43.7287 45.7278 9.69077 44.1701 45.4059 9.12788 43.8955 44.944 9.87411 43.3937 45.541 10.4376 43.4975 46.577 9.46444 43.9922 46.0787 9.00077 43.2106 46.2952 10.1871 43.7968 46.8426 8.79474 43.2416 47.3962 9.2151 43.0063 48.0364 8.98591 42.7548 47.6933 9.72314 42.9868 47.0175 9.95837 42.4252 47.5132 10.4824 42.7566 46.7283 10.6505 42.4591 48.4505 9.41149 42.181 48.1872 10.1601 43.173 45.2384 11.1352 42.9608 45.9945 10.9273 42.4918 46.4535 11.5181 42.815 45.6644 11.5713 42.9517 44.9692 11.8939 42.5236 45.5694 12.4417 42.8237 44.6667 12.5362 42.187 46.4185 12.3219 41.6729 48.6111 10.5793 41.9329 47.9565 10.9148 41.3662 48.4698 11.4016 41.7351 47.7581 11.5992 42.2018 47.2131 11.2668 41.1796 48.1771 12.2385 41.561 47.5134 12.4128 42.0047 47.0354 11.9759 43.3622 41.7391 13.256 43.177 42.573 13.3748 43.2287 41.5234 14.2993 43.08 42.2752 14.2199 43.0888 43.2102 13.0871 42.9432 43.9664 12.8709 42.5822 44.6175 13.4172 42.86 43.6729 13.4891 42.9693 43.0005 13.8612 42.6957 43.7033 14.2508 42.8683 42.9331 14.5028 42.3986 44.4746 14.4627 43.1197 41.5606 15.2584 43.0371 42.0454 15.0025 43.0976 41.4047 16.2321 42.8709 42.6249 15.2265 42.9765 42.0295 15.7435 42.7745 42.7453 16.1035 42.937 42.0452 16.4099 42.5718 43.6073 15.3 42.2383 44.5079 15.3631 42.5055 43.5479 16.4208 42.202 44.3283 16.2883 41.6685 46.6286 13.5359 42.0704 46.1196 13.0596 42.2557 45.4888 13.3856 41.9197 45.9422 13.8402 41.4976 46.4488 14.4885 41.8486 45.7225 14.516 42.1592 45.19 14.1954 41.8123 46.8488 12.7318 41.2972 47.3995 13.303 41.007 48.0195 12.9656 41.154 47.1505 14.2061 40.4958 48.5103 13.4261 40.8377 47.866 13.7362 40.2707 48.3485 14.4155 40.7072 47.6945 14.5591 41.2771 46.4672 15.3679 41.6875 45.6957 15.4243 42.0386 45.0877 15.03 41.9528 45.006 15.823 41.5982 45.5513 16.5097 41.9153 44.9102 16.45 41.2008 46.2778 16.35 41.0192 47.0358 14.9834 40.2043 48.095 15.2772 40.6015 47.5257 15.4403 40.8974 46.9381 15.7678 40.3967 47.5088 16.3783 40.7721 46.8952 16.5642 40.0449 48.0508 16.0393 48.5952 41.3455 3.68828 49.1833 42.3617 2.71611 49.0236 41.8463 2.72825 48.9972 41.8222 3.28054 49.177 42.4802 3.38054 48.7365 42.3112 3.84713 49.3576 43.1679 2.72653 49.3185 43.3898 3.38976 49.3822 44.4759 2.73644 49.2878 44.4943 3.53204 48.8869 43.2989 3.81418 48.8075 44.6345 3.88933 49.3197 45.7213 2.69094 49.2511 45.6319 3.43907 49.2062 46.7298 2.71639 49.2102 46.6179 3.30068 48.7445 45.6604 3.89361 48.7292 46.6805 3.80241 49.0613 47.5036 2.7196 49.0123 47.5398 3.30411 48.9355 47.9752 2.89097 48.8697 48.1445 3.10782 33.3932 49.4608 2.59358 34.5918 49.3367 2.58734 33.3771 50.418 2.60811 34.3917 50.3275 2.60233 35.6701 49.2823 2.58251 36.7071 49.3266 2.57889 35.6298 50.2796 2.5965 36.694 50.1795 2.58963 33.5212 51.3398 2.61573 34.6508 51.4168 2.61021 33.5708 52.4416 2.62159 34.566 52.5834 2.61725 35.7895 51.3765 2.60362 36.6916 51.0662 2.59254 35.6501 52.5624 2.60911 36.6201 52.2365 2.59438 37.6672 49.2255 2.57188 38.594 49.3539 2.56083 37.6043 50.1734 2.57727 38.5084 50.7455 2.56225 39.5101 49.1638 2.54674 40.4794 49.3373 2.53052 39.5159 50.5108 2.5463 40.4795 50.8046 2.52947 37.5435 51.455 2.57691 38.4737 51.873 2.55907 37.4485 52.6084 2.57593 38.334 52.9943 2.5597 39.4629 51.6062 2.54408 40.4815 51.9675 2.52855 39.4649 52.853 2.54394 40.8413 52.9714 2.53598 33.6662 53.4909 2.62709 34.6735 53.7322 2.62292 33.5316 54.7599 2.64075 34.8316 54.9306 2.64015 35.6271 53.9373 2.61492 36.5485 53.7088 2.59786 35.9203 54.9071 2.63441 36.7804 54.7866 2.62504 33.9225 55.723 2.704 34.7851 55.8104 2.71912 33.7644 56.3066 2.89769 34.6158 56.2361 2.88391 35.6753 55.7201 2.71357 36.7625 55.642 2.71146 35.5097 56.1871 2.92237 36.5511 56.1089 2.93457 37.5047 53.8823 2.58074 38.7402 53.9906 2.57478 37.6683 54.8524 2.63164 38.6817 54.9643 2.65498 39.8524 53.7972 2.56196 40.7778 53.9875 2.58476 39.7885 54.7024 2.63464 40.7583 54.7386 2.66398 37.8064 55.6446 2.73482 38.7833 55.6854 2.88142 37.5005 56.0217 2.91941 38.2955 55.9445 2.97764 37.428 56.0666 3.34063 38.1128 55.99 3.24222 38.6787 55.711 3.61896 37.9029 55.868 3.95246 37.173 56.0235 3.97708 37.5303 55.6931 4.6353 38.5077 55.4081 4.51194 39.5626 55.3934 2.80408 40.433 55.185 2.91499 39.5993 55.4392 3.46889 40.4404 55.139 3.57795 39.3473 55.2137 4.21016 40.0411 54.9915 4.0761 33.5131 56.1054 5.07793 33.6641 55.8135 5.62283 33.7219 55.4466 6.35474 34.2379 56.0301 5.06945 34.6478 55.6798 5.64924 34.6097 55.2751 6.44485 34.5857 56.2904 4.46143 35.606 56.207 4.39415 35.7522 55.923 4.95918 35.0217 55.9681 5.02266 35.7307 55.5961 5.51691 36.5308 56.1013 4.20134 36.5964 55.7889 4.90013 36.6421 55.3648 5.54996 35.456 55.2358 6.23282 36.2662 55.1123 6.12308 33.5116 55.1409 7.03658 34.2004 55.0385 7.04452 33.5977 54.8133 7.69086 33.8183 54.4474 8.3997 34.6263 54.6759 7.63794 34.6464 54.2823 8.44926 35.8117 54.8399 6.82844 34.9862 54.9471 6.95574 35.6102 54.5379 7.50686 36.7077 54.7035 6.61352 36.5024 54.345 7.39681 35.4361 54.2217 8.2301 36.1858 54.0856 8.08993 39.4196 54.3413 5.4172 40.1604 54.1344 5.14634 40.577 53.5564 5.54231 39.8271 53.8204 5.81539 39.0883 54.0603 6.0598 39.516 53.5207 6.49873 40.2522 53.2369 6.21939 37.4146 55.2718 5.30186 38.1515 55.1134 5.12055 37.7648 54.813 5.82412 37.0368 54.9559 5.9932 37.6077 54.4498 6.51577 38.5976 54.6435 5.55212 38.4042 54.2724 6.25702 39.6628 54.7289 4.75455 38.9331 54.9142 4.93146 40.4725 54.4941 4.5406 38.7172 53.7872 6.77559 38.034 53.9808 6.98509 37.2904 54.1875 7.17746 37.7291 53.7426 7.6412 38.5321 53.4382 7.48675 36.9638 53.9115 7.90971 36.661 53.6812 8.58783 37.532 53.4049 8.44372 38.2364 53.1895 8.18105 40.6308 52.6736 6.59035 39.9403 52.9333 6.91305 39.2305 53.2105 7.19306 39.6386 52.6789 7.58662 40.3787 52.3054 7.32994 38.9538 52.9228 7.91642 38.6703 52.704 8.60747 39.4171 52.3385 8.35797 40.0632 52.0575 8.02863 41.4542 49.7669 2.51352 42.4439 49.939 2.49588 41.4669 50.9781 2.51287 42.7639 50.9714 2.49926 43.6676 49.9 2.47921 44.9019 49.9035 2.47079 43.983 50.8501 2.49151 44.9161 50.8898 2.51828 41.8114 51.9826 2.51808 42.8892 51.9667 2.51875 41.9199 52.9613 2.54902 42.7464 52.8014 2.57564 43.7699 51.8075 2.53325 44.7106 51.7176 2.57029 43.6377 52.6773 2.60884 44.5165 52.523 2.79203 45.9139 49.9132 2.49411 46.747 49.7201 2.52627 45.7298 50.7256 2.55064 46.6174 50.617 2.76066 47.5797 49.5608 2.74992 48.1346 49.1222 2.73791 47.1966 50.2076 2.71712 47.1726 50.1903 3.3935 47.5202 49.5159 3.67544 48.1148 49.1168 3.31379 47.0639 49.1035 4.09442 46.5465 50.5674 3.69457 46.826 49.8362 3.9083 46.1199 50.1375 4.15477 46.4254 49.4432 4.36233 45.5973 51.5853 2.7841 46.2016 51.1893 2.74534 45.1705 52.1492 2.75176 45.144 52.1393 3.38328 45.5346 51.5428 3.69863 46.1777 51.1774 3.40105 45.8299 50.8398 3.93864 45.1319 51.1405 4.17444 45.4312 50.4316 4.46666 44.4715 52.5032 3.69027 44.814 51.8305 3.93826 44.103 52.1171 4.17237 44.432 51.4558 4.47683 41.7314 53.7713 2.59554 42.6641 53.6878 2.76199 41.5638 54.5472 2.82063 42.2514 54.1954 2.77753 41.5399 54.533 3.69235 42.2304 54.1928 3.41327 42.7256 53.6902 3.68217 41.969 53.9373 4.01117 41.2546 54.2055 4.2841 41.6632 53.6237 4.6485 42.4156 53.3351 4.35642 43.3919 53.3386 2.902 44.045 53.0187 2.81113 43.4282 53.2691 3.67896 44.0507 53.0059 3.25409 43.7738 52.7715 3.93645 43.0478 53.0449 4.1295 43.3822 52.4355 4.47144 41.0726 54.9761 2.8544 41.0792 54.9528 3.21668 40.8129 54.7837 3.95013 43.7236 50.6356 5.71724 44.387 50.3911 5.30804 44.5981 49.6724 5.67418 43.9929 50.0131 5.9879 43.3007 50.3714 6.35894 43.6842 49.6632 6.60512 44.2728 49.3207 6.26711 43.7311 51.7593 4.77377 43.0415 52.0577 5.05813 43.3783 51.374 5.38148 44.0533 51.0638 5.06565 43.0352 51.0323 6.01897 42.3686 52.3212 5.38419 42.7097 51.7041 5.70033 42.0228 52.0296 6.00697 42.3735 51.3836 6.34361 43.9337 48.9672 6.92618 43.2843 49.3824 7.32166 43.0185 50.0288 6.99654 43.0195 49.0381 7.99512 42.3925 50.399 7.35133 42.7126 49.7336 7.67832 42.0928 50.1019 8.07018 42.429 49.4384 8.38252 41.3646 52.2997 6.32967 41.7125 51.7061 6.67628 41.0303 52.0303 7.00007 41.4063 51.4118 7.36029 42.0526 51.0576 7.02812 41.7614 50.764 7.71249 41.1109 51.1107 8.08582 41.4751 50.4815 8.43735 40.7452 51.7365 7.69445 40.4634 51.4642 8.41781 42.6927 50.7124 6.67771 45.7383 49.6762 4.73821 45.9566 48.9939 4.96314 45.2618 49.4099 5.27365 45.0255 50.0475 5.02605 44.9139 48.9496 5.90416 44.7469 50.7572 4.7594 42.6418 52.7368 4.77479 41.9999 52.9989 4.99789 41.302 53.283 5.26202 41.6461 52.6986 5.61341 40.8936 53.8938 4.89853 40.9593 52.9487 5.93358 33.7925 56.4902 3.45737 34.8079 56.408 3.42452 33.5981 56.3833 4.47136 35.7861 56.3018 3.41023 36.6477 56.1887 3.38721 39.8024 51.788 8.75239 39.1252 52.1046 9.09454 39.5482 51.5349 9.52524 40.192 51.1831 9.18367 40.5803 50.5844 9.57048 39.9489 50.9511 9.91846 39.2833 51.2841 10.3374 39.741 50.7421 10.616 40.3272 50.3319 10.3541 38.4786 52.3855 9.41028 38.8834 51.8602 9.84156 38.1921 52.1658 10.159 38.6182 51.6754 10.5909 39.5219 50.5154 11.4591 40.1128 50.1149 11.0994 40.5082 49.5173 11.4519 39.9145 49.9144 11.8544 39.2973 50.2873 12.3218 39.7363 49.7346 12.6107 40.2794 49.2891 12.314 37.5351 52.4118 10.4485 37.9732 51.9299 10.9294 37.2689 52.1977 11.2029 37.7328 51.7558 11.6552 38.4722 51.3817 11.4252 36.5577 52.3992 11.4823 37.0341 51.9827 11.9684 36.3057 52.1485 12.3587 36.9189 51.7842 12.6384 37.5829 51.5198 12.4623 38.2006 51.1833 12.2591 39.0864 51.0712 11.0667 38.888 50.8664 11.825 38.6952 50.6922 12.5801 33.5598 54.1722 9.09297 33.7107 53.8377 9.79594 33.7102 53.485 10.6252 34.2651 54.0681 9.07093 34.6659 53.7743 9.55314 34.6712 53.432 10.3399 35.8011 53.8339 8.83638 35.024 53.9624 8.95794 35.5529 53.5464 9.59077 36.4845 53.3448 9.40295 35.5057 53.2 10.3975 36.2028 53.106 10.1208 33.6661 53.1758 11.4164 34.4718 53.1406 11.1672 34.8297 52.8229 11.7845 34.0232 52.9307 11.9138 33.1959 53.0001 11.9772 33.7351 52.756 12.49 34.6519 52.5608 12.5956 36.7006 52.7089 10.6118 35.9272 52.8688 10.8749 35.1359 53.0271 11.0329 35.6731 52.6707 11.5683 35.5339 52.4065 12.3881 37.9747 52.9294 8.9258 37.2395 53.1675 9.16119 37.703 52.7227 9.62417 36.9651 52.9138 9.91153 34.7732 52.2205 13.4703 35.4383 52.1712 13.1179 35.7455 51.8453 13.7701 35.0474 51.9486 14.0406 34.3676 52.0919 14.1058 34.7505 51.8441 14.61 35.615 51.6053 14.6239 35.9964 52.013 13.0158 36.584 51.6572 13.4182 36.4927 51.3536 14.4205 33.6324 52.1845 14.1428 33.837 51.9361 14.8124 33.7241 51.7378 15.4772 34.7286 51.5763 15.4869 33.8074 51.4729 16.3634 34.7145 51.3108 16.4456 35.6029 51.3476 15.4789 36.2977 51.1276 15.3678 35.4208 51.1702 16.27 36.0198 51.0243 16.0568 39.1183 50.107 13.1178 39.5595 49.5587 13.5027 40.1019 49.1107 13.1072 39.9518 48.9532 13.8793 39.3863 49.3848 14.3745 39.7715 48.8682 14.6068 38.5223 50.5008 13.4542 38.9524 49.9563 13.8966 38.3085 50.2875 14.4941 38.8681 49.7724 14.6222 37.4228 51.2873 13.2991 38.0448 50.9963 12.9917 37.8752 50.8328 13.764 37.1577 51.1368 14.1113 37.6203 50.7514 14.5492 39.2222 49.2157 15.2766 39.7167 48.641 15.4648 38.1529 50.1129 15.3726 38.6504 49.6989 15.473 39.0932 49.0812 16.0947 39.5426 48.5398 16.4591 38.0482 49.9928 16.0157 38.536 49.5099 16.4433 36.9918 50.9527 14.9273 36.9206 50.7774 15.6373 37.6263 50.4914 15.3866 36.6266 50.6832 16.4507 37.4476 50.3064 16.3311 33.819 52.4386 13.3385 41.82 49.823 8.78034 41.1917 50.2035 9.19261 41.5441 49.5613 9.53727 42.1345 49.1516 9.12394 41.8809 48.8799 9.84452 41.2855 49.2847 10.333 40.9507 49.9543 9.92092 40.7374 49.7412 10.611 42.7316 48.7478 8.69356 40.8387 50.8436 8.80421 41.0665 49.0838 11.0572 40.8582 48.8783 11.8131 40.6844 48.679 12.564 41.947 33.1143 17.1306 42.2722 33.5852 17.5506 42.1124 32.9582 17.8881 42.6356 34.3752 17.5081 42.5245 33.5979 18.5043 42.8199 34.4233 18.4607 42.9191 35.065 17.4719 43.1379 35.6025 17.5765 43.3372 36.2983 17.3847 42.9677 34.9756 18.0619 43.1811 35.4116 18.4644 43.3935 36.2235 18.4368 42.7426 33.5183 19.5337 42.8878 34.2006 19.2903 42.9283 33.6778 20.2691 42.9845 34.0967 19.9361 43.0435 34.8873 18.866 43.1171 34.7802 19.6844 43.2885 35.4717 19.3803 43.4816 36.2785 19.4894 43.1613 34.4803 20.4547 43.3706 35.3812 20.4316 43.5587 36.2653 20.4787 43.4635 37.2899 17.5201 43.4712 38.6776 17.6591 43.5227 37.2847 18.5124 43.531 38.6698 18.6124 43.4064 39.6359 17.8098 43.2792 40.5034 17.6877 43.4436 39.7272 18.6199 43.3027 40.604 18.654 43.5933 37.3914 19.5675 43.5844 38.8282 19.4627 43.6576 37.1706 20.5673 43.6533 38.6176 20.4734 43.5029 39.7408 19.5641 43.3494 40.6314 19.5983 43.5603 39.8002 20.5924 43.3662 40.7956 20.5485 43.0639 33.7319 20.8449 43.2279 33.6972 21.5595 43.3184 34.623 21.3224 43.4069 33.5311 22.4532 43.4518 34.6406 22.3138 43.4916 35.4591 21.4527 43.6378 36.2889 21.4901 43.5931 35.4912 22.4804 43.715 36.3466 22.4949 43.5653 33.1917 23.3458 43.5903 34.5424 23.423 43.7249 33.3682 24.4374 43.714 34.7538 24.4012 43.6912 35.5406 23.4855 43.7924 36.3727 23.5202 43.7866 35.593 24.5306 43.876 36.4102 24.5552 43.7205 37.3141 21.4802 43.7239 38.7046 21.5503 43.7929 37.4309 22.5841 43.7827 38.9257 22.548 43.6507 39.6939 21.6048 43.484 40.5541 21.5081 43.6808 39.8909 22.4532 43.5108 40.6993 22.5396 43.8697 37.3342 23.6853 43.8585 38.7254 23.515 43.9405 37.3148 24.5313 43.9373 38.5757 24.4155 43.7537 39.8724 23.4759 43.5415 40.8234 23.5387 43.8534 39.767 24.5095 43.6486 40.6965 24.5139 39.9284 47.9556 16.8268 39.4086 48.4071 17.3664 39.7985 47.8998 17.5773 40.2865 47.3663 17.3853 39.3121 48.2413 18.38 39.8137 47.713 18.3333 40.2244 47.2049 18.4051 39.1656 48.1676 19.3868 39.692 47.6694 19.2597 40.1685 47.0794 19.4462 39.0269 48.1398 20.2308 39.5942 47.5998 20.3143 40.062 47.0637 20.3182 39.0414 48.0201 21.0038 39.5329 47.5348 21.3591 40.0073 47.041 21.004 40.4258 46.5309 21.3718 39.9643 47.006 21.7378 39.5212 47.4486 22.3293 40 46.9108 22.4162 40.3904 46.5073 22.201 38.5551 48.423 21.3401 39.0092 47.9615 21.7958 38.4933 48.3694 22.3674 39.0213 47.8852 22.5419 39.4569 47.4544 23.3745 39.8947 46.9941 23.1944 40.3943 46.4647 23.2501 38.3962 48.3593 23.3948 38.9259 47.9169 23.424 39.3647 47.4899 24.3612 39.9035 46.9561 24.2526 40.4132 46.438 24.5868 38.3316 48.3262 24.3699 38.8354 47.9343 24.2842 43.1167 41.299 17.6994 42.7446 42.7284 17.251 42.9508 41.9567 17.5496 43.1443 41.3238 18.7651 42.7506 42.6882 18.4974 42.967 41.9479 18.6915 42.47 43.5393 17.3302 42.1725 44.1981 17.3805 42.4371 43.5292 18.2613 42.1215 44.1823 18.321 43.1501 41.4457 19.641 42.7628 42.6713 19.5792 42.9716 42.0037 19.5049 43.1555 41.5705 20.5462 42.7571 42.7002 20.6342 42.973 42.0563 20.1451 42.4371 43.477 19.3307 42.0987 44.1481 19.1667 42.4176 43.4732 20.3358 42.081 44.1143 20.0824 41.506 45.4935 17.5508 41.8687 44.8474 17.2546 41.1303 46.1339 17.3844 41.4335 45.4526 18.5233 41.8289 44.7638 18.3035 41.0999 46.0082 18.255 40.7402 46.7278 17.4393 40.689 46.5988 18.4515 41.3129 45.5288 19.381 41.7368 44.8054 19.3758 41.0126 46.0272 19.0142 41.3688 45.3349 20.2708 41.7782 44.6569 20.3358 40.6618 46.4919 19.4149 40.9667 45.9849 19.7928 40.521 46.5308 20.382 40.9679 45.891 20.4758 43.249 41.4167 21.5212 42.9944 42.0653 20.9417 43.042 42.0006 21.7421 43.2737 41.4918 22.6023 43.0315 42.103 22.6249 42.4264 43.4418 21.6677 42.8044 42.6131 21.6643 42.0544 44.1266 21.261 42.4544 43.4238 22.8022 42.7722 42.738 22.6237 42.0932 44.0664 22.7741 43.2874 41.588 23.4827 43.0579 42.1475 23.5803 43.3675 41.522 24.3851 43.101 42.1738 24.5737 42.4514 43.4797 23.7077 42.795 42.761 23.6083 42.1278 44.0506 23.8332 42.4794 43.4993 24.6809 42.819 42.7996 24.5933 42.1151 44.1269 24.7222 41.2724 45.4093 21.1656 41.6781 44.7858 21.2645 40.882 45.9336 21.2701 41.273 45.3645 22.231 41.7228 44.6997 22.5598 40.8083 45.9737 22.2235 41.3226 45.2972 23.7503 41.7894 44.6157 23.7409 40.8707 45.8773 23.4629 41.3521 45.2954 24.8734 41.7474 44.722 24.7226 40.9017 45.8562 24.8286 43.8506 33.4068 25.6115 43.9211 32.7017 25.3214 43.8176 34.6316 25.4418 43.9836 33.29 26.4076 44.0153 32.7979 26.04 43.9349 34.4223 26.3581 43.8752 35.6965 25.4674 43.9571 36.4491 25.4882 43.9531 35.5088 26.2284 43.9863 36.1249 26.0334 44.1611 33.1081 26.9742 44.0852 34.2484 27.0275 44.0761 35.5623 26.9226 44.0898 36.3592 26.6564 44.366 33.3305 27.6386 44.3041 34.1847 27.7794 44.7492 33.5554 28.1826 44.9569 32.9079 28.0829 44.6817 34.4236 28.3966 44.282 35.3238 27.7779 44.2644 36.3904 27.5723 44.6382 35.3255 28.5986 44.5346 36.3396 28.4869 43.9762 37.0344 25.1147 44.0002 38.5099 24.9947 44.0018 37.8756 25.0371 44.0586 37.4839 25.7646 44.0409 36.7431 26.0134 43.9316 39.7477 25.4264 43.9727 39.0968 25.0062 44.0466 38.6904 25.5968 43.7317 40.6571 25.5862 44.0396 39.3168 25.9462 43.8293 40.6107 26.5937 43.9355 40.0025 26.1403 44.0648 39.6799 26.6448 43.9997 40.1425 27.0714 44.1631 37.2198 26.7061 44.1642 38.6322 26.6624 44.3208 37.4591 27.6431 44.322 38.7455 27.7831 44.5487 37.6442 28.6306 44.4918 38.8311 28.7248 44.1873 39.6039 27.5206 44.0652 40.2345 27.8191 44.3255 39.7246 28.6 44.1252 40.4961 28.673 45.3531 33.5741 28.6396 46.3973 33.3584 28.8165 45.1886 34.309 28.8705 45.5998 34.6065 29.303 45.8913 33.9809 29.0615 46.6484 33.9775 29.2275 46.4376 34.5672 29.5481 47.0855 33.2006 28.9464 46.9249 32.8089 28.8583 47.0841 32.8013 29.3874 47.2632 33.5363 29.4394 47.1037 32.8288 30.4529 47.2965 33.4688 30.6108 47.467 34.4551 29.7521 47.4711 34.6702 30.286 45.0409 34.9995 28.9773 45.3769 35.3593 29.5604 44.8446 36.6042 29.2117 44.9319 35.7551 29.1112 46.0875 35.0839 29.8754 45.2118 36.2234 29.7651 45.5849 36.4984 30.4496 45.8087 35.7393 30.1617 46.5808 35.4516 30.4295 46.8866 34.9243 30.0175 47.7588 34.9623 30.0064 47.9971 35.0575 29.9273 47.9218 34.9137 29.8606 47.3049 35.072 30.4384 47.8658 34.8893 30.0253 47.8368 35.0651 30.1336 47.137 33.5786 31.4384 47.1429 34.3684 31.0236 47.1783 33.2716 32.413 46.801 34.5417 31.6789 46.9222 33.8737 31.8887 46.5682 34.369 32.3544 46.8138 33.8456 32.4995 46.1939 36.0953 30.8332 47.0079 35.2429 31.0302 46.4495 36.4027 31.5604 46.7092 35.6604 31.3537 46.6161 35.5879 32.4366 46.7372 36.5714 32.3505 44.8307 37.5742 29.4686 44.7129 38.5418 29.4722 45.1025 37.0994 29.9236 45.3271 37.4728 30.644 44.9001 38.813 30.1533 45.0012 37.9733 30.0511 44.5613 39.6233 29.6313 44.2959 40.4742 29.5268 44.8 39.6373 30.4734 44.5142 40.5802 30.5487 45.7265 37.5226 31.4296 45.8826 36.8294 31.1154 45.1587 38.4181 30.6914 45.463 38.4714 31.5326 46.1935 37.1222 31.852 45.8017 38.5808 32.3878 45.9417 37.8863 32.0815 46.5068 37.4497 32.5088 45.081 39.1399 30.9136 45.2282 39.4591 31.5851 44.7825 40.6194 31.4445 44.9185 39.9326 31.1222 45.5371 39.522 32.4825 45.1069 40.1508 31.8828 45.2456 40.4572 32.5725 39.4341 47.4042 25.5142 39.9654 46.8997 25.7652 40.4976 46.3761 25.763 38.2152 48.3309 25.3096 38.8257 47.8859 25.2986 39.5261 47.3599 26.6924 39.9638 46.9392 26.6863 40.4408 46.5036 26.7383 38.3047 48.2517 26.6124 38.9213 47.824 26.7748 39.5286 47.4326 27.6501 40.0003 46.9609 27.3069 40.5217 46.5279 27.7084 38.4013 48.2255 27.7072 38.9372 47.8767 27.8936 40.0394 47.0104 28.0276 38.3621 48.3412 28.7003 38.9595 47.9355 28.6178 39.5621 47.5272 28.648 40.073 47.0686 28.7142 38.5764 48.3593 29.5638 39.0206 47.9878 29.1081 39.5387 47.701 29.528 40.105 47.1975 29.5606 39.0921 48.0706 29.8779 39.175 48.1469 30.622 39.6922 47.7497 30.5052 40.2735 47.2628 30.5766 39.2816 48.2688 31.5538 39.8852 47.7799 31.407 40.4543 47.363 31.5589 39.498 48.3927 32.5911 39.9561 47.9237 32.1422 40.576 47.5599 32.4923 43.433 41.5144 25.4147 43.1459 42.2155 25.6189 43.5199 41.4964 26.542 43.182 42.3208 26.6902 42.5107 43.5401 25.6508 42.8513 42.8468 25.5938 42.1402 44.1686 25.6796 42.541 43.6282 26.6902 42.8565 42.9655 26.4862 42.1418 44.271 26.5721 43.5598 41.6791 27.6672 43.835 40.8463 27.4491 43.2185 42.482 27.6846 43.737 41.5749 28.6413 43.9044 40.942 28.2775 43.3937 42.3817 28.5993 42.6962 43.5304 27.6743 42.9319 42.9682 27.2981 42.2654 44.2367 27.6017 43.0051 43.0197 28.0685 43.1051 43.0308 28.798 42.3056 44.4061 28.6332 42.7388 43.6679 28.5827 41.3439 45.3649 25.7673 41.7683 44.7583 25.6881 40.944 45.8534 25.8527 41.356 45.4469 26.7506 41.7993 44.8116 26.6701 40.8768 45.9896 26.5781 41.3657 45.5687 27.6916 41.8233 44.9216 27.6912 40.9398 45.9969 27.3205 41.5133 45.5481 28.6205 41.9164 44.9494 28.5221 40.9935 46.0416 28.0508 41.0598 46.0704 28.7152 40.5925 46.5947 28.7131 43.9986 41.0521 29.0512 43.4985 42.5361 29.5749 43.7929 41.7805 29.4312 44.1062 41.1665 29.8019 43.6602 42.6288 30.5083 43.8987 41.9215 30.1926 44.2039 41.4475 30.6126 43.1569 43.2474 29.6772 42.4025 44.53 29.6043 42.7605 43.8772 29.4435 43.3007 43.414 30.6795 42.6071 44.5349 30.5536 42.8926 43.9272 30.22 44.0349 42.0722 30.9724 43.486 43.5254 31.5659 43.7957 42.8142 31.3704 44.1923 42.2132 31.7314 43.0227 44.0409 31.0024 43.1583 44.1695 31.7757 43.6885 43.6424 32.4206 43.947 42.9598 32.0932 44.3575 42.4601 32.5734 43.3095 44.404 32.6575 44.4634 41.4292 31.4794 44.6834 41.6328 32.4053 44.8976 40.913 32.1304 41.6883 45.5287 29.5527 41.9836 45.0026 29.1149 41.1643 46.144 29.6298 42.0853 45.0697 29.9253 41.3189 46.2393 30.6659 41.7595 45.6871 30.5295 42.2249 45.1294 30.7269 40.6393 46.7286 29.7016 40.8245 46.7521 30.6408 41.3839 46.4609 31.554 41.8036 45.9121 31.3976 42.2881 45.3807 31.5837 41.5756 46.5876 32.459 41.9661 45.9851 32.0888 42.505 45.5249 32.5471 42.7152 44.7078 31.4323 42.8464 44.8767 32.2328 40.9089 46.9001 31.4805 41.0067 47.0062 32.0676 49.0061 37.0566 30.9345 49.0593 37.0707 30.9282 49.0393 37.0164 30.9228 49.0032 37.0088 30.9338 49.0014 37.0371 30.9795 49.0017 37.0054 30.9821 49.0311 37.0082 30.9781 49.0498 37.0477 30.9723 33.6269 51.243 17.2777 34.493 51.1393 17.2426 33.6042 51.0558 18.051 34.1962 51.0182 17.8917 35.8964 50.8646 16.7853 35.1463 51.0264 17.0347 35.6371 50.7667 17.4999 36.4678 50.4646 17.5016 34.9442 50.8918 17.793 34.6453 50.8089 18.4539 35.6305 50.5341 18.4668 36.5019 50.2228 18.4168 33.7685 50.8864 18.7182 33.6034 50.7243 19.5358 34.6756 50.597 19.417 33.7732 50.5271 20.4751 34.7452 50.3717 20.4903 35.5282 50.3402 19.5557 36.2346 50.1363 19.2682 35.5391 50.16 20.4534 36.1216 50.0201 20.0723 37.9085 49.8591 16.7894 37.1957 50.1725 17.2349 37.7605 49.7402 17.6068 38.408 49.3096 17.4518 37.0752 50.0331 18.0339 37.556 49.687 18.4501 38.1768 49.2242 18.4849 38.9723 48.9622 16.8834 38.9247 48.8014 17.6156 38.7565 48.7537 18.4625 36.9541 49.9063 18.8422 36.8469 49.8004 19.6357 37.5883 49.4727 19.3594 38.1084 49.0837 19.3582 36.7021 49.7087 20.5416 37.4741 49.3426 20.3274 38.0391 49.0095 20.0053 38.6125 48.6777 19.4448 38.522 48.5807 20.4036 35.9875 49.9207 20.8683 35.2901 50.0666 21.3414 35.9097 49.8237 21.6143 36.6389 49.5726 21.4849 35.0424 50.0181 22.0583 35.6069 49.8124 22.3667 36.4743 49.4853 22.4901 33.8181 50.3415 21.5013 34.6753 50.2196 21.4506 33.7078 50.1949 22.5267 34.4993 50.118 22.2805 33.6759 50.0828 23.402 34.2504 50.0371 23.1051 34.7262 49.8922 23.5079 34.0554 49.9699 23.8789 33.3663 50.0315 24.0818 33.8299 49.9399 24.4804 34.7168 49.7963 24.3131 34.9526 49.9282 22.7898 35.6047 49.6704 23.3621 36.4274 49.38 23.4976 35.6343 49.5496 24.3338 36.5002 49.2643 24.4178 37.9681 48.9128 20.7657 37.3588 49.2234 21.3545 37.9655 48.8092 21.5457 37.22 49.153 22.4019 37.837 48.8063 22.4365 37.1 49.0942 23.4485 37.754 48.77 23.4355 37.087 49.0249 24.3508 37.6685 48.7483 24.4307 33.1003 49.9808 24.82 33.9137 49.8622 25.2547 34.803 49.6995 25.15 33.6468 49.8529 26.3229 34.6273 49.6902 26.2396 35.663 49.4577 25.3133 36.5195 49.1838 25.2826 35.501 49.4678 26.3958 36.3 49.2113 26.2917 33.8625 49.8219 27.75 34.8388 49.6426 27.7025 33.8392 49.8646 28.8703 34.7288 49.7072 28.7738 35.6997 49.4153 27.6119 36.4243 49.1732 27.7593 35.684 49.4621 28.6941 36.528 49.1885 28.7551 37.0534 48.9919 24.9707 37.5716 48.7378 25.2926 36.9977 48.9567 25.6746 36.8908 48.9698 26.4591 37.6091 48.6648 26.3354 37.0458 48.9082 27.5541 37.705 48.6265 27.7641 37.0197 48.9539 28.3816 37.5954 48.7448 28.7531 33.7443 49.9293 29.6043 34.6937 49.7899 29.7359 33.2233 50.0145 29.9903 33.612 50.0653 30.6913 33.9913 49.9566 30.2275 34.6908 49.8855 30.5707 35.6272 49.5634 29.6987 36.4527 49.291 29.5807 35.621 49.6924 30.6678 36.5006 49.405 30.5189 34.194 50.0288 30.9764 34.4811 50.1301 31.7708 34.9321 49.9369 31.2252 35.6539 49.8335 31.5338 36.6135 49.5625 31.5557 35.152 50.0383 31.9616 35.5095 50.1247 32.6411 35.9237 49.9049 32.1852 36.6235 49.7822 32.496 33.6833 50.1955 31.5393 33.8166 50.3946 32.534 34.7637 50.2876 32.665 37.062 48.9986 29.0973 37.0642 49.0781 29.8362 37.7783 48.7615 29.6772 37.2645 49.1398 30.6884 37.8535 48.8578 30.5384 38.5669 48.5285 30.5694 37.5003 49.241 31.5749 37.9692 48.9311 31.1566 38.577 48.7179 31.5331 38.0899 49.0518 31.942 37.4584 49.4796 32.4916 38.1968 49.1869 32.7531 38.7957 48.7706 32.3867 32.0962 9.20023 32.835 31.8109 10.65 33.1987 31.9711 9.91319 33.0572 32.4719 9.46294 33.5091 32.1156 10.2309 33.784 31.6852 11.5202 33.5002 31.34 12.4191 33.4989 32.0018 10.9686 34.0025 31.5713 12.5913 34.4703 31.8174 11.8173 34.2855 32.1058 11.1646 34.7193 31.7523 12.6877 35.3691 31.9494 11.9516 35.0606 32.1977 11.3804 35.5959 32.0789 12.1179 35.8594 25.0395 16.0824 33.0034 25.2834 16.144 33.7181 25.7743 15.8559 33.3234 26.5511 15.6541 33.5136 25.9831 16.0075 33.9889 27.4706 15.3751 33.6185 27.9787 14.9754 33.1587 28.7131 14.742 33.4705 28.2235 15.185 33.8717 26.2642 16.1075 34.561 26.7793 15.8327 34.1793 27.611 15.7094 34.4492 28.5375 15.4194 34.5371 26.9902 16.0214 34.8401 27.4176 16.0989 35.3565 27.9872 15.8711 35.073 28.7641 15.7506 35.2465 28.3658 16.0588 35.7718 29.4922 14.3807 33.6518 29.9141 13.8995 33.2384 30.5524 13.5513 33.5701 30.1047 14.0761 33.9582 30.8839 12.9405 33.1562 31.0572 13.0862 33.9235 31.2364 13.2346 34.7083 30.3056 14.2904 34.6797 30.736 13.7242 34.4074 28.9784 14.9309 34.1043 29.6615 14.6888 34.4288 31.409 13.4737 35.5644 30.5907 14.5603 35.4646 30.9081 13.9113 35.1368 31.6851 13.5924 36.3986 31.8868 12.8785 36.1353 32.1961 12.3098 36.625 31.1329 14.1283 35.8797 31.3813 14.4358 36.5501 29.2637 15.2096 34.817 29.5891 15.5406 35.4863 29.9434 14.9144 35.1166 30.2499 15.2228 35.7967 29.1299 15.9584 35.9126 29.4258 16.1396 36.549 29.886 15.8096 36.1368 30.585 15.5991 36.4765 30.8535 14.8554 36.1532 25.3837 16.262 37.6317 26.3191 16.1045 37.4748 26.1844 15.9969 38.1268 25.8705 16.0455 37.9709 25.1173 16.2775 38.5573 25.7522 15.9562 38.7973 26.4695 15.9313 38.7485 26.8836 16.0357 38.1197 25.0309 16.127 39.1935 25.4153 15.7606 39.6244 26.4819 15.7032 39.7002 24.4096 16.4284 39.5185 24.7923 15.8821 39.9195 24.1508 16.1813 40.242 24.5247 15.6609 40.6609 25.4537 15.4331 40.488 26.8025 15.4225 40.5245 27.515 16.1161 38.5771 27.06 15.9544 39.0089 27.4449 15.8151 39.7953 27.7508 16.0813 39.2316 27.6944 15.5375 40.6449 28.5134 16.1621 39.5352 28.1121 15.8795 40.0532 28.4711 15.7394 40.6643 32.0518 13.0443 36.8744 31.7193 14.6431 37.3302 31.867 13.8398 37.0858 32.1671 13.2403 37.5398 32.0032 14.0485 37.8775 30.1136 16.0282 36.7617 31.1456 15.1654 36.81 31.3888 15.4013 37.5199 30.3749 16.1093 37.4828 30.8771 15.7882 37.2479 31.4906 15.5242 38.5382 31.7927 14.8115 38.5432 32.0297 14.0746 38.5451 30.4809 16.1228 38.7431 30.9526 15.8552 38.4886 31.7043 14.5872 39.6853 31.9847 13.9991 39.1251 32.1226 13.2633 39.5015 31.7868 13.6566 39.9127 31.2972 14.3554 40.3393 31.5045 13.3143 40.5459 32.0562 13.0821 40.0997 28.9006 16.0034 40.1729 31.3968 15.4145 39.5203 30.3213 16.0742 39.6792 30.8506 15.8188 39.7196 31.1159 15.1612 40.1666 30.1059 15.9572 40.1829 30.5294 15.56 40.5473 23.4981 16.4942 40.5093 23.8888 15.9318 40.9038 23.193 16.2059 41.0992 23.5261 15.6713 41.4422 24.268 15.3172 41.3286 22.6186 16.5752 41.4851 23.01 16.016 41.8161 22.6557 16.4191 42.4982 23.0118 15.9521 42.2648 23.4556 15.4819 42.3435 23.9857 15.122 41.9896 24.4157 14.6972 42.3607 23.9754 15.0328 42.8336 23.5835 15.4798 43.4669 24.0143 15.03 43.3016 24.5248 14.6536 43.5495 23.0718 15.9768 42.9634 23.1309 16.1135 43.6883 24.0363 15.1607 43.8877 23.173 16.2829 44.4448 23.642 15.7409 44.3675 24.2043 15.2241 44.4918 23.3132 16.2526 45.4758 23.8225 15.7382 45.3058 24.347 15.2918 45.4721 23.3679 16.2846 46.656 23.8897 15.8093 46.4531 24.4803 15.3266 46.5125 23.3281 16.4218 47.6476 23.8458 15.9603 47.4465 24.4615 15.4948 47.5696 23.4602 16.4698 48.6089 23.9439 15.9991 48.1414 24.4664 15.6745 48.5515 27.5221 14.6447 41.6927 28.6802 14.5607 41.6584 28.8941 13.8306 41.8502 27.9501 13.956 41.9513 27.0364 14.0277 41.9989 27.4763 13.3229 42.2787 28.4608 13.3029 42.1173 25.2223 15.1105 41.1923 26.5729 15.0865 41.1599 25.2604 14.702 41.7275 24.6299 14.8507 41.7738 25.1699 14.2971 42.3585 26.2338 14.6361 41.7154 26.1346 14.0723 42.0785 27.4672 15.2018 41.2101 28.6551 15.2368 41.2326 26.5003 13.5352 42.4326 25.6997 13.8265 42.6267 25.1952 14.1888 43.6968 25.7191 13.804 43.6112 26.3908 13.4677 43.5727 25.4148 14.2702 44.5697 25.8647 13.8936 44.2335 26.4266 13.6517 44.561 28.5632 12.8835 42.611 27.8146 12.9825 42.858 27.1715 13.1831 43.3476 27.7849 12.9613 43.4304 28.3772 12.8252 43.4661 27.2344 13.2923 44.5205 27.8631 13.0125 44.0753 28.5274 12.8937 44.3799 24.779 14.7411 44.5223 29.63 13.4258 41.7318 30.3788 13.4173 41.3136 30.6021 12.7677 41.6303 29.9484 12.9182 41.8477 29.0839 13.1427 42.0879 29.5089 12.7389 42.4774 30.2906 12.5816 42.3119 29.6484 14.4508 41.4276 30.3263 14.3768 41.1008 32.4512 12.7727 40.5909 31.6836 12.848 40.8912 31.0154 13.0528 41.0485 31.2711 12.6616 41.3303 32.2746 12.54 41.4221 30.7713 14.6853 40.7375 30.8828 13.6773 40.853 31.1769 12.5014 42.29 32.135 12.441 42.4397 29.7051 16.0205 40.1976 29.6157 15.7403 40.7378 29.7482 15.2425 41.0834 30.1548 14.9763 40.9802 29.2124 12.6975 43.557 30.2727 12.5865 43.6314 29.3534 12.7842 44.4651 30.1915 12.7446 44.599 31.3368 12.5058 43.573 32.3413 12.4855 43.6519 31.2312 12.6814 44.5053 32.4115 12.6827 44.6312 25.9929 14.0407 44.9649 28.0483 13.1249 44.8676 26.1025 14.1703 45.6765 26.6873 13.7682 45.3299 27.4665 13.5027 45.5544 28.3424 13.2369 45.5147 26.3464 14.2298 46.5226 26.8418 13.9214 46.1201 27.443 13.7667 46.4749 28.3344 13.5024 46.4469 24.865 14.8903 45.3541 25.3995 14.5062 45.3989 24.9494 14.9599 46.081 25.5649 14.635 46.4937 26.9942 14.0524 46.9274 27.072 14.182 47.6565 27.6967 13.9001 47.3514 28.3714 13.7266 47.44 27.4048 14.22 48.4486 27.9765 13.9729 48.0743 28.5788 13.8534 48.2988 25.0274 15.0465 46.9159 25.0981 15.1219 47.6453 25.6636 14.8005 47.6142 26.3383 14.4211 47.3913 25.1927 15.2428 48.5588 25.8172 14.8971 48.4621 26.5236 14.5717 48.4926 28.8544 13.0118 45.028 29.45 12.9351 45.0796 30.2725 12.9121 45.2239 29.2165 13.1425 45.7097 30.2353 13.0765 45.8342 29.4074 13.3306 46.5171 30.4095 13.2393 46.5467 31.3087 12.8844 45.2783 32.3378 12.895 45.4085 31.3106 13.0465 45.9224 32.2773 13.0186 45.9192 31.3614 13.1968 46.5937 32.2598 13.1382 46.4363 29.1809 13.5628 47.4166 30.2147 13.4457 47.5267 29.4107 13.7037 48.4168 30.2793 13.6126 48.665 31.2498 13.3534 47.4808 32.2854 13.2905 47.3397 31.1998 13.5062 48.5456 32.3796 13.4557 48.4982 23.3352 17.1907 33.674 23.8303 16.8458 33.636 24.4697 16.482 33.6374 22.2613 18.1829 33.7395 22.7941 17.6461 33.6911 23.3755 17.3748 34.5735 23.9081 16.954 34.1919 24.4678 16.7201 34.4757 22.3411 18.2558 34.7543 22.761 17.843 34.5335 21.3075 19.365 33.4087 21.7744 18.7416 33.6458 20.9944 19.9564 32.7471 20.5973 20.6202 33.2361 20.9317 19.9926 33.4642 21.3876 19.276 34.6845 21.8877 18.7164 34.7213 20.6035 20.5073 34.3975 20.9845 19.8917 34.7178 24.0139 17.0959 34.8809 22.4148 18.4147 35.5665 22.9151 17.9186 35.195 23.4758 17.5965 35.4516 24.1149 17.2396 35.4939 23.0359 18.0768 35.8868 23.1471 18.2725 36.4922 23.6974 17.7635 36.3098 24.2709 17.2734 36.3697 21.3445 19.426 35.6443 21.8288 18.9272 35.4926 20.5948 20.4984 35.6226 20.9739 19.944 35.6271 21.437 19.4546 36.4651 21.942 18.9779 36.0968 22.5094 18.6483 36.3626 20.6527 20.4193 36.4982 21.003 19.9544 36.1501 19.8146 22.4981 33.3915 20.0432 22.0028 33.0211 20.2357 21.4195 33.3158 19.998 21.9446 33.8076 19.7257 22.5409 34.3098 19.9956 21.8404 34.4849 20.2568 21.2446 34.1627 19.5297 23.3718 33.3441 19.2497 24.3693 33.4727 19.4056 23.461 34.3982 19.1527 24.3671 34.41 19.6229 22.6502 35.2965 19.9032 21.9668 35.3349 20.2143 21.2559 35.2795 19.6601 22.4433 36.2048 19.9271 21.8277 36.3702 20.2359 21.1631 36.5325 19.3365 23.458 35.3636 19.1243 24.2272 35.2499 19.3704 23.2395 36.2524 19.1316 24.054 36.2832 23.3065 18.3257 37.4063 23.8243 17.7989 37.4635 24.3033 17.2633 37.7119 23.344 18.2238 38.5337 23.7865 17.7045 38.7125 24.2242 17.2362 38.705 22.0402 19.0818 36.7975 21.0362 19.9843 36.8386 21.043 20.0228 37.4643 21.504 19.5151 37.4847 22.1879 19.0746 37.5389 21.0304 20.02 38.3482 21.3838 19.5542 38.7597 22.0309 19.1117 38.581 22.7122 18.7437 37.2389 22.6836 18.6962 38.535 23.0768 18.087 39.1543 23.4685 17.4643 39.4995 24.0704 17.0757 39.205 23.8058 16.8006 39.842 23.1379 17.1416 40.1393 22.3773 18.4768 39.3919 22.7618 17.8002 39.7814 22.1356 18.1281 40.0805 22.4478 17.4841 40.4145 20.5655 20.519 38.6467 20.9384 20.0315 38.9962 20.5517 20.4082 39.4305 20.9553 19.8516 39.6045 21.3987 19.2921 39.4297 21.8905 19.0188 39.1228 21.7739 18.7796 39.7399 21.2393 19.1638 40.2518 21.6579 18.4925 40.3702 20.4797 20.4124 40.2333 20.8755 19.7222 40.3372 19.6083 22.5112 37.1891 19.9039 21.8139 37.4353 20.2139 21.1605 37.75 19.6113 22.4778 38.4519 19.9124 21.7405 38.3618 20.1555 21.2201 38.6707 19.3191 23.3579 37.4524 19.0991 24.1514 37.6465 19.3173 23.4065 38.752 19.0921 24.2433 38.6716 19.6077 22.5321 39.6993 19.8936 21.762 39.424 20.2011 21.0641 39.4038 19.6201 22.5928 40.6446 19.885 21.825 40.6852 20.1451 21.1564 40.4523 19.3462 23.4041 39.6304 19.1381 24.2234 39.5865 19.3644 23.4843 40.4389 19.1385 24.4099 40.4226 20.6062 20.5067 37.46 25.3365 16.3719 34.4922 24.7132 16.8536 35.2663 25.4283 16.5386 35.4919 26.3608 16.2784 35.3391 24.8008 16.8805 36.5574 25.3077 16.5354 36.7936 26.215 16.2859 36.6784 27.4064 16.1947 36.3186 28.5893 16.1781 36.3407 24.8265 16.7366 37.7065 24.6274 16.7214 38.7268 27.4903 16.1632 37.4001 28.4473 16.2742 37.3206 28.2504 16.2822 38.6369 29.6804 16.2802 37.2975 29.5998 16.2886 38.6433 29.6344 16.1845 39.7057 19.0815 25.2928 33.4041 19.0238 25.9948 33.0755 19.0513 25.052 34.1111 18.921 26.4597 33.5357 18.9669 25.8035 33.8381 18.8266 26.474 34.3321 18.9105 25.5814 34.5661 18.965 26.7478 32.8463 18.8412 27.4235 33.491 18.7379 28.5299 33.6638 18.7195 27.4526 34.4386 18.6092 28.5379 34.5854 19.0045 24.9191 34.8451 18.8542 25.4619 35.2783 18.9539 24.9082 35.4589 18.7362 26.3865 35.2501 18.7899 25.5668 36.2215 18.9531 24.7659 36.4038 18.6433 26.5775 36.215 18.6019 27.525 35.3828 18.4931 28.6212 35.4158 18.5189 27.5681 36.3244 18.4233 28.5305 36.2454 18.6762 29.64 33.4976 18.5851 30.6649 33.3798 18.5319 29.617 34.4198 18.4061 30.6773 34.3371 18.3533 31.5382 33.6363 18.2074 32.3692 33.5805 18.1869 31.6012 34.512 18.0907 32.4079 34.2113 18.4056 29.5944 35.3038 18.2818 30.5516 35.25 18.3289 29.4853 36.1231 18.2085 30.4065 36.1774 17.9215 32.3289 34.8623 18.0076 31.8991 35.0216 17.7671 32.2277 35.5248 17.9573 31.822 35.4295 18.122 31.3278 35.253 17.6199 32.4096 36.3705 17.917 31.7374 36.2966 18.0749 31.1266 36.2163 18.7908 25.4941 37.5854 18.9421 24.7935 37.8324 18.6379 26.4277 37.3494 18.8277 25.4045 38.7062 18.9713 24.7767 38.8165 18.6695 26.2801 38.688 18.4964 27.464 37.3143 18.3758 28.5278 37.3083 18.5236 27.2617 38.6766 18.39 28.3622 38.7365 18.8358 25.5802 39.546 18.9663 24.9537 39.4555 18.6857 26.4391 39.6348 18.8874 25.6033 40.3701 19.0005 24.9644 40.0523 18.7393 26.4769 40.48 18.54 27.4236 39.6589 18.422 28.3604 39.757 18.5914 27.4468 40.5187 18.453 28.4552 40.55 18.2643 29.6096 37.1808 18.1485 30.6015 37.2205 18.2694 29.4705 38.6404 18.1605 30.5078 38.4037 17.5765 32.6742 37.649 17.8691 31.8845 37.5833 18.0369 31.2274 37.5897 17.7304 32.762 38.5055 17.9041 32.0304 38.4025 18.0364 31.3854 38.4501 18.2944 29.4211 39.7379 18.1731 30.4855 39.5619 18.3343 29.3904 40.655 18.1996 30.4257 40.6385 17.859 32.6526 39.2229 17.9721 31.9532 39.261 18.0694 31.3119 39.3303 17.9034 32.5728 40.2634 17.9979 31.9003 40.1625 18.0801 31.3219 40.4105 21.9422 17.912 40.7546 21.5006 18.4469 41.2793 21.8877 17.7262 41.4545 22.2333 17.2213 41.2049 21.4151 18.5756 42.5845 21.8096 17.8478 42.6193 22.2146 17.1427 42.5032 22.8195 16.8424 40.7723 21.1149 19.1651 41.3561 20.4529 20.449 41.4331 20.7772 19.7983 41.1716 21.0958 19.2081 42.6723 20.4325 20.572 42.43 20.8049 19.7811 42.4056 21.5376 18.4697 43.4821 21.889 17.8644 43.4338 22.2326 17.305 43.4941 21.6149 18.4391 44.3707 21.9348 17.9172 44.1642 22.2744 17.4095 44.3811 22.6575 16.6257 43.3661 22.7157 16.8007 44.2652 21.1555 19.1844 43.3983 20.5294 20.4235 43.1609 20.8353 19.8092 43.3275 21.2414 19.0933 44.3034 20.5315 20.4443 44.2558 20.9087 19.7138 44.2988 19.6682 22.5342 41.4516 19.8945 21.8824 41.5892 20.1406 21.2167 41.628 19.6999 22.5062 42.3518 19.9465 21.8032 42.2348 20.1418 21.2902 42.4345 19.4177 23.4277 41.3468 19.2035 24.3135 41.2136 19.4441 23.4265 42.2504 19.2328 24.3436 42.0727 19.7299 22.4427 43.2848 19.9419 21.8578 43.0238 20.1991 21.1945 43.3081 19.7165 22.5141 44.369 19.9533 21.8435 44.1487 20.1905 21.2202 44.6903 19.4713 23.3752 43.3171 19.2366 24.4199 43.0972 19.4671 23.4172 44.5808 19.2485 24.3897 44.3588 21.5934 18.5229 45.366 21.9995 17.9072 45.2964 22.4144 17.2993 45.375 21.584 18.5693 46.6039 21.9405 18.0353 46.4204 22.3534 17.4374 46.6237 22.8538 16.7574 45.27 22.8697 16.8187 46.5053 21.202 19.198 45.5122 20.5085 20.4869 45.7387 20.8595 19.8216 45.6451 21.2063 19.2213 46.7916 20.4879 20.5551 46.7852 20.8507 19.8727 46.9005 21.6574 18.5321 47.6326 22.0017 17.9888 47.1569 22.3808 17.4878 47.7183 22.0542 18.0183 48.0207 22.8212 16.9607 47.529 22.5496 17.4573 48.646 22.9418 16.9495 48.2599 22.1667 18.0317 48.8493 21.248 19.2365 47.8131 20.5354 20.5685 47.7393 20.9068 19.8721 47.9185 21.2858 19.3422 48.7468 21.7236 18.6167 48.6556 20.6478 20.5337 48.7271 20.9551 19.9169 48.6229 19.6872 22.6311 45.7535 19.945 21.8806 45.7356 20.2027 21.1868 45.9464 19.7441 22.5158 46.8795 19.9583 21.8859 46.8024 20.1829 21.2858 46.9158 19.4699 23.4163 45.7798 19.2813 24.2483 45.7437 19.4859 23.421 46.707 19.2701 24.3741 46.8471 19.8067 22.4755 47.7822 19.9786 21.9185 47.4574 20.1914 21.3829 47.7891 20.0188 21.9672 48.1245 19.5419 23.3835 47.7054 19.3016 24.3863 47.8179 19.5712 23.5675 48.75 19.8366 22.633 48.6414 20.0883 21.9659 48.8569 19.3134 24.5753 48.7423 20.2967 21.3028 48.5948 19.0285 25.039 40.7778 19.0689 25.0417 41.4648 18.788 26.5414 41.3263 18.9294 25.719 41.2806 19.0764 25.1688 42.2191 18.8268 26.5791 42.1897 18.9521 25.8487 42.1658 18.64 27.478 41.3712 18.4974 28.4684 41.4172 18.681 27.4889 42.2461 18.5335 28.4821 42.2898 19.0718 25.29 43.0407 18.8496 26.5902 43.0972 18.9681 25.889 43.0891 19.0827 25.2697 44.1622 18.8587 26.5871 44.2077 18.9654 25.948 44.0506 18.709 27.4813 43.1642 18.5602 28.4775 43.2109 18.7188 27.4793 44.2892 18.5668 28.4914 44.3422 18.3579 29.4835 41.4626 18.2314 30.3971 41.5865 18.3911 29.4889 42.3472 18.2445 30.4846 42.3908 17.9163 32.5811 41.4765 17.9973 31.9774 41.0645 18.0959 31.3225 41.5162 18.0064 31.9833 41.9079 18.1128 31.35 42.4703 18.0228 31.9609 42.6183 18.405 29.5573 43.3223 18.2456 30.6193 43.2472 18.421 29.4981 44.5576 18.2719 30.5023 44.3418 18.1157 31.4463 43.2016 18.0248 32.0515 43.3232 18.1364 31.3799 44.1175 18.0329 32.0659 44.3219 19.1029 25.1743 45.7648 18.8506 26.644 45.7031 18.9764 25.8965 45.3588 19.111 25.1788 46.9798 18.8506 26.6331 46.9591 18.9828 25.8749 46.7465 18.6986 27.6045 45.5093 18.5589 28.5247 45.6179 18.6996 27.5554 46.5599 18.5321 28.6276 46.5605 19.1107 25.2997 47.8612 18.87 26.5637 47.8792 18.9719 25.9969 47.6499 19.1223 25.4372 48.7142 18.8855 26.6232 48.6604 18.9985 25.972 48.246 18.7123 27.4689 47.8611 18.5431 28.494 47.5484 18.7434 27.4151 48.9003 18.5791 28.3382 48.8069 18.4274 29.4206 45.7528 18.291 30.3497 45.6287 18.3891 29.5944 46.4737 18.2537 30.5061 46.5437 18.1417 31.3451 45.5585 18.0217 32.1467 45.7024 18.119 31.4302 46.6145 18.0241 32.091 46.5755 18.3773 29.5651 47.3793 18.2227 30.6086 47.4254 18.4082 29.3873 48.8319 18.2502 30.4088 48.7302 18.0992 31.4779 47.4766 18.0167 32.0815 47.2566 18.1241 31.2899 48.6322 18.0258 32.033 48.6855 24.0501 16.0953 48.9425 28.0826 14.0978 48.8524 25.417 15.35 49.5883 25.9309 14.9864 49.0957 26.5262 14.7852 49.4764 24.203 16.2085 49.7694 24.7189 15.7333 49.4162 26.0679 15.12 49.9242 24.4179 16.3438 50.6396 24.8788 15.8774 50.212 25.4971 15.585 50.5591 26.2801 15.2438 50.7702 27.4077 14.4551 49.5595 28.3351 14.1797 49.6274 26.7875 14.8773 50.2705 27.4273 14.7 50.5798 28.3577 14.4153 50.6025 25.0327 16.0597 50.9877 25.2029 16.2388 51.7193 25.7365 15.7584 51.4153 26.502 15.4494 51.6798 25.4626 16.4845 52.5208 25.9223 15.9793 52.0914 26.546 15.795 52.4518 26.9736 15.0395 51.0405 27.2685 15.1473 51.7289 27.6924 14.8337 51.2919 28.3898 14.7106 51.551 27.9649 15.051 52.0116 27.3247 15.4664 52.4831 28.253 15.271 52.6968 28.8395 13.9558 49.1115 29.5267 13.8556 49.3727 30.2613 13.7673 49.5668 29.0501 14.0816 49.9194 29.3879 14.1753 50.6139 29.7726 13.9672 50.0372 30.4081 13.9269 50.2981 31.0746 13.6849 49.5642 32.093 13.6369 49.5659 31.3745 13.8617 50.4273 32.4397 13.8252 50.4497 30.152 14.1431 50.9378 30.9797 14.0619 50.9804 31.2991 14.2256 51.6062 31.8156 14.0213 51.0464 32.3274 14.008 51.0714 32.3524 14.2453 51.7722 29.2905 14.4706 51.4869 30.3363 14.378 51.7193 28.719 14.8991 52.1784 29.5074 14.7725 52.3113 30.3312 14.7294 52.5302 31.274 14.5817 52.4457 32.3807 14.5897 52.5904 26.1779 16.2214 52.8209 26.4786 16.4986 53.516 26.9197 15.998 53.0506 27.5978 15.7926 53.2166 28.4803 15.6395 53.4577 27.2831 16.2676 53.7414 28.0614 16.1076 53.919 29.1598 15.1506 52.8998 29.9638 15.0498 52.9939 29.428 15.4756 53.5955 30.298 15.2898 53.5509 28.3677 16.4547 54.5515 28.8255 15.9706 54.0663 29.4362 15.8649 54.158 30.2906 15.76 54.2419 30.707 14.9703 53.0571 31.284 14.9278 53.1057 32.0981 14.9073 53.1514 31.1663 15.2647 53.6749 32.2845 15.2405 53.7238 31.2913 15.656 54.2821 32.3639 15.6751 54.3645 29.3211 16.2717 54.6622 30.1865 16.2272 54.8389 31.1627 16.1052 54.8505 32.467 16.1387 54.9534 23.0506 17.0236 49.0051 23.2017 17.1001 49.7673 23.6055 16.6075 49.5216 22.1972 18.2615 49.7001 22.6842 17.6019 49.6118 23.2784 17.3492 50.5758 23.795 16.7786 50.3918 22.3478 18.4473 50.6446 22.7474 17.8756 50.4297 21.3654 19.4635 49.6598 21.7405 18.8383 49.5048 20.7826 20.5226 49.591 21.0119 19.9695 49.153 21.5801 19.4869 50.5845 21.8907 18.9066 50.2402 21.1052 20.0602 49.958 21.2218 20.1969 50.7716 23.5244 17.5333 51.4605 23.9476 16.9661 51.0804 24.5245 16.6219 51.4647 22.6175 18.5323 51.4703 22.9632 17.9655 51.0852 24.1435 17.1747 51.8476 23.1647 18.1468 51.8514 23.3884 18.3923 52.669 23.7684 17.7793 52.2882 24.3958 17.4167 52.6501 22.0533 19.0313 50.999 21.3587 20.4285 51.6084 21.7277 19.7098 51.4272 22.2184 19.1912 51.7375 21.6359 20.553 52.4614 21.9202 19.8973 52.1382 22.4425 19.4356 52.5922 22.8043 18.792 52.2637 19.6829 23.5779 49.7755 19.8646 22.8579 49.4825 20.128 22.1784 49.7243 19.4363 24.457 49.6973 19.8309 23.5354 50.5719 19.9663 22.9076 50.1815 20.2105 22.4042 50.6341 19.5875 24.447 50.6908 20.0735 23.0586 50.9664 19.765 24.4638 51.6183 19.8985 23.8041 51.2928 20.1472 23.3325 51.7175 20.0307 23.9872 52.0488 20.4216 21.331 49.6063 20.5207 21.5854 50.6494 20.8313 20.7861 50.4232 20.7706 21.5484 51.5065 20.9639 20.9268 51.1305 20.4321 22.4462 51.6176 21.1338 21.0968 51.9096 21.2927 21.3435 52.6752 20.7025 22.4921 52.5432 20.8868 21.8329 52.2107 20.3827 23.4017 52.6355 20.1247 24.2846 52.7485 24.016 18.0236 53.0037 22.1351 20.1134 52.8924 23.0296 19.0348 52.9876 23.254 19.2624 53.6774 23.6487 18.6573 53.4353 24.248 18.2613 53.681 22.3275 20.395 53.6414 22.7033 19.7083 53.4084 23.5398 19.5522 54.4333 23.916 18.923 54.0919 24.5671 18.5642 54.4275 22.6651 20.5896 54.4165 22.9523 19.9498 54.0658 24.2075 19.2144 54.7857 23.2282 20.2199 54.7802 23.5286 20.5412 55.4666 23.8696 19.873 55.1279 24.549 19.5413 55.4661 24.1992 20.2065 55.7834 21.5822 21.5003 53.5126 21.8347 20.8206 53.2052 21.0884 22.0372 52.9724 21.2681 22.309 53.7005 22.0878 21.061 53.9466 21.5887 22.4977 54.5017 21.8144 21.7798 54.2207 22.311 21.3507 54.6539 20.6925 23.4766 53.5379 20.8546 22.7827 53.2336 20.4058 24.3993 53.619 21.0898 23.0351 53.97 21.3037 23.3351 54.6629 20.7623 24.525 54.4744 20.8827 23.7996 54.1828 22.0975 22.0639 54.9333 22.6795 21.5981 55.4086 22.9272 20.9207 55.0806 22.352 22.3731 55.5892 23.2393 21.236 55.7598 23.5679 21.5726 56.3587 23.8963 20.8989 56.0965 24.542 20.5596 56.3839 22.7713 22.6083 56.2374 22.989 21.9609 56.0143 21.6705 23.5696 55.4311 21.8533 22.8118 55.164 21.1498 24.1155 54.8993 21.4025 24.4433 55.5231 22.1763 23.1498 55.8555 21.7851 24.6075 56.0998 21.9816 23.9314 56.0258 22.5146 23.5002 56.4835 24.7997 16.8289 52.2261 25.0635 17.0818 52.9403 25.3543 17.3142 53.6381 25.7436 16.7774 53.2495 24.6787 17.6925 53.4241 26.0559 17.0845 53.9309 24.941 17.9717 54.0548 25.5645 17.6887 54.3214 26.3564 17.4172 54.6 26.7726 16.8537 54.177 27.5164 16.6473 54.3839 25.3064 18.256 54.7555 25.9843 18.021 54.985 27.2241 17.1827 54.8531 27.955 17.0089 54.9937 26.3089 18.3936 55.6145 26.6978 17.7879 55.2227 27.5076 17.6072 55.4757 28.3257 17.3559 55.5618 27.1348 18.1662 55.8368 27.5248 18.5369 56.379 27.9241 17.9863 56.0135 28.6058 17.8461 56.1503 24.8948 18.9152 55.091 25.5466 18.6487 55.3624 25.3001 19.2419 55.7648 25.9845 19.02 55.9873 24.9 19.9237 56.0764 25.5559 19.6786 56.3371 26.3688 19.4146 56.5815 26.7072 18.7913 56.2061 28.6885 16.8489 55.1275 29.4558 16.697 55.2154 30.281 16.6495 55.3764 29.2961 17.2105 55.7311 30.2733 17.1248 55.8864 29.4976 17.7037 56.2932 30.4119 17.5981 56.4108 31.3003 16.6045 55.4847 32.4931 16.6004 55.5326 31.2288 17.1265 56.0358 32.3716 17.0384 55.9951 31.3055 17.5827 56.5297 32.3624 17.5117 56.5043 19.2121 25.3551 49.5933 19.0254 26.0409 49.0255 19.079 26.1256 49.8665 19.324 25.4681 50.6285 19.1298 26.3981 50.6687 18.7684 27.5822 49.6945 18.9167 26.7518 49.5346 18.605 28.4975 49.7875 18.8533 27.65 50.518 18.967 26.9089 50.2141 18.6942 28.5828 50.7359 19.5269 25.4111 51.6721 19.2856 26.4503 51.6364 19.7492 25.4408 52.5967 19.8643 24.732 52.3193 19.5361 26.4043 52.6336 19.0454 27.0767 50.9734 19.1146 27.3609 51.7154 18.8568 28.5022 51.5641 18.9345 27.8317 51.2548 19.3156 27.4522 52.6161 19.0504 28.0521 51.9954 19.1397 28.4656 52.6581 18.4474 29.4539 49.9771 18.2832 30.42 49.8387 18.5331 29.5372 50.8543 18.3804 30.4354 50.7857 18.1448 31.3516 49.6837 18.0555 32.1343 49.844 18.2335 31.4492 50.709 18.1128 32.4476 50.6592 18.7053 29.3416 51.5878 18.574 30.3434 51.7278 18.8771 29.5054 52.3757 18.9388 28.7964 52.1076 18.8002 30.3362 52.5779 18.4262 31.3436 51.6709 18.3164 32.347 51.6091 18.6811 31.2436 52.548 18.5954 32.2259 52.5277 20.0339 24.9734 53.0387 19.8095 26.5045 53.5 19.8901 25.7481 53.2262 20.1719 25.314 53.6895 20.1016 26.0906 53.9412 19.6194 27.3404 53.4626 19.448 28.375 53.5074 19.8551 27.6368 54.113 19.9868 26.9125 54.0786 20.2994 26.4631 54.5659 19.7944 28.5064 54.3321 20.2337 27.4645 54.8048 20.1144 28.376 54.8997 20.5142 25.441 54.5078 20.873 25.5196 55.1641 20.987 24.9041 55.0506 20.7332 26.4318 55.291 21.2525 25.3962 55.6996 21.7292 25.4752 56.3551 21.2044 26.2785 55.9264 21.59 26.5075 56.5224 20.6617 27.456 55.5365 20.4661 28.4338 55.5397 21.0674 27.0574 55.9727 21.3841 27.437 56.5321 20.8713 28.5162 56.1336 20.9581 27.8614 56.0608 19.1206 29.2293 52.9995 19.3641 29.4187 53.7497 19.0316 29.9355 53.0524 19.1928 30.3018 53.6563 19.723 29.4211 54.5289 19.5513 30.3659 54.4686 18.9143 31.3077 53.2072 18.9588 30.6578 53.1376 18.8698 32.066 53.2377 19.1738 31.2569 53.8372 19.5103 31.3303 54.6045 19.0869 32.2676 53.7893 19.3811 32.219 54.4514 20.0471 29.0398 54.9901 19.9093 30.4029 55.1284 19.9638 29.7965 55.0601 20.2921 29.3901 55.539 20.2614 30.2752 55.6916 19.8801 31.1938 55.2328 19.7596 32.2407 55.1406 20.2548 31.1401 55.8418 20.1516 32.173 55.7806 20.7456 29.356 56.1854 20.6992 30.3252 56.3487 20.6632 31.3103 56.4709 20.5525 32.3698 56.4106 24.2854 21.2908 56.7496 23.381 22.3232 56.6864 24.0098 21.9944 56.9743 22.287 24.4323 56.6415 23.1171 23.1124 56.8538 23.4999 23.505 57.4019 23.7699 22.7172 57.2179 24.4245 22.4321 57.5516 22.8019 24.6173 57.2153 22.9349 23.8944 57.0458 24.1801 23.2646 57.7845 23.4056 24.3455 57.6645 24.0121 23.9918 57.9552 28.3534 18.4499 56.6308 25.2908 20.3501 56.7278 26.0538 20.0758 56.924 27.2513 19.1731 56.7977 27.9981 19.0295 56.9713 26.4907 20.5029 57.492 26.8001 19.8514 57.1275 27.5561 19.6558 57.3206 28.4198 19.4832 57.5174 27.3201 20.3002 57.7045 28.1119 20.1189 57.8638 29.3034 18.2799 56.7775 30.2587 18.1263 56.8658 31.204 18.064 56.9493 32.3277 18.0311 56.9731 28.7391 18.8933 57.1313 29.4745 18.813 57.2896 30.2665 18.6477 57.3309 29.3408 19.373 57.707 30.2565 19.2334 57.7936 28.522 20.5844 58.3264 28.8798 19.9713 57.9998 29.4431 19.8848 58.1053 30.2333 19.8377 58.2336 31.1833 18.5663 57.3969 32.3115 18.5405 57.4323 31.1618 19.1415 57.842 32.1409 19.057 57.8298 31.1936 19.7082 58.2694 32.2875 19.568 58.2197 29.4408 20.4444 58.4913 30.3067 20.4858 58.6875 31.1672 20.3523 58.7075 32.2959 20.2026 58.6574 24.9756 20.9953 56.9888 25.4039 21.4178 57.5581 25.6856 20.7379 57.248 24.6741 21.6727 57.277 26.1824 21.1795 57.7986 25.1493 22.1512 57.8229 25.5951 22.5918 58.3038 25.8942 21.8978 58.0708 26.6149 21.6188 58.2741 26.9431 20.973 57.9945 27.642 20.8183 58.1767 24.7062 23.5944 58.2631 24.912 22.8984 58.0574 24.4618 24.4317 58.4326 26.4343 22.4151 58.6209 27.4269 21.4661 58.5166 28.2851 21.3325 58.7149 27.2346 22.1557 58.8133 27.97 22.0053 58.9704 25.4481 23.4408 58.6118 26.1454 23.1485 58.8184 25.1872 24.2639 58.7812 25.7685 24.6295 59.2043 25.9368 23.9257 59.0213 26.5578 23.5683 59.1831 26.5486 24.3845 59.4856 26.9038 22.92 59.0338 27.5938 22.7407 59.2236 28.4351 22.5216 59.3764 27.3612 23.5525 59.4935 28.3051 23.3475 59.7042 27.3489 24.3624 59.7937 28.0491 24.0631 59.9035 29.1809 21.1315 58.8361 29.99 21.0327 58.9407 28.7261 21.8475 59.113 29.5282 21.7136 59.2397 30.3349 21.5056 59.2834 29.3594 22.43 59.5639 30.3292 22.3052 59.6846 30.733 20.9597 59.0193 31.2832 20.9082 59.0565 32.2508 20.8351 59.0485 31.1896 21.5138 59.3977 32.2909 21.4806 59.4365 31.3444 22.2629 59.7853 32.4388 22.145 59.7757 29.1789 23.1373 59.8341 29.9874 23.0137 59.9368 28.455 24.5266 60.2068 28.8129 23.8811 60.0458 29.5372 23.7535 60.1688 30.3222 23.5186 60.2168 30.7397 22.9197 60.0129 31.4043 22.9396 60.0953 32.3364 22.7441 60.0473 29.2465 24.5409 60.407 30.2781 24.4423 60.5502 31.1139 23.5726 60.3391 32.2536 23.4793 60.3603 31.3048 24.302 60.6173 32.368 24.3471 60.6703 22.233 25.2913 56.8677 22.085 26.1056 56.9462 22.6383 25.5454 57.368 22.4897 26.5218 57.5084 23.2106 25.2597 57.7839 23.711 25.5945 58.2782 23.8623 24.7663 58.1316 23.069 26.1197 57.9017 23.5049 26.5355 58.3876 21.8147 27.6449 57.0658 21.9671 26.9171 57.0442 21.2824 28.4204 56.6554 21.7925 28.5231 57.2618 22.3657 27.5508 57.6352 22.2976 28.5336 57.7916 22.9459 27.64 58.1758 22.9634 26.9349 58.0218 22.7865 28.4711 58.2245 24.3877 25.3538 58.6762 24.1818 26.2797 58.7855 23.4823 27.4609 58.5975 24.0629 27.109 58.9051 23.3653 28.4196 58.7058 23.8827 28.5257 59.0994 23.9629 27.9042 59.0193 24.5578 27.5598 59.3379 24.4391 28.5295 59.4775 21.2054 29.3905 56.7922 21.6504 29.54 57.351 21.1285 30.3366 56.8983 21.5729 30.4567 57.4558 22.1204 29.3118 57.7837 22.0845 30.1702 57.9113 22.6249 29.4553 58.2955 22.5508 30.4547 58.4111 21.1381 31.2571 57.0527 21.5907 31.3111 57.5985 21.0094 32.3635 56.9712 21.4974 32.228 57.5587 22.0272 31.0025 57.9731 22.0352 32.3974 58.0955 21.995 31.7831 58.017 22.4173 31.3286 58.405 23.2254 29.3833 58.7771 23.8361 29.3804 59.2257 23.0781 30.2547 58.8054 23.6441 30.4116 59.2561 24.4902 29.4559 59.6753 24.3401 30.3437 59.708 22.5304 32.1898 58.572 23.0159 31.215 58.8722 23.5399 31.3665 59.3009 23.0703 32.1239 58.9904 23.5569 32.2395 59.3847 24.1973 31.3645 59.7319 24.1389 32.3504 59.7751 25.0294 25.0201 58.9335 25.5364 25.4953 59.3603 24.745 26.6325 59.2235 24.8815 25.818 59.0871 26.3446 25.3414 59.6992 25.432 26.4221 59.5556 26.1287 26.2286 59.8368 27.0572 25.0675 59.9029 27.5043 25.5078 60.2196 27.8025 24.8223 60.099 26.7262 26.6124 60.2011 26.8734 25.8541 60.0598 25.3337 27.3357 59.7137 26.0024 27.0047 59.9565 25.1571 28.2554 59.8122 25.7621 28.6118 60.1873 25.878 27.8014 60.0752 26.4756 27.4321 60.2833 25.0563 29.0971 59.914 25.5226 29.4836 60.2305 24.9242 30.4699 60.0508 24.9809 29.9057 60.0003 24.8522 31.2146 60.0975 24.7568 32.21 60.1336 28.4044 25.4665 60.4964 27.5464 26.3997 60.4755 28.4542 26.4942 60.7902 26.5433 28.3809 60.5066 27.2822 27.4445 60.6195 28.0571 27.2413 60.8416 27.3498 28.3654 60.8228 27.9775 27.9881 60.9544 29.4247 25.3261 60.6986 30.2661 25.3546 60.8418 29.171 26.0754 60.8589 29.9243 25.9959 60.9631 31.2015 25.1021 60.8557 32.4451 25.1278 60.901 30.2617 26.4874 61.1548 30.6446 25.876 61.0314 31.3893 25.7276 61.0482 32.4712 25.7857 61.0818 31.2195 26.4948 61.2414 32.518 26.5523 61.2786 28.6738 27.5346 61.0815 28.951 26.9865 61.0244 29.4478 26.7056 61.0764 28.442 28.3927 61.1785 29.3607 27.4463 61.231 30.221 27.3824 61.3538 29.2963 28.3651 61.3772 30.2535 28.4097 61.5459 31.3522 27.4908 61.4689 32.7717 27.4429 61.4774 31.2612 28.5759 61.6659 32.5668 28.4116 61.6594 26.3157 29.4499 60.5939 25.5814 30.4337 60.3953 26.4029 30.4046 60.7646 27.1126 29.223 60.8697 27.7213 29.5855 61.1371 27.848 28.783 61.0534 27.0092 30.0364 60.943 27.4911 30.4186 61.1764 28.4783 29.2937 61.3254 28.3647 30.3357 61.4294 25.4821 31.4885 60.4665 26.2605 31.3189 60.8007 25.4432 32.4221 60.5298 26.1521 32.2541 60.8383 26.9323 31.5215 61.0889 26.9293 30.8347 61.0126 26.7975 32.291 61.1074 27.5615 31.2417 61.2934 28.4105 31.3449 61.5528 27.5342 32.1598 61.3682 28.4594 32.3577 61.6472 29.3273 29.4065 61.5392 30.2511 29.4335 61.7021 29.3253 30.4025 61.6686 30.2691 30.4174 61.838 31.2315 29.5606 61.8149 32.4939 29.3931 61.8162 31.2326 30.3702 61.9269 32.3693 30.2464 61.9342 29.3637 31.3968 61.7845 30.2922 31.2918 61.9386 29.419 32.3719 61.8751 30.0214 31.9869 61.9519 30.9479 30.9593 61.9706 31.3801 31.5387 62.0628 31.6825 30.9034 62.0077 32.472 30.8725 62.0136 30.3961 32.5142 62.054 30.696 31.8 62.0329 32.5693 31.5104 62.0826 31.2877 32.4393 62.1377 32.4083 32.3851 62.1609 32.5705 8.99627 33.0572 33.1994 8.99717 33.0436 33.6572 9.48626 33.4114 34.039 10.035 33.0546 32.4972 10.3458 34.6617 32.5037 9.83659 34.1753 33.3082 9.82202 34.1586 33.8776 10.2423 33.7795 34.211 10.6623 33.2076 33.6133 10.367 34.6061 34.0183 10.9667 33.9932 34.4014 11.5072 33.4865 33.8932 11.1636 34.7006 34.2079 11.7906 34.2672 34.9008 12.1038 32.9324 34.7153 12.4095 33.6392 34.4694 12.5608 34.4526 32.4706 10.7486 35.4018 33.4011 10.7103 35.3721 33.7997 11.3834 35.5857 34.0642 11.946 35.0485 32.5124 11.5222 36.3866 32.7507 10.9846 35.9388 33.2486 11.0839 36.0574 33.512 11.5643 36.45 33.9478 12.1005 35.8623 34.2882 12.6652 35.3658 33.8598 12.2441 36.6835 35.1687 12.8727 33.223 35.4888 13.5302 33.5836 36.0966 13.87 33.2378 34.991 13.0567 33.9603 34.8141 13.1886 34.6838 35.312 13.6938 34.4093 35.9539 14.0467 33.9972 36.5939 14.3476 33.6341 35.77 14.2096 34.7353 36.4301 14.6363 34.6294 34.1795 12.8262 36.2845 34.669 13.4106 35.6016 35.1464 13.8378 35.1904 35.4654 14.3968 35.5683 34.4902 13.5136 36.4787 34.9884 14.0142 35.9677 34.8507 14.144 36.6635 36.0848 14.7485 35.3804 35.3467 14.6818 36.3324 35.9443 14.9623 35.992 37.3957 14.725 33.5941 38.095 14.8997 33.2853 37.1428 14.8281 34.2947 37.9128 15.0406 33.9977 38.5964 15.172 33.6661 37.6513 15.2039 34.7401 38.533 15.3975 34.4394 39.5358 15.4703 33.6464 40.4833 15.7817 33.6171 39.4026 15.6822 34.574 40.2823 15.8695 34.3939 36.9998 15.0391 34.9777 36.6316 15.179 35.5792 37.4802 15.4851 35.5358 38.4245 15.6609 35.2549 36.2892 15.4513 36.3045 37.1512 15.7299 36.2975 38.409 15.8293 36.3319 39.3692 15.8815 35.4542 40.0361 15.9445 35.0292 39.608 15.8931 36.7121 40.0811 16.0301 35.6905 40.7004 16.1182 35.314 39.9102 16.0058 36.2014 32.5289 12.4257 37.4119 32.7234 11.8614 36.9774 33.3594 11.9716 37.1181 33.612 12.4627 37.5349 34.0745 12.9344 37.0902 32.2177 13.2788 38.5098 32.7481 12.7651 38.2969 33.6735 12.7568 38.2977 34.0237 13.0451 37.8281 34.3676 13.6112 37.4442 34.0016 13.0741 38.3072 34.3254 13.5957 38.56 34.7571 14.4228 37.4409 34.6286 14.4496 38.3458 35.1546 14.8337 37.0954 35.7281 15.214 36.6931 35.4794 15.4362 37.4735 36.2731 15.7594 37.1438 35.006 14.9986 37.8459 34.9364 15.0623 38.3696 35.2918 15.5383 38.3791 36.2198 15.8543 38.3316 32.6671 12.8724 39.6765 33.604 12.8466 39.4786 34.0078 13.0749 39.0245 34.3664 13.3893 39.769 33.6042 12.7391 40.4669 34.0749 12.9286 40.0824 34.4296 12.8434 40.7065 34.6658 14.3682 39.5255 34.7595 13.3397 40.4364 34.8799 14.1549 40.2248 34.9472 15.0525 39.264 35.4162 15.5378 39.5352 36.3161 15.7761 39.852 35.0864 14.9046 39.9868 35.3398 14.5636 40.6544 35.5973 15.2942 40.3512 36.3564 15.4321 40.6387 37.4031 15.884 37.2501 38.5022 15.789 37.518 37.7078 15.9215 38.2381 38.5847 15.7415 38.7581 39.4119 15.6694 37.4916 40.7876 16.1188 36.3596 40.6356 15.9308 36.9096 40.6582 15.7254 37.4983 39.3602 15.4957 38.6303 40.5426 15.5242 38.4866 36.9242 15.9892 38.7478 37.6514 16.0044 38.8894 36.8484 15.9642 39.2569 38.0599 15.9561 38.8174 37.8144 15.9573 39.3176 37.6201 15.8226 39.8651 37.5869 15.4866 40.5614 38.1658 15.9141 39.1422 38.4553 15.6346 39.8366 38.5154 15.2067 40.5387 39.2736 15.3238 39.6156 40.6672 15.2966 39.5258 40.1498 14.9944 40.0402 39.6364 15.0143 40.0494 39.0204 15.1364 40.1343 39.3764 14.7901 40.56 40.5673 14.6977 40.6127 41.0682 15.9752 33.2606 41.5981 16.2422 33.6462 40.9956 16.0484 33.9617 40.9764 16.1338 34.6256 41.5793 16.3246 36.6821 41.065 16.0115 36.9622 41.2619 15.9529 37.4572 41.7444 16.2835 37.5204 41.2966 15.802 38.6405 41.8308 16.3028 38.5726 41.5949 15.5777 39.569 41.9201 16.1322 39.2304 40.9892 15.0002 40.1215 41.7793 15.1933 40.1976 42.5483 16.4769 39.5381 42.2291 15.8051 39.8468 42.5383 15.54 40.4272 42.8476 16.1506 40.1153 33.6977 12.5303 41.31 34.7484 12.5672 41.3036 33.3947 12.4218 42.4342 34.8163 12.4245 42.3085 35.2155 13.5816 40.8066 35.0616 12.9846 40.9802 35.3986 12.6974 41.5447 35.6742 13.2932 41.2726 35.8058 14.1129 41.1018 35.7714 12.4771 42.276 36.3202 13.485 41.6048 36.1342 12.8586 41.8211 36.5421 12.5969 42.4619 36.431 14.4286 41.3213 36.0258 14.875 40.8858 33.3815 12.4812 43.819 34.5683 12.4556 43.6525 33.3939 12.6537 44.6104 34.3686 12.6387 44.604 35.8424 12.4744 43.5908 36.8162 12.5584 43.5256 35.6967 12.65 44.597 36.7854 12.691 44.4484 36.875 13.056 42.0077 37.4573 14.5058 41.4602 37.1375 13.7472 41.7496 37.5403 13.2303 42.0504 38.4523 14.5189 41.4041 38.4685 13.8102 41.8249 38.5419 13.1825 42.1857 39.4654 14.3445 41.3168 39.7505 13.8838 41.8128 39.6716 13.3817 42.4178 40.7949 14.3127 41.4435 40.426 13.8658 41.9393 40.5954 13.7222 42.4391 36.8381 15.0364 41.0259 37.5783 15.0481 41.0581 38.0987 14.9805 41.0359 38.8014 14.8045 40.9289 37.472 12.7459 42.5208 37.6857 12.6936 43.6044 38.4615 12.8445 42.738 38.5479 12.8583 43.6117 37.6074 12.8438 44.5131 38.2351 12.9307 44.2194 39.0935 13.025 42.6231 39.1491 13.0153 43.2386 39.6768 13.2904 43.739 40.4568 13.6692 43.5703 38.9718 13.0921 44.0091 38.6867 13.1852 44.641 39.4828 13.4868 44.6175 40.1922 13.7706 44.3719 33.4676 12.8541 45.33 34.8166 12.8363 45.2886 33.1656 13.0075 45.9448 34.7174 13.0136 45.9546 33.3775 13.144 46.5639 34.7591 13.1797 46.6841 35.8174 12.8956 45.402 36.5957 12.8783 45.1496 35.9135 13.0603 45.9587 36.8299 13.1025 45.7808 35.8105 13.2145 46.5793 36.6993 13.2768 46.47 33.6242 13.3045 47.5047 34.801 13.3555 47.6425 33.8959 13.4664 48.5418 34.8727 13.5302 48.6181 35.7475 13.4033 47.4903 36.7471 13.5052 47.3971 35.6819 13.5935 48.4888 36.5584 13.6983 48.405 37.2466 12.9628 45.1 37.9952 13.0805 44.9327 37.6995 13.1933 45.5581 38.6441 13.4438 45.5103 37.6876 13.4501 46.4705 38.5875 13.6796 46.4622 39.5065 13.7607 45.446 40.0912 13.9474 45.0692 39.2437 13.8683 46.2734 39.9604 14.0858 45.8703 40.5743 14.2928 45.4552 39.8429 14.2057 46.6788 40.6014 14.5111 46.4232 37.6516 13.6843 47.4758 38.4152 13.8322 47.2944 37.4165 13.8369 48.3206 38.1424 13.9583 48.0911 39.0822 13.9937 47.0349 39.5991 14.2815 47.5212 38.9039 14.1156 47.8358 38.6371 14.2108 48.5913 40.4143 14.6532 47.5468 39.5424 14.5092 48.5337 40.3421 14.8445 48.4578 40.957 14.0348 42.0096 41.4413 14.7942 40.7195 41.7179 14.6119 41.493 42.0528 15.0506 40.9318 42.6521 15.3112 41.2287 41.5549 14.2725 42.2972 42.2789 14.9209 41.6225 42.1268 14.7267 42.5002 43.3468 16.4986 40.4031 43.0406 15.9477 40.7943 43.0785 15.7939 41.4653 43.5555 16.4719 41.3618 42.6944 15.2895 42.4922 43.1629 15.9002 42.6491 43.5884 16.4832 42.7216 41.1106 13.955 42.3926 41.0946 13.966 43.2099 41.6188 14.3967 43.5134 41.0316 14.1216 43.9259 40.7986 14.1972 44.574 42.1937 14.9082 43.4212 41.5133 14.623 44.4157 42.056 14.9829 44.0631 42.6705 15.4186 43.5536 43.0752 15.9263 43.4769 43.4822 16.4619 43.5705 42.5304 15.4915 44.4222 43.0083 15.9664 44.066 43.3718 16.4399 44.4374 41.2853 14.7363 45.4532 41.9484 15.093 44.7909 41.8435 15.1555 45.5218 42.3933 15.5693 45.4674 41.1923 14.8659 46.4319 41.7632 15.2528 46.5234 42.3863 15.7163 46.487 42.9462 16.022 44.8292 42.8594 16.0456 45.6836 42.8493 16.1656 46.6368 41.0856 14.9467 47.1658 41.594 15.3376 47.6349 42.2308 15.7695 47.424 40.982 15.0695 47.9766 40.8551 15.2006 48.765 41.5514 15.5527 48.5812 42.1174 15.8894 48.2456 42.7746 16.294 47.679 42.5672 16.3653 48.6547 42.3176 16.6255 33.641 41.6984 16.4 34.4502 42.398 16.7771 34.45 42.936 17.0492 33.711 43.5587 17.4836 33.4889 43.9946 17.9696 32.8204 44.0846 18.0234 33.5015 42.8585 17.0945 34.6703 43.4742 17.4811 34.6431 44.0125 17.9611 34.5802 41.5749 16.422 35.4924 42.2757 16.8316 35.2984 42.1813 16.7976 36.6393 42.9225 17.2533 35.4216 43.5443 17.6659 35.4743 43.9403 17.9535 35.1386 42.7511 17.2391 36.3952 43.3815 17.7095 36.3489 43.9526 18.0706 35.8312 44.4116 18.3948 35.4452 43.9436 18.1829 36.5232 44.464 18.5796 36.318 44.5209 18.5225 33.2432 44.5255 18.4642 34.4916 44.8987 19.1594 33.1539 45.2332 19.706 33.2877 45.6103 20.3853 33.4358 44.944 19.0675 34.1824 45.3714 19.7027 34.249 45.7592 20.4163 34.2785 44.9107 18.9976 35.6295 45.348 19.5432 35.2839 45.7533 20.2323 35.1219 44.9223 19.0756 36.6441 45.3853 19.567 36.3507 45.8112 20.2132 36.1135 45.8778 21.0977 33.1776 46.0967 21.8469 32.7849 46.2191 21.6981 33.5399 45.9712 20.999 33.9493 46.2738 21.4796 34.3391 46.5053 22.5251 33.3438 46.6217 22.2825 34.3537 46.8099 23.3681 33.4347 46.8994 24.0527 33.0964 46.8556 23.0324 34.1717 47.1129 24.4921 33.5796 47.0254 23.916 33.8046 47.0807 23.6303 34.415 47.2292 24.3081 34.3037 46.0511 20.9186 34.6993 46.1066 20.8421 35.452 46.1795 20.8322 36.318 46.4505 21.5798 35.2345 46.7891 22.3773 35.2623 46.4677 21.4078 36.1223 46.7801 22.1693 36.2108 46.9442 22.9728 34.936 47.1433 23.4274 35.2498 47.3277 24.2473 35.1907 46.9994 22.895 35.6847 47.0016 22.8027 36.4574 47.2033 23.4514 36.2384 47.4087 24.3561 36.3705 42.1795 16.7398 37.7568 42.3138 16.7636 38.7779 42.7046 17.2334 37.7498 43.2804 17.7128 37.5183 43.8489 18.1701 37.4717 42.7636 17.2238 38.7401 43.2967 17.6436 38.7277 43.7864 18.0889 38.5574 44.4371 18.6509 37.3873 44.3677 18.5655 38.6799 42.9186 17.0895 39.2279 43.5601 17.4798 39.5306 43.9395 18.0513 39.1942 43.1882 16.8316 39.8235 43.8023 17.2035 40.355 44.4634 18.4837 39.5539 44.0928 17.9178 39.8479 44.2564 17.8553 40.4313 44.9486 19.1496 37.5029 45.4049 19.6093 37.3895 45.7858 20.1229 37.1433 44.8426 19.0338 38.5755 45.3191 19.508 38.6499 45.7983 20.1392 38.5533 44.6449 18.4961 40.2775 44.9232 19.0446 39.4018 45.4081 19.5905 39.5549 45.8325 20.2103 39.8315 44.9786 19.0235 40.0625 45.3764 19.5261 40.4242 45.7778 20.183 40.8228 46.1223 20.6583 37.291 46.2024 20.7918 38.7485 46.5065 21.4006 37.271 46.8206 22.2221 37.5713 46.5713 21.5472 38.701 46.8505 22.3516 38.6672 47.0406 22.9275 37.7306 47.2362 23.5738 37.5797 47.4033 24.3237 37.8732 47.0175 22.933 38.6198 47.1906 23.5556 38.6827 47.3699 24.3231 38.7526 46.1852 20.8192 39.8894 46.1091 20.8021 40.704 46.5013 21.4703 39.7589 46.7989 22.3145 39.5737 46.4331 21.4985 40.6922 46.7279 22.3163 40.5176 46.9921 22.9477 39.1635 47.1181 23.4939 39.5973 47.3131 24.366 39.6501 46.9565 22.9998 39.9553 46.9121 23.1042 40.7823 47.0982 23.7167 40.4342 47.2425 24.4578 40.6934 47.0623 25.4147 32.9059 46.9924 24.8153 32.9343 47.1879 25.2147 33.4684 47.0445 26.3154 32.699 47.2386 26.3325 33.5073 47.337 25.1578 34.2743 47.4171 26.1424 34.3983 47.0691 27.591 32.8421 47.2186 27.7228 33.4695 47.0371 28.4857 32.9201 47.2034 28.5626 33.6362 47.4015 27.5361 34.3241 47.3838 28.5066 34.4444 47.4688 25.2027 35.2393 47.542 26.3641 35.2761 47.5513 25.3511 36.2732 47.6189 26.3025 36.3169 47.5451 27.8224 35.2507 47.5005 28.7387 35.1714 47.6259 27.5295 36.1868 47.6022 28.6893 36.0537 47.0237 29.0671 33.0412 47.1224 29.4189 33.5274 46.9808 30.6785 33.0337 46.983 29.8109 33.0203 47.3032 29.4379 34.3226 47.1447 30.6792 33.6711 47.3179 30.6195 34.4896 47.0019 31.1045 32.9977 47.1741 31.6521 33.4129 47.3182 32.584 33.5529 47.369 31.677 34.3799 47.4928 32.7031 34.6164 47.4685 29.5886 35.2553 47.4613 30.73 35.3351 47.5791 29.6547 36.2094 47.5663 30.749 36.2783 47.5393 31.7813 35.3918 47.6692 32.5819 35.4497 47.6234 31.7061 36.3671 47.7913 32.4734 36.2656 47.5438 25.179 37.6566 47.6242 26.1383 37.5743 47.5023 25.0833 38.7421 47.5954 25.9956 38.7145 47.651 27.2859 37.3992 47.65 28.7049 37.2115 47.6357 27.0516 38.6861 47.649 28.4248 38.698 47.4813 25.3071 39.5592 47.5564 26.1952 39.6362 47.407 25.2772 40.4388 47.4937 26.2521 40.5639 47.5977 27.2903 39.6489 47.6159 28.4879 39.8008 47.5446 27.4008 40.6463 47.5789 28.5991 40.6909 47.6399 29.8482 37.211 47.6353 30.9052 37.1578 47.6599 29.7197 38.436 47.6794 30.8546 38.2024 47.6947 31.8165 37.2906 47.8498 32.5074 37.5173 47.7369 31.9169 38.2838 47.8414 32.7143 38.2579 47.6466 29.657 39.6433 47.6839 30.691 39.5803 47.6139 29.5411 40.5263 47.6548 30.4925 40.6607 47.7402 31.6885 39.4537 47.8197 32.675 39.2741 47.7198 31.4668 40.6874 47.8023 32.5041 40.702 43.9571 17.1232 41.3542 44.2909 17.6976 41.2911 43.9157 17.0189 42.5537 44.25 17.5729 42.473 43.8698 17.0328 43.392 44.2511 17.6253 43.3704 43.8341 17.0677 44.4182 44.2668 17.685 44.5017 44.6775 18.3693 41.1322 44.674 18.3062 42.4459 45.0215 18.9832 40.7751 45.0257 18.9358 41.5288 45.3926 19.5514 41.3537 45.7489 20.2269 41.7137 45.0319 18.9458 42.7836 45.3795 19.5804 42.4286 45.774 20.4032 42.5117 44.6778 18.3197 43.4755 44.6877 18.3431 44.6773 45.014 18.9413 43.6808 45.347 19.5825 43.4836 45.6812 20.3205 43.2987 45.0073 18.9512 44.841 45.3164 19.5686 44.6093 45.6655 20.4052 44.4169 46.0332 20.795 41.4572 46.0218 20.9194 42.1459 46.3277 21.4988 41.6018 46.6515 22.4293 41.5042 46.2151 21.4741 42.4829 46.5073 22.3607 42.5061 46.8858 23.3364 41.5897 47.0425 23.8421 41.2217 47.1422 24.4256 41.5655 46.7776 23.2722 42.3673 46.9855 23.96 41.9752 46.9186 23.9915 42.6378 45.9759 20.9864 42.8921 45.916 20.9726 43.5648 46.1743 21.6238 43.3569 45.9384 21.1608 44.3574 46.1336 21.7467 44.4186 46.409 22.3864 43.4754 46.3765 22.5268 44.439 46.6757 23.2975 43.3807 46.8926 24.2041 43.5108 46.6389 23.4739 44.5437 46.8676 24.3739 44.5021 43.3786 16.5534 45.5327 43.8455 17.1504 45.68 44.2659 17.7239 45.7438 43.3409 16.6545 46.6605 43.8058 17.2191 46.7318 44.2474 17.823 46.7965 43.3026 16.7984 47.5628 43.7341 17.3318 47.7062 44.1395 17.8516 47.6136 43.1398 16.868 48.4059 43.615 17.4588 48.6344 44.0507 17.927 48.2222 44.6902 18.378 45.8311 44.6974 18.482 46.7263 44.9988 18.9629 45.6904 45.2783 19.5507 45.768 45.6122 20.3833 45.634 44.98 18.9776 46.1902 45.1981 19.4949 46.6892 45.5126 20.2931 46.7066 44.5404 18.4615 47.6869 44.3388 18.4622 48.6093 44.9343 19.028 47.0097 44.8773 19.1179 47.7331 45.1647 19.7003 47.618 45.4963 20.5568 47.7088 44.7544 19.2201 48.6072 45.1131 19.9201 48.4332 45.321 20.5025 48.6338 45.8877 21.1595 45.429 46.1043 21.8638 45.5958 45.8268 21.1928 46.6342 46.046 21.8659 46.5592 46.3506 22.6649 45.5713 46.2345 22.5343 46.6665 46.5808 23.5238 45.6865 46.784 24.3085 45.4722 46.4747 23.438 46.6525 46.7022 24.4494 46.5739 45.7979 21.408 47.6403 46.005 21.9328 47.1757 45.6142 21.3177 48.6042 45.9349 22.036 47.9843 46.133 22.5226 47.6097 45.831 22.1103 48.778 46.0585 22.7556 48.4907 46.341 23.3938 47.6757 46.5548 24.4084 47.6105 46.2131 23.472 48.5899 46.3795 24.3949 48.6198 47.3117 25.2813 41.4374 47.4224 26.2789 41.5118 47.0887 24.6354 42.4039 47.2385 25.4197 42.4057 47.3474 26.3159 42.4867 47.4776 27.2466 41.6244 47.5265 28.4168 41.6156 47.4236 27.3629 42.5295 47.4739 28.4521 42.7036 47.0581 24.8739 43.2593 47.1715 25.4991 43.3954 47.2775 26.3641 43.5024 47.0072 24.9199 44.0622 47.1007 25.5528 44.4151 47.2061 26.4235 44.5235 47.3614 27.3863 43.5634 47.42 28.445 43.7462 47.2907 27.4185 44.5902 47.354 28.3644 44.7012 47.5812 29.6442 41.5015 47.6375 30.7471 41.5844 47.5357 29.5273 42.535 47.5928 30.5879 42.5224 47.7057 31.6795 41.5268 47.766 32.4658 41.7035 47.6634 31.6581 42.4604 47.745 32.6549 42.4198 47.4907 29.4981 43.5881 47.5532 30.5447 43.546 47.4317 29.4187 44.6605 47.509 30.5093 44.5903 47.62 31.5977 43.4892 47.7063 32.6524 43.3909 47.5813 31.5675 44.5531 47.6669 32.5857 44.4997 46.9634 25.0276 44.9197 46.9055 25.0877 45.7516 47.037 25.7475 45.428 47.1354 26.5658 45.4361 46.8808 25.4914 46.4977 47.0094 26.0263 45.9736 47.0416 26.5765 46.2473 47.2078 27.5437 45.6231 47.3046 28.5545 45.5182 47.1007 27.4588 46.5273 47.2068 28.5176 46.5353 46.7315 25.4609 47.5324 46.9231 26.254 46.8885 46.8515 26.4567 47.5877 46.5592 25.4477 48.5669 46.7199 26.5099 48.515 46.9887 26.997 47.0044 46.9243 27.2763 47.7436 47.051 27.7911 47.2216 47.1027 28.5114 47.5207 46.8444 27.471 48.5588 46.986 28.0199 47.9969 46.9234 28.268 48.7643 47.3615 29.3882 45.6803 47.4455 30.3528 45.5943 47.3119 29.5707 46.5015 47.3936 30.5133 46.5912 47.5308 31.4663 45.6725 47.6319 32.5377 45.6021 47.4804 31.5145 46.7724 47.5888 32.5132 46.6501 47.2155 29.5313 47.5273 47.3294 30.5801 47.5124 47.0534 28.7923 48.2463 47.1098 29.5008 48.5462 47.2277 30.5262 48.5537 47.4048 31.4084 47.7134 47.5164 32.362 47.6445 47.3545 31.5816 48.5319 47.4561 32.5074 48.6416 33.5929 13.6465 49.6019 34.7044 13.6839 49.496 33.7728 13.8638 50.5504 34.6945 13.8774 50.3297 35.5782 13.7682 49.4042 36.379 13.8779 49.3057 35.4603 13.9195 50.0956 36.0784 14.0104 50.0182 33.2612 14.0101 51.0797 33.9706 14.0216 51.032 34.7688 14.0839 51.0171 33.7804 14.1901 51.6038 35.7096 14.1495 50.7887 36.5791 14.242 50.5579 34.6743 14.3042 51.751 33.7456 14.5259 52.4363 34.8579 14.6128 52.4607 35.6285 14.4178 51.6774 36.6342 14.5351 51.4236 35.6498 14.7614 52.5169 36.4346 14.8192 52.2553 37.1161 13.9668 49.0727 37.9082 14.0946 48.8781 37.6231 14.208 49.5898 36.865 14.1142 49.8537 38.5854 14.463 49.5506 37.5831 14.4791 50.5351 38.519 14.7469 50.4956 39.492 14.7655 49.476 40.1149 14.9474 49.1367 39.1915 14.8949 50.189 39.934 15.1201 49.9216 40.6133 15.3317 49.6128 39.6924 15.276 50.6866 40.498 15.6004 50.5007 37.5034 14.7833 51.4667 38.2012 14.9002 51.1766 37.1464 14.955 52.1017 37.9299 15.1212 51.9317 38.6981 15.2744 51.685 37.6279 15.3305 52.6313 38.5248 15.591 52.5028 38.9682 15.0964 50.9611 39.5497 15.561 51.5413 40.2445 15.7985 51.2657 39.2797 15.7927 52.2496 40.0037 16.0465 51.9986 40.6907 16.2734 51.6919 39.7124 16.2618 52.6925 33.5919 14.9222 53.1751 34.5726 14.894 53.0348 33.6952 15.3156 53.8269 34.7699 15.278 53.6586 33.7074 15.7579 54.4525 34.7485 15.7292 54.3009 35.229 14.9882 53.0551 35.9961 15.0764 52.9702 36.7853 15.1927 52.8515 35.6664 15.3118 53.5304 36.5414 15.5209 53.5648 35.7353 15.7704 54.1622 36.5463 15.9049 54.1097 33.8231 16.1594 54.9467 34.7661 16.1675 54.8554 35.7086 16.2216 54.7612 36.6462 16.3053 54.6152 37.4263 15.6987 53.414 38.2158 15.8515 53.1649 37.0959 16.0172 54.0192 37.8656 16.1641 53.863 38.6686 16.3189 53.612 37.5538 16.5024 54.4985 38.9799 16.0707 52.9594 41.3333 15.6981 49.4293 41.9904 16.0425 49.0123 41.8435 16.1959 49.7529 41.1402 15.8752 50.1792 41.5856 16.3524 50.605 40.9451 16.0889 50.9477 40.4871 16.5929 52.4758 33.6897 16.5588 55.4496 34.6585 16.5754 55.3765 33.607 16.9844 55.9186 34.681 17.0466 55.8939 33.6921 17.4285 56.4018 34.7502 17.5501 56.4387 35.6408 16.715 55.3748 36.5071 16.7282 55.1697 35.7087 17.2198 55.9275 36.6734 17.2388 55.6978 35.6355 17.6741 56.436 36.491 17.7323 56.2778 38.428 16.7081 54.2937 39.4732 16.6197 53.4539 40.1768 16.8607 53.1633 39.128 16.9208 54.0939 39.8632 17.1635 53.8601 40.5988 17.4298 53.5869 39.5324 17.478 54.5305 40.2955 17.758 54.2667 37.2233 16.8994 55.0949 37.9609 17.0588 54.9373 38.7166 17.2385 54.7655 37.6259 17.4427 55.5531 38.4589 17.6438 55.36 37.2599 17.8676 56.1283 37.9908 18.0354 55.9622 38.7271 18.2129 55.7833 37.607 18.4484 56.5465 39.1929 17.8575 55.1475 39.9199 18.095 54.9082 40.668 18.3625 54.6439 39.5505 18.4552 55.5417 38.4459 18.6489 56.3342 40.3162 18.7224 55.2694 39.1646 18.8696 56.1184 39.8903 19.1128 55.8832 40.6358 19.3774 55.6078 39.4746 19.5166 56.4794 40.2282 19.7811 56.1892 42.4839 16.609 49.5 42.213 16.7748 50.3672 43.0139 16.9874 49.0751 43.3745 17.5292 49.4945 43.9195 18.0366 48.9806 43.7781 18.1848 49.7486 42.8487 17.1502 49.8686 42.6659 17.3338 50.6417 43.211 17.7961 50.3645 43.625 18.4374 50.584 44.2569 18.7231 49.4199 44.0919 18.9008 50.1419 41.4352 16.6523 51.4234 42.0289 16.9766 51.0499 41.1445 16.8781 52.1469 41.8197 17.2072 51.7932 42.4468 17.5552 51.4209 41.556 17.457 52.5527 42.1787 17.8235 52.197 43.0149 17.9793 51.0411 43.3267 18.5845 51.4032 42.7886 18.1898 51.7854 42.5419 18.4529 52.5485 43.8836 19.0898 50.9088 44.3567 19.5518 50.4602 43.7023 19.3433 51.6574 44.1667 19.8083 51.216 43.1105 18.8732 52.1313 43.3971 19.5341 52.4647 43.9349 20.0315 51.9697 44.4039 20.4997 51.505 43.7395 20.3113 52.6898 44.6253 19.4473 49.5716 44.9776 19.9653 49.0759 45.1962 20.658 49.3944 44.8434 20.1365 49.8606 44.6847 20.3667 50.641 44.1947 20.7627 52.2406 45.4662 21.5552 49.6237 45.771 22.4485 49.5182 45.0589 20.8841 50.1376 45.2112 21.5403 50.4858 45.5038 22.4716 50.5482 46.0006 23.0334 49.1048 45.8714 23.1607 49.8419 46.1021 23.6725 49.327 45.7795 23.5093 50.5529 46.0031 23.9185 49.9607 46.2132 24.4537 49.5116 46.0697 24.5758 50.2446 44.8754 21.081 50.9171 44.7077 21.34 51.6601 45.0839 21.8441 51.16 45.2231 22.5237 51.4709 44.4138 21.487 52.5119 44.8831 22.073 51.9262 44.7038 22.3436 52.6549 45.4899 23.4639 51.5197 45.8513 24.2753 50.9007 45.7029 24.5347 51.6816 45.0771 22.8458 52.1436 45.1941 23.5269 52.4379 45.4161 24.3567 52.4654 40.8781 17.148 52.8705 41.2775 17.7497 53.2873 41.9153 18.0884 52.9174 41.6442 18.3636 53.6526 40.9712 18.0473 53.9647 42.254 18.7301 53.2914 41.3431 18.6709 54.3398 41.9664 19.0297 53.9758 42.5836 19.4036 53.6019 41.6627 19.3329 54.6635 42.2747 19.6942 54.3025 42.8508 19.1317 52.866 43.1494 19.83 53.176 43.4141 20.5204 53.483 42.8677 20.1143 53.8887 42.5747 20.4126 54.587 40.9898 19.0211 54.9743 41.3135 19.6794 55.2935 41.9473 20.0444 54.9489 41.5967 20.3954 55.5884 40.9156 20.0862 55.9065 40.5109 20.4952 56.5012 43.9459 21.0185 52.9822 43.7324 21.3162 53.688 44.1906 21.7628 53.2316 43.1415 20.833 54.1654 43.3796 21.5509 54.4584 43.924 22.0462 53.9554 44.3975 22.5178 53.493 43.6844 22.3629 54.6175 44.1532 22.8219 54.1632 42.2231 20.7488 55.2272 41.1957 20.796 56.1759 41.854 21.157 55.8542 42.5008 21.5218 55.5017 41.4617 21.567 56.4621 42.0962 21.8882 56.0927 42.8313 21.16 54.8526 43.0746 21.9 55.0839 43.2974 22.6062 55.2946 42.7446 22.3288 55.743 42.3202 22.6008 56.3102 43.8503 23.1436 54.8746 44.3267 23.5972 54.4294 43.5294 23.4618 55.5381 44.0325 23.9118 55.0716 42.9408 23.0631 55.9378 42.5531 23.4415 56.545 43.1351 23.8124 56.1379 43.7302 24.325 55.7315 44.2137 24.6498 55.2305 43.3253 24.587 56.3329 44.8662 23.1032 52.9061 44.6999 23.4735 53.6088 45.0571 23.8587 53.0262 45.1597 24.5523 53.3015 44.8132 24.2729 53.9269 44.5559 24.4391 54.5865 46.363 25.4232 49.5941 46.5436 26.4717 49.5581 46.1763 25.4499 50.5175 46.3454 26.4358 50.5718 46.7116 27.5118 49.5283 46.8436 28.456 49.5871 46.5278 27.4656 50.5692 46.6984 28.4977 50.5602 45.9721 25.0085 50.998 45.8758 25.3652 51.6778 46.0822 25.7973 51.194 45.6179 25.4192 52.6305 45.9413 26.0623 51.9613 46.1565 26.5128 51.4911 45.8284 26.3864 52.6501 46.0571 26.8543 52.1508 46.3208 27.3653 51.4988 46.4775 28.4057 51.6254 46.1594 27.6416 52.3755 46.2674 28.4476 52.5465 46.9887 28.9995 49.0252 46.9228 29.2487 49.7945 47.059 29.7721 49.2705 47.1168 30.507 49.5591 46.833 29.452 50.6094 46.9867 29.9992 50.033 46.9079 30.2583 50.8126 47.2445 31.5318 49.5568 47.3735 32.6315 49.646 47.0589 30.7767 50.2628 47.1142 31.4964 50.5292 47.2254 32.3661 50.5241 46.6601 29.4926 51.5738 46.7853 30.5518 51.6967 46.4052 29.4005 52.6004 46.5592 30.4297 52.5883 46.9721 31.0297 51.0029 46.909 31.4771 51.6633 47.0514 31.79 51.1034 47.0951 32.5274 51.3631 46.6944 31.4768 52.5844 46.9221 32.2535 52.0006 46.772 32.5225 52.7327 43.8835 25.118 55.9071 44.3694 25.5324 55.4624 43.5231 25.4773 56.524 44.0422 25.9046 56.0482 45.3063 25.4141 53.5587 45.5432 26.4424 53.582 44.9729 24.9712 54.0338 44.7446 25.2896 54.7105 45.1195 25.753 54.1959 45.2063 26.5454 54.4664 45.9039 27.1392 52.9093 45.7558 27.4549 53.6029 46.0067 27.9268 53.0738 45.4214 27.4746 54.4676 45.822 28.2839 53.8385 46.0979 28.6598 53.2206 45.5636 28.5558 54.6205 44.8601 26.1259 54.9097 44.6067 26.4573 55.5331 44.2194 26.615 56.1082 44.9938 26.9259 55.0395 45.085 27.5123 55.1344 45.177 28.3054 55.2606 44.7316 27.4083 55.6912 44.2669 27.4844 56.3473 44.7976 28.4562 55.902 44.3433 28.4732 56.5472 45.9151 29.1131 53.9519 46.156 29.4936 53.481 45.7321 29.4921 54.5936 45.9975 29.9253 54.0685 46.2968 30.3196 53.4402 46.0943 30.6105 54.0857 46.4094 31.2785 53.4864 46.501 32.2733 53.5523 46.1463 31.452 54.2419 46.2103 32.466 54.3816 45.318 29.4044 55.3674 45.77 30.461 54.8096 45.3626 30.3959 55.5751 44.9224 29.3415 55.9498 44.5252 29.4277 56.5378 44.982 29.9855 56.0112 44.6842 30.3837 56.5241 45.8952 31.486 54.824 45.523 31.4203 55.5374 45.8865 32.2544 55.0189 45.5996 32.5043 55.6231 45.0558 30.7656 56.0729 45.1115 31.4592 56.1285 45.1694 32.2637 56.1851 33.6976 17.9405 56.8762 34.774 18.0658 56.92 35.745 18.151 56.8608 36.6808 18.3046 56.7613 33.7009 18.4495 57.3472 34.7783 18.5792 57.389 33.6221 19.0713 57.8373 34.8035 19.1584 57.8389 33.6927 19.6797 58.2945 34.7846 19.7301 58.2678 35.7385 18.6694 57.3229 36.5193 18.8514 57.2681 35.7793 19.2842 57.7902 36.6963 19.4343 57.6561 35.5957 19.8654 58.2482 36.2671 19.9101 58.1006 33.7209 20.3256 58.7315 34.814 20.3787 58.7059 35.7144 20.4759 58.626 36.5844 20.5061 58.3944 37.1872 18.9161 57.0728 37.9365 19.0781 56.899 38.6856 19.2772 56.7229 37.5424 19.5052 57.3975 38.3777 19.7717 57.2211 37.003 20.0369 57.9356 37.7406 20.1952 57.7731 38.5547 20.4686 57.5936 39.046 19.9762 57.0132 39.7863 20.212 56.7726 39.3775 20.6286 57.2732 33.7451 20.9485 59.109 34.6853 20.9411 59.0538 33.6193 21.5779 59.4846 34.7302 21.5883 59.4046 33.7846 22.2738 59.8187 34.7992 22.3857 59.7813 35.2037 20.9804 58.9958 35.9834 21.0753 58.8853 36.7515 21.2319 58.7478 35.6322 21.535 59.227 36.4137 21.8189 59.1515 35.6631 22.3267 59.5934 36.6403 22.6052 59.4486 33.553 22.9227 60.1193 34.4324 22.9134 60.0561 35.1289 22.9808 59.9714 35.8618 23.0932 59.8752 34.7601 23.4925 60.2593 36.6532 23.3887 59.7789 35.5164 23.7027 60.2049 36.2266 23.8529 60.0808 37.4034 20.7395 58.2369 38.0884 20.9385 58.0583 40.0625 20.9438 57.0433 38.8529 21.1535 57.8305 39.5809 21.4314 57.6132 38.4001 21.6128 58.2952 40.3706 21.6479 57.2675 39.1056 21.9038 58.0893 39.8518 22.1616 57.8305 40.5347 22.4737 57.5918 39.4019 22.6164 58.3003 40.0762 22.9259 58.0665 37.5508 21.4822 58.591 37.0683 21.9768 58.9972 37.8378 22.1682 58.8089 38.5789 22.4372 58.6182 37.4389 22.603 59.1705 38.0936 22.9193 59.0416 37.5606 23.4697 59.5015 38.4286 23.5721 59.1976 36.9733 24.0458 59.9242 37.6565 24.3418 59.8103 36.5719 24.5098 60.2348 38.4539 24.3734 59.512 38.8526 23.1608 58.8199 39.5572 23.464 58.6125 40.2971 23.6259 58.2678 39.0783 23.923 59.0388 39.8419 24.2691 58.8033 40.5647 24.4251 58.4612 39.2734 24.6193 59.2372 33.7289 23.6158 60.3975 33.6435 24.4677 60.6978 34.7443 24.4255 60.5858 35.7746 24.523 60.441 40.7807 21.2412 56.7638 41.0106 21.9839 57.0028 41.7 22.3545 56.7056 41.2165 22.6588 57.2171 41.9134 23.0916 56.8935 41.5088 23.4889 57.4181 42.1165 23.8501 57.1011 40.8205 23.2896 57.7884 41.0054 23.9885 57.9735 41.634 24.3223 57.7056 42.3 24.5943 57.3031 42.7626 24.3028 56.7607 37.2264 24.8034 60.1215 37.9681 25.0382 59.928 38.69 25.2887 59.7354 37.526 25.5027 60.251 38.181 25.8115 60.0956 40.0205 24.9667 58.9736 40.6821 25.2874 58.7295 39.5211 25.4379 59.4166 40.1898 25.7409 59.1644 38.9284 26.0834 59.8756 39.6187 26.3879 59.6623 38.4616 26.5313 60.2031 40.4171 26.5763 59.3085 39.0819 26.8874 60.032 39.8257 27.2552 59.7951 40.568 27.5131 59.481 39.2216 27.6215 60.1652 39.9443 28.0727 59.9157 40.53 28.4418 59.6947 39.4767 28.4667 60.2324 40.0331 28.8996 60.0202 33.7956 25.2189 60.9018 34.7531 25.3611 60.8578 33.5844 25.8966 61.0923 34.3674 25.904 61.0386 33.7855 26.6239 61.2628 34.727 26.5166 61.1546 35.5832 25.3289 60.7174 36.6148 25.4719 60.5214 35.0807 25.9997 60.9702 35.8233 26.0749 60.8691 36.5625 26.4376 60.7981 33.8072 27.4452 61.4498 34.731 27.4681 61.3645 33.8299 28.3597 61.619 34.7541 28.4195 61.5533 35.5453 26.7233 61.0821 36.1561 27.0089 61.0218 35.6484 27.492 61.2388 36.3908 27.6694 61.1293 35.6595 28.4633 61.4256 36.5825 28.4366 61.2496 37.5608 26.4636 60.5143 36.8924 27.1468 60.8854 37.59 27.4964 60.7804 38.4296 27.4024 60.4532 37.0181 27.8831 61.0202 37.9372 28.2394 60.8342 38.6947 28.4411 60.5858 37.3117 28.5269 61.0859 33.7381 29.3699 61.7892 34.8136 29.3529 61.7046 33.5985 30.2568 61.9182 34.6254 30.2914 61.8605 35.7825 29.5044 61.5935 36.6724 29.3613 61.3926 35.6529 30.4594 61.7546 36.6403 30.4008 61.5557 33.2829 30.8877 62.006 34.0404 30.9069 61.9728 34.8122 31.1086 61.9408 33.7835 31.4478 62.0519 34.6109 31.756 62.0287 35.6065 31.4938 61.8862 36.5996 31.4596 61.6878 35.0434 32.0006 62.0033 35.8993 32.3548 61.9143 36.7171 32.5178 61.7632 35.2449 32.5058 62.0258 33.678 32.2582 62.1332 34.5695 32.5229 62.1036 38.0091 29.0045 60.9425 38.6188 29.3955 60.7838 37.5413 29.3985 61.176 38.1099 29.8091 61.0334 37.4855 30.2764 61.3179 38.1464 30.5786 61.1278 39.3863 29.4041 60.4362 40.0473 29.6108 60.1311 38.788 30.3513 60.8452 39.5354 30.4235 60.5219 40.223 30.4411 60.1622 37.5286 31.2719 61.4211 38.3575 31.4653 61.1606 37.6439 32.3272 61.4915 38.5221 32.4198 61.2033 38.9922 31.2356 60.8747 39.6782 31.4432 60.5882 40.3672 31.3302 60.2008 39.0112 32.0347 60.9519 39.5829 32.4298 60.737 40.352 32.3989 60.3184 41.1963 24.7498 58.1805 41.8771 25.1409 57.8527 42.5091 25.4907 57.5048 41.4336 25.558 58.3465 42.0303 25.9246 58.0249 42.9298 25.0828 56.9313 43.0878 25.8539 57.0851 43.7239 26.4294 56.653 43.2289 26.6167 57.2284 42.6459 26.4269 57.717 42.0953 26.6049 58.2128 43.7726 27.2875 56.8703 43.3744 27.5373 57.3758 43.9007 28.1136 56.9486 43.4972 28.5214 57.5002 42.8682 27.2807 57.772 42.3421 27.4712 58.2638 42.9466 28.1122 57.9013 42.5404 28.4634 58.3393 40.8963 26.1052 58.874 41.5151 26.4381 58.5988 41.0424 26.8938 59.0204 41.6862 27.3982 58.7385 41.1528 27.503 59.1209 41.9018 28.4396 58.8058 41.2274 28.3811 59.2587 43.9904 28.9257 57.0334 43.0271 28.9319 57.9879 43.5877 29.543 57.5914 44.0671 29.5359 57.0694 43.0602 29.5386 58.0619 43.6636 30.6061 57.6677 44.1756 30.3984 57.0931 43.0813 30.4051 58.1695 43.7321 31.6265 57.7334 44.2138 31.4467 57.2084 43.1985 31.4578 58.2066 43.7943 32.609 57.7956 44.2751 32.4553 57.2825 43.2766 32.4559 58.266 41.9575 29.3256 58.9252 42.5284 29.4179 58.5188 41.4234 29.4342 59.322 42.0126 29.975 58.983 42.5114 30.379 58.6755 41.5715 30.3802 59.3701 40.6945 29.3907 59.7523 40.8874 30.4479 59.789 42.06 30.7633 59.0592 40.8591 31.4851 59.9297 41.4843 31.3725 59.5443 42.0563 31.5768 59.1559 41.0223 32.263 59.909 41.6225 32.4565 59.5651 42.2206 32.3584 59.1195 42.6288 31.3826 58.6975 42.7292 32.4204 58.7326 44.7039 31.3626 56.6512 44.7512 32.395 56.7384 15.9893 37.1938 32.9952 16.0619 36.8295 32.8792 15.8679 37.5913 33.4823 15.8378 36.8791 33.5743 16.4615 36.4338 33.404 16.3829 37.7266 33.2636 15.7305 37.6413 34.2296 15.7223 36.6391 34.3823 16.381 36.2056 34.3539 16.1161 37.9212 33.9224 15.6316 37.5285 35.3731 15.6533 36.4358 35.3432 16.1239 36.1079 35.0793 15.9397 38.1067 34.7187 16.3793 38.1354 34.3553 15.9315 38.159 35.5595 15.6752 37.7009 36.6343 15.7178 36.5356 36.6228 16.0667 36.0388 36.1144 15.9015 38.1664 36.6506 16.5723 38.2906 35.3081 16.4309 38.2629 36.5849 16.5767 35.6642 36.4575 16.0701 35.9236 36.9091 15.7698 36.419 37.7231 15.9384 35.9247 37.5474 16.4441 35.4196 37.3936 15.9582 36.5254 38.1422 16.0633 35.8178 38.1465 16.5817 35.4202 38.38 16.5064 36.5994 38.3596 15.817 37.4773 37.5406 15.9421 38.053 37.1765 16.0545 37.1077 38.0097 16.683 38.1047 37.2497 16.4968 37.7219 37.7908 16.7207 37.2857 38.1787 18.2937 33.4883 33.5319 18.355 34.6789 33.6896 18.1085 33.6718 34.3028 18.1478 34.7031 34.3411 17.314 36.1909 33.4003 17.8031 35.8067 33.7093 18.1823 35.3603 33.6987 17.0993 36.0733 34.12 17.6001 35.6557 34.578 18.0373 35.2507 34.2222 17.8961 33.3694 34.8631 17.671 33.1494 35.5111 17.8654 34.7659 34.8294 17.6195 34.4888 35.5023 17.433 33.4033 36.4519 17.3672 34.7297 36.379 17.2605 35.3733 35.434 16.8681 35.898 34.828 16.6085 35.81 35.4513 17.0771 35.2428 36.4277 18.7352 37.2418 32.7384 17.3979 37.7497 33.3892 18.5135 37.7023 33.3014 16.7935 37.9825 33.9046 17.2427 37.9804 33.9458 17.57 38.1621 34.5062 17.7573 37.9468 34.0093 18.2208 37.9597 33.9653 19.173 37.8574 33.0145 19.279 38.427 33.4224 18.8555 38.178 33.8349 18.5899 38.3757 34.4906 19.8638 39.3391 32.7167 19.5705 39.4017 33.5405 19.9323 40.0989 32.9245 19.7817 40.4392 33.5717 19.1067 38.8279 34.0954 19.2357 39.4961 34.4042 19.4728 40.5004 34.4686 17.7738 38.3705 35.2952 18.4152 38.7008 35.2488 17.5189 38.3817 36.4742 18.155 38.8159 36.1181 18.8898 39.0788 34.8126 18.72 39.3028 35.5157 19.0722 39.8556 35.0714 19.1724 40.5974 35.3631 18.4871 39.4679 36.4657 18.8834 40.0983 35.8121 18.7593 40.4135 36.4788 17.224 33.5311 37.4196 17.1694 34.4175 36.9972 17.3698 33.4751 38.4643 16.7753 34.6143 37.5586 16.9381 33.9323 37.9185 16.7897 34.5326 38.4005 16.9696 33.9478 38.3351 16.9417 35.0869 36.9967 17.6785 33.4675 39.2021 17.162 34.2585 38.7545 17.494 34.2848 39.1533 17.7836 33.3421 40.0372 17.6651 34.2662 40.0463 17.096 35.1829 38.8236 17.4608 35.3961 39.318 17.1223 36.6332 38.7396 17.4713 36.6809 39.2302 17.6019 35.319 40.3046 17.5689 36.6184 40.1589 17.639 38.306 37.4668 17.1817 37.9073 37.8624 17.3432 37.5876 38.4218 17.7547 38.315 38.3624 18.0343 38.8743 37.1403 17.9832 38.9334 37.9889 18.2625 39.4317 37.4144 18.5053 40.4377 37.4607 18.152 39.6017 38.3112 18.3014 40.5916 38.5327 17.5837 37.5525 39.1969 17.7458 38.4187 39.4534 17.611 37.7255 40.3002 17.671 38.6315 40.4856 17.9367 39.0604 38.8461 17.8702 39.3546 39.6554 18.0505 39.8846 39.0979 17.7637 39.5841 40.5022 17.9597 40.1359 39.8659 18.1353 40.6246 39.4002 17.8807 40.4136 40.6098 20.0611 40.9417 33.0914 19.8719 41.2184 33.8395 20.1556 41.6959 33.3914 19.7195 41.5255 34.5149 20.035 42.0029 34.0405 19.4156 41.5786 35.4296 19.8469 42.2429 34.7946 20.1548 42.6886 34.3578 19.7056 42.5315 35.4961 19.0452 40.9483 36.0254 19.1488 41.6733 36.3289 19.4213 42.5816 36.4242 20.0508 42.9906 35.0362 19.8756 43.1961 35.8037 20.2602 43.7025 35.3182 19.7502 43.4766 36.5301 20.119 43.9309 36.0997 20.4238 42.605 33.4795 20.8621 43.2028 32.833 20.7469 43.4837 33.5722 21.0966 43.9275 33.1392 21.3005 44.5628 33.5126 20.4622 43.4807 34.4091 20.9324 44.0978 33.924 20.7658 44.2626 34.6692 20.6034 44.4986 35.515 20.3449 44.5966 36.4346 21.729 45.3028 33.5084 22.1885 45.9466 33.3556 21.2047 44.8368 34.321 21.5707 45.5409 34.4934 22.0287 46.0027 34.0403 22.5576 46.5598 33.5453 22.3256 46.6028 34.4273 23.0537 46.9779 33.1232 23.4471 47.5546 33.5362 24.0417 47.935 33.1415 22.9248 47.0982 33.9086 22.7658 47.2152 34.7021 23.3275 47.7354 34.514 23.9251 48.0597 33.9232 24.4836 48.3994 33.5753 23.86 48.2398 34.6789 21.0527 44.9838 35.048 21.3156 45.6141 35.4085 21.8681 46.1365 34.8401 21.7055 46.2984 35.6455 20.8749 45.1372 35.8454 20.7093 45.3159 36.6269 21.1774 45.8517 36.2931 21.5681 46.5301 36.5022 22.199 46.8026 35.3217 22.0628 46.9611 36.0785 22.5998 47.3985 35.5829 23.0946 47.7975 35.3488 23.5919 48.3179 35.5144 22.4366 47.5711 36.4408 23.0157 47.9793 36.0508 23.4431 48.5428 36.4703 18.8772 41.181 36.779 18.772 41.4804 37.4788 19.0493 41.9736 37.0244 19.1732 42.6465 37.3491 18.5666 41.5446 38.41 18.9052 42.176 37.798 18.8178 42.4699 38.5043 19.472 43.4618 37.3788 19.9395 44.1011 36.8928 19.7687 44.2576 37.6367 19.0896 42.9367 38.077 19.2864 43.6628 38.3487 19.6223 44.4821 38.4875 18.0718 40.9079 40.1108 18.3443 41.5566 39.4605 18.6243 42.4543 39.3311 18.1667 41.5997 40.4679 18.4547 42.5655 40.3891 18.9627 43.1158 38.8585 18.8384 43.2497 39.6078 19.1631 43.8657 39.2245 19.4331 44.5786 39.401 18.7711 43.5003 40.4025 19.0571 43.9893 40.009 19.2904 44.6632 40.3217 20.1965 44.835 37.2848 20.0534 44.9853 38.0151 19.9021 45.1289 38.7951 20.3166 45.6148 38.3522 19.7677 45.2647 39.6008 20.2026 45.8252 39.2538 19.6641 45.4336 40.5252 20.0847 45.9421 40.0727 20.5597 45.5449 37.4575 21.0327 46.0013 37.0102 21.3246 46.6032 37.3757 20.8645 46.1433 37.7902 20.7123 46.2973 38.5919 21.9112 47.1051 36.8525 21.7481 47.2414 37.6485 22.2751 47.7249 37.3459 21.2045 46.8237 38.2808 21.6264 47.4673 38.5637 22.1284 47.87 38.1761 22.8757 48.1306 36.821 22.7149 48.2803 37.6477 22.4975 48.4051 38.5505 20.5953 46.499 39.4871 20.3838 46.5201 40.3978 21.0714 46.9515 39.0695 21.4041 47.5184 39.4372 21.9929 48.0045 38.9711 21.8849 48.1211 39.6644 20.9321 47.0504 39.8549 20.7831 47.0896 40.5597 21.2749 47.6557 40.3788 21.7551 48.2496 40.5591 17.7959 33.4846 41.1796 17.693 34.4469 41.1028 17.8293 33.3375 42.3573 17.9368 32.5233 42.4772 17.7092 34.4025 42.4084 17.6286 35.2387 41.5314 17.5673 36.2468 41.4328 17.602 35.4948 42.4704 17.5269 36.3777 42.4763 17.8204 33.5141 43.2988 17.9315 32.6803 43.2662 17.7073 34.4336 43.642 17.8257 33.504 44.4289 17.9366 32.7168 44.2827 17.7037 34.42 44.6763 17.6005 35.3662 43.4301 17.5091 36.2836 43.3655 17.5901 35.3521 44.4719 17.493 36.2525 44.3842 17.5518 37.5859 41.3417 17.5905 38.841 41.3067 17.4936 37.3577 42.3288 17.512 38.8023 42.2059 17.6636 39.7177 41.3716 17.779 40.5482 41.4379 17.5918 39.8464 42.1776 17.7064 40.6581 42.3039 17.4558 37.3244 43.3112 17.4603 38.7272 43.1917 17.4382 37.1594 44.224 17.4332 38.5557 44.289 17.5277 39.7767 43.0508 17.6426 40.6656 43.233 17.5012 39.7674 44.3163 17.6402 40.8177 44.3105 17.8046 33.6391 45.5401 17.921 32.83 45.6271 17.6943 34.4409 45.4619 17.8315 33.4206 46.486 17.9446 32.6314 46.5476 17.6975 34.385 46.4262 17.5902 35.2361 45.4295 17.4866 36.1249 45.3974 17.5677 35.3464 46.5694 17.468 36.2778 46.6762 17.8115 33.5776 47.8212 17.9299 32.7026 47.5253 17.6775 34.5677 47.7655 17.8339 33.5671 48.9471 17.934 32.741 48.8548 17.7343 34.3974 48.8106 17.5632 35.4801 47.8066 17.48 36.3809 47.7596 17.6342 35.2433 48.7071 17.5652 36.2711 48.726 17.4255 37.2569 45.3221 17.4303 38.7074 45.6753 17.4268 37.4038 46.7644 17.4542 38.7797 46.9188 17.5006 39.7474 45.9217 17.6189 40.6528 45.6924 17.5435 39.8106 46.9335 17.6558 40.6516 46.7929 17.469 37.5745 47.8537 17.5176 38.7457 47.9561 17.5761 37.7452 48.8196 17.6387 38.8064 48.8025 17.6 39.691 47.7854 17.725 40.5912 47.6924 17.7139 39.6176 48.6473 17.8364 40.4838 48.5259 17.9747 41.0222 40.8469 17.9359 41.2887 41.4937 18.135 41.9246 41.221 17.8652 41.4504 42.4436 18.051 41.9706 42.0292 18.3131 42.6657 41.4627 18.1877 42.5973 42.3463 18.6121 43.446 41.2424 18.963 44.1027 40.7844 18.8515 44.1089 41.5147 18.4908 43.4504 42.2517 18.8209 44.2633 42.3251 17.7999 41.4734 43.3054 18.0016 42.0574 42.805 17.9559 42.0632 43.4003 17.7956 41.5918 44.1965 17.9556 42.1521 44.3066 18.1648 42.7337 43.1899 18.1447 42.7873 44.267 18.4459 43.5537 43.224 18.7668 44.325 43.2608 18.4136 43.5729 44.3078 18.7422 44.3544 44.3622 19.1879 44.7757 41.3161 19.5514 45.5284 41.4766 19.9809 46.034 40.8609 19.9196 46.1087 41.4432 19.1385 44.9349 42.3391 19.4835 45.6232 42.3793 19.864 46.1839 42.159 20.2918 46.6422 41.3259 20.239 46.7639 42.2701 19.0357 44.8888 43.314 19.3729 45.5537 43.303 19.8049 46.2399 43.0821 19.0419 44.9581 44.3381 19.3321 45.5376 44.4484 19.7516 46.2199 44.2985 20.2112 46.8637 43.3048 20.1705 46.8527 44.5543 20.7467 47.2593 41.3669 21.1941 47.8066 41.3457 21.6465 48.3623 41.4995 20.6751 47.3668 42.3003 21.121 47.8999 42.2746 21.5347 48.4016 42.3803 20.693 47.526 43.2306 21.1174 48.0096 43.1386 21.5481 48.5171 43.2673 20.6138 47.4776 44.3471 21.1028 48.0461 44.2804 21.587 48.6122 44.3269 17.7924 41.5551 45.5785 17.9894 42.2595 45.6868 17.8053 41.4536 46.6668 17.9599 42.0498 46.5721 18.1906 42.9183 45.7025 18.1797 42.7371 46.8142 18.4779 43.7238 45.6992 18.813 44.4843 45.7127 18.4652 43.5429 46.7575 18.7986 44.3017 46.7303 17.878 41.4196 47.526 18.0143 42.044 47.1669 17.9453 41.1995 48.2747 18.2194 42.5837 47.6867 18.0816 41.9367 47.9666 18.1467 41.6919 48.7231 18.4119 42.5989 48.6656 18.5342 43.4053 47.7385 18.824 44.1285 47.5343 18.7462 43.4931 48.613 18.9457 44.0976 48.2271 19.1088 45.0625 45.7201 19.4422 45.701 45.6992 19.8484 46.349 45.7076 19.11 44.9157 46.7745 19.4352 45.5562 46.7221 19.8298 46.2001 46.7112 20.2143 46.8856 45.8584 20.2224 46.7878 46.7704 19.1773 44.7797 47.7354 19.5204 45.4809 47.6137 19.8513 46.0611 47.4879 19.302 44.6478 48.6853 19.6691 45.4285 48.5048 19.9674 46.0441 48.1642 20.2623 46.66 47.695 20.3615 46.5491 48.6507 20.595 47.4311 45.6882 21.0477 47.9686 45.6751 21.5442 48.5508 45.6412 20.6508 47.3967 46.7382 21.0376 47.8797 46.649 21.4766 48.4011 46.7178 20.7173 47.3129 47.6658 21.1746 47.8931 47.6298 21.6443 48.4601 47.5916 20.7457 47.1448 48.4949 21.2184 47.7155 48.6744 21.6871 48.3136 48.4869 24.4374 48.6343 34.48 24.2391 48.7585 35.3534 24.0683 48.8923 36.1223 23.3038 48.7558 37.4584 23.925 49.0569 36.9045 24.517 49.3726 36.5579 23.8469 49.2498 37.6299 24.4483 49.6294 37.445 23.0485 48.8168 38.3048 23.5759 49.3246 38.4621 24.2376 49.7583 38.3101 22.4475 48.6318 39.3721 22.3029 48.7598 40.3521 22.9988 48.9955 38.9862 23.4548 49.5331 39.4133 24.0714 49.8784 39.1026 22.892 49.1328 39.7333 22.8234 49.2832 40.5206 23.3657 49.71 40.3842 23.9506 50.0069 39.8793 24.5038 50.298 39.4883 23.8834 50.1154 40.4799 24.4832 50.5157 40.3978 25.1852 48.7826 33.3859 25.8939 49.0715 32.9285 25.768 49.2063 33.7407 26.5161 49.5156 33.4868 25.0513 48.9143 34.1311 25.5403 49.3495 34.6044 26.3413 49.696 34.4211 27.3303 49.8325 33.4468 27.9888 49.9609 33.0857 27.0556 49.9127 34.1305 27.8004 50.1099 33.872 28.4458 50.2261 33.5616 27.499 50.2271 34.5934 28.3959 50.5026 34.5415 24.9198 49.0782 34.923 24.7595 49.2276 35.6926 25.4553 49.6005 35.5217 26.1214 49.8336 35.2078 25.2327 49.7437 36.3535 25.9564 50.0068 35.9822 26.5638 50.1852 35.6222 25.8095 50.1768 36.6972 26.8622 50.0705 34.9063 26.5643 50.4666 36.4373 27.4319 50.5034 35.5128 28.3504 50.7835 35.4442 27.3662 50.7837 36.4101 28.0598 50.9105 36.1047 29.3503 50.4605 33.5937 30.3896 50.6161 33.5163 29.3766 50.7457 34.5268 30.2413 50.8405 34.3286 31.382 50.717 33.5752 32.6336 50.6987 33.457 31.276 50.9109 34.2116 32.5361 50.9012 34.0993 29.084 50.8853 35.1577 29.8716 50.9971 35.0132 30.4638 51.0929 34.9893 29.4687 51.1349 35.6293 30.1816 51.2833 35.6722 28.8263 51.0672 35.9075 28.4878 51.208 36.5715 29.3814 51.4356 36.5607 30.3968 51.59 36.452 31.3546 51.1268 34.8523 32.6296 51.0954 34.6937 31.1404 51.3664 35.5878 32.6192 51.3896 35.5708 31.4068 51.6399 36.3317 32.5825 51.7056 36.4855 25.077 49.8982 37.1098 25.5573 50.3392 37.5611 24.9299 50.0732 37.9042 24.7736 50.2192 38.656 26.3536 50.6827 37.3737 25.47 50.5954 38.4972 26.1243 50.8292 38.1727 27.0712 50.8951 37.1053 27.8255 51.0945 36.8675 27.5075 51.2247 37.5574 28.4123 51.5005 37.4986 26.8635 51.0671 37.8791 26.5652 51.1752 38.5815 27.4405 51.5 38.4771 28.3604 51.7813 38.4145 25.2373 50.7398 39.4671 25.9702 50.9878 38.967 25.912 51.1506 39.6227 26.6005 51.4346 39.4037 25.1121 50.881 40.3301 25.6696 51.2291 40.4559 26.3968 51.5856 40.3492 27.4031 51.7851 39.4821 28.0735 51.8955 39.0984 27.0612 51.842 40.2256 27.9468 52.0635 39.8338 28.5007 52.1625 39.526 27.6813 52.1547 40.5042 29.3828 51.7451 37.4712 30.2504 51.8426 37.2658 29.0946 51.8883 38.1406 29.8628 51.9997 37.981 30.4719 52.0986 37.9443 29.5467 52.1691 38.6816 31.3753 51.896 37.0986 32.8304 51.9 37.0744 31.3561 52.1286 37.7995 32.6675 52.0949 37.6521 28.8386 52.0508 38.8868 28.4879 52.3833 40.3311 30.2809 52.2693 38.5561 31.2639 52.3878 38.6168 32.7073 52.3697 38.4901 29.2735 52.3693 39.5297 30.2603 52.5413 39.4739 29.3674 52.6402 40.4455 30.3137 52.8115 40.4035 31.2409 52.6386 39.42 32.4394 52.6583 39.3957 31.2849 52.8419 40.162 32.6836 52.883 40.2225 22.1545 48.8426 41.3488 22.0381 48.8953 42.3456 22.6617 49.3284 41.3457 23.2273 49.7996 41.3389 23.8304 50.2453 41.3044 22.5635 49.4017 42.2775 23.1227 49.8606 42.2619 23.6798 50.2946 42.2723 24.477 50.6981 41.345 24.3235 50.7307 42.2261 22.0534 49.0146 43.2457 21.9312 48.9308 43.8573 22.5045 49.4555 43.223 23.0579 49.9033 43.2104 23.6056 50.3417 43.2211 22.3629 49.3784 44.2333 22.9266 49.8422 44.3075 23.472 50.287 44.3045 24.2337 50.7705 43.186 24.1063 50.7271 44.3061 21.9831 49.0022 44.3317 21.9886 49.0066 45.1827 22.4417 49.4404 45.6345 22.0005 48.9894 45.9163 21.9991 48.93 46.7159 23.0363 49.9244 45.707 23.5946 50.3704 45.686 22.5192 49.4454 46.7484 23.0813 49.9009 46.7848 23.631 50.3352 46.7644 24.2316 50.8027 45.7094 24.262 50.7619 46.7904 22.1024 48.903 47.6948 22.1944 48.8023 48.6498 22.5945 49.3827 47.7159 23.1527 49.8375 47.7366 23.7104 50.2716 47.6991 22.7105 49.2901 48.6492 23.3062 49.7715 48.6873 23.8778 50.2366 48.4952 24.3572 50.7084 47.7315 24.4797 50.6166 48.631 25.0282 50.9622 41.0128 25.5458 51.3572 41.4336 26.3058 51.7257 41.2348 24.9482 51.0476 41.757 24.8741 51.0955 42.3473 25.4634 51.4585 42.3777 26.1946 51.824 42.2103 26.9779 51.9604 40.9485 27.4653 52.2617 41.3241 26.8616 52.0634 41.6757 26.8477 52.1726 42.4115 24.8147 51.1345 43.0745 25.3707 51.496 43.2989 26.008 51.8275 43.2127 24.7408 51.1351 44.2399 25.4157 51.5526 44.3509 26.0709 51.8969 44.364 26.6155 52.1374 43.2284 26.6839 52.2051 44.3579 28.3853 52.5803 41.3366 27.5175 52.4317 42.158 28.2794 52.7284 42.3701 27.4634 52.5172 43.2687 28.33 52.8294 43.2548 27.3639 52.5107 44.5586 28.2009 52.8097 44.4781 29.3301 52.8492 41.4098 30.0383 52.9176 41.0764 29.0284 52.9113 42.1996 29.8865 53.0253 41.7758 30.4776 53.0958 41.5501 29.6312 53.0832 42.374 30.2929 53.1965 42.2742 30.8221 52.9869 40.9141 31.5622 53.0212 40.8426 32.6236 53.033 40.8356 31.2678 53.1465 41.4236 32.5386 53.1638 41.4618 31.2612 53.269 42.237 32.6846 53.2886 42.3354 28.8887 52.9536 42.9284 29.4581 53.1357 43.3058 30.3598 53.2899 43.2009 28.8851 53.0026 43.6368 28.8695 53.0113 44.4786 29.4385 53.1662 44.5719 30.2602 53.314 44.4167 31.4926 53.3723 43.2311 32.9268 53.3705 43.2452 31.3218 53.4058 44.3918 32.7287 53.4155 44.3053 24.8587 51.1999 45.7625 25.5477 51.6177 45.705 26.1727 51.9396 45.6089 24.8446 51.1179 46.8867 25.4783 51.5087 46.7578 26.1535 51.8666 46.6094 26.7346 52.211 45.6954 26.7846 52.1536 46.707 24.8988 51.0572 47.6035 25.4391 51.3713 47.6225 26.2192 51.7622 47.6403 24.9748 50.9969 48.1416 25.6004 51.2907 48.4831 26.394 51.6558 48.6439 26.9267 52.1099 47.4973 26.9366 51.9925 48.1281 27.5231 52.5447 45.7925 28.3409 52.8371 45.7554 27.5188 52.4508 46.8666 28.2846 52.7497 46.6376 27.5781 52.338 47.7725 28.4243 52.6511 47.6443 27.5296 52.1673 48.5314 28.3911 52.444 48.6461 28.8759 53.0029 45.3988 29.3884 53.1309 45.7602 30.1896 53.2808 45.7768 28.9366 52.9724 46.1404 28.9757 52.9145 46.8856 29.5619 53.0926 46.6401 30.354 53.2181 46.8096 31.13 53.3871 45.6254 32.4942 53.4045 45.6801 31.2995 53.3234 46.5793 32.6888 53.3194 46.7335 29.297 52.8912 47.6431 29.8228 53.0513 47.3145 30.3695 53.1093 47.5903 29.3365 52.716 48.6027 29.9591 52.9519 48.0052 30.2548 52.8787 48.6773 31.3932 53.1974 47.5454 32.8827 53.1987 47.5658 30.662 53.0311 48.1784 31.3421 53.0635 48.2743 32.616 53.0593 48.2947 17.8964 33.4292 49.7269 17.9795 32.7154 49.8082 17.8155 34.3525 49.7011 17.9885 33.3694 50.3854 17.9953 32.9555 50.1211 17.9239 34.1776 50.3298 17.7287 35.3023 49.5489 17.7114 36.4447 49.6256 17.8936 35.3004 50.3453 17.9027 36.768 50.3544 18.1044 33.1663 50.9482 18.0561 34.1916 50.9224 18.252 33.3289 51.6066 18.2577 34.3597 51.6882 18.5164 33.2778 52.4217 18.5662 34.6881 52.562 18.071 35.6737 50.9957 18.0966 36.8627 50.9658 18.3047 35.7036 51.7786 18.3131 36.7239 51.6391 18.6035 35.8263 52.5677 18.6159 36.672 52.4439 17.747 37.7071 49.6951 17.776 38.6169 49.5132 17.9418 37.8428 50.312 17.9394 38.5192 50.1008 17.8724 39.4596 49.4458 17.9456 40.2353 49.2033 18.0092 39.1227 50.0583 18.1528 40.697 49.684 18.0888 39.9213 49.9295 18.2325 39.6037 50.5764 18.4263 40.6319 50.5878 18.1247 37.777 50.8715 18.1804 38.7274 50.7649 18.3454 37.6215 51.5422 18.4789 38.5757 51.6132 18.6618 37.6509 52.3372 18.8123 38.5319 52.4433 18.5505 39.6415 51.4044 18.753 40.5913 51.4859 18.8441 39.3953 52.2047 18.9349 40.1913 52.0901 18.8219 33.251 53.2056 18.8897 34.6838 53.3547 19.104 33.3441 53.8692 19.4212 33.4208 54.5675 19.1641 34.6911 53.9807 19.4937 34.7078 54.6844 18.867 35.7116 53.207 18.9101 36.6604 53.1453 19.1433 35.7486 53.8417 19.4326 35.6597 54.4966 19.1501 36.606 53.7206 19.4936 36.6434 54.4681 19.8077 33.5 55.2523 19.8774 34.737 55.3451 20.1819 33.5486 55.8556 20.2524 34.735 55.937 19.8177 35.8099 55.1684 19.8862 36.8254 55.1546 20.209 35.7591 55.8083 20.2379 36.7353 55.7525 20.6054 33.6425 56.4916 20.6718 34.7451 56.5509 20.6385 35.7213 56.4426 20.67 36.7011 56.3895 18.9233 37.4438 53.0061 19.0097 38.0893 53.0272 19.2579 37.5974 53.7378 19.6369 37.5747 54.5556 19.3338 38.6231 53.6072 19.6967 38.475 54.4108 19.1689 39.7582 52.8147 19.0835 38.9103 52.9363 19.4635 39.6041 53.5361 19.2257 40.62 52.5904 19.5759 40.6038 53.3696 19.8075 39.4936 54.2739 19.8699 40.3718 54.0517 19.9417 37.5685 55.1087 19.9865 38.1478 55.0354 20.2833 37.7071 55.6627 20.3171 38.6 55.5134 20.1413 39.6391 54.8532 20.0624 38.9218 54.9443 20.2709 40.5342 54.7403 20.7183 37.6741 56.3049 20.7688 38.6742 56.155 20.5017 39.5838 55.506 20.7122 40.5105 55.4836 20.8983 39.5119 56.1043 21.0034 40.1057 56.0369 18.0536 40.9952 49.0034 18.3664 41.6458 49.6446 18.6287 42.5526 49.594 18.6318 41.6063 50.5391 18.8103 42.3829 50.3636 18.843 43.2405 49.3888 19.0662 43.9717 48.988 19.1968 43.8283 49.7547 19.4723 44.5452 49.5776 18.9918 43.074 50.0858 19.3504 43.6065 50.5891 19.6756 44.4351 50.4564 18.8403 41.4056 51.2481 18.9847 42.1075 51.0802 19.1781 41.7851 51.8588 19.0509 40.9987 51.9791 19.4463 41.5292 52.6456 19.3321 42.6203 51.6185 19.6416 42.4911 52.4695 19.1583 42.877 50.8625 19.6167 43.5042 51.505 19.8341 44.2114 51.2507 19.8187 43.2649 52.2414 20.2441 44.7123 51.7432 20.0365 44.0007 52.0059 20.2323 43.7505 52.7353 20.487 44.5305 52.5402 19.7856 45.2514 49.3925 20.0801 45.9533 48.9568 20.1987 45.8293 49.7625 19.9269 45.106 50.1604 20.3244 45.6059 50.6439 20.0911 44.941 50.9549 20.5662 46.5333 49.5963 20.6924 46.3354 50.4544 20.8891 47.1016 49.281 21.339 47.578 49.685 21.7982 48.1808 49.4053 21.0301 47.0008 50.0454 21.1693 46.8638 50.7884 21.5701 47.5164 50.5516 21.9428 48.0704 50.1457 20.5842 45.4963 51.5597 20.8581 46.1498 51.2187 20.7904 45.2327 52.3752 21.3233 46.6045 51.6418 21.0644 45.9582 51.9785 21.2618 45.758 52.6876 21.6246 46.4663 52.4567 21.7273 47.2669 51.4074 22.4944 48.5064 50.5323 22.1024 47.9177 50.9197 22.2691 47.7305 51.6913 21.9341 47.0755 52.1064 22.5026 47.5015 52.4967 22.6967 48.2995 51.4164 22.9036 48.0961 52.1356 19.8035 41.4669 53.4347 19.8884 42.2176 53.1591 20.0109 41.0481 54.0195 20.2915 42.694 53.6578 20.1522 41.8724 53.8827 20.3975 41.5408 54.5238 20.0688 42.994 52.9747 20.6487 42.4574 54.4369 20.561 43.5807 53.5226 20.7819 44.377 53.25 20.8194 43.2513 54.1945 21.2476 44.6934 53.7715 21.043 44.0019 53.981 21.2906 43.6825 54.638 21.5982 44.4768 54.4871 20.7841 41.366 55.2104 20.9452 42.1139 55.0663 21.2575 41.7086 55.7376 21.1256 40.8916 55.9078 21.4761 40.5734 56.5287 21.6503 41.4613 56.3684 21.45 42.5948 55.5538 21.8175 42.2639 56.1726 21.128 42.8965 54.8938 21.6721 43.4362 55.332 21.8996 44.1365 55.1195 22.2145 43.7089 55.8103 22.0132 43.007 55.9845 22.3368 42.638 56.5826 22.4651 44.5272 55.5387 22.6295 43.4296 56.4497 22.8355 44.1837 56.1614 21.0218 45.0263 53.0304 21.5158 45.4677 53.4719 21.8469 46.1696 53.1868 21.8349 45.1929 54.185 22.4244 46.5862 53.6007 22.1112 45.8894 53.8918 22.4136 45.6081 54.6003 22.7234 46.3018 54.3088 22.1708 46.8522 52.8483 22.7756 47.2359 53.269 23.5188 48.4826 52.4762 23.133 47.8685 52.8683 23.3921 47.6049 53.6323 23.7758 48.2091 53.2524 23.0501 46.9541 53.967 23.3406 46.6651 54.6713 23.6805 47.3105 54.3396 24.4414 48.5482 53.5695 24.0567 47.9344 53.952 24.3433 47.6353 54.6545 22.1487 44.8709 54.8731 22.7503 45.2893 55.263 23.0375 45.9755 54.9684 23.3639 45.652 55.6299 23.6659 46.3402 55.3262 23.0918 44.9104 55.9033 23.4536 44.551 56.5373 23.7289 45.2891 56.2524 24.3315 46.652 55.6449 24.0304 45.9688 55.955 24.3967 45.5984 56.5813 24.0043 46.9865 54.9915 24.7232 48.2417 54.2782 24.7 46.2789 56.2584 24.6669 47.2977 55.3028 25.4403 48.5448 54.5602 25.0584 47.9262 54.936 25.3924 47.5839 55.5878 25.7644 48.199 55.2134 25.0545 46.9319 55.9292 25.4281 46.5557 56.549 25.7659 47.2057 56.1965 26.5273 48.4742 55.4766 26.1534 47.8483 55.85 26.5302 47.4676 56.4672 26.8801 48.0763 56.076 21.0283 33.8045 57.0068 21.452 33.51 57.5261 21.0352 34.7562 56.9915 21.4073 34.7338 57.4595 21.9627 33.4109 58.0396 21.8852 34.6848 57.9498 21.0611 35.5994 56.9776 21.518 35.7384 57.535 21.1338 36.6426 56.9805 21.6158 36.6448 57.5777 22.0356 35.5413 58.0749 22.0062 36.1408 58.0079 22.4794 33.3361 58.5607 22.3843 34.6806 58.4686 23.0447 33.2251 59.0138 23.6126 33.3032 59.4729 22.9485 34.752 58.9379 23.499 34.686 59.3965 24.2616 33.2804 59.8923 24.1387 34.5858 59.8248 22.5182 35.7663 58.5525 22.4198 36.6512 58.3997 23.0032 35.7839 58.9502 23.4426 35.7861 59.3235 22.9958 36.6871 58.879 23.5694 36.7316 59.3504 24.0601 35.7758 59.7511 24.1954 36.7671 59.7825 21.155 37.675 56.8686 21.6215 37.6135 57.4509 21.2153 38.6409 56.7578 21.6879 38.6202 57.3308 22.0823 37.7 57.9192 22.0365 36.9665 57.967 22.1516 38.5077 57.8487 22.5407 37.62 58.3918 22.6578 38.6274 58.3271 21.3023 39.6123 56.6223 21.7329 39.4733 57.1686 21.8931 40.2516 57.1103 22.2701 39.5775 57.7277 22.4246 40.6452 57.5722 22.8163 39.4864 58.2822 22.8783 40.2689 58.1165 23.1083 37.6879 58.8647 23.662 37.699 59.3132 23.2184 38.6537 58.806 23.8129 38.7049 59.2668 24.3081 37.7576 59.7624 24.4464 38.7161 59.726 23.3558 39.6331 58.717 23.8684 39.5419 59.1346 23.4574 40.5983 58.5352 23.9426 40.1493 59.0204 24.4621 39.6414 59.5457 24.4937 40.5529 59.3168 24.853 33.255 60.2488 24.7488 34.5112 60.2044 24.6482 35.7552 60.1283 24.7898 36.734 60.1629 24.9078 37.5628 60.1604 24.9216 38.3399 60.0717 25.0759 39.7146 59.9082 24.9972 39.0672 59.9868 25.5243 38.6309 60.3804 25.6317 39.5873 60.2586 25.2102 40.5769 59.7603 25.8774 40.4219 60.1803 25.5029 33.3145 60.6117 26.1208 33.177 60.8825 25.4292 34.3857 60.5899 26.1183 34.2996 60.9044 26.677 33.0871 61.1159 26.7221 34.0841 61.1587 27.4451 33.1479 61.3994 28.3519 33.3839 61.6733 27.506 34.3818 61.4465 28.4445 34.3994 61.7249 25.311 35.7235 60.52 26.0076 35.7056 60.8488 25.4473 36.7434 60.5476 26.1363 36.7889 60.8662 26.6956 35.6006 61.1452 26.7628 36.7705 61.1361 27.4645 35.9155 61.4309 28.263 35.6112 61.6793 27.5148 36.9541 61.4102 28.3713 36.6612 61.6817 29.2325 33.2275 61.8772 29.91 33.4831 62.0204 29.8929 32.9149 61.988 29.1357 34.1665 61.8849 29.7281 34.3369 62.0061 29.1321 35.6302 61.8872 29.8228 35.7039 62.0274 29.2355 36.8079 61.8819 29.916 36.6142 62.0261 30.3596 33.3085 62.1013 30.4147 34.3795 62.1395 31.0845 33.3183 62.1815 32.2649 33.3552 62.2269 31.3391 34.2964 62.2376 32.4168 34.3426 62.274 30.4252 35.8708 62.1446 30.4006 36.8133 62.1127 31.2181 35.6325 62.2393 32.3196 35.4709 62.2867 31.1238 36.7909 62.2084 32.2155 36.8499 62.2689 25.4981 37.679 60.4933 26.2214 37.7924 60.8216 26.3058 38.7775 60.7359 26.8835 37.5952 61.1215 26.8828 38.3124 61.0352 27.5502 37.8617 61.3481 28.4606 37.6926 61.6332 27.4658 38.6839 61.2164 28.3652 38.7339 61.4883 26.3852 39.6923 60.6151 26.5807 40.6504 60.4699 27.1008 39.8319 60.8725 26.9778 39.0582 60.9581 27.6915 39.4664 61.1621 27.3624 40.6439 60.7874 27.8427 40.1909 61.0502 28.4671 39.7324 61.3518 28.4594 40.5324 61.164 29.3815 37.6833 61.8553 29.9181 37.1942 61.988 29.3767 38.647 61.7403 30.297 38.6993 61.896 30.0442 37.9675 61.9442 30.523 37.5402 62.0741 30.7786 38.2187 62.0232 29.3503 39.6393 61.5697 30.3429 39.6146 61.739 29.2561 40.5281 61.3534 30.2439 40.6299 61.4902 31.3148 39.6181 61.8523 31.0308 38.9533 61.9436 31.4765 38.4786 62.0745 31.8265 39.0916 61.9843 31.2846 40.5423 61.6273 32.301 40.716 61.6436 32.2542 39.8623 61.8539 32.4817 39.2236 61.9935 31.3383 37.6677 62.1638 32.312 37.8842 62.203 32.3587 38.6526 62.1033 22.1775 41.7749 56.8275 22.0246 41.0049 56.9761 22.596 41.516 57.4012 22.8015 42.3704 57.1932 23.1673 41.7732 57.8196 23.0173 41.0147 57.9773 23.6234 41.467 58.3509 23.4138 42.6266 57.6525 23.8287 42.2405 58.1694 22.986 43.0376 57.0082 23.2031 43.7923 56.7905 23.5536 43.4193 57.3493 23.8536 44.1533 57.1337 24.2273 43.6788 57.7429 24.0352 42.9797 57.9605 24.4701 42.5603 58.5174 24.5142 44.4574 57.4787 24.2591 41.7108 58.7376 24.0786 40.9233 58.8847 24.1215 44.872 56.8738 24.7197 43.3938 58.2606 24.9571 44.0478 58.0232 24.7763 41.3806 59.2203 24.9477 42.084 59.0344 25.4677 41.5441 59.5965 25.9511 41.0767 60.0048 25.5909 42.4095 59.3063 26.3857 42.611 59.6476 26.1291 41.8615 59.8255 26.5534 41.4673 60.1965 26.8656 42.1347 60.0657 25.4365 43.5888 58.6161 25.1522 42.8458 58.8205 25.8765 43.1259 59.1052 25.6259 44.3688 58.2706 26.4116 44.5446 58.6081 26.1284 43.8674 58.8456 26.5642 43.4265 59.3317 26.8796 44.1009 59.0938 27.4041 43.587 59.6318 27.106 42.8885 59.8438 27.5048 42.4597 60.2173 27.868 43.0877 60.0417 27.6035 44.3761 59.2727 28.482 44.5651 59.4778 28.2204 43.8341 59.7975 28.5626 43.2455 60.1998 29.3638 44.559 59.7097 29.0007 43.965 59.934 29.3842 43.5016 60.2729 29.7754 44.0754 60.0431 24.8036 45.1908 57.1715 25.121 45.8756 56.8758 25.5403 45.4729 57.4757 25.8362 46.1481 57.137 25.2285 44.7688 57.7608 25.9553 45.0283 58.0166 26.5611 46.4413 57.3559 26.3177 45.7546 57.7386 26.6065 45.2547 58.2478 27.3555 46.5797 57.6577 27.0224 45.9476 57.9542 27.448 45.4968 58.4987 27.762 46.1453 58.1566 26.1809 46.824 56.8048 26.918 47.0432 57.0385 27.5854 48.2768 56.2759 27.3177 47.6955 56.6984 27.5985 47.2279 57.2386 28.4807 48.4757 56.4743 28.1051 47.887 56.8663 28.4705 47.4757 57.3857 28.2133 46.8387 57.8074 28.5282 46.3379 58.3106 27.1633 44.8226 58.8043 27.9171 45.0185 58.983 28.3708 45.6707 58.7336 28.4863 45.1481 59.1161 28.8888 48.0289 57.0181 29.3286 47.5297 57.6096 28.9895 46.971 57.9471 29.3985 46.5219 58.4273 29.7523 47.068 58.076 29.5558 48.1279 57.1369 30.3682 48.2786 57.1774 30.2616 47.7179 57.6579 30.4973 47.1498 58.164 31.2177 48.2855 57.2862 31.2403 47.7508 57.7656 31.4001 47.2131 58.2306 32.2984 48.2353 57.4007 32.3137 47.7067 57.8739 32.4111 47.1966 58.3081 29.2102 45.9166 58.8075 29.3498 45.2846 59.2621 30.2999 46.5267 58.615 29.9883 45.9696 58.9332 30.3247 45.5175 59.3129 30.3249 44.7907 59.7512 30.3839 44.1584 60.112 30.7594 46.0383 59.0154 31.2116 45.5017 59.4457 31.3655 44.838 59.8533 31.2024 44.1854 60.198 32.2104 45.4286 59.5681 32.2964 44.8168 59.9267 32.2254 44.2626 60.2304 31.3276 46.0738 59.0687 32.2003 46.0616 59.137 31.2247 46.6102 58.6825 32.2754 46.6531 58.7247 27.4159 41.5763 60.5255 28.3355 41.6449 60.8012 28.0381 40.9552 60.9108 28.3321 42.4493 60.5015 28.7937 41.1694 61.056 29.3661 42.7094 60.6324 29.1488 41.9308 60.887 29.5105 41.3265 61.1697 30.2632 42.6381 60.8105 29.9022 42.0369 60.9732 30.2739 41.5414 61.2252 30.6258 42.1212 61.056 31.1042 41.453 61.3517 32.1037 41.5506 61.385 31.3404 42.1357 61.1311 32.0575 42.3152 61.1108 30.3285 43.4577 60.46 31.2971 43.4784 60.572 31.152 42.7874 60.8548 32.1885 43.5652 60.5877 32.1334 42.8773 60.8849 22.3598 48.7086 49.5985 22.8992 49.2333 49.4501 23.4556 49.6377 49.6394 23.9262 50.0871 49.2039 22.9527 49.0435 50.1205 23.5175 49.3873 50.5088 24.5065 50.3933 49.5459 24.0407 49.9326 49.9767 24.1894 49.7797 50.7373 23.1023 48.8767 50.8952 23.2954 48.7094 51.6735 23.7763 49.2261 51.3718 24.4489 49.62 51.5718 23.9645 49.03 52.0615 24.5915 49.3223 52.4105 24.1784 48.8027 52.8129 24.7279 50.2495 50.4013 25.0852 50.8929 48.9283 25.2206 50.7583 49.736 25.8117 51.1787 49.3794 26.5738 51.4847 49.6444 25.4535 50.6158 50.5681 25.9456 51.0229 50.0898 26.5594 51.2127 50.4636 27.0801 51.8859 48.9209 27.3556 51.808 49.6783 27.8085 52.0927 49.236 27.4302 51.5498 50.5825 28.4384 52.2315 49.55 28.0067 51.9426 49.9916 28.3015 51.8354 50.675 24.915 50.08 51.1151 25.5664 50.341 51.4374 25.1053 49.8727 51.8906 25.3617 49.685 52.6494 25.8251 50.1526 52.1931 26.1197 50.8446 50.8702 26.3663 50.679 51.6328 26.5136 50.3904 52.4873 26.8577 51.0863 51.1504 27.5099 51.2522 51.4746 28.3903 51.5504 51.5521 27.0744 50.8797 51.9191 27.3392 50.696 52.652 27.8256 51.0935 52.153 28.4917 51.2229 52.4534 28.7313 52.1122 50.2243 29.3813 52.2115 50.5022 28.9971 51.9349 50.9682 29.3114 51.8027 51.6255 29.7252 52.07 51.1462 29.3018 51.4903 52.4142 30.4092 52.1813 51.2395 30.1613 51.8996 51.8736 30.2399 51.619 52.6082 31.2449 52.1693 51.5254 30.9705 51.9259 52.0806 31.3311 51.6876 52.7211 31.8402 51.9858 52.0589 29.3009 52.4631 49.5898 30.2946 52.6703 49.5551 30.1489 52.393 50.4634 31.3483 52.9156 48.9084 31.3904 52.7228 49.7338 32.8407 52.9188 48.9242 32.7119 52.7555 49.6236 31.2351 52.4607 50.6247 32.5894 52.5257 50.4706 32.6301 52.2413 51.3643 32.6861 51.9974 52.0363 24.876 49.1036 53.135 25.5539 49.3686 53.4566 26.0557 49.9128 52.9477 26.34 49.6981 53.6656 25.1452 48.8363 53.8596 25.8643 49.1078 54.1348 26.5711 49.3375 54.4297 26.7862 50.1697 53.2081 27.513 50.3762 53.4741 27.0676 49.8945 53.9283 27.3851 49.6404 54.5796 27.8239 50.1099 54.1239 28.086 50.8639 52.9076 28.3925 50.6507 53.5883 28.5559 50.2798 54.3022 26.1832 48.8034 54.8271 26.9218 49.0357 55.0453 27.6062 49.2326 55.2317 28.2298 49.7928 54.8323 28.477 49.3838 55.48 27.3178 48.7018 55.6999 28.1087 48.8655 55.8874 28.8584 51.035 53.0819 29.5079 51.1999 53.1493 30.3095 51.2708 53.3399 29.3622 50.7949 53.8295 29.3608 50.3618 54.5484 30.2982 50.9513 53.9012 30.2755 50.5599 54.5466 31.2163 51.2776 53.537 32.73 51.7261 52.6908 32.4564 51.3589 53.4508 30.9612 50.93 54.0764 31.3324 50.6503 54.6047 31.6841 51.0095 54.0441 32.4808 51.0213 54.0461 28.9933 49.9305 54.9707 29.3223 49.6194 55.5292 29.7322 50.0602 55.073 28.883 49.0231 56.0232 29.5048 49.1971 56.0594 30.3271 50.1371 55.1474 30.2301 49.7178 55.6606 30.2549 49.2223 56.2228 31.1507 50.1682 55.2412 31.1792 49.6895 55.8423 31.0913 49.2317 56.3475 32.3075 50.2281 55.2383 32.2872 49.7756 55.8019 32.2225 49.2702 56.3708 32.5119 50.6777 54.6199 29.3698 48.6613 56.5914 30.2582 48.7311 56.7295 31.2036 48.7925 56.7989 32.2994 48.7449 56.9048 47.2274 33.2825 33.8091 46.6304 34.4735 33.5254 46.898 33.7353 33.5085 47.2934 33.623 34.5918 46.9145 34.3602 34.283 46.9683 33.8806 34.0827 46.706 35.607 33.5927 46.9258 36.144 33.1584 46.8978 35.2904 34.2029 47.4467 36.483 33.5025 47.1115 35.966 33.9452 47.2638 35.6254 34.6854 47.7212 36.2568 34.2999 47.5458 33.6009 35.58 47.1554 34.4894 34.8341 47.3913 34.7882 35.5154 47.7987 33.5616 36.6008 47.6294 34.5841 36.4528 47.6378 35.6019 35.4129 47.981 36.0623 34.9583 47.8535 35.3309 36.418 48.6735 36.2829 35.2246 48.2033 35.8787 35.7156 48.327 35.7852 36.5618 46.1686 38.1657 32.7983 47.3371 37.3528 32.8315 47.2273 36.8058 32.749 48.1479 37.6139 32.9803 47.95 37.0012 32.9444 48.1552 36.8848 33.6598 46.386 38.3893 33.5419 46.7685 37.8522 33.1707 47.4702 37.7634 33.3927 48.3741 37.5568 33.3972 48.479 36.6703 34.3959 47.0264 38.0826 33.8931 47.4135 38.1997 34.5453 47.7837 37.8735 34.016 48.7528 37.4804 33.9957 45.8461 39.6364 33.352 45.9716 38.9264 33.0503 45.5538 40.477 33.4019 46.1772 39.1666 33.7808 45.7926 40.7317 34.2744 45.9807 39.9766 34.0142 46.358 39.4222 34.4952 46.7205 38.6426 34.3759 48.5707 38.1239 34.4725 46.1841 40.2084 34.7569 46.662 39.5551 35.3425 46.8541 38.9679 35.0663 47.3035 38.5256 35.2968 48.2455 38.2707 35.4165 46.382 40.4466 35.5093 47.0903 39.0871 35.809 47.1751 39.312 36.5174 47.6189 38.6034 36.3674 48.3461 38.2076 36.5251 46.6648 40.5719 36.4159 46.8469 39.8174 36.1228 48.0641 33.1373 36.8756 48.0144 32.8642 36.5807 48.0332 32.8467 37.0735 47.9404 34.462 37.0645 47.9495 33.2323 37.3387 48.1422 33.6042 37.4517 47.9733 33.2114 38.4914 48.3871 34.6091 37.6082 48.2012 33.8372 38.4933 48.0584 35.0565 37.0216 48.6085 35.5883 37.2798 47.9318 33.5433 39.2466 48.0696 34.0147 39.0293 47.8927 33.5004 40.3746 47.9833 34.2351 39.5649 48.1035 34.4248 39.0938 47.9628 34.3882 40.3229 48.0124 34.9181 39.8177 48.145 35.2389 39.1737 47.997 34.9737 40.1782 48.0465 35.5559 40.1435 47.3669 39.3129 37.3519 47.6925 38.6357 37.6039 48.1081 38.1511 37.2663 47.0188 40.0166 36.9169 47.1585 40.1792 37.6366 47.5269 39.4751 38.4741 47.7907 38.4868 38.3831 48.0346 38.0403 37.9681 47.2581 40.5159 38.4046 48.1966 37.5406 38.2879 47.9601 37.9575 38.6674 47.829 38.6653 39.4604 47.9558 37.8574 39.283 48.0699 37.2502 39.2296 47.9261 38.7039 40.3885 47.9754 37.9161 40.1123 48.0358 37.3907 40.6523 47.6716 39.5978 39.4298 47.458 40.5491 39.415 47.7865 39.7148 40.3606 47.5914 40.709 40.4521 40.0879 48.0711 32.9271 44.1202 43.1312 32.8838 43.5691 44.5084 33.5445 43.8379 43.8543 33.2215 44.2789 43.3761 33.6824 44.0167 44.0326 33.9875 45.0873 41.1219 32.9 45.2721 41.3632 33.6593 44.6258 42.5798 33.496 44.8513 41.87 33.1794 45.5247 41.5221 34.487 45.0466 42.0684 33.9508 45.2337 42.2637 34.6676 44.5104 43.5284 34.5061 44.8085 42.8276 34.318 44.19 44.201 34.7 45.7594 41.7057 35.3028 45.97 40.9799 35.0185 45.4266 42.5161 35.4693 46.1739 41.1982 35.7832 45.6995 42.6496 36.3492 45.9237 41.9556 36.0462 46.3582 41.4502 36.5601 44.7368 43.6813 35.32 44.9859 43.0002 35.0117 44.3697 44.4498 35.5422 45.1777 43.1983 35.7726 45.3506 43.4377 36.5652 44.6407 44.5655 36.4417 44.8942 43.9142 36.1001 42.1147 46.1296 32.8602 43.0159 45.0264 33.0008 43.1812 45.177 33.73 42.2897 46.3004 33.661 42.6921 45.6856 33.4094 43.3435 45.4455 34.5958 43.7255 44.7458 34.3689 42.4952 46.5016 34.5371 42.8528 45.8708 34.19 41.1438 47.1409 32.836 41.3239 47.3196 33.6454 41.7538 46.7562 33.3599 40.2377 48.2393 33.7029 40.7349 47.7364 33.3803 41.5269 47.5239 34.51 41.924 46.9234 34.1262 40.4919 48.3903 34.5621 40.9136 47.8924 34.1444 43.6179 45.5505 35.4653 43.8988 44.9185 35.1125 43.0319 46.0422 34.9597 43.2078 46.201 35.6921 44.0905 45.0881 35.8959 43.3646 46.464 36.5692 43.7694 45.7965 36.3207 44.2632 45.2697 36.6452 42.0895 47.093 34.8861 41.0737 48.0625 34.9182 41.23 48.238 35.682 41.7046 47.7053 35.3795 42.263 47.2655 35.6641 41.4877 48.3891 36.5592 41.8849 47.8613 36.1751 42.4707 47.4725 36.5787 42.6854 46.6838 35.3899 42.8477 46.8703 36.1852 46.1192 42.1609 36.8209 46.5904 41.6738 37.487 46.8307 40.8386 37.2545 46.2389 42.4608 37.5409 46.8387 41.666 38.3166 46.9741 41.0108 37.9653 46.5161 42.4489 38.3766 45.6189 43.5452 37.4558 45.8566 42.891 37.1287 45.0889 44.0882 36.8942 45.2563 44.269 37.6371 46.0376 43.0635 37.9182 45.4107 44.5069 38.4786 45.7707 43.785 38.3 46.2028 43.206 38.6485 47.1122 41.1988 38.7319 47.1832 41.483 39.4682 46.6906 42.6319 39.3517 46.9079 41.9393 39.0647 47.3403 41.4779 40.2752 47.0198 42.0977 39.8562 47.1228 42.2131 40.6104 45.6601 44.5828 39.3898 45.9193 43.9422 39.0602 46.3408 43.4331 39.521 46.0692 44.0898 39.8525 46.5262 43.5316 40.4344 46.8067 42.8162 40.2454 46.2049 44.2251 40.6314 43.6313 46.5506 37.425 43.9335 45.9574 37.0609 44.4214 45.5161 37.493 44.1145 46.1108 37.8434 42.0413 48.0278 36.9541 43.0192 47.0331 36.9647 43.2206 47.1132 37.6423 42.1186 48.2265 37.634 42.6698 47.67 37.5508 43.3094 47.376 38.4784 43.7694 46.7713 38.2984 44.2785 46.2782 38.6211 42.3726 48.3119 38.4735 42.8312 47.8329 38.3946 43.5213 47.5291 39.4481 43.9048 46.9399 39.0815 44.4123 46.5089 39.4935 42.5138 48.5172 39.4577 42.9495 47.9538 39.0715 44.0565 47.0651 39.8631 43.079 48.0828 39.841 43.1983 48.2021 40.6433 43.7107 47.6448 40.4313 44.2397 47.1084 40.5823 44.7958 44.8172 37.2971 44.6795 45.6032 38.3804 44.9512 44.9789 38.0262 45.1278 45.1321 38.8122 45.282 45.2962 39.5966 44.8119 45.8382 39.2662 45.4077 45.5038 40.4667 45.783 44.8011 40.2719 44.6472 46.5556 40.3775 44.9472 45.9743 40.0238 47.857 33.364 41.5953 47.9432 34.2961 41.5896 47.8281 33.5145 42.4998 47.9158 34.3429 42.6207 47.9976 34.9218 40.8073 47.9967 34.9245 41.5095 47.9925 34.9634 42.0746 48.0376 35.4356 41.4689 47.9766 34.9676 42.8203 48.0407 35.5669 42.677 47.8036 33.6118 43.376 47.8882 34.3905 43.5485 47.7706 33.5944 44.4235 47.8746 34.5154 44.4301 47.9682 35.1011 43.614 48.0279 35.6406 43.7075 47.9518 35.1843 44.6039 48.0232 35.7834 44.6065 48.0095 38.2087 40.8682 47.9103 39.6563 41.4067 47.9525 38.9982 40.9966 48.0312 38.708 41.4518 47.7241 40.6132 41.4121 48.0134 39.122 41.8308 47.7899 40.726 42.4743 47.9159 39.9627 42.2093 48.0274 39.3436 42.439 47.8694 40.6417 43.3653 47.9597 39.9946 43.0344 48.0589 39.506 43.4372 47.98 40.1052 43.8545 47.7339 33.54 45.5717 47.8409 34.4631 45.42 47.6956 33.5314 46.6401 47.8152 34.5483 46.5574 47.9366 35.2859 45.6335 48.0171 35.9161 45.4374 47.9253 35.4319 46.5991 47.9973 35.9368 46.1118 47.6312 33.4341 47.7272 47.7589 34.4696 47.6559 47.5616 33.4915 48.8167 47.6883 34.4389 48.6777 47.8773 35.4068 47.6324 47.977 36.0233 46.9586 48.0491 36.5052 46.5126 47.9643 36.2769 47.7564 47.7992 35.3597 48.6652 47.8951 36.2133 48.5857 48.027 36.6823 47.2748 47.9753 36.8919 48.1064 48.0385 37.3358 47.6468 47.9234 37.2573 48.7573 48.0002 37.4428 48.1447 47.8934 40.662 46.7681 47.9927 40.1249 46.2933 48.0607 39.5611 46.5996 47.9679 40.0389 47.0561 47.8228 40.6509 47.7193 47.9498 39.7429 47.7779 48.0322 39.3966 47.3003 48.0481 38.5732 47.5448 47.9675 39.0488 48.0895 47.8437 39.7096 48.6543 47.9075 38.6022 48.7883 47.9978 38.2827 48.1464 47.6959 40.6875 48.6611 47.4533 41.5572 41.2514 47.2026 42.3944 41.5366 47.5415 41.6361 42.294 47.2733 42.5086 42.3436 46.6782 43.6163 41.3717 46.9156 42.9312 41.09 46.3123 44.4105 41.5329 46.9914 43.0509 41.8861 47.08 43.0643 42.5408 46.4514 44.465 42.4232 46.7819 43.7216 42.3197 47.6499 41.5663 43.3544 47.372 42.4713 43.1702 47.6615 41.7393 44.3595 47.8596 40.8684 44.3109 47.9801 40.2111 44.527 47.403 42.5937 44.172 47.1095 43.2108 43.2987 46.5335 44.5404 43.3073 46.8422 43.8506 43.2622 47.1221 43.3604 44.1354 46.5545 44.6548 44.1443 46.8732 43.9635 44.287 43.3171 48.3252 41.5653 43.805 47.8108 41.3966 44.2974 47.2983 41.4108 43.4292 48.4185 42.498 43.8506 47.9551 42.2372 44.372 47.4639 42.3864 43.5465 48.4518 43.412 43.9664 47.9711 43.0319 44.4553 47.5524 43.3891 44.0241 48.0181 43.8037 45.6274 45.531 41.3906 45.9067 44.9312 41.0799 45.0953 46.0826 40.8051 45.249 46.1351 41.5451 46.0186 45.0314 41.876 45.2912 46.3179 42.3716 45.7346 45.6559 42.3342 46.1335 45.0532 42.5397 44.7816 46.7038 41.3586 44.8499 46.8767 42.3238 45.3351 46.4692 43.3328 45.7797 45.8034 43.2851 46.1553 45.205 43.3159 45.3551 46.5827 44.2579 45.7698 45.9664 44.2293 46.1821 45.3185 44.3051 44.8684 47.0232 43.1703 44.5905 47.5069 44.2575 44.9598 47.0134 43.9455 44.1046 48.0075 44.4211 47.6977 41.6467 45.5459 47.8908 40.7678 45.6751 48.0072 40.0857 45.5076 47.4409 42.5649 45.4074 47.7155 41.4898 46.7804 47.4547 42.4629 46.8012 47.1511 43.3683 45.2757 46.5828 44.6648 45.2941 46.8857 44.0002 45.4756 47.175 43.276 46.6829 46.6125 44.5784 46.708 46.9135 43.8997 46.7354 47.617 41.6169 47.7673 47.3731 42.4963 47.8865 47.4814 41.6572 48.7399 47.258 42.5279 48.6903 47.1293 43.2235 47.7319 46.5593 44.5457 47.7308 46.8645 43.8564 47.779 47.0846 43.0851 48.5053 46.4721 44.4818 48.6254 46.7909 43.7421 48.7234 45.4312 46.5419 45.277 45.8467 45.9121 45.346 46.1942 45.3626 45.4313 45.497 46.4343 46.7023 45.8981 45.8158 46.6251 46.2371 45.2587 46.6819 44.9975 47.0425 44.7025 44.968 47.1091 45.4746 43.993 48.1637 45.3101 44.5268 47.6288 45.2984 45.0802 46.968 46.5117 44.0972 48.0617 46.6827 44.609 47.5333 46.7135 45.3378 46.5508 47.6888 45.7843 45.8742 47.6965 46.1815 45.2239 47.7174 45.2979 46.405 48.63 45.7565 45.7004 48.701 46.1568 45.085 48.5091 45.0047 47.0127 47.2068 44.1317 47.9848 47.5983 44.5869 47.4842 47.7173 44.9386 46.988 48.0121 44.4242 47.5285 48.6125 44.83 46.9727 48.8207 44.0254 48.0163 48.2192 48.8814 36.1699 36.4698 48.7779 37.8959 33.0808 49.0512 38.0289 33.1164 48.9141 37.835 33.1077 48.9424 38.0104 33.618 49.2979 37.6711 33.5156 49.3678 38.0513 33.4296 49.5227 37.3836 34.2237 49.4773 38.073 34.2807 49.2997 36.8739 34.6336 49.404 36.6041 35.429 49.6522 37.4565 35.397 49.3628 38.159 35.4175 49.4692 36.6936 36.5586 49.5705 37.612 36.6523 49.2517 38.0731 36.268 48.397 34.5299 38.6898 48.9166 36.4545 37.7032 48.5691 35.3778 38.5044 49.2411 36.4458 37.5174 49.0474 35.9388 37.8223 48.9378 35.7422 38.1611 49.0496 36.3053 38.0636 48.5392 36.7285 38.3433 48.1677 36.4519 39.159 48.0555 36.6428 40.1936 49.3143 37.3736 37.4013 48.8766 37.9141 36.9868 48.6112 37.5813 37.7023 48.0718 36.3588 41.2638 48.0974 36.3128 42.3032 48.1008 36.3383 43.615 48.0891 36.3485 44.734 48.0769 37.777 41.4476 48.119 37.5098 42.2269 48.0926 38.6263 42.1857 48.1398 37.3538 43.2963 48.1227 38.6478 43.094 48.1404 37.3224 44.7302 48.1348 38.7051 44.2775 48.069 39.6726 44.3612 48.0767 36.471 45.5809 48.1249 37.2288 45.8287 48.1316 38.5985 45.787 48.0958 37.4622 46.7498 48.1009 38.7566 46.7962 48.0836 39.5517 45.5841 36.1322 50.0396 32.9582 33.6803 50.6397 33.4062 34.6495 50.5561 33.5907 33.7328 50.8775 34.1983 34.6777 50.814 34.4556 35.5546 50.3324 33.4818 36.3722 50.1803 33.7496 35.5961 50.5963 34.4018 36.4957 50.4002 34.6062 33.5816 51.1298 34.9097 34.258 51.0463 34.9326 33.8604 51.3435 35.6222 34.6606 51.2009 35.5718 33.6363 51.6318 36.4152 34.6838 51.513 36.5056 35.0162 50.9477 35.0669 35.7991 50.8272 35.2129 36.631 50.6521 35.4482 35.4274 51.131 35.8187 36.1012 51 35.9751 35.6274 51.3252 36.5278 36.3829 51.18 36.717 36.8846 49.8709 33.2393 37.5976 49.6819 33.5755 38.4219 49.3115 33.6616 36.9831 50.0288 33.9819 37.2503 50.1327 34.6646 37.8789 49.7813 34.3783 38.5592 49.5214 34.5274 38.9196 48.8975 33.175 39.5646 48.6306 33.5083 39.0756 49.05 33.9544 39.2404 49.2129 34.7005 39.7906 48.7689 34.3541 37.4797 50.3519 35.554 37.9808 49.96 35.0622 38.6875 49.7366 35.348 38.1688 50.1411 35.8396 39.4726 49.3821 35.5386 39.9513 48.9231 35.0881 40.5796 48.6496 35.4443 40.1056 49.1045 35.8799 38.4153 50.2974 36.6254 38.9031 49.8787 36.1369 39.5649 49.6346 36.4651 40.2807 49.2662 36.6518 36.8667 50.829 36.1941 37.5881 50.6541 36.5225 33.8238 51.8768 37.2181 34.6894 51.8104 37.4175 33.5907 52.126 37.8894 34.2697 52.044 37.9228 35.6081 51.6056 37.3558 36.6014 51.418 37.6105 34.6828 52.1905 38.5327 35.0269 51.9484 38.0355 35.8059 51.8236 38.1244 36.539 51.7424 38.5328 35.5202 52.0942 38.7409 36.0367 52.0321 39.0027 39.0742 50.0488 36.9261 39.2366 50.2131 37.6606 39.8006 49.7802 37.3161 40.5216 49.4193 37.4908 39.4555 50.3743 38.5009 39.9592 49.9345 38.0443 40.5999 49.6755 38.3658 37.0039 51.0284 36.929 37.3642 51.0923 37.4903 37.9141 50.7805 37.2912 38.5546 50.5241 37.4693 37.4434 51.3604 38.4229 38.0031 50.9655 37.9996 38.679 50.7326 38.3027 40.1008 50.103 38.8298 38.1705 51.1231 38.7713 36.3152 52.1061 39.538 36.9393 51.8049 39.2496 37.6776 51.5615 39.4881 38.4505 51.2077 39.5587 36.5383 52.2329 40.3779 37.0128 51.9532 39.9874 37.6383 51.8021 40.3661 38.4059 51.4585 40.4009 38.8931 50.856 39.1399 39.5316 50.6076 39.4733 40.2458 50.2312 39.6306 39.0314 50.9976 39.9602 39.0805 51.1537 40.6308 39.7538 50.7292 40.485 40.4856 50.2859 40.5183 33.872 52.3369 38.5959 33.7019 52.6337 39.4643 34.7536 52.4666 39.3986 33.7628 52.8687 40.3383 34.6999 52.7383 40.3806 35.613 52.2974 39.4526 35.6718 52.4984 40.3415 40.8157 48.7911 36.3159 40.9717 48.944 37.0487 41.5672 48.6459 37.4094 41.1209 49.1189 37.8224 41.2818 49.2769 38.5954 41.7784 48.7739 38.2788 41.487 49.3877 39.5211 41.9321 48.9001 39.0968 40.8109 49.7874 39.27 42.0325 49.0332 39.907 40.933 49.8963 40.1195 41.5012 49.5918 40.4681 42.0552 49.1886 40.6234 42.6119 48.6922 40.4448 37.1522 52.081 40.7628 37.2903 52.1894 41.5386 37.8898 51.8768 41.1771 38.5928 51.5984 41.3439 37.5058 52.2368 42.3392 38.0187 51.9581 41.9543 38.7171 51.7064 42.3328 39.3127 51.2263 41.4676 39.869 50.8633 41.3682 40.4942 50.4851 41.4483 39.5027 51.3061 42.382 39.965 50.9432 42.0424 40.5088 50.6787 42.3896 38.0831 52.0356 42.7072 40.0481 51.0382 42.7903 38.0794 52.118 43.4511 38.6834 51.8411 43.3189 39.4649 51.467 43.2995 40.114 51.0977 43.3708 38.3173 52.0802 44.2763 38.9349 51.8026 44.2287 39.5536 51.5149 44.2205 40.1452 51.1595 44.209 33.3326 53.0166 40.8761 33.5755 53.1211 41.5317 34.0483 52.9588 41.0081 34.7488 52.9016 41.283 34.2877 53.0508 41.7396 33.7108 53.2296 42.3814 34.5114 53.1165 42.483 35.6222 52.7131 41.38 36.4946 52.4252 41.262 34.9874 52.9501 42.0256 35.6525 52.8442 42.3409 36.576 52.5649 42.3253 33.9053 53.2951 43.2546 34.6375 53.1784 43.2276 33.8055 53.3511 44.3122 34.6201 53.2303 44.139 35.1287 53.0105 42.7729 35.1814 53.0693 43.431 35.8189 52.8912 43.2229 36.5667 52.6901 43.3348 35.3387 53.0741 44.4135 36.0147 52.8982 44.3187 36.7901 52.6757 44.3134 37.396 52.3862 43.2549 37.6161 52.3779 44.3047 38.2466 52.14 45.4616 38.8856 51.8656 45.3584 39.619 51.5206 45.2455 40.3183 51.1154 45.3132 38.1241 52.1626 46.7302 38.8055 51.8884 46.7978 39.4893 51.5952 46.601 40.1848 51.2039 46.7384 38.2364 52.0526 47.5853 38.8165 51.8108 47.8821 39.547 51.5188 47.6548 40.1865 51.1454 47.927 38.0854 52.0177 48.2163 38.6107 51.778 48.6854 39.4481 51.4317 48.6863 40.1245 51.0881 48.6494 33.6176 53.3569 45.6954 34.6002 53.2264 45.6456 33.8095 53.2575 46.7434 34.6125 53.1568 46.7151 35.3439 53.0667 45.8296 35.8946 52.9282 45.7303 36.638 52.7252 45.7053 35.191 53.041 46.6604 35.8285 52.8801 46.7887 36.537 52.701 46.6888 33.7775 53.1445 47.5629 34.4634 53.0764 47.4246 33.6624 53.0326 48.1655 34.1971 52.9974 47.9861 35.0089 52.9999 47.1907 35.5869 52.8288 47.582 36.5134 52.583 47.6467 34.9123 52.9091 47.8989 34.5914 52.8325 48.5719 35.5789 52.6423 48.5791 36.5835 52.3908 48.6501 37.4925 52.4376 45.6271 37.359 52.4356 46.7672 37.4703 52.2922 47.7263 37.4822 52.1588 48.5731 41.0225 50.0086 40.928 41.09 50.0926 41.5368 41.6188 49.6999 41.4214 42.2261 49.2316 41.4449 41.1455 50.223 42.3521 41.7607 49.7776 42.3787 42.3492 49.322 42.3972 42.7686 48.7775 41.4217 42.8819 48.8684 42.3749 41.3028 50.2821 43.3287 41.8734 49.8469 43.3418 42.4775 49.3761 43.3729 41.4031 50.3286 44.3036 41.9937 49.8725 44.3333 42.578 49.4027 44.2811 43.0224 48.8825 43.1985 43.0183 48.9712 43.9212 43.5394 48.5583 44.3135 40.6666 50.7272 43.2712 40.7701 50.7642 44.2602 41.5399 50.3128 45.2905 41.9912 49.955 45.2494 42.4815 49.5631 45.2512 41.4649 50.3945 46.5474 42.001 49.9706 46.3517 42.533 49.549 46.5678 43.0291 49.0318 44.6422 42.982 49.1204 45.4601 43.4937 48.663 45.3511 43.0643 49.0606 46.6163 43.5961 48.575 46.6564 40.9175 50.7367 45.3199 40.8231 50.8172 46.655 41.4371 50.3801 47.7604 41.9875 49.9569 47.5958 42.5547 49.4958 47.7788 41.3672 50.3155 48.7323 41.9683 49.8588 48.6948 42.57 49.3776 48.6942 43.1167 48.9883 47.5977 43.614 48.5178 47.7434 43.0393 48.9943 48.2256 43.5121 48.5064 48.6388 40.7876 50.7996 47.8163 40.6931 50.7456 48.7733 47.4751 33.5577 49.7794 47.5886 34.4223 49.6845 47.3222 33.3718 50.6824 47.4381 34.3747 50.6446 47.6876 35.34 49.6571 47.7862 36.2679 49.5129 47.5231 35.3146 50.6184 47.6142 36.3071 50.4534 47.1506 33.367 51.5598 47.2511 34.2345 51.4838 46.9848 32.9616 52.0469 46.8692 33.3486 52.6756 47.0405 33.7103 52.1388 47.1008 34.4687 52.1606 47.3081 35.237 51.5614 47.3976 36.3224 51.3954 47.1003 35.1844 52.3551 47.1622 36.2673 52.2724 47.7898 37.4734 49.6427 47.7459 38.8157 49.6982 47.5945 37.6214 50.6033 47.5467 38.7152 50.6806 47.6826 39.827 49.5341 47.5303 40.6789 49.6129 47.4758 39.7368 50.5513 47.3277 40.7398 50.5095 47.3521 37.7566 51.5888 47.3347 38.9303 51.4889 47.112 37.7081 52.4465 47.1215 38.7597 52.2671 47.25 39.7432 51.5021 47.1621 40.4725 51.3671 47.0935 39.5499 52.1135 47.0072 40.1692 52.0669 46.5839 33.3872 53.6147 46.8955 34.2544 52.8373 46.6614 34.4468 53.6482 46.2388 33.3874 54.5314 46.3275 34.2829 54.4836 46.9342 35.219 52.9243 46.7386 35.333 53.583 46.958 36.2927 52.9471 46.7291 36.3407 53.6658 46.4324 35.2859 54.3734 46.4068 36.5174 54.4747 45.9631 33.0175 55.016 45.7216 33.3739 55.5553 46.0036 33.7829 55.0571 45.2595 33.3082 56.2059 45.6929 34.1973 55.6896 46.006 34.4666 55.1412 45.2789 34.3091 56.2958 45.757 35.2512 55.6626 46.1128 35.3226 55.0137 45.3153 35.3503 56.3225 45.7189 36.6302 55.7418 46.0679 36.5776 55.1242 45.2708 36.7807 56.3888 46.9117 37.7142 53.0726 46.6858 37.6344 53.7631 46.9026 38.8091 52.9288 46.634 38.7128 53.7204 46.3611 37.8104 54.5263 46.278 38.764 54.5433 46.848 39.7636 52.7783 46.5714 39.6956 53.5734 46.7695 40.6401 52.5845 46.4578 40.6708 53.3997 46.2277 39.6339 54.3713 46.1733 40.4511 54.1281 45.6729 37.8311 55.7565 46.0184 37.6411 55.1825 45.2374 37.9071 56.3671 45.7149 38.7659 55.5588 46.0219 38.3867 55.0818 45.2584 38.8001 56.1944 45.9109 39.7488 54.9319 45.9665 39.0877 55.014 45.5653 39.6929 55.5529 45.7787 40.6108 54.8098 45.3499 40.6009 55.5355 45.1514 39.6094 56.1531 45.0561 40.2124 56.0712 39.4428 48.4473 55.4444 40.1679 48.1494 55.1626 40.5436 47.5313 55.5413 39.8126 47.8166 55.819 39.0939 48.0545 56.0541 39.4473 47.4466 56.449 40.1919 47.1706 56.1734 47.3326 41.5596 49.6967 47.157 42.3891 49.4178 47.153 41.5373 50.5064 47.0513 42.1618 50.1665 46.9779 43.0518 49.1079 46.3191 44.4278 49.5067 46.6668 43.616 49.6382 46.8793 42.9 49.8787 46.4939 43.4454 50.6354 46.7971 42.6345 50.6383 46.199 44.2218 50.3809 47.0561 41.1969 51.1585 46.9162 41.9559 50.9423 46.5501 42.5843 51.5844 46.8141 41.6685 51.6409 46.907 40.933 51.9104 46.5386 41.6129 52.5569 46.2617 42.5195 52.5043 45.6447 44.5755 51.5966 46.0426 44.0839 51.1158 46.2293 43.4709 51.487 45.8656 43.9103 51.9049 45.3679 44.4555 52.4686 45.702 43.6612 52.668 46.1026 43.1773 52.1866 43.9405 47.9696 48.9824 43.4134 48.412 49.5508 43.8167 47.9161 49.7873 44.3199 47.4059 49.6124 43.2745 48.2722 50.4447 43.7621 47.6934 50.6344 44.2808 47.16 50.4638 43.1173 48.1153 51.2041 43.5335 47.5325 51.5763 44.0779 47.082 51.168 44.4147 46.5007 51.5429 43.8943 46.912 51.9264 43.3072 47.3125 52.422 43.7106 46.7051 52.6719 44.2365 46.231 52.3816 42.5272 48.5257 51.5712 42.934 47.9336 51.9515 42.3072 48.2982 52.4183 42.7378 47.7366 52.6889 45.2764 46.1837 49.4938 45.6497 45.5623 49.6596 46.0372 45.0593 49.1827 45.9167 44.9483 49.9636 45.4261 45.5233 50.5828 45.7864 44.8105 50.7488 45.1206 46.1136 50.26 44.8135 46.7541 49.6974 44.6738 46.5785 50.6801 45.2799 45.3015 51.4224 44.9592 45.9864 51.0222 44.8013 45.8308 51.7573 45.1017 45.1068 52.1436 44.6267 45.558 52.5871 43.7712 43.6978 55.8016 44.3122 43.4266 55.3275 44.5606 42.6108 55.5749 43.992 43.021 55.9949 43.3685 43.4419 56.4568 43.6752 42.6771 56.6008 44.2059 42.2904 56.2066 43.5 44.4824 55.5054 44.0656 44.0892 55.0855 43.1483 44.1679 56.1568 45.6978 42.6676 53.6581 46.0965 42.1942 53.1671 46.2118 41.5058 53.4575 45.8579 41.903 53.9039 45.3573 42.4619 54.4506 45.6325 41.5844 54.5652 46.019 41.115 54.0664 45.8914 42.9484 52.9464 45.3998 43.495 53.495 45.1638 44.1898 53.2041 45.1584 43.1991 54.183 44.6756 44.6351 53.6438 44.9037 43.9362 53.935 44.3376 44.4196 54.4228 44.6754 43.6439 54.6167 45.256 41.4119 55.266 45.0716 42.1382 55.0979 44.7656 41.7346 55.796 44.9139 40.9696 55.9508 44.3585 41.4666 56.4604 44.6072 40.6264 56.5222 44.8665 42.8976 54.8957 43.4632 46.4592 53.4482 44.0238 46.0276 53.0521 44.3114 45.3966 53.4022 43.7796 45.794 53.786 43.1737 46.1833 54.1935 43.509 45.511 54.5133 44.0791 45.0935 54.098 41.4424 48.4474 53.4301 42.0806 48.0777 53.1062 42.4831 47.4809 53.4718 41.8279 47.8304 53.8226 41.1625 48.1515 54.1688 41.5484 47.542 54.5557 42.2002 47.1952 54.2163 43.0856 47.086 53.1133 42.8415 46.8383 53.8317 42.5618 46.5607 54.5698 41.597 46.5831 55.5916 42.2532 46.2521 55.2582 42.5845 45.5869 55.5831 41.9245 45.9191 55.9191 41.2561 46.2346 56.2374 41.5958 45.5831 56.5813 42.2518 45.2581 56.2485 43.7973 44.8069 54.8126 43.1932 45.2095 55.2091 42.8898 45.8881 54.8885 42.8831 44.8783 55.8782 42.5504 44.5609 56.5463 41.9059 46.9013 54.9072 41.2413 47.2221 55.2383 40.4833 48.4836 54.4848 40.8588 47.8596 54.8619 40.8933 46.8852 55.8921 40.5439 46.527 56.5341 44.8793 44.9042 52.9083 36.0667 33.2184 61.9429 36.7551 33.4684 61.8277 35.4638 33.4128 62.0639 36.0819 33.9164 61.9834 36.6968 34.2598 61.8897 35.639 34.2811 62.0999 36.168 34.6359 62.0142 33.6711 33.164 62.2047 34.6774 33.3822 62.1594 33.712 34.0872 62.2561 34.801 34.3283 62.2049 33.7971 35.2302 62.2821 34.8024 35.2585 62.2423 33.6714 36.685 62.2801 34.8307 36.6009 62.237 35.562 35.2959 62.1578 36.2262 35.5338 62.0302 35.7184 36.6845 62.1379 36.2661 36.8749 62.021 37.5275 33.2665 61.6108 38.3869 33.35 61.3338 37.5688 34.2121 61.6587 38.4702 34.3125 61.373 39.0608 32.8564 61.006 39.7568 33.4326 60.7281 40.5276 33.3772 60.3097 39.0395 33.5661 61.0737 39.7917 34.4486 60.7911 40.4943 34.2927 60.4036 39.1677 34.3162 61.0776 36.9089 35.2803 61.87 37.7667 35.2834 61.6374 38.6273 35.2458 61.3544 36.8247 36.7532 61.8963 37.6283 36.7008 61.6824 38.514 36.5245 61.4018 39.7537 35.2989 60.8612 40.4041 35.2356 60.5194 39.2608 35.1298 61.086 39.8831 36.1668 60.8202 40.5063 36.3745 60.4934 39.2651 36.2613 61.1049 33.4164 40.6441 61.6839 33.5912 39.7754 61.8921 33.4539 39.105 62.0276 34.7574 40.4928 61.7139 34.7901 39.6762 61.8983 34.4145 39.1315 62.01 35.6779 39.7551 61.8257 35.9149 39.0381 61.9223 35.1463 39.0607 61.9795 34.6761 38.5377 62.1018 35.6199 38.4323 62.0404 36.6752 39.6659 61.7007 36.6013 38.6981 61.8576 36.1227 38.1085 61.9876 35.805 40.6208 61.6159 36.7642 40.6556 61.4609 33.6368 37.7435 62.2278 34.7501 37.7171 62.1952 33.557 38.5461 62.1318 35.5584 37.6344 62.1243 36.1124 37.6129 62.0291 36.7867 37.8656 61.8805 37.5405 37.7602 61.6912 38.4282 37.8615 61.4138 37.5537 38.7529 61.6222 38.4475 38.9154 61.341 39.8774 37.6319 60.8185 40.6121 37.7123 60.4261 39.2048 37.7184 61.1235 39.7582 38.8125 60.8049 40.4573 38.6834 60.451 39.0932 38.6394 61.1184 37.6577 39.7633 61.4563 38.5272 39.7114 61.196 37.6019 40.6048 61.283 38.3005 40.5244 61.0849 39.6645 39.7513 60.7011 40.4265 39.5524 60.3184 39.1021 39.301 61.0213 38.9025 40.7817 60.7898 39.5681 40.6161 60.5387 38.9961 40.0319 60.9272 40.2383 40.4231 60.2065 43.8038 33.486 57.896 44.3084 33.461 57.3797 43.3368 33.3962 58.3334 43.8978 34.2956 57.8893 44.3918 34.4469 57.3997 43.3981 34.3087 58.3793 43.9637 35.1876 57.8861 44.369 35.4202 57.4892 43.519 35.3132 58.3355 43.9346 36.5064 57.9313 44.4263 36.6828 57.4341 43.4362 36.6806 58.4214 41.0043 32.9859 59.9844 41.534 33.3633 59.7099 42.1859 33.3164 59.2493 41.0552 33.752 60.0246 41.7204 34.2765 59.6591 42.3409 34.2072 59.2224 41.1415 34.4564 60.0269 42.7899 33.3614 58.7895 42.8467 34.2934 58.8329 41.6157 35.3036 59.7773 42.3239 35.3478 59.2901 41.0153 35.2802 60.15 41.7222 36.6363 59.7135 42.3281 36.9114 59.2912 41.1238 36.5097 60.1009 42.9615 35.3269 58.798 42.8661 36.7118 58.8813 44.7992 33.3734 56.8 44.84 34.3256 56.8514 44.8464 35.4352 56.9129 44.8403 36.8335 56.9291 43.9379 37.7061 57.881 44.4405 37.7068 57.3718 43.4104 37.7962 58.3934 43.8474 38.7168 57.8443 44.342 38.591 57.3556 43.3394 38.7357 58.3312 43.7126 39.5759 57.8048 44.2143 39.5889 57.2779 43.2235 39.648 58.2348 43.6249 40.511 57.6285 44.1834 40.4306 57.0623 43.044 40.4207 58.173 41.7753 37.8331 59.6432 42.3566 37.9348 59.2211 41.2075 37.7682 60.0245 41.5924 38.7653 59.6718 42.2259 38.7502 59.2156 41.011 38.571 60.0921 42.8548 37.8343 58.8412 42.7875 38.7744 58.7791 41.4794 39.6357 59.589 42.0615 39.4962 59.1947 41.0014 39.1429 59.9956 40.7908 40.75 59.7556 41.465 40.5196 59.3666 40.9199 39.941 59.8936 42.0273 40.1392 59.0497 42.6353 39.6806 58.7184 42.4938 40.5865 58.5865 44.8509 37.8152 56.8587 44.7894 38.7598 56.7988 44.7268 39.6994 56.6699 39.6557 42.6547 59.69 40.4409 42.4483 59.3425 40.5515 41.5789 59.6137 39.8975 41.8895 59.8639 39.1633 42.1638 60.134 39.4293 41.4328 60.3117 40.0807 41.1234 60.048 37.5852 44.5219 59.5969 38.4378 44.4142 59.3246 38.6531 43.6321 59.6771 37.8889 43.8758 59.8384 37.1158 44.0328 59.9965 37.5058 43.4456 60.2029 38.1871 43.1449 60.0979 39.6225 44.5949 58.6551 40.4189 44.4272 58.3292 40.635 43.6457 58.6659 39.924 43.9258 58.8909 39.1756 44.152 59.1362 39.4833 43.4791 59.3818 40.1794 43.1941 59.1485 38.9362 42.9268 59.8931 38.4601 42.4367 60.3345 33.7107 48.347 57.303 33.6881 47.8175 57.7869 33.6983 47.2823 58.2458 34.8165 48.3889 57.2085 34.8095 47.8704 57.6921 34.8077 47.3431 58.1506 35.7386 48.2354 57.2262 35.7498 47.7107 57.7183 35.7466 47.1776 58.1792 36.5056 48.0784 57.2023 36.6478 47.5607 57.6556 36.5052 47.0183 58.1612 33.4243 45.5305 59.5271 33.3277 44.8991 59.9013 33.3512 44.2902 60.2465 34.7528 45.6236 59.454 34.7326 45.001 59.8308 34.7147 44.4139 60.17 33.551 46.1316 59.1089 34.7789 46.2085 59.0294 35.8083 45.4301 59.4945 35.723 44.8016 59.8792 35.7608 44.2375 60.1871 36.6367 45.4891 59.2883 36.666 44.7508 59.7317 36.5257 44.067 60.1452 35.6067 46.0132 59.1105 36.1857 46.0145 59.0035 33.6351 46.7011 58.7027 34.805 46.767 58.6169 35.7799 46.5897 58.6606 36.6544 46.4779 58.5757 38.6726 46.5914 57.6696 39.4348 46.442 57.3611 39.6834 45.7792 57.7599 38.9999 45.9745 57.9775 38.2764 46.1895 58.1908 38.5886 45.5444 58.5381 39.4026 45.2963 58.2877 40.1565 46.1431 57.142 40.4794 45.497 57.5008 40.0789 45.072 58.0551 37.5173 48.4661 56.4696 38.4026 48.2574 56.26 38.6712 47.6847 56.6875 37.8927 47.8755 56.8786 37.1337 48.0234 57.0381 37.5219 47.451 57.4561 38.4031 47.2318 57.2448 37.8735 46.8516 57.8274 37.0918 46.9917 57.9943 37.4849 46.4407 58.3387 39.8019 46.8082 56.795 39.0726 47.0369 57.0335 37.7417 45.7655 58.7423 36.9618 45.9184 58.884 37.4281 45.2238 59.2155 38.1124 45.0626 59.0442 38.8672 44.8635 58.8433 33.2937 41.5471 61.4133 34.78 41.4395 61.4407 33.0613 42.2778 61.1487 34.5949 42.2944 61.1382 35.9163 41.4636 61.3618 36.7003 41.5107 61.2021 35.6334 42.1408 61.1486 36.3043 42.1152 61.0501 33.3052 43.5752 60.6102 33.2677 42.8806 60.9069 34.7117 43.7063 60.5384 34.7164 42.989 60.8524 35.7818 43.5341 60.5471 35.8325 42.7962 60.8605 36.7169 43.3854 60.4498 36.7048 42.6114 60.7856 37.555 42.6516 60.552 37.7745 41.8866 60.7884 37.0299 41.981 60.9348 37.5125 41.2752 61.0806 38.5467 41.5225 60.6753 38.0213 41.0137 61.0105 43.8289 41.8546 56.856 43.2328 42.3783 57.216 43.4477 41.4586 57.45 43.9994 41.0616 57.0121 43.0002 41.0439 57.9918 42.6514 42.6385 57.6576 42.8491 41.8401 57.8262 42.1783 42.3469 58.185 42.4376 41.4555 58.3349 41.5359 44.536 57.5265 42.1807 44.2043 57.1754 42.4388 43.4294 57.4448 41.8087 43.7937 57.783 41.1066 44.1119 58.0805 41.4084 43.4084 58.3027 42.0073 43.0347 58.0028 43.0259 43.0621 57.0335 42.7979 43.803 56.819 41.7757 41.712 58.7436 41.9204 40.9213 58.898 41.2455 41.3882 59.2291 41.5355 42.565 58.5972 41.0726 42.1096 59.0675 40.8947 42.8912 58.8624 41.9009 44.8997 56.8951 41.2272 45.2147 57.2029 40.8732 45.8694 56.8765 40.8144 44.8234 57.8044 33.6456 52.1512 51.4508 34.4404 52.1179 51.2043 34.793 51.8431 51.8412 33.9926 51.9219 51.951 33.1747 51.9778 52.0202 33.6903 51.729 52.5718 34.6106 51.565 52.6598 35.5492 52.1667 50.4821 36.2623 52.0947 50.2199 36.7095 51.8586 50.6904 35.9617 51.9304 50.9554 35.1668 52.0324 51.0927 35.6287 51.7915 51.5969 36.6304 51.5858 51.586 35.6613 51.4824 52.4221 36.5919 51.2576 52.4867 37.96 51.9274 48.9782 37.2191 52.0918 49.2724 37.697 51.8581 49.7153 38.5983 51.5789 49.6441 36.5538 52.203 49.5606 37.0149 51.9593 50.015 37.6355 51.6298 50.6308 38.5364 51.3581 50.5849 39.4782 51.2313 49.5794 40.0505 51.0137 49.1839 40.56 50.6447 49.6677 39.9427 50.8908 49.9615 39.2103 51.137 50.3811 39.7912 50.7602 50.7458 40.5225 50.4151 50.5812 37.5857 51.3608 51.5273 38.354 51.1736 51.3477 37.3831 51.1508 52.2189 38.0673 50.9916 52.0439 39.0433 50.9857 51.0647 39.5475 50.6063 51.5582 40.292 50.2568 51.413 38.831 50.809 51.8274 38.5581 50.6101 52.5584 39.4081 50.3026 52.4006 40.0825 50.0691 52.0983 33.7848 52.8876 48.8015 33.693 52.7179 49.5577 34.6252 52.598 49.52 33.7063 52.4389 50.5161 34.7345 52.3219 50.4316 35.6386 52.3976 49.5859 33.7122 51.3366 53.4027 34.7033 51.199 53.4539 34.7712 50.9283 53.9581 34.0641 50.9779 53.9994 33.2918 51.0159 54.0296 33.718 50.7151 54.5322 34.6993 50.6156 54.55 35.4729 51.1965 53.1796 36.2139 51.0649 53.1181 35.6716 50.8277 53.8667 35.6092 50.4422 54.6163 36.688 50.7091 53.6638 36.507 50.341 54.4412 33.7096 50.2966 55.1316 33.7007 49.8652 55.689 33.7013 49.3923 56.2401 34.739 50.1736 55.1918 34.7681 49.7493 55.752 34.8002 49.2866 56.2872 35.527 50.0493 55.2061 35.7247 49.6359 55.7195 35.6428 49.1764 56.271 36.1607 50.0135 55.0546 36.6194 49.5857 55.5182 36.4331 49.123 56.1225 40.5436 49.5983 52.5528 39.8604 49.8353 52.8542 39.1076 50.0878 53.0993 39.5905 49.6192 53.5776 40.378 49.272 53.3638 38.3965 50.2779 53.3797 38.8512 49.8255 53.8479 38.0858 50.0248 54.0523 38.5545 49.5809 54.523 39.3867 49.2724 54.3783 40.0623 49.0432 54.0564 37.754 50.7894 52.8041 36.9941 50.9341 52.9695 37.5776 50.5156 53.5332 37.3878 50.1988 54.2236 37.7289 49.7394 54.7753 36.9389 49.894 54.9232 37.4922 49.3464 55.4534 38.3664 49.1878 55.189 38.664 48.6767 55.6702 37.8748 48.8444 55.8664 37.0848 49.0027 56.0176 39.7784 48.7611 54.78 39.0356 48.9968 55.0032 41.1848 50.2766 49.5308 41.7599 49.814 49.7102 42.4023 49.3228 49.6261 41.1146 50.1176 50.2598 41.5793 49.6703 50.6793 42.1578 49.2776 50.4676 42.9767 48.9326 48.9927 42.9156 48.8152 49.7943 42.6905 48.7573 50.6352 40.9828 49.95 51.0158 40.8224 49.7842 51.7483 41.4964 49.4039 51.5363 42.0778 49.0716 51.16 41.904 48.8839 51.9181 41.2171 49.2149 52.3676 41.6913 48.6971 52.6621 41.0083 49.0006 53.025 40.7729 48.7568 53.7597 33.7754 48.8715 56.778 34.9009 48.8432 56.7443 35.7453 48.73 56.7299 36.6332 48.5911 56.6596 3	2 1 3 
3	1 0 3 
3	3 0 5 
3	0 4 5 
3	5 6 2 
3	2 3 5 
3	9 8 10 
3	8 7 10 
3	10 7 11 
3	11 12 10 
3	12 13 10 
3	13 9 10 
3	7 14 2 
3	14 1 2 
3	6 11 2 
3	11 7 2 
3	8 15 7 
3	15 14 7 
3	16 13 17 
3	13 12 17 
3	17 12 18 
3	18 19 17 
3	19 20 17 
3	20 16 17 
3	19 18 22 
3	18 21 22 
3	22 21 23 
3	23 24 22 
3	24 25 22 
3	25 19 22 
3	25 26 19 
3	26 20 19 
3	27 6 28 
3	6 5 28 
3	28 5 29 
3	29 30 28 
3	30 21 28 
3	21 27 28 
3	5 4 32 
3	4 31 32 
3	32 31 33 
3	33 34 32 
3	34 29 32 
3	29 5 32 
3	30 29 36 
3	29 35 36 
3	36 23 30 
3	23 21 30 
3	34 33 37 
3	37 38 34 
3	38 35 34 
3	35 29 34 
3	12 11 27 
3	11 6 27 
3	21 18 27 
3	18 12 27 
3	41 40 42 
3	40 39 42 
3	42 39 44 
3	39 43 44 
3	44 45 42 
3	45 41 42 
3	44 43 46 
3	46 47 44 
3	47 48 44 
3	48 45 44 
3	47 46 49 
3	49 50 47 
3	50 51 47 
3	51 48 47 
3	50 49 53 
3	49 52 53 
3	53 54 50 
3	54 51 50 
3	53 52 56 
3	52 55 56 
3	56 57 54 
3	54 53 56 
3	56 55 58 
3	58 57 56 
3	61 60 62 
3	60 59 62 
3	62 59 64 
3	59 63 64 
3	64 65 62 
3	65 61 62 
3	64 63 67 
3	63 66 67 
3	67 68 64 
3	68 65 64 
3	71 70 72 
3	70 69 72 
3	72 69 74 
3	69 73 74 
3	74 75 72 
3	75 71 72 
3	69 76 41 
3	76 40 41 
3	45 73 69 
3	69 41 45 
3	70 77 69 
3	77 76 69 
3	74 73 79 
3	73 78 79 
3	79 80 74 
3	80 75 74 
3	48 78 45 
3	78 73 45 
3	59 81 71 
3	81 70 71 
3	75 63 71 
3	63 59 71 
3	60 82 59 
3	82 81 59 
3	81 83 70 
3	83 77 70 
3	82 84 83 
3	83 81 82 
3	80 66 63 
3	63 75 80 
3	86 85 61 
3	85 60 61 
3	65 87 86 
3	86 61 65 
3	89 88 86 
3	88 85 86 
3	87 90 89 
3	89 86 87 
3	68 91 87 
3	87 65 68 
3	91 92 90 
3	90 87 91 
3	94 93 88 
3	88 89 94 
3	90 95 94 
3	94 89 90 
3	97 96 93 
3	93 94 97 
3	95 98 94 
3	98 97 94 
3	92 99 95 
3	95 90 92 
3	99 100 95 
3	100 98 95 
3	85 101 82 
3	82 60 85 
3	88 102 101 
3	101 85 88 
3	101 103 84 
3	84 82 101 
3	102 104 103 
3	103 101 102 
3	93 105 102 
3	102 88 93 
3	96 106 93 
3	106 105 93 
3	105 107 102 
3	107 104 102 
3	106 108 107 
3	107 105 106 
3	67 66 110 
3	66 109 110 
3	110 111 68 
3	68 67 110 
3	110 109 112 
3	112 113 110 
3	113 114 111 
3	111 110 113 
3	79 78 115 
3	115 116 79 
3	116 117 80 
3	80 79 116 
3	51 115 48 
3	115 78 48 
3	116 115 118 
3	118 119 116 
3	119 120 116 
3	120 117 116 
3	54 118 51 
3	118 115 51 
3	117 109 80 
3	109 66 80 
3	120 112 109 
3	109 117 120 
3	113 112 122 
3	112 121 122 
3	122 123 113 
3	123 114 113 
3	122 121 125 
3	121 124 125 
3	125 126 122 
3	126 123 122 
3	119 118 128 
3	118 127 128 
3	128 129 120 
3	120 119 128 
3	57 127 54 
3	127 118 54 
3	128 127 131 
3	127 130 131 
3	131 132 129 
3	129 128 131 
3	57 58 134 
3	58 133 134 
3	134 130 127 
3	127 57 134 
3	129 121 112 
3	112 120 129 
3	132 124 129 
3	124 121 129 
3	111 135 91 
3	91 68 111 
3	135 136 92 
3	92 91 135 
3	114 137 135 
3	135 111 114 
3	137 138 135 
3	138 136 135 
3	139 100 140 
3	100 99 140 
3	140 99 141 
3	141 142 140 
3	142 143 140 
3	143 139 140 
3	136 141 92 
3	141 99 92 
3	142 141 144 
3	141 136 144 
3	144 136 145 
3	136 138 145 
3	145 146 144 
3	146 142 144 
3	146 147 143 
3	143 142 146 
3	123 148 114 
3	148 137 114 
3	148 149 137 
3	149 138 137 
3	150 149 151 
3	149 148 151 
3	151 148 152 
3	152 153 151 
3	153 154 151 
3	154 150 151 
3	126 152 123 
3	152 148 123 
3	145 138 149 
3	149 150 145 
3	150 155 145 
3	155 146 145 
3	155 156 147 
3	147 146 155 
3	154 157 155 
3	155 150 154 
3	157 158 155 
3	158 156 155 
3	161 160 162 
3	160 159 162 
3	162 159 163 
3	163 164 162 
3	164 165 162 
3	165 161 162 
3	33 165 166 
3	165 164 166 
3	166 164 167 
3	167 168 166 
3	168 37 166 
3	37 33 166 
3	164 163 170 
3	163 169 170 
3	170 169 171 
3	171 172 170 
3	172 167 170 
3	167 164 170 
3	175 174 176 
3	174 173 176 
3	176 173 177 
3	177 178 176 
3	178 179 176 
3	179 175 176 
3	159 181 182 
3	181 180 182 
3	182 180 175 
3	175 169 182 
3	169 163 182 
3	163 159 182 
3	160 183 159 
3	183 181 159 
3	181 185 180 
3	185 184 180 
3	180 184 175 
3	184 174 175 
3	183 186 185 
3	185 181 183 
3	169 175 179 
3	179 171 169 
3	1 188 0 
3	188 187 0 
3	0 187 189 
3	189 4 0 
3	187 191 192 
3	191 190 192 
3	192 190 161 
3	190 160 161 
3	161 189 192 
3	189 187 192 
3	188 193 191 
3	191 187 188 
3	14 194 188 
3	188 1 14 
3	15 195 194 
3	194 14 15 
3	194 196 193 
3	193 188 194 
3	195 197 196 
3	196 194 195 
3	191 199 190 
3	199 198 190 
3	190 198 183 
3	183 160 190 
3	193 200 199 
3	199 191 193 
3	198 199 183 
3	199 201 183 
3	200 203 202 
3	202 199 200 
3	199 202 201 
3	202 204 201 
3	196 205 193 
3	205 200 193 
3	197 206 196 
3	206 205 196 
3	205 207 200 
3	207 203 200 
3	206 208 207 
3	207 205 206 
3	4 189 31 
3	189 161 31 
3	31 161 165 
3	165 33 31 
3	201 204 186 
3	186 183 201 
3	174 210 173 
3	210 209 173 
3	173 209 211 
3	211 177 173 
3	209 213 214 
3	213 212 214 
3	214 212 215 
3	215 216 214 
3	216 211 214 
3	211 209 214 
3	210 217 213 
3	213 209 210 
3	185 219 218 
3	218 184 185 
3	184 218 210 
3	210 174 184 
3	186 220 219 
3	219 185 186 
3	219 222 218 
3	222 221 218 
3	218 221 217 
3	217 210 218 
3	220 223 219 
3	223 222 219 
3	213 225 212 
3	225 224 212 
3	212 224 226 
3	226 215 212 
3	217 227 225 
3	225 213 217 
3	225 229 228 
3	228 224 225 
3	224 228 230 
3	230 226 224 
3	227 231 225 
3	231 229 225 
3	222 233 232 
3	232 221 222 
3	221 232 217 
3	232 227 217 
3	223 234 233 
3	233 222 223 
3	233 236 235 
3	235 232 233 
3	232 235 231 
3	231 227 232 
3	234 237 236 
3	236 233 234 
3	203 239 238 
3	238 202 203 
3	202 238 240 
3	240 204 202 
3	239 242 241 
3	241 238 239 
3	238 241 243 
3	243 240 238 
3	207 244 239 
3	239 203 207 
3	208 245 244 
3	244 207 208 
3	244 246 242 
3	242 239 244 
3	245 247 244 
3	247 246 244 
3	242 249 241 
3	249 248 241 
3	241 248 243 
3	248 250 243 
3	249 252 248 
3	252 251 248 
3	248 251 253 
3	253 250 248 
3	246 254 242 
3	254 249 242 
3	247 255 246 
3	255 254 246 
3	254 256 249 
3	256 252 249 
3	255 257 254 
3	257 256 254 
3	204 240 186 
3	240 220 186 
3	240 243 223 
3	223 220 240 
3	243 250 234 
3	234 223 243 
3	250 253 234 
3	253 237 234 
3	260 259 261 
3	259 258 261 
3	261 258 262 
3	262 263 261 
3	263 264 261 
3	264 260 261 
3	263 262 265 
3	265 266 263 
3	266 267 263 
3	267 264 263 
3	268 158 157 
3	157 269 268 
3	269 157 270 
3	270 271 269 
3	271 272 269 
3	272 268 269 
3	271 270 274 
3	270 273 274 
3	274 273 275 
3	275 276 274 
3	276 277 274 
3	277 271 274 
3	277 278 271 
3	278 272 271 
3	276 275 280 
3	275 279 280 
3	280 279 281 
3	281 282 280 
3	282 283 280 
3	283 276 280 
3	282 281 285 
3	281 284 285 
3	285 284 286 
3	286 287 285 
3	287 288 285 
3	288 282 285 
3	288 289 282 
3	289 283 282 
3	290 278 291 
3	278 277 291 
3	291 277 292 
3	292 293 291 
3	293 294 291 
3	294 290 291 
3	283 292 276 
3	292 277 276 
3	293 292 295 
3	292 283 295 
3	295 283 289 
3	289 296 295 
3	296 297 295 
3	297 293 295 
3	297 298 294 
3	294 293 297 
3	125 124 300 
3	124 299 300 
3	300 301 126 
3	126 125 300 
3	300 299 302 
3	302 303 300 
3	303 304 300 
3	304 301 300 
3	131 130 305 
3	305 306 131 
3	306 307 132 
3	132 131 306 
3	134 133 309 
3	133 308 309 
3	309 305 134 
3	305 130 134 
3	306 305 310 
3	310 311 306 
3	311 312 306 
3	312 307 306 
3	309 308 314 
3	308 313 314 
3	314 310 305 
3	305 309 314 
3	307 299 132 
3	299 124 132 
3	312 302 307 
3	302 299 307 
3	303 302 315 
3	302 312 315 
3	315 312 316 
3	316 317 315 
3	317 318 315 
3	318 303 315 
3	318 319 303 
3	319 304 303 
3	284 319 320 
3	319 318 320 
3	320 318 321 
3	321 322 320 
3	322 286 320 
3	286 284 320 
3	317 316 324 
3	316 323 324 
3	324 321 317 
3	321 318 317 
3	311 310 325 
3	325 326 311 
3	326 316 311 
3	316 312 311 
3	314 313 327 
3	327 328 314 
3	328 325 310 
3	310 314 328 
3	326 325 330 
3	325 329 330 
3	330 323 326 
3	323 316 326 
3	328 327 331 
3	331 332 328 
3	332 329 328 
3	329 325 328 
3	153 152 333 
3	333 334 153 
3	334 273 153 
3	273 154 153 
3	301 333 126 
3	333 152 126 
3	334 333 335 
3	333 301 335 
3	335 301 304 
3	304 336 335 
3	336 279 335 
3	279 334 335 
3	279 275 334 
3	275 273 334 
3	273 270 154 
3	270 157 154 
3	336 304 319 
3	319 284 336 
3	284 281 336 
3	281 279 336 
3	287 286 337 
3	286 322 337 
3	337 322 338 
3	338 339 337 
3	339 340 337 
3	340 287 337 
3	341 340 342 
3	340 339 342 
3	342 339 343 
3	343 344 342 
3	344 345 342 
3	345 341 342 
3	339 338 347 
3	338 346 347 
3	347 346 348 
3	348 349 347 
3	349 343 347 
3	343 339 347 
3	228 229 350 
3	350 230 228 
3	231 352 351 
3	351 229 231 
3	229 351 350 
3	351 353 350 
3	352 355 354 
3	354 351 352 
3	351 354 356 
3	356 353 351 
3	236 358 357 
3	357 235 236 
3	235 357 352 
3	352 231 235 
3	237 359 236 
3	359 358 236 
3	358 344 357 
3	344 360 357 
3	357 360 352 
3	360 355 352 
3	359 345 358 
3	345 344 358 
3	355 362 354 
3	362 361 354 
3	354 361 363 
3	363 356 354 
3	362 365 361 
3	365 364 361 
3	361 364 363 
3	364 366 363 
3	344 343 360 
3	343 349 360 
3	360 349 355 
3	349 362 355 
3	349 348 365 
3	365 362 349 
3	368 296 369 
3	296 367 369 
3	369 367 370 
3	370 371 369 
3	371 372 369 
3	372 368 369 
3	251 371 374 
3	371 373 374 
3	374 373 359 
3	359 237 374 
3	237 253 374 
3	253 251 374 
3	252 372 251 
3	372 371 251 
3	371 370 373 
3	370 341 373 
3	373 341 345 
3	345 359 373 
3	376 375 377 
3	375 368 377 
3	377 368 372 
3	372 252 377 
3	252 256 377 
3	256 376 377 
3	379 378 375 
3	375 376 379 
3	256 257 379 
3	379 376 256 
3	375 297 296 
3	296 368 375 
3	378 298 297 
3	297 375 378 
3	367 288 380 
3	288 287 380 
3	380 287 340 
3	340 341 380 
3	341 370 380 
3	370 367 380 
3	296 289 367 
3	289 288 367 
3	383 382 384 
3	382 381 384 
3	384 381 385 
3	385 386 384 
3	386 387 384 
3	387 383 384 
3	322 321 388 
3	388 338 322 
3	324 323 382 
3	382 383 324 
3	383 388 324 
3	388 321 324 
3	338 388 346 
3	388 383 346 
3	346 383 387 
3	387 348 346 
3	330 329 389 
3	389 381 330 
3	381 382 330 
3	382 323 330 
3	332 331 391 
3	331 390 391 
3	391 389 332 
3	389 329 332 
3	381 389 392 
3	389 391 392 
3	392 391 260 
3	260 393 392 
3	393 385 392 
3	385 381 392 
3	391 390 259 
3	259 260 391 
3	348 387 394 
3	387 386 394 
3	394 386 395 
3	395 364 394 
3	364 365 394 
3	365 348 394 
3	386 385 396 
3	396 395 386 
3	364 395 397 
3	397 366 364 
3	395 396 399 
3	396 398 399 
3	399 398 400 
3	400 401 399 
3	401 397 399 
3	397 395 399 
3	393 260 264 
3	264 398 393 
3	398 396 393 
3	396 385 393 
3	398 264 267 
3	267 400 398 
3	404 403 405 
3	403 402 405 
3	405 402 406 
3	406 407 405 
3	407 408 404 
3	404 405 407 
3	24 23 410 
3	23 409 410 
3	410 411 25 
3	25 24 410 
3	411 412 25 
3	412 26 25 
3	410 409 414 
3	409 413 414 
3	414 415 411 
3	411 410 414 
3	415 416 411 
3	416 412 411 
3	36 35 417 
3	417 418 36 
3	418 409 23 
3	23 36 418 
3	38 37 420 
3	37 419 420 
3	420 417 38 
3	417 35 38 
3	418 417 421 
3	421 422 418 
3	422 413 409 
3	409 418 422 
3	420 419 423 
3	423 424 420 
3	424 421 420 
3	421 417 420 
3	414 413 426 
3	413 425 426 
3	426 427 415 
3	415 414 426 
3	427 428 416 
3	416 415 427 
3	426 425 429 
3	429 430 426 
3	430 431 427 
3	427 426 430 
3	431 432 428 
3	428 427 431 
3	422 421 434 
3	421 433 434 
3	434 425 422 
3	425 413 422 
3	424 423 403 
3	403 404 424 
3	404 433 421 
3	421 424 404 
3	434 433 435 
3	435 436 434 
3	436 429 434 
3	429 425 434 
3	408 435 404 
3	435 433 404 
3	439 438 440 
3	438 437 440 
3	440 437 441 
3	441 442 440 
3	442 443 439 
3	439 440 442 
3	442 441 444 
3	444 443 442 
3	447 446 448 
3	446 445 448 
3	448 445 450 
3	445 449 450 
3	450 451 448 
3	451 447 448 
3	407 406 453 
3	406 452 453 
3	453 454 407 
3	454 408 407 
3	453 452 455 
3	455 456 453 
3	456 457 453 
3	457 454 453 
3	456 455 458 
3	458 459 456 
3	459 460 456 
3	460 457 456 
3	461 460 462 
3	460 459 462 
3	462 459 463 
3	463 464 462 
3	464 465 462 
3	465 461 462 
3	459 458 466 
3	466 463 459 
3	430 429 467 
3	429 436 467 
3	467 436 468 
3	468 469 467 
3	469 470 467 
3	470 430 467 
3	469 468 472 
3	468 471 472 
3	472 473 469 
3	473 470 469 
3	474 431 475 
3	431 430 475 
3	475 430 470 
3	470 476 475 
3	476 437 474 
3	474 475 476 
3	477 432 431 
3	431 474 477 
3	437 438 477 
3	477 474 437 
3	476 470 478 
3	470 473 478 
3	478 441 437 
3	437 476 478 
3	436 435 479 
3	435 408 479 
3	479 408 454 
3	454 480 479 
3	480 468 479 
3	468 436 479 
3	480 454 457 
3	457 481 480 
3	481 471 480 
3	471 468 480 
3	472 471 482 
3	482 483 472 
3	483 484 472 
3	484 473 472 
3	485 484 486 
3	484 483 486 
3	486 483 488 
3	483 487 488 
3	488 489 485 
3	485 486 488 
3	483 482 490 
3	482 461 490 
3	490 461 465 
3	465 491 490 
3	491 487 490 
3	487 483 490 
3	478 473 484 
3	484 485 478 
3	485 445 478 
3	445 441 478 
3	445 446 441 
3	446 444 441 
3	489 449 485 
3	449 445 485 
3	481 457 460 
3	460 461 481 
3	461 482 481 
3	482 471 481 
3	450 449 493 
3	449 492 493 
3	493 494 450 
3	494 451 450 
3	493 492 495 
3	495 496 493 
3	496 497 494 
3	494 493 496 
3	496 495 498 
3	498 499 496 
3	499 500 497 
3	497 496 499 
3	499 498 502 
3	498 501 502 
3	502 503 500 
3	500 499 502 
3	464 463 504 
3	504 465 464 
3	463 466 505 
3	505 506 463 
3	506 507 463 
3	507 504 463 
3	506 505 509 
3	505 508 509 
3	509 508 510 
3	510 511 509 
3	511 512 509 
3	512 506 509 
3	512 513 506 
3	513 507 506 
3	511 510 514 
3	514 515 511 
3	515 516 511 
3	516 512 511 
3	516 517 513 
3	513 512 516 
3	515 514 518 
3	518 519 515 
3	519 520 516 
3	516 515 519 
3	520 521 516 
3	521 517 516 
3	488 487 523 
3	487 522 523 
3	523 524 489 
3	489 488 523 
3	491 465 525 
3	525 487 491 
3	487 525 522 
3	525 526 522 
3	523 522 527 
3	527 524 523 
3	522 526 528 
3	528 529 522 
3	529 530 527 
3	527 522 529 
3	524 492 489 
3	492 449 489 
3	524 527 531 
3	527 530 531 
3	531 495 492 
3	492 524 531 
3	465 504 507 
3	507 532 465 
3	532 526 525 
3	525 465 532 
3	532 507 533 
3	507 513 533 
3	533 528 526 
3	526 532 533 
3	529 528 535 
3	528 534 535 
3	535 536 530 
3	530 529 535 
3	535 534 538 
3	534 537 538 
3	538 539 536 
3	536 535 538 
3	531 530 536 
3	536 540 531 
3	540 498 495 
3	495 531 540 
3	540 536 541 
3	536 539 541 
3	541 501 498 
3	498 540 541 
3	533 513 542 
3	513 517 542 
3	542 534 533 
3	534 528 533 
3	542 517 521 
3	521 543 542 
3	543 537 542 
3	537 534 542 
3	546 545 547 
3	545 544 547 
3	547 544 548 
3	548 549 547 
3	549 550 546 
3	546 547 549 
3	544 545 548 
3	545 551 548 
3	502 501 552 
3	552 503 502 
3	555 554 556 
3	554 553 556 
3	556 553 557 
3	557 558 556 
3	558 559 556 
3	559 555 556 
3	561 560 554 
3	554 555 561 
3	559 562 555 
3	562 561 555 
3	549 548 564 
3	548 563 564 
3	564 565 549 
3	565 550 549 
3	551 567 566 
3	566 548 551 
3	548 566 568 
3	568 563 548 
3	564 563 570 
3	563 569 570 
3	570 571 564 
3	571 565 564 
3	563 568 572 
3	572 569 563 
3	566 559 573 
3	559 558 573 
3	573 558 574 
3	574 575 573 
3	575 568 566 
3	566 573 575 
3	567 562 566 
3	562 559 566 
3	558 557 576 
3	576 574 558 
3	575 574 568 
3	574 577 568 
3	568 577 578 
3	578 572 568 
3	574 576 579 
3	579 577 574 
3	577 579 578 
3	579 580 578 
3	519 518 582 
3	518 581 582 
3	582 581 583 
3	583 584 582 
3	584 585 582 
3	585 519 582 
3	584 583 586 
3	586 587 584 
3	587 588 584 
3	588 585 584 
3	543 521 589 
3	521 520 589 
3	589 520 590 
3	590 591 589 
3	591 592 589 
3	592 543 589 
3	585 590 519 
3	590 520 519 
3	591 590 594 
3	590 593 594 
3	594 595 591 
3	595 592 591 
3	588 593 585 
3	593 590 585 
3	587 586 597 
3	586 596 597 
3	597 596 598 
3	598 599 597 
3	599 600 597 
3	600 587 597 
3	600 601 588 
3	588 587 600 
3	599 598 603 
3	598 602 603 
3	603 604 600 
3	600 599 603 
3	604 605 600 
3	605 601 600 
3	594 593 606 
3	593 588 606 
3	606 588 607 
3	588 601 607 
3	607 608 594 
3	594 606 607 
3	608 609 594 
3	609 595 594 
3	607 601 610 
3	610 608 607 
3	608 610 611 
3	611 612 608 
3	612 613 609 
3	609 608 612 
3	605 611 610 
3	610 601 605 
3	538 537 615 
3	537 614 615 
3	615 616 538 
3	616 539 538 
3	615 614 617 
3	617 618 615 
3	618 619 616 
3	616 615 618 
3	541 539 616 
3	616 553 541 
3	553 554 541 
3	554 501 541 
3	554 560 501 
3	560 552 501 
3	553 616 557 
3	616 619 557 
3	592 614 537 
3	537 543 592 
3	595 617 614 
3	614 592 595 
3	618 617 620 
3	620 621 618 
3	621 622 619 
3	619 618 621 
3	621 620 624 
3	620 623 624 
3	624 625 621 
3	625 622 621 
3	557 619 576 
3	619 622 576 
3	576 622 626 
3	622 625 626 
3	626 580 576 
3	580 579 576 
3	609 620 617 
3	617 595 609 
3	613 623 609 
3	623 620 609 
3	629 628 630 
3	628 627 630 
3	630 627 631 
3	631 632 630 
3	632 633 630 
3	633 629 630 
3	215 226 635 
3	226 634 635 
3	635 634 636 
3	636 627 635 
3	627 628 635 
3	628 215 635 
3	226 230 637 
3	637 634 226 
3	634 637 638 
3	638 636 634 
3	627 636 639 
3	639 631 627 
3	636 638 641 
3	638 640 641 
3	641 640 642 
3	642 643 641 
3	643 639 641 
3	639 636 641 
3	644 633 645 
3	633 632 645 
3	645 632 646 
3	646 647 645 
3	647 648 645 
3	648 644 645 
3	632 631 649 
3	649 646 632 
3	647 646 651 
3	646 650 651 
3	651 652 648 
3	648 647 651 
3	646 649 653 
3	653 650 646 
3	631 639 654 
3	639 643 654 
3	654 643 655 
3	655 656 654 
3	656 649 654 
3	649 631 654 
3	643 642 655 
3	642 657 655 
3	656 655 658 
3	658 659 656 
3	659 653 656 
3	653 649 656 
3	655 657 660 
3	660 658 655 
3	663 662 664 
3	662 661 664 
3	664 661 665 
3	665 666 664 
3	666 667 664 
3	667 663 664 
3	666 665 669 
3	665 668 669 
3	669 670 667 
3	667 666 669 
3	669 668 671 
3	671 672 669 
3	672 673 669 
3	673 670 669 
3	651 650 674 
3	674 661 651 
3	661 662 651 
3	662 652 651 
3	650 653 675 
3	653 659 675 
3	675 659 676 
3	676 677 675 
3	677 674 675 
3	674 650 675 
3	661 674 665 
3	674 678 665 
3	677 676 680 
3	676 679 680 
3	680 678 674 
3	674 677 680 
3	658 660 682 
3	660 681 682 
3	682 681 683 
3	683 684 682 
3	684 685 682 
3	685 658 682 
3	684 683 686 
3	686 687 684 
3	687 688 684 
3	688 685 684 
3	659 658 685 
3	685 676 659 
3	676 685 688 
3	688 679 676 
3	665 678 689 
3	689 668 665 
3	680 679 690 
3	690 691 680 
3	691 689 680 
3	689 678 680 
3	668 689 692 
3	689 691 692 
3	692 691 693 
3	693 694 692 
3	694 671 692 
3	671 668 692 
3	691 690 695 
3	695 693 691 
3	679 688 696 
3	688 687 696 
3	696 687 697 
3	697 698 696 
3	698 690 696 
3	690 679 696 
3	687 686 697 
3	686 699 697 
3	698 697 700 
3	700 701 698 
3	701 695 698 
3	695 690 698 
3	697 699 702 
3	702 700 697 
3	168 167 704 
3	167 703 704 
3	704 419 168 
3	419 37 168 
3	172 171 705 
3	705 706 172 
3	706 703 172 
3	703 167 172 
3	704 703 707 
3	707 708 704 
3	708 423 419 
3	419 704 708 
3	706 705 709 
3	709 710 706 
3	710 707 706 
3	707 703 706 
3	171 179 711 
3	179 178 711 
3	711 178 712 
3	712 713 711 
3	713 705 711 
3	705 171 711 
3	178 177 714 
3	714 712 178 
3	713 712 715 
3	715 716 713 
3	716 709 705 
3	705 713 716 
3	712 714 718 
3	714 717 718 
3	718 717 644 
3	644 719 718 
3	719 715 718 
3	715 712 718 
3	722 721 723 
3	721 720 723 
3	723 720 724 
3	724 725 723 
3	725 726 723 
3	726 722 723 
3	708 707 727 
3	727 402 708 
3	402 403 423 
3	423 708 402 
3	710 709 721 
3	721 722 710 
3	722 727 710 
3	727 707 710 
3	402 727 728 
3	727 722 728 
3	728 722 726 
3	726 729 728 
3	729 406 728 
3	406 402 728 
3	716 715 730 
3	730 720 716 
3	720 721 716 
3	721 709 716 
3	719 644 648 
3	648 731 719 
3	731 730 715 
3	715 719 731 
3	720 730 732 
3	732 724 720 
3	731 648 652 
3	652 733 731 
3	733 732 731 
3	732 730 731 
3	177 211 734 
3	211 216 734 
3	734 216 629 
3	629 717 734 
3	717 714 734 
3	714 177 734 
3	216 215 628 
3	628 629 216 
3	717 629 633 
3	633 644 717 
3	725 724 735 
3	735 736 725 
3	736 737 726 
3	726 725 736 
3	736 735 739 
3	735 738 739 
3	739 740 736 
3	740 737 736 
3	729 726 737 
3	737 741 729 
3	741 452 729 
3	452 406 729 
3	741 737 742 
3	737 740 742 
3	742 455 452 
3	452 741 742 
3	724 732 743 
3	732 733 743 
3	743 733 663 
3	663 744 743 
3	744 735 743 
3	735 724 743 
3	733 652 662 
3	662 663 733 
3	744 663 667 
3	667 745 744 
3	745 738 735 
3	735 744 745 
3	739 738 747 
3	738 746 747 
3	747 748 739 
3	748 740 739 
3	747 746 749 
3	749 750 747 
3	750 751 747 
3	751 748 747 
3	742 740 752 
3	740 748 752 
3	752 458 742 
3	458 455 742 
3	752 748 751 
3	751 753 752 
3	753 466 752 
3	466 458 752 
3	745 667 670 
3	670 754 745 
3	754 746 745 
3	746 738 745 
3	754 670 673 
3	673 755 754 
3	755 749 754 
3	749 746 754 
3	230 757 637 
3	757 756 637 
3	637 756 758 
3	758 638 637 
3	757 760 759 
3	759 756 757 
3	756 759 758 
3	759 761 758 
3	638 758 762 
3	762 640 638 
3	640 762 763 
3	763 642 640 
3	758 761 764 
3	764 762 758 
3	762 764 765 
3	765 763 762 
3	759 760 766 
3	766 761 759 
3	764 761 767 
3	767 765 764 
3	766 769 768 
3	768 761 766 
3	761 768 767 
3	768 770 767 
3	769 772 768 
3	772 771 768 
3	768 771 770 
3	771 773 770 
3	657 775 774 
3	774 776 657 
3	776 774 777 
3	777 681 776 
3	681 660 776 
3	660 657 776 
3	775 779 778 
3	778 774 775 
3	774 778 780 
3	780 777 774 
3	642 763 775 
3	775 657 642 
3	763 765 779 
3	779 775 763 
3	779 782 781 
3	781 778 779 
3	778 781 783 
3	783 780 778 
3	782 785 781 
3	785 784 781 
3	781 784 783 
3	784 786 783 
3	767 770 787 
3	787 765 767 
3	765 787 779 
3	787 782 779 
3	770 773 787 
3	773 788 787 
3	787 788 782 
3	788 785 782 
3	772 790 789 
3	789 771 772 
3	771 789 773 
3	789 791 773 
3	790 793 789 
3	793 792 789 
3	789 792 794 
3	794 791 789 
3	400 267 795 
3	267 266 795 
3	795 266 796 
3	796 792 795 
3	792 793 795 
3	793 400 795 
3	266 265 796 
3	265 797 796 
3	792 796 794 
3	796 798 794 
3	796 797 799 
3	799 798 796 
3	784 785 800 
3	800 786 784 
3	773 791 801 
3	801 788 773 
3	788 801 785 
3	801 802 785 
3	801 791 803 
3	803 802 801 
3	791 794 803 
3	794 804 803 
3	785 802 800 
3	802 805 800 
3	803 804 806 
3	806 802 803 
3	802 806 805 
3	806 807 805 
3	794 798 808 
3	808 804 794 
3	798 799 810 
3	799 809 810 
3	810 809 811 
3	811 812 810 
3	812 808 810 
3	808 798 810 
3	804 808 806 
3	808 812 806 
3	806 812 813 
3	813 807 806 
3	812 811 814 
3	814 813 812 
3	681 777 683 
3	777 815 683 
3	777 780 815 
3	780 816 815 
3	683 815 686 
3	815 817 686 
3	815 816 818 
3	818 817 815 
3	780 783 819 
3	819 816 780 
3	783 786 820 
3	820 819 783 
3	816 819 821 
3	821 822 816 
3	822 821 823 
3	823 824 822 
3	824 818 822 
3	818 816 822 
3	819 820 825 
3	825 821 819 
3	821 825 823 
3	825 826 823 
3	686 817 827 
3	827 699 686 
3	817 818 828 
3	818 824 828 
3	828 824 829 
3	829 830 828 
3	830 827 828 
3	827 817 828 
3	699 827 831 
3	827 830 831 
3	831 830 832 
3	832 833 831 
3	833 702 699 
3	699 831 833 
3	830 829 832 
3	829 834 832 
3	824 823 829 
3	823 835 829 
3	823 826 836 
3	836 835 823 
3	829 835 834 
3	835 837 834 
3	835 836 838 
3	838 837 835 
3	800 805 839 
3	839 786 800 
3	786 839 820 
3	839 840 820 
3	805 807 841 
3	841 839 805 
3	839 841 840 
3	841 842 840 
3	820 840 825 
3	840 843 825 
3	825 843 826 
3	843 844 826 
3	843 840 845 
3	845 844 843 
3	840 842 845 
3	842 846 845 
3	841 807 847 
3	847 842 841 
3	847 849 848 
3	848 842 847 
3	842 848 846 
3	848 850 846 
3	849 852 851 
3	851 848 849 
3	848 851 850 
3	851 853 850 
3	807 813 847 
3	813 849 847 
3	813 814 852 
3	852 849 813 
3	826 844 836 
3	844 854 836 
3	845 846 855 
3	855 844 845 
3	844 855 854 
3	855 856 854 
3	836 854 857 
3	857 838 836 
3	854 856 858 
3	858 857 854 
3	855 846 859 
3	859 856 855 
3	846 850 859 
3	850 860 859 
3	850 853 860 
3	853 861 860 
3	859 860 862 
3	862 856 859 
3	856 862 858 
3	862 863 858 
3	860 861 862 
3	861 864 862 
3	862 864 863 
3	864 865 863 
3	350 353 230 
3	353 757 230 
3	353 356 757 
3	356 760 757 
3	356 363 866 
3	866 760 356 
3	760 866 766 
3	866 769 766 
3	363 366 867 
3	867 866 363 
3	866 867 772 
3	772 769 866 
3	366 397 867 
3	397 401 867 
3	867 401 790 
3	790 772 867 
3	401 400 793 
3	793 790 401 
3	755 673 868 
3	673 672 868 
3	868 672 869 
3	869 870 868 
3	870 871 868 
3	871 755 868 
3	672 671 872 
3	872 869 672 
3	870 869 873 
3	873 874 870 
3	874 875 871 
3	871 870 874 
3	869 872 877 
3	872 876 877 
3	877 876 878 
3	878 879 877 
3	879 873 877 
3	873 869 877 
3	882 881 883 
3	881 880 883 
3	883 880 884 
3	884 885 883 
3	885 886 883 
3	886 882 883 
3	874 873 887 
3	887 880 874 
3	880 881 874 
3	881 875 874 
3	879 878 888 
3	888 889 879 
3	889 887 879 
3	887 873 879 
3	880 887 890 
3	887 889 890 
3	890 889 891 
3	891 892 890 
3	892 884 890 
3	884 880 890 
3	889 888 893 
3	893 891 889 
3	693 695 894 
3	695 701 894 
3	894 701 895 
3	895 896 894 
3	896 897 894 
3	897 693 894 
3	896 895 898 
3	898 899 896 
3	899 900 896 
3	900 897 896 
3	694 693 897 
3	897 876 694 
3	876 872 694 
3	872 671 694 
3	876 897 900 
3	900 878 876 
3	701 700 895 
3	700 901 895 
3	700 702 902 
3	902 901 700 
3	895 901 903 
3	903 898 895 
3	901 902 905 
3	902 904 905 
3	905 904 906 
3	906 907 905 
3	907 903 905 
3	903 901 905 
3	878 900 908 
3	900 899 908 
3	908 899 909 
3	909 910 908 
3	910 888 908 
3	888 878 908 
3	899 898 911 
3	911 909 899 
3	910 909 912 
3	912 913 910 
3	913 893 910 
3	893 888 910 
3	909 911 915 
3	911 914 915 
3	915 914 916 
3	916 917 915 
3	917 912 915 
3	912 909 915 
3	898 903 918 
3	903 907 918 
3	918 907 919 
3	919 914 918 
3	914 911 918 
3	911 898 918 
3	907 906 919 
3	906 920 919 
3	914 919 916 
3	919 921 916 
3	919 920 922 
3	922 921 919 
3	885 884 923 
3	923 924 885 
3	924 925 885 
3	925 886 885 
3	926 925 927 
3	925 924 927 
3	927 924 928 
3	928 929 927 
3	929 596 927 
3	596 926 927 
3	924 923 931 
3	923 930 931 
3	931 930 932 
3	932 933 931 
3	933 928 931 
3	928 924 931 
3	891 893 934 
3	893 913 934 
3	934 913 935 
3	935 936 934 
3	936 937 934 
3	937 891 934 
3	936 935 938 
3	938 939 936 
3	939 940 936 
3	940 937 936 
3	892 891 937 
3	937 930 892 
3	930 923 892 
3	923 884 892 
3	930 937 940 
3	940 932 930 
3	929 928 942 
3	928 941 942 
3	942 598 596 
3	596 929 942 
3	933 932 943 
3	943 944 933 
3	944 941 933 
3	941 928 933 
3	942 941 945 
3	945 946 942 
3	946 602 598 
3	598 942 946 
3	944 943 947 
3	947 948 944 
3	948 945 941 
3	941 944 948 
3	932 940 949 
3	940 939 949 
3	949 939 950 
3	950 951 949 
3	951 943 949 
3	943 932 949 
3	939 938 950 
3	938 952 950 
3	951 950 954 
3	950 953 954 
3	954 947 943 
3	943 951 954 
3	950 952 955 
3	955 953 950 
3	921 922 957 
3	922 956 957 
3	957 956 958 
3	958 959 957 
3	959 960 957 
3	960 921 957 
3	959 958 961 
3	961 962 959 
3	962 963 959 
3	963 960 959 
3	964 963 965 
3	963 962 965 
3	965 962 966 
3	966 967 965 
3	967 968 965 
3	968 964 965 
3	962 961 969 
3	969 966 962 
3	967 966 970 
3	970 971 967 
3	971 972 968 
3	968 967 971 
3	966 969 970 
3	969 973 970 
3	913 912 974 
3	974 935 913 
3	917 916 975 
3	975 976 917 
3	976 974 917 
3	974 912 917 
3	935 974 977 
3	974 976 977 
3	977 976 978 
3	978 979 977 
3	979 938 977 
3	938 935 977 
3	976 975 978 
3	975 964 978 
3	916 921 960 
3	960 975 916 
3	975 960 963 
3	963 964 975 
3	979 978 980 
3	980 981 979 
3	981 952 938 
3	938 979 981 
3	978 964 968 
3	968 980 978 
3	981 980 982 
3	982 983 981 
3	983 955 981 
3	955 952 981 
3	980 968 982 
3	968 972 982 
3	753 751 984 
3	751 750 984 
3	984 750 985 
3	985 986 984 
3	986 508 984 
3	508 753 984 
3	750 749 987 
3	749 755 987 
3	987 755 871 
3	871 988 987 
3	988 985 987 
3	985 750 987 
3	986 985 990 
3	985 989 990 
3	990 510 986 
3	510 508 986 
3	988 871 875 
3	875 991 988 
3	991 989 985 
3	985 988 991 
3	508 505 753 
3	505 466 753 
3	990 989 992 
3	992 993 990 
3	993 514 990 
3	514 510 990 
3	991 875 881 
3	881 882 991 
3	882 992 991 
3	992 989 991 
3	993 992 994 
3	992 882 994 
3	994 882 886 
3	886 995 994 
3	995 581 994 
3	581 993 994 
3	581 518 993 
3	518 514 993 
3	995 886 925 
3	925 926 995 
3	926 583 995 
3	583 581 995 
3	596 586 926 
3	586 583 926 
3	998 997 996 
3	996 999 998 
3	999 996 1000 
3	1000 1001 999 
3	1001 1002 999 
3	1002 998 999 
3	997 1004 1003 
3	1003 996 997 
3	996 1003 1005 
3	1005 1000 996 
3	1006 1002 1007 
3	1002 1001 1007 
3	1007 1001 1008 
3	1008 1009 1007 
3	1009 1010 1007 
3	1010 1006 1007 
3	920 1010 1011 
3	1010 1009 1011 
3	1011 1009 1012 
3	1012 956 1011 
3	956 922 1011 
3	922 920 1011 
3	1009 1008 1013 
3	1013 1012 1009 
3	1001 1000 1014 
3	1014 1008 1001 
3	1000 1005 1015 
3	1015 1014 1000 
3	1008 1014 1016 
3	1016 1013 1008 
3	1014 1015 1016 
3	1015 1017 1016 
3	833 832 1018 
3	1018 904 833 
3	904 902 833 
3	902 702 833 
3	832 834 1018 
3	834 998 1018 
3	904 1018 906 
3	1018 1006 906 
3	1018 998 1002 
3	1002 1006 1018 
3	834 837 997 
3	997 998 834 
3	837 838 1004 
3	1004 997 837 
3	906 1006 1010 
3	1010 920 906 
3	1004 1020 1019 
3	1019 1003 1004 
3	1003 1019 1005 
3	1019 1021 1005 
3	1020 1023 1019 
3	1023 1022 1019 
3	1019 1022 1021 
3	1022 1024 1021 
3	1022 1023 1025 
3	1025 1024 1022 
3	1005 1021 1026 
3	1026 1015 1005 
3	1021 1024 1026 
3	1024 1027 1026 
3	1015 1026 1028 
3	1028 1017 1015 
3	1026 1027 1028 
3	1027 1029 1028 
3	1025 1031 1024 
3	1031 1030 1024 
3	1024 1030 1027 
3	1030 1032 1027 
3	1031 1034 1033 
3	1033 1030 1031 
3	1030 1033 1032 
3	1033 1035 1032 
3	1027 1032 1036 
3	1036 1029 1027 
3	1032 1035 1037 
3	1037 1036 1032 
3	838 857 1020 
3	1020 1004 838 
3	857 858 1020 
3	858 1023 1020 
3	858 863 1038 
3	1038 1023 858 
3	863 865 1039 
3	1039 1038 863 
3	1023 1038 1025 
3	1038 1031 1025 
3	1038 1039 1031 
3	1039 1034 1031 
3	956 1012 1040 
3	1040 958 956 
3	1012 1013 1040 
3	1013 1041 1040 
3	958 1040 961 
3	1040 1042 961 
3	1040 1041 1042 
3	1041 1043 1042 
3	1013 1016 1044 
3	1044 1041 1013 
3	1016 1017 1044 
3	1017 1045 1044 
3	1041 1044 1043 
3	1044 1046 1043 
3	1044 1045 1046 
3	1045 1047 1046 
3	961 1042 969 
3	1042 1048 969 
3	1042 1043 1048 
3	1043 1049 1048 
3	969 1048 973 
3	1048 1050 973 
3	1048 1049 1050 
3	1049 1051 1050 
3	1043 1046 1049 
3	1046 1052 1049 
3	1046 1047 1053 
3	1053 1052 1046 
3	1049 1052 1054 
3	1054 1051 1049 
3	1052 1053 1056 
3	1053 1055 1056 
3	1056 1055 1057 
3	1057 1058 1056 
3	1058 1054 1056 
3	1054 1052 1056 
3	1017 1028 1045 
3	1028 1059 1045 
3	1028 1029 1060 
3	1060 1059 1028 
3	1045 1059 1047 
3	1059 1061 1047 
3	1059 1060 1062 
3	1062 1061 1059 
3	1029 1036 1063 
3	1063 1060 1029 
3	1036 1037 1065 
3	1037 1064 1065 
3	1065 1064 1066 
3	1066 1067 1065 
3	1067 1063 1065 
3	1063 1036 1065 
3	1060 1063 1068 
3	1063 1067 1068 
3	1068 1067 1069 
3	1069 1070 1068 
3	1070 1062 1068 
3	1062 1060 1068 
3	1067 1066 1069 
3	1066 1071 1069 
3	1047 1061 1072 
3	1072 1053 1047 
3	1061 1062 1073 
3	1073 1072 1061 
3	1053 1072 1074 
3	1074 1055 1053 
3	1055 1074 1075 
3	1075 1057 1055 
3	1072 1073 1076 
3	1076 1074 1072 
3	1074 1076 1077 
3	1077 1075 1074 
3	1070 1069 1078 
3	1078 1076 1070 
3	1076 1073 1062 
3	1062 1070 1076 
3	1069 1071 1079 
3	1079 1078 1069 
3	1076 1078 1077 
3	1078 1080 1077 
3	1078 1079 1081 
3	1081 1080 1078 
3	1083 1082 9 
3	1082 8 9 
3	13 1084 1083 
3	1083 9 13 
3	1086 1085 1082 
3	1082 1083 1086 
3	1084 1087 1086 
3	1086 1083 1084 
3	1082 1088 15 
3	15 8 1082 
3	1085 1089 1088 
3	1088 1082 1085 
3	1087 1090 1086 
3	1090 1085 1086 
3	1092 1091 1089 
3	1089 1085 1092 
3	1090 1093 1092 
3	1092 1085 1090 
3	1095 1094 1091 
3	1091 1092 1095 
3	1093 1096 1092 
3	1096 1095 1092 
3	1097 1084 13 
3	13 16 1097 
3	20 1098 16 
3	1098 1097 16 
3	1099 1087 1084 
3	1084 1097 1099 
3	1098 1100 1099 
3	1099 1097 1098 
3	26 1101 1098 
3	1098 20 26 
3	1101 1102 1100 
3	1100 1098 1101 
3	1100 1103 1099 
3	1103 1087 1099 
3	1105 1104 1103 
3	1103 1100 1105 
3	1102 1106 1105 
3	1105 1100 1102 
3	1106 1107 1105 
3	1107 1104 1105 
3	1108 1093 1090 
3	1090 1087 1108 
3	1103 1104 1087 
3	1104 1108 1087 
3	1109 1096 1093 
3	1093 1108 1109 
3	1104 1110 1109 
3	1109 1108 1104 
3	1107 1111 1110 
3	1110 1104 1107 
3	1096 1112 1094 
3	1094 1095 1096 
3	1110 1113 1109 
3	1113 1096 1109 
3	1115 1114 1112 
3	1112 1096 1115 
3	1113 1116 1115 
3	1115 1096 1113 
3	1116 1117 1115 
3	1117 1114 1115 
3	1111 1118 1113 
3	1113 1110 1111 
3	1118 1119 1116 
3	1116 1113 1118 
3	1119 1120 1117 
3	1117 1116 1119 
3	1122 1121 97 
3	1121 96 97 
3	98 1123 97 
3	1123 1122 97 
3	1125 1124 1121 
3	1121 1122 1125 
3	1123 1126 1125 
3	1125 1122 1123 
3	100 1127 98 
3	1127 1123 98 
3	1127 1128 1126 
3	1126 1123 1127 
3	1130 1129 1124 
3	1124 1125 1130 
3	1126 1131 1125 
3	1131 1130 1125 
3	1133 1132 1129 
3	1129 1130 1133 
3	1131 1134 1133 
3	1133 1130 1131 
3	1128 1135 1126 
3	1135 1131 1126 
3	1135 1136 1131 
3	1136 1134 1131 
3	1121 1137 106 
3	106 96 1121 
3	1124 1138 1137 
3	1137 1121 1124 
3	1137 1139 108 
3	108 106 1137 
3	1138 1140 1137 
3	1140 1139 1137 
3	1129 1141 1124 
3	1141 1138 1124 
3	1132 1142 1129 
3	1142 1141 1129 
3	1141 1143 1138 
3	1143 1140 1138 
3	1142 1144 1141 
3	1144 1143 1141 
3	1134 1145 1133 
3	1145 1132 1133 
3	1147 1146 1145 
3	1145 1134 1147 
3	1136 1148 1134 
3	1148 1147 1134 
3	1148 1149 1147 
3	1149 1146 1147 
3	1151 1150 1142 
3	1142 1132 1151 
3	1145 1146 1151 
3	1151 1132 1145 
3	1153 1152 1150 
3	1150 1151 1153 
3	1146 1154 1151 
3	1154 1153 1151 
3	1150 1155 1142 
3	1155 1144 1142 
3	1152 1156 1155 
3	1155 1150 1152 
3	1149 1157 1154 
3	1154 1146 1149 
3	1159 1158 1152 
3	1152 1153 1159 
3	1154 1160 1159 
3	1159 1153 1154 
3	1160 1161 1159 
3	1161 1158 1159 
3	1158 1162 1156 
3	1156 1152 1158 
3	1164 1163 1162 
3	1162 1158 1164 
3	1161 1165 1164 
3	1164 1158 1161 
3	1157 1166 1154 
3	1166 1160 1154 
3	1166 1167 1160 
3	1167 1161 1160 
3	1167 1168 1161 
3	1168 1165 1161 
3	1170 1169 1171 
3	1169 156 1171 
3	1171 156 158 
3	158 268 1171 
3	268 1172 1171 
3	1172 1170 1171 
3	1174 1173 1169 
3	1169 1170 1174 
3	1172 1175 1174 
3	1174 1170 1172 
3	1175 1176 1174 
3	1176 1173 1174 
3	1177 1127 100 
3	100 139 1177 
3	143 1178 139 
3	1178 1177 139 
3	1179 1128 1127 
3	1127 1177 1179 
3	1178 1180 1179 
3	1179 1177 1178 
3	147 1181 143 
3	1181 1178 143 
3	1181 1182 1178 
3	1182 1180 1178 
3	1180 1183 1179 
3	1183 1128 1179 
3	1183 1184 1135 
3	1135 1128 1183 
3	1184 1185 1135 
3	1185 1136 1135 
3	1186 1184 1183 
3	1183 1180 1186 
3	1182 1187 1186 
3	1186 1180 1182 
3	1187 1188 1184 
3	1184 1186 1187 
3	1188 1189 1185 
3	1185 1184 1188 
3	156 1169 147 
3	1169 1181 147 
3	1169 1173 1182 
3	1182 1181 1169 
3	1173 1190 1182 
3	1190 1187 1182 
3	1190 1191 1187 
3	1191 1188 1187 
3	1191 1192 1189 
3	1189 1188 1191 
3	1176 1193 1190 
3	1190 1173 1176 
3	1194 1192 1191 
3	1191 1190 1194 
3	1193 1195 1194 
3	1194 1190 1193 
3	1185 1196 1136 
3	1196 1148 1136 
3	1196 1197 1148 
3	1197 1149 1148 
3	1189 1198 1196 
3	1196 1185 1189 
3	1198 1199 1196 
3	1199 1197 1196 
3	1197 1200 1157 
3	1157 1149 1197 
3	1199 1201 1197 
3	1201 1200 1197 
3	1200 1202 1157 
3	1202 1166 1157 
3	1202 1203 1167 
3	1167 1166 1202 
3	1203 1204 1167 
3	1204 1168 1167 
3	1200 1205 1202 
3	1205 1203 1202 
3	1201 1206 1205 
3	1205 1200 1201 
3	1206 1207 1205 
3	1207 1203 1205 
3	1207 1208 1203 
3	1208 1204 1203 
3	1192 1209 1198 
3	1198 1189 1192 
3	1209 1210 1199 
3	1199 1198 1209 
3	1195 1211 1194 
3	1211 1192 1194 
3	1211 1212 1209 
3	1209 1192 1211 
3	1212 1213 1210 
3	1210 1209 1212 
3	1210 1214 1199 
3	1214 1201 1199 
3	1213 1215 1214 
3	1214 1210 1213 
3	1214 1216 1201 
3	1216 1206 1201 
3	1216 1217 1206 
3	1217 1207 1206 
3	1207 1218 1208 
3	1218 1219 1208 
3	1217 1220 1218 
3	1218 1207 1217 
3	1215 1221 1214 
3	1221 1216 1214 
3	1221 1222 1216 
3	1222 1217 1216 
3	1222 1223 1217 
3	1223 1220 1217 
3	1225 1224 1163 
3	1163 1164 1225 
3	1165 1226 1225 
3	1225 1164 1165 
3	1226 1227 1225 
3	1227 1224 1225 
3	1165 1228 1226 
3	1228 1227 1226 
3	1168 1229 1228 
3	1228 1165 1168 
3	1204 1230 1168 
3	1230 1229 1168 
3	1208 1219 1230 
3	1230 1204 1208 
3	1088 1231 15 
3	1231 195 15 
3	1089 1232 1088 
3	1232 1231 1088 
3	1231 1233 197 
3	197 195 1231 
3	1232 1234 1231 
3	1234 1233 1231 
3	1091 1235 1089 
3	1235 1232 1089 
3	1094 1236 1235 
3	1235 1091 1094 
3	1235 1237 1232 
3	1237 1234 1232 
3	1236 1238 1235 
3	1238 1237 1235 
3	1233 1239 197 
3	1239 206 197 
3	1234 1240 1239 
3	1239 1233 1234 
3	1239 1241 208 
3	208 206 1239 
3	1240 1242 1239 
3	1242 1241 1239 
3	1237 1243 1240 
3	1240 1234 1237 
3	1238 1244 1237 
3	1244 1243 1237 
3	1243 1245 1240 
3	1245 1242 1240 
3	1244 1246 1245 
3	1245 1243 1244 
3	1112 1247 1236 
3	1236 1094 1112 
3	1247 1248 1236 
3	1248 1238 1236 
3	1248 1249 1244 
3	1244 1238 1248 
3	1249 1250 1246 
3	1246 1244 1249 
3	1114 1251 1247 
3	1247 1112 1114 
3	1117 1252 1114 
3	1252 1251 1114 
3	1251 1253 1248 
3	1248 1247 1251 
3	1255 1254 1253 
3	1253 1251 1255 
3	1252 1256 1255 
3	1255 1251 1252 
3	1257 1256 1252 
3	1252 1117 1257 
3	1120 1258 1257 
3	1257 1117 1120 
3	1256 1259 1255 
3	1259 1254 1255 
3	1258 1260 1257 
3	1260 1256 1257 
3	1262 1261 1259 
3	1259 1256 1262 
3	1260 1263 1262 
3	1262 1256 1260 
3	1263 1264 1262 
3	1264 1261 1262 
3	1253 1265 1248 
3	1265 1249 1248 
3	1254 1266 1265 
3	1265 1253 1254 
3	1265 1267 1249 
3	1267 1250 1249 
3	1266 1268 1265 
3	1268 1267 1265 
3	1259 1269 1254 
3	1269 1266 1254 
3	1271 1270 1268 
3	1268 1266 1271 
3	1269 1272 1271 
3	1271 1266 1269 
3	1272 1273 1271 
3	1273 1270 1271 
3	1261 1272 1269 
3	1269 1259 1261 
3	1264 1274 1261 
3	1274 1272 1261 
3	1276 1275 1273 
3	1273 1272 1276 
3	1274 1277 1276 
3	1276 1272 1274 
3	1241 1278 245 
3	245 208 1241 
3	1242 1279 1241 
3	1279 1278 1241 
3	1278 1280 247 
3	247 245 1278 
3	1279 1281 1280 
3	1280 1278 1279 
3	1245 1282 1242 
3	1282 1279 1242 
3	1246 1283 1245 
3	1283 1282 1245 
3	1282 1284 1279 
3	1284 1281 1279 
3	1283 1285 1282 
3	1285 1284 1282 
3	1280 1286 247 
3	1286 255 247 
3	1281 1287 1286 
3	1286 1280 1281 
3	1286 1288 257 
3	257 255 1286 
3	1287 1289 1288 
3	1288 1286 1287 
3	1284 1290 1281 
3	1290 1287 1281 
3	1285 1291 1290 
3	1290 1284 1285 
3	1290 1292 1289 
3	1289 1287 1290 
3	1291 1293 1290 
3	1293 1292 1290 
3	1250 1294 1246 
3	1294 1283 1246 
3	1294 1295 1283 
3	1295 1285 1283 
3	1295 1296 1291 
3	1291 1285 1295 
3	1296 1297 1291 
3	1297 1293 1291 
3	1267 1298 1250 
3	1298 1294 1250 
3	1268 1299 1267 
3	1299 1298 1267 
3	1298 1300 1294 
3	1300 1295 1294 
3	1299 1301 1298 
3	1301 1300 1298 
3	1270 1302 1268 
3	1302 1299 1268 
3	1273 1303 1302 
3	1302 1270 1273 
3	1302 1304 1301 
3	1301 1299 1302 
3	1303 1305 1302 
3	1305 1304 1302 
3	1275 1306 1303 
3	1303 1273 1275 
3	1306 1307 1303 
3	1307 1305 1303 
3	1300 1308 1296 
3	1296 1295 1300 
3	1301 1309 1300 
3	1309 1308 1300 
3	1308 1310 1297 
3	1297 1296 1308 
3	1309 1311 1308 
3	1311 1310 1308 
3	1304 1312 1301 
3	1312 1309 1301 
3	1305 1313 1304 
3	1313 1312 1304 
3	1312 1314 1309 
3	1314 1311 1309 
3	1313 1315 1314 
3	1314 1312 1313 
3	1307 1316 1305 
3	1316 1313 1305 
3	1316 1317 1315 
3	1315 1313 1316 
3	1277 1318 1276 
3	1318 1275 1276 
3	1318 1319 1306 
3	1306 1275 1318 
3	1319 1320 1307 
3	1307 1306 1319 
3	1320 1321 1307 
3	1321 1316 1307 
3	1321 1322 1316 
3	1322 1317 1316 
3	272 1323 1172 
3	1172 268 272 
3	1323 1324 1175 
3	1175 1172 1323 
3	278 1325 1323 
3	1323 272 278 
3	1325 1326 1324 
3	1324 1323 1325 
3	1327 1193 1175 
3	1193 1176 1175 
3	1324 1328 1327 
3	1327 1175 1324 
3	1328 1329 1327 
3	1329 1193 1327 
3	1326 1330 1324 
3	1330 1328 1324 
3	1330 1331 1328 
3	1331 1329 1328 
3	1333 1332 1334 
3	1332 294 1334 
3	1334 294 298 
3	298 378 1334 
3	378 1335 1334 
3	1335 1333 1334 
3	1335 1336 1333 
3	1336 1332 1333 
3	1337 1325 278 
3	278 290 1337 
3	294 1332 1337 
3	1337 290 294 
3	1338 1326 1325 
3	1325 1337 1338 
3	1332 1339 1338 
3	1338 1337 1332 
3	1336 1340 1332 
3	1340 1339 1332 
3	1339 1341 1338 
3	1341 1326 1338 
3	1341 1342 1330 
3	1330 1326 1341 
3	1344 1343 1331 
3	1331 1330 1344 
3	1342 1345 1344 
3	1344 1330 1342 
3	1346 1342 1341 
3	1341 1339 1346 
3	1340 1347 1346 
3	1346 1339 1340 
3	1347 1348 1346 
3	1348 1342 1346 
3	1348 1349 1345 
3	1345 1342 1348 
3	1345 1350 1344 
3	1350 1343 1344 
3	1349 1351 1345 
3	1351 1350 1345 
3	1329 1352 1195 
3	1195 1193 1329 
3	1331 1343 1352 
3	1352 1329 1331 
3	1352 1353 1211 
3	1211 1195 1352 
3	1353 1354 1212 
3	1212 1211 1353 
3	1354 1355 1213 
3	1213 1212 1354 
3	1343 1356 1352 
3	1356 1353 1352 
3	1356 1357 1354 
3	1354 1353 1356 
3	1357 1358 1354 
3	1358 1355 1354 
3	1355 1359 1215 
3	1215 1213 1355 
3	1358 1360 1359 
3	1359 1355 1358 
3	1359 1361 1221 
3	1221 1215 1359 
3	1361 1362 1221 
3	1362 1222 1221 
3	1362 1363 1222 
3	1363 1223 1222 
3	1360 1364 1359 
3	1364 1361 1359 
3	1364 1365 1362 
3	1362 1361 1364 
3	1365 1366 1363 
3	1363 1362 1365 
3	1367 1357 1356 
3	1356 1343 1367 
3	1350 1368 1367 
3	1367 1343 1350 
3	1368 1369 1367 
3	1369 1357 1367 
3	1370 1360 1358 
3	1358 1357 1370 
3	1369 1371 1370 
3	1370 1357 1369 
3	1351 1372 1368 
3	1368 1350 1351 
3	1372 1373 1368 
3	1373 1369 1368 
3	1373 1374 1371 
3	1371 1369 1373 
3	1371 1375 1370 
3	1375 1360 1370 
3	1374 1376 1371 
3	1376 1375 1371 
3	1377 1365 1364 
3	1364 1360 1377 
3	1375 1378 1377 
3	1377 1360 1375 
3	1378 1379 1377 
3	1379 1365 1377 
3	1379 1380 1365 
3	1380 1366 1365 
3	1376 1381 1378 
3	1378 1375 1376 
3	1381 1382 1378 
3	1382 1379 1378 
3	1384 1383 1380 
3	1380 1379 1384 
3	1382 1385 1384 
3	1384 1379 1382 
3	1386 1335 378 
3	378 379 1386 
3	257 1288 1386 
3	1386 379 257 
3	1388 1387 1386 
3	1387 1335 1386 
3	1288 1289 1386 
3	1289 1388 1386 
3	1387 1340 1335 
3	1340 1336 1335 
3	1390 1389 1387 
3	1387 1388 1390 
3	1289 1292 1390 
3	1390 1388 1289 
3	1292 1391 1390 
3	1391 1389 1390 
3	1389 1347 1387 
3	1347 1340 1387 
3	1393 1392 1347 
3	1347 1389 1393 
3	1391 1394 1393 
3	1393 1389 1391 
3	1293 1394 1391 
3	1391 1292 1293 
3	1392 1349 1348 
3	1348 1347 1392 
3	1394 1395 1393 
3	1395 1392 1393 
3	1397 1396 1394 
3	1394 1293 1397 
3	1297 1310 1397 
3	1397 1293 1297 
3	1310 1398 1397 
3	1398 1396 1397 
3	1396 1399 1395 
3	1395 1394 1396 
3	1398 1400 1396 
3	1400 1399 1396 
3	1402 1401 1349 
3	1349 1392 1402 
3	1395 1399 1402 
3	1402 1392 1395 
3	1399 1403 1402 
3	1403 1401 1402 
3	1401 1372 1351 
3	1351 1349 1401 
3	1403 1404 1401 
3	1404 1372 1401 
3	1406 1405 1403 
3	1403 1399 1406 
3	1400 1407 1406 
3	1406 1399 1400 
3	1405 1408 1404 
3	1404 1403 1405 
3	1407 1409 1406 
3	1409 1405 1406 
3	1409 1410 1405 
3	1410 1408 1405 
3	1311 1411 1398 
3	1398 1310 1311 
3	1411 1407 1400 
3	1400 1398 1411 
3	1314 1412 1311 
3	1412 1411 1311 
3	1315 1413 1314 
3	1413 1412 1314 
3	1412 1414 1407 
3	1407 1411 1412 
3	1413 1415 1412 
3	1415 1414 1412 
3	1317 1416 1315 
3	1416 1413 1315 
3	1416 1417 1413 
3	1417 1415 1413 
3	1414 1418 1409 
3	1409 1407 1414 
3	1415 1419 1414 
3	1419 1418 1414 
3	1418 1420 1410 
3	1410 1409 1418 
3	1419 1421 1418 
3	1421 1420 1418 
3	1417 1422 1415 
3	1422 1419 1415 
3	1422 1423 1419 
3	1423 1421 1419 
3	1424 1374 1373 
3	1373 1372 1424 
3	1404 1408 1424 
3	1424 1372 1404 
3	1408 1425 1424 
3	1425 1374 1424 
3	1425 1426 1374 
3	1426 1376 1374 
3	1410 1427 1408 
3	1427 1425 1408 
3	1429 1428 1426 
3	1426 1425 1429 
3	1427 1430 1429 
3	1429 1425 1427 
3	1430 1431 1429 
3	1431 1428 1429 
3	1426 1428 1381 
3	1381 1376 1426 
3	1428 1432 1381 
3	1432 1382 1381 
3	1432 1433 1382 
3	1433 1385 1382 
3	1431 1434 1428 
3	1434 1432 1428 
3	1434 1435 1433 
3	1433 1432 1434 
3	1420 1430 1427 
3	1427 1410 1420 
3	1421 1436 1420 
3	1436 1430 1420 
3	1436 1437 1430 
3	1437 1431 1430 
3	1423 1438 1436 
3	1436 1421 1423 
3	1438 1439 1437 
3	1437 1436 1438 
3	1440 1435 1434 
3	1434 1431 1440 
3	1437 1439 1440 
3	1440 1431 1437 
3	1385 1441 1384 
3	1441 1383 1384 
3	1322 1442 1416 
3	1416 1317 1322 
3	1442 1443 1417 
3	1417 1416 1442 
3	1443 1444 1422 
3	1422 1417 1443 
3	1444 1445 1422 
3	1445 1423 1422 
3	1433 1446 1385 
3	1446 1441 1385 
3	1435 1447 1433 
3	1447 1446 1433 
3	1445 1448 1423 
3	1448 1438 1423 
3	1448 1449 1438 
3	1449 1439 1438 
3	1439 1450 1440 
3	1450 1435 1440 
3	1450 1451 1435 
3	1451 1447 1435 
3	1449 1452 1439 
3	1452 1450 1439 
3	1454 1453 1451 
3	1451 1450 1454 
3	1452 1455 1454 
3	1454 1450 1452 
3	1455 1456 1454 
3	1456 1453 1454 
3	412 1457 1101 
3	1101 26 412 
3	1457 1458 1102 
3	1102 1101 1457 
3	416 1459 412 
3	1459 1457 412 
3	1459 1460 1458 
3	1458 1457 1459 
3	1458 1461 1106 
3	1106 1102 1458 
3	1461 1462 1107 
3	1107 1106 1461 
3	1460 1463 1461 
3	1461 1458 1460 
3	1463 1464 1462 
3	1462 1461 1463 
3	1462 1465 1107 
3	1465 1111 1107 
3	1464 1466 1462 
3	1466 1465 1462 
3	428 1467 416 
3	1467 1459 416 
3	1467 1468 1459 
3	1468 1460 1459 
3	432 1469 428 
3	1469 1467 428 
3	1469 1470 1467 
3	1470 1468 1467 
3	1468 1471 1463 
3	1463 1460 1468 
3	1471 1472 1463 
3	1472 1464 1463 
3	1470 1473 1471 
3	1471 1468 1470 
3	1475 1474 1472 
3	1472 1471 1475 
3	1473 1476 1475 
3	1475 1471 1473 
3	1472 1474 1466 
3	1466 1464 1472 
3	1465 1477 1111 
3	1477 1118 1111 
3	1477 1478 1118 
3	1478 1119 1118 
3	1478 1479 1119 
3	1479 1120 1119 
3	1466 1480 1465 
3	1480 1477 1465 
3	1480 1481 1477 
3	1481 1478 1477 
3	1481 1482 1478 
3	1482 1479 1478 
3	1476 1483 1475 
3	1483 1474 1475 
3	1474 1484 1466 
3	1484 1480 1466 
3	1484 1485 1481 
3	1481 1480 1484 
3	1485 1486 1481 
3	1486 1482 1481 
3	1487 1485 1484 
3	1484 1474 1487 
3	1483 1488 1487 
3	1487 1474 1483 
3	1488 1489 1487 
3	1489 1485 1487 
3	1491 1490 1486 
3	1486 1485 1491 
3	1489 1492 1491 
3	1491 1485 1489 
3	1492 1493 1491 
3	1493 1490 1491 
3	1495 1494 438 
3	438 439 1495 
3	443 1496 1495 
3	1495 439 443 
3	1498 1497 1494 
3	1494 1495 1498 
3	1496 1499 1495 
3	1499 1498 1495 
3	1501 1500 1498 
3	1500 1497 1498 
3	1499 1502 1498 
3	1502 1501 1498 
3	1502 1503 1501 
3	1503 1500 1501 
3	443 444 1504 
3	1504 1496 443 
3	1496 1504 1505 
3	1505 1506 1496 
3	1506 1507 1496 
3	1507 1499 1496 
3	1506 1505 447 
3	1505 446 447 
3	451 1508 1506 
3	1506 447 451 
3	1508 1509 1507 
3	1507 1506 1508 
3	1499 1510 1503 
3	1503 1502 1499 
3	1507 1511 1510 
3	1510 1499 1507 
3	1509 1512 1507 
3	1512 1511 1507 
3	1513 1469 432 
3	432 477 1513 
3	438 1494 477 
3	1494 1513 477 
3	1514 1470 1513 
3	1470 1469 1513 
3	1494 1497 1513 
3	1497 1514 1513 
3	1515 1473 1470 
3	1470 1514 1515 
3	1497 1500 1515 
3	1515 1514 1497 
3	1500 1516 1515 
3	1516 1473 1515 
3	1516 1517 1473 
3	1517 1476 1473 
3	1518 1517 1516 
3	1516 1500 1518 
3	1503 1519 1518 
3	1518 1500 1503 
3	446 1505 444 
3	1505 1504 444 
3	1511 1520 1510 
3	1520 1503 1510 
3	1503 1521 1519 
3	1521 1522 1519 
3	1520 1523 1503 
3	1523 1521 1503 
3	1523 1524 1522 
3	1522 1521 1523 
3	1512 1525 1511 
3	1525 1520 1511 
3	1526 1524 1523 
3	1523 1520 1526 
3	1525 1527 1520 
3	1527 1526 1520 
3	1517 1528 1476 
3	1528 1483 1476 
3	1519 1522 1517 
3	1517 1518 1519 
3	1522 1529 1517 
3	1529 1528 1517 
3	1528 1530 1483 
3	1530 1488 1483 
3	1530 1531 1488 
3	1531 1489 1488 
3	1531 1532 1492 
3	1492 1489 1531 
3	1529 1533 1530 
3	1530 1528 1529 
3	1533 1534 1530 
3	1534 1531 1530 
3	1534 1535 1532 
3	1532 1531 1534 
3	1532 1536 1493 
3	1493 1492 1532 
3	1535 1537 1532 
3	1537 1536 1532 
3	1524 1538 1522 
3	1538 1529 1522 
3	1527 1539 1526 
3	1539 1524 1526 
3	1541 1540 1538 
3	1538 1524 1541 
3	1539 1542 1541 
3	1541 1524 1539 
3	1542 1543 1541 
3	1543 1540 1541 
3	1538 1540 1533 
3	1533 1529 1538 
3	1540 1544 1533 
3	1544 1534 1533 
3	1544 1545 1535 
3	1535 1534 1544 
3	1546 1545 1544 
3	1544 1540 1546 
3	1543 1547 1546 
3	1546 1540 1543 
3	1545 1548 1535 
3	1548 1537 1535 
3	1547 1549 1546 
3	1549 1545 1546 
3	1551 1550 1548 
3	1548 1545 1551 
3	1549 1552 1551 
3	1551 1545 1549 
3	1552 1553 1551 
3	1553 1550 1551 
3	1555 1554 1556 
3	1554 546 1556 
3	1556 546 1557 
3	546 550 1557 
3	1557 1558 1556 
3	1558 1555 1556 
3	1558 1559 1555 
3	1559 1554 1555 
3	1557 550 1560 
3	550 565 1560 
3	1560 1561 1557 
3	1561 1558 1557 
3	1561 1562 1559 
3	1559 1558 1561 
3	1560 565 1561 
3	565 1562 1561 
3	494 1563 1508 
3	1508 451 494 
3	1563 1564 1508 
3	1564 1509 1508 
3	497 1565 1563 
3	1563 494 497 
3	1565 1566 1563 
3	1566 1564 1563 
3	1567 1525 1512 
3	1512 1509 1567 
3	1564 1568 1509 
3	1568 1567 1509 
3	1568 1569 1525 
3	1525 1567 1568 
3	1564 1570 1568 
3	1570 1569 1568 
3	1566 1571 1570 
3	1570 1564 1566 
3	500 1572 1565 
3	1565 497 500 
3	1572 1573 1565 
3	1573 1566 1565 
3	1574 1572 1575 
3	1572 500 1575 
3	1575 500 503 
3	503 1576 1575 
3	1576 1577 1574 
3	1574 1575 1576 
3	1577 1578 1574 
3	1578 1572 1574 
3	1578 1579 1572 
3	1579 1573 1572 
3	1573 1580 1566 
3	1580 1571 1566 
3	1579 1581 1580 
3	1580 1573 1579 
3	1569 1582 1525 
3	1582 1527 1525 
3	1571 1583 1570 
3	1583 1569 1570 
3	1569 1584 1582 
3	1584 1585 1582 
3	1583 1586 1584 
3	1584 1569 1583 
3	1586 1587 1584 
3	1587 1585 1584 
3	1580 1588 1571 
3	1588 1583 1571 
3	1588 1589 1583 
3	1589 1586 1583 
3	1589 1590 1586 
3	1590 1587 1586 
3	1581 1591 1588 
3	1588 1580 1581 
3	1591 1592 1588 
3	1592 1589 1588 
3	1592 1593 1589 
3	1593 1590 1589 
3	1582 1585 1539 
3	1539 1527 1582 
3	1585 1594 1539 
3	1594 1542 1539 
3	1594 1595 1542 
3	1595 1543 1542 
3	1587 1596 1585 
3	1596 1594 1585 
3	1596 1597 1595 
3	1595 1594 1596 
3	1595 1598 1543 
3	1598 1547 1543 
3	1597 1599 1595 
3	1599 1598 1595 
3	1598 1600 1549 
3	1549 1547 1598 
3	1600 1601 1552 
3	1552 1549 1600 
3	1601 1602 1552 
3	1602 1553 1552 
3	1599 1603 1600 
3	1600 1598 1599 
3	1603 1604 1601 
3	1601 1600 1603 
3	1604 1605 1601 
3	1605 1602 1601 
3	1587 1606 1596 
3	1606 1597 1596 
3	1590 1607 1606 
3	1606 1587 1590 
3	1593 1608 1607 
3	1607 1590 1593 
3	1607 1609 1597 
3	1597 1606 1607 
3	1597 1610 1599 
3	1610 1603 1599 
3	1609 1611 1610 
3	1610 1597 1609 
3	1611 1612 1603 
3	1603 1610 1611 
3	1608 1613 1607 
3	1613 1609 1607 
3	1614 1612 1611 
3	1611 1609 1614 
3	1613 1615 1614 
3	1614 1609 1613 
3	1612 1616 1604 
3	1604 1603 1612 
3	1616 1617 1604 
3	1617 1605 1604 
3	1615 1618 1614 
3	1618 1612 1614 
3	1618 1619 1616 
3	1616 1612 1618 
3	1619 1620 1616 
3	1620 1617 1616 
3	1554 1621 545 
3	545 546 1554 
3	1623 1622 1621 
3	1621 1554 1623 
3	1559 1624 1554 
3	1624 1623 1554 
3	1621 1626 1625 
3	1625 545 1621 
3	545 1625 567 
3	567 551 545 
3	1622 1627 1621 
3	1627 1626 1621 
3	1624 1628 1623 
3	1628 1622 1623 
3	1628 1629 1627 
3	1627 1622 1628 
3	1576 503 1625 
3	503 561 1625 
3	1625 1626 1577 
3	1577 1576 1625 
3	1626 1630 1577 
3	1630 1578 1577 
3	503 552 560 
3	560 561 503 
3	1630 1631 1578 
3	1631 1579 1578 
3	1625 561 562 
3	562 567 1625 
3	1627 1631 1630 
3	1630 1626 1627 
3	1631 1632 1579 
3	1632 1581 1579 
3	1634 1633 1631 
3	1631 1627 1634 
3	1629 1635 1627 
3	1635 1634 1627 
3	1635 1636 1634 
3	1636 1633 1634 
3	1633 1637 1632 
3	1632 1631 1633 
3	1636 1638 1633 
3	1638 1637 1633 
3	1562 1639 1559 
3	1639 1624 1559 
3	571 1640 565 
3	1640 1562 565 
3	1562 1641 1639 
3	1641 1642 1639 
3	1640 1643 1641 
3	1641 1562 1640 
3	1643 1644 1642 
3	1642 1641 1643 
3	1639 1642 1628 
3	1628 1624 1639 
3	1642 1645 1629 
3	1629 1628 1642 
3	1644 1646 1645 
3	1645 1642 1644 
3	1645 1647 1629 
3	1647 1635 1629 
3	1647 1648 1636 
3	1636 1635 1647 
3	1648 1649 1638 
3	1638 1636 1648 
3	1645 1650 1647 
3	1650 1648 1647 
3	1646 1651 1650 
3	1650 1645 1646 
3	1651 1652 1650 
3	1652 1648 1650 
3	1652 1653 1649 
3	1649 1648 1652 
3	1632 1637 1591 
3	1591 1581 1632 
3	1637 1654 1592 
3	1592 1591 1637 
3	1654 1655 1593 
3	1593 1592 1654 
3	1638 1656 1654 
3	1654 1637 1638 
3	1656 1657 1654 
3	1657 1655 1654 
3	1649 1658 1656 
3	1656 1638 1649 
3	1658 1659 1657 
3	1657 1656 1658 
3	1653 1660 1649 
3	1660 1658 1649 
3	1660 1661 1658 
3	1661 1659 1658 
3	1655 1662 1608 
3	1608 1593 1655 
3	1664 1663 1662 
3	1662 1655 1664 
3	1657 1665 1664 
3	1664 1655 1657 
3	1665 1666 1664 
3	1666 1663 1664 
3	1662 1663 1613 
3	1613 1608 1662 
3	1663 1667 1613 
3	1667 1615 1613 
3	1666 1668 1667 
3	1667 1663 1666 
3	1667 1669 1618 
3	1618 1615 1667 
3	1669 1670 1618 
3	1670 1619 1618 
3	1672 1671 1620 
3	1620 1619 1672 
3	1670 1673 1672 
3	1672 1619 1670 
3	1668 1674 1669 
3	1669 1667 1668 
3	1674 1675 1670 
3	1670 1669 1674 
3	1675 1676 1673 
3	1673 1670 1675 
3	1659 1677 1657 
3	1677 1665 1657 
3	1677 1678 1666 
3	1666 1665 1677 
3	1659 1679 1677 
3	1679 1678 1677 
3	1661 1680 1679 
3	1679 1659 1661 
3	1678 1681 1666 
3	1681 1668 1666 
3	1680 1682 1679 
3	1682 1678 1679 
3	1682 1683 1681 
3	1681 1678 1682 
3	1681 1684 1668 
3	1684 1674 1668 
3	1684 1685 1674 
3	1685 1675 1674 
3	1685 1686 1675 
3	1686 1676 1675 
3	1683 1687 1681 
3	1687 1684 1681 
3	1687 1688 1684 
3	1688 1685 1684 
3	1688 1689 1685 
3	1689 1686 1685 
3	1673 1690 1672 
3	1690 1671 1672 
3	1676 1691 1673 
3	1691 1690 1673 
3	1693 1692 1691 
3	1691 1676 1693 
3	1686 1694 1693 
3	1693 1676 1686 
3	1694 1695 1693 
3	1695 1692 1693 
3	1689 1696 1694 
3	1694 1686 1689 
3	1696 1697 1694 
3	1697 1695 1694 
3	1479 1698 1258 
3	1258 1120 1479 
3	1482 1699 1479 
3	1699 1698 1479 
3	1698 1700 1258 
3	1700 1260 1258 
3	1700 1701 1260 
3	1701 1263 1260 
3	1701 1702 1263 
3	1702 1264 1263 
3	1699 1703 1698 
3	1703 1700 1698 
3	1703 1704 1701 
3	1701 1700 1703 
3	1704 1705 1701 
3	1705 1702 1701 
3	1706 1277 1274 
3	1274 1264 1706 
3	1702 1707 1706 
3	1706 1264 1702 
3	1705 1708 1702 
3	1708 1707 1702 
3	1486 1490 1699 
3	1699 1482 1486 
3	1490 1709 1699 
3	1709 1703 1699 
3	1709 1710 1704 
3	1704 1703 1709 
3	1710 1711 1704 
3	1711 1705 1704 
3	1712 1710 1709 
3	1709 1490 1712 
3	1493 1713 1712 
3	1712 1490 1493 
3	1713 1714 1712 
3	1714 1710 1712 
3	1716 1715 1711 
3	1711 1710 1716 
3	1714 1717 1716 
3	1716 1710 1714 
3	1711 1715 1708 
3	1708 1705 1711 
3	1536 1718 1713 
3	1713 1493 1536 
3	1718 1719 1714 
3	1714 1713 1718 
3	1719 1720 1714 
3	1720 1717 1714 
3	1537 1721 1536 
3	1721 1718 1536 
3	1721 1722 1718 
3	1722 1719 1718 
3	1722 1723 1719 
3	1723 1720 1719 
3	1548 1550 1721 
3	1721 1537 1548 
3	1550 1724 1721 
3	1724 1722 1721 
3	1724 1725 1723 
3	1723 1722 1724 
3	1553 1726 1550 
3	1726 1724 1550 
3	1726 1727 1725 
3	1725 1724 1726 
3	1707 1728 1706 
3	1728 1277 1706 
3	1728 1729 1277 
3	1729 1318 1277 
3	1708 1730 1707 
3	1730 1728 1707 
3	1732 1731 1729 
3	1729 1728 1732 
3	1730 1733 1732 
3	1732 1728 1730 
3	1733 1734 1732 
3	1734 1731 1732 
3	1717 1735 1716 
3	1735 1715 1716 
3	1715 1736 1708 
3	1736 1730 1708 
3	1736 1737 1730 
3	1737 1733 1730 
3	1737 1738 1734 
3	1734 1733 1737 
3	1735 1739 1715 
3	1739 1736 1715 
3	1739 1740 1737 
3	1737 1736 1739 
3	1740 1741 1737 
3	1741 1738 1737 
3	1743 1742 1319 
3	1319 1318 1743 
3	1729 1731 1743 
3	1743 1318 1729 
3	1731 1744 1743 
3	1744 1742 1743 
3	1742 1745 1320 
3	1320 1319 1742 
3	1744 1746 1745 
3	1745 1742 1744 
3	1734 1747 1731 
3	1747 1744 1731 
3	1749 1748 1746 
3	1746 1744 1749 
3	1747 1750 1749 
3	1749 1744 1747 
3	1750 1751 1749 
3	1751 1748 1749 
3	1745 1752 1320 
3	1752 1321 1320 
3	1746 1753 1745 
3	1753 1752 1745 
3	1752 1754 1321 
3	1754 1322 1321 
3	1753 1755 1754 
3	1754 1752 1753 
3	1748 1756 1753 
3	1753 1746 1748 
3	1756 1757 1753 
3	1757 1755 1753 
3	1751 1758 1756 
3	1756 1748 1751 
3	1758 1759 1756 
3	1759 1757 1756 
3	1738 1760 1734 
3	1760 1747 1734 
3	1760 1761 1750 
3	1750 1747 1760 
3	1762 1761 1760 
3	1760 1738 1762 
3	1741 1763 1762 
3	1762 1738 1741 
3	1761 1764 1751 
3	1751 1750 1761 
3	1763 1765 1762 
3	1765 1761 1762 
3	1765 1766 1761 
3	1766 1764 1761 
3	1764 1767 1751 
3	1767 1758 1751 
3	1769 1768 1759 
3	1759 1758 1769 
3	1767 1770 1769 
3	1769 1758 1767 
3	1770 1771 1769 
3	1771 1768 1769 
3	1772 1770 1767 
3	1767 1764 1772 
3	1766 1773 1772 
3	1772 1764 1766 
3	1773 1774 1772 
3	1774 1770 1772 
3	1774 1775 1771 
3	1771 1770 1774 
3	1720 1776 1717 
3	1776 1735 1717 
3	1723 1777 1720 
3	1777 1776 1720 
3	1778 1740 1739 
3	1739 1735 1778 
3	1776 1779 1778 
3	1778 1735 1776 
3	1779 1780 1778 
3	1780 1740 1778 
3	1780 1781 1740 
3	1781 1741 1740 
3	1777 1782 1776 
3	1782 1779 1776 
3	1782 1783 1779 
3	1783 1780 1779 
3	1785 1784 1781 
3	1781 1780 1785 
3	1783 1786 1785 
3	1785 1780 1783 
3	1786 1787 1785 
3	1787 1784 1785 
3	1725 1788 1777 
3	1777 1723 1725 
3	1727 1789 1725 
3	1789 1788 1725 
3	1788 1790 1777 
3	1790 1782 1777 
3	1790 1791 1782 
3	1791 1783 1782 
3	1791 1792 1783 
3	1792 1786 1783 
3	1789 1793 1790 
3	1790 1788 1789 
3	1793 1794 1790 
3	1794 1791 1790 
3	1794 1795 1792 
3	1792 1791 1794 
3	1792 1796 1787 
3	1787 1786 1792 
3	1795 1797 1792 
3	1797 1796 1792 
3	1781 1784 1763 
3	1763 1741 1781 
3	1784 1798 1763 
3	1798 1765 1763 
3	1799 1773 1766 
3	1766 1765 1799 
3	1798 1800 1799 
3	1799 1765 1798 
3	1800 1801 1799 
3	1801 1773 1799 
3	1787 1802 1798 
3	1798 1784 1787 
3	1802 1803 1798 
3	1803 1800 1798 
3	1803 1804 1800 
3	1804 1801 1800 
3	1801 1805 1774 
3	1774 1773 1801 
3	1805 1806 1774 
3	1806 1775 1774 
3	1804 1807 1801 
3	1807 1805 1801 
3	1809 1808 1806 
3	1806 1805 1809 
3	1807 1810 1809 
3	1809 1805 1807 
3	1796 1811 1787 
3	1811 1802 1787 
3	1811 1812 1803 
3	1803 1802 1811 
3	1812 1813 1803 
3	1813 1804 1803 
3	1814 1812 1811 
3	1811 1796 1814 
3	1797 1815 1814 
3	1814 1796 1797 
3	1815 1816 1814 
3	1816 1812 1814 
3	1816 1817 1812 
3	1817 1813 1812 
3	1813 1818 1804 
3	1818 1807 1804 
3	1818 1819 1810 
3	1810 1807 1818 
3	1820 1819 1818 
3	1818 1813 1820 
3	1817 1821 1820 
3	1820 1813 1817 
3	1810 1822 1809 
3	1822 1808 1809 
3	1819 1823 1810 
3	1823 1822 1810 
3	1821 1824 1820 
3	1824 1819 1820 
3	1824 1825 1823 
3	1823 1819 1824 
3	1754 1826 1442 
3	1442 1322 1754 
3	1755 1827 1826 
3	1826 1754 1755 
3	1826 1828 1443 
3	1443 1442 1826 
3	1827 1829 1828 
3	1828 1826 1827 
3	1757 1830 1755 
3	1830 1827 1755 
3	1830 1831 1829 
3	1829 1827 1830 
3	1759 1832 1757 
3	1832 1830 1757 
3	1832 1833 1831 
3	1831 1830 1832 
3	1828 1834 1444 
3	1444 1443 1828 
3	1829 1835 1834 
3	1834 1828 1829 
3	1834 1836 1444 
3	1836 1445 1444 
3	1835 1837 1836 
3	1836 1834 1835 
3	1831 1838 1835 
3	1835 1829 1831 
3	1838 1839 1835 
3	1839 1837 1835 
3	1833 1840 1838 
3	1838 1831 1833 
3	1840 1841 1839 
3	1839 1838 1840 
3	1768 1842 1759 
3	1842 1832 1759 
3	1771 1843 1842 
3	1842 1768 1771 
3	1842 1844 1832 
3	1844 1833 1832 
3	1843 1845 1842 
3	1845 1844 1842 
3	1775 1846 1771 
3	1846 1843 1771 
3	1848 1847 1845 
3	1845 1843 1848 
3	1846 1849 1848 
3	1848 1843 1846 
3	1844 1850 1833 
3	1850 1840 1833 
3	1845 1851 1850 
3	1850 1844 1845 
3	1853 1852 1841 
3	1841 1840 1853 
3	1840 1850 1853 
3	1850 1851 1853 
3	1855 1854 1845 
3	1854 1851 1845 
3	1845 1847 1855 
3	1847 1856 1855 
3	1851 1857 1853 
3	1857 1852 1853 
3	1854 1858 1857 
3	1857 1851 1854 
3	1849 1856 1848 
3	1856 1847 1848 
3	1836 1859 1445 
3	1859 1448 1445 
3	1837 1860 1836 
3	1860 1859 1836 
3	1859 1861 1449 
3	1449 1448 1859 
3	1860 1862 1859 
3	1862 1861 1859 
3	1864 1863 1860 
3	1860 1837 1864 
3	1837 1839 1864 
3	1839 1841 1864 
3	1863 1865 1860 
3	1865 1862 1860 
3	1861 1455 1452 
3	1452 1449 1861 
3	1862 1866 1861 
3	1866 1455 1861 
3	1866 1867 1456 
3	1456 1455 1866 
3	1865 1868 1862 
3	1868 1866 1862 
3	1868 1869 1866 
3	1869 1867 1866 
3	1841 1870 1864 
3	1870 1863 1864 
3	1870 1871 1863 
3	1871 1865 1863 
3	1852 1872 1870 
3	1870 1841 1852 
3	1872 1873 1871 
3	1871 1870 1872 
3	1857 1874 1852 
3	1874 1872 1852 
3	1858 1875 1874 
3	1874 1857 1858 
3	1877 1876 1873 
3	1873 1872 1877 
3	1872 1874 1877 
3	1874 1875 1877 
3	1871 1878 1865 
3	1878 1868 1865 
3	1878 1879 1869 
3	1869 1868 1878 
3	1873 1880 1871 
3	1880 1878 1871 
3	1880 1881 1878 
3	1881 1879 1878 
3	1876 1882 1880 
3	1880 1873 1876 
3	1882 1883 1880 
3	1883 1881 1880 
3	1884 1849 1846 
3	1846 1775 1884 
3	1806 1808 1884 
3	1884 1775 1806 
3	1856 1885 1855 
3	1885 1854 1855 
3	1885 1886 1858 
3	1858 1854 1885 
3	1808 1887 1884 
3	1887 1849 1884 
3	1887 1888 1849 
3	1888 1856 1849 
3	1822 1889 1887 
3	1887 1808 1822 
3	1889 1890 1887 
3	1890 1888 1887 
3	1888 1891 1885 
3	1885 1856 1888 
3	1891 1892 1886 
3	1886 1885 1891 
3	1890 1893 1888 
3	1893 1891 1888 
3	1893 1894 1891 
3	1894 1892 1891 
3	1823 1895 1889 
3	1889 1822 1823 
3	1895 1896 1889 
3	1896 1890 1889 
3	1825 1897 1823 
3	1897 1895 1823 
3	1899 1898 1895 
3	1898 1896 1895 
3	1897 1900 1899 
3	1899 1895 1897 
3	1900 1901 1899 
3	1901 1898 1899 
3	1896 1902 1890 
3	1902 1893 1890 
3	1902 1903 1894 
3	1894 1893 1902 
3	1898 1904 1896 
3	1904 1902 1896 
3	1901 1905 1898 
3	1905 1904 1898 
3	1904 1906 1902 
3	1906 1903 1902 
3	1905 1907 1906 
3	1906 1904 1905 
3	1909 1908 1875 
3	1875 1858 1909 
3	1858 1886 1909 
3	1886 1892 1909 
3	1875 1910 1877 
3	1910 1876 1877 
3	1908 1911 1910 
3	1910 1875 1908 
3	1892 1912 1909 
3	1912 1908 1909 
3	1914 1913 1911 
3	1911 1908 1914 
3	1908 1912 1914 
3	1912 1915 1914 
3	1910 1916 1882 
3	1882 1876 1910 
3	1911 1917 1916 
3	1916 1910 1911 
3	1916 1918 1882 
3	1918 1883 1882 
3	1917 1919 1916 
3	1919 1918 1916 
3	1913 1920 1917 
3	1917 1911 1913 
3	1920 1921 1917 
3	1921 1919 1917 
3	1915 1922 1914 
3	1922 1913 1914 
3	1924 1923 1920 
3	1920 1913 1924 
3	1913 1922 1924 
3	1922 1925 1924 
3	1923 1926 1921 
3	1921 1920 1923 
3	1925 1927 1924 
3	1927 1923 1924 
3	1929 1928 1926 
3	1926 1923 1929 
3	1923 1927 1929 
3	1927 1930 1929 
3	1894 1915 1912 
3	1912 1892 1894 
3	1903 1931 1894 
3	1931 1915 1894 
3	1931 1925 1922 
3	1922 1915 1931 
3	1933 1932 1931 
3	1931 1903 1933 
3	1903 1906 1933 
3	1906 1907 1933 
3	1932 1934 1931 
3	1934 1925 1931 
3	1934 1930 1927 
3	1927 1925 1934 
3	1935 1727 1726 
3	1726 1553 1935 
3	1602 1936 1935 
3	1935 1553 1602 
3	1605 1937 1936 
3	1936 1602 1605 
3	1617 1938 1937 
3	1937 1605 1617 
3	1620 1671 1938 
3	1938 1617 1620 
3	1936 1939 1935 
3	1939 1727 1935 
3	1940 1793 1789 
3	1789 1727 1940 
3	1939 1941 1940 
3	1940 1727 1939 
3	1941 1942 1940 
3	1942 1793 1940 
3	1937 1943 1936 
3	1943 1939 1936 
3	1943 1944 1939 
3	1944 1941 1939 
3	1944 1945 1941 
3	1945 1942 1941 
3	1946 1795 1794 
3	1794 1793 1946 
3	1942 1947 1946 
3	1946 1793 1942 
3	1945 1948 1942 
3	1948 1947 1942 
3	1947 1949 1946 
3	1949 1795 1946 
3	1949 1950 1795 
3	1950 1797 1795 
3	1948 1951 1947 
3	1951 1949 1947 
3	1953 1952 1950 
3	1950 1949 1953 
3	1951 1954 1953 
3	1953 1949 1951 
3	1954 1955 1953 
3	1955 1952 1953 
3	1938 1956 1937 
3	1956 1943 1937 
3	1956 1957 1944 
3	1944 1943 1956 
3	1957 1958 1944 
3	1958 1945 1944 
3	1959 1957 1956 
3	1956 1938 1959 
3	1671 1960 1959 
3	1959 1938 1671 
3	1960 1961 1959 
3	1961 1957 1959 
3	1963 1962 1958 
3	1958 1957 1963 
3	1961 1964 1963 
3	1963 1957 1961 
3	1964 1965 1963 
3	1965 1962 1963 
3	1958 1962 1948 
3	1948 1945 1958 
3	1962 1966 1948 
3	1966 1951 1948 
3	1966 1967 1954 
3	1954 1951 1966 
3	1967 1968 1954 
3	1968 1955 1954 
3	1969 1967 1966 
3	1966 1962 1969 
3	1965 1970 1969 
3	1969 1962 1965 
3	1970 1971 1969 
3	1971 1967 1969 
3	1971 1972 1967 
3	1972 1968 1967 
3	1950 1952 1815 
3	1815 1797 1950 
3	1952 1973 1815 
3	1973 1816 1815 
3	1973 1974 1816 
3	1974 1817 1816 
3	1955 1975 1952 
3	1975 1973 1952 
3	1977 1976 1974 
3	1974 1973 1977 
3	1975 1978 1977 
3	1977 1973 1975 
3	1974 1976 1821 
3	1821 1817 1974 
3	1968 1979 1955 
3	1979 1975 1955 
3	1979 1980 1978 
3	1978 1975 1979 
3	1981 1980 1979 
3	1979 1968 1981 
3	1972 1982 1981 
3	1981 1968 1972 
3	1978 1983 1977 
3	1983 1976 1977 
3	1976 1984 1821 
3	1984 1824 1821 
3	1984 1985 1824 
3	1985 1825 1824 
3	1983 1986 1984 
3	1984 1976 1983 
3	1986 1987 1984 
3	1987 1985 1984 
3	1980 1988 1978 
3	1988 1983 1978 
3	1982 1989 1981 
3	1989 1980 1981 
3	1989 1990 1980 
3	1990 1988 1980 
3	1988 1991 1983 
3	1991 1986 1983 
3	1993 1992 1987 
3	1987 1986 1993 
3	1991 1994 1993 
3	1993 1986 1991 
3	1994 1995 1993 
3	1995 1992 1993 
3	1996 1994 1991 
3	1991 1988 1996 
3	1990 1997 1996 
3	1996 1988 1990 
3	1997 1998 1996 
3	1998 1994 1996 
3	1998 1999 1995 
3	1995 1994 1998 
3	1690 2000 1960 
3	1960 1671 1690 
3	2000 2001 1960 
3	2001 1961 1960 
3	2001 2002 1964 
3	1964 1961 2001 
3	1691 1692 2000 
3	2000 1690 1691 
3	2003 2002 2001 
3	2001 2000 2003 
3	1692 2004 2003 
3	2003 2000 1692 
3	2002 2005 1964 
3	2005 1965 1964 
3	2004 2006 2003 
3	2006 2002 2003 
3	2008 2007 2005 
3	2005 2002 2008 
3	2006 2009 2008 
3	2008 2002 2006 
3	2009 2010 2008 
3	2010 2007 2008 
3	2005 2007 1970 
3	1970 1965 2005 
3	2007 2011 1970 
3	2011 1971 1970 
3	2012 1982 1972 
3	1972 1971 2012 
3	2011 2013 2012 
3	2012 1971 2011 
3	2010 2014 2007 
3	2014 2011 2007 
3	2014 2015 2013 
3	2013 2011 2014 
3	1695 2016 2004 
3	2004 1692 1695 
3	1697 2017 1695 
3	2017 2016 1695 
3	2016 2018 2006 
3	2006 2004 2016 
3	2018 2019 2009 
3	2009 2006 2018 
3	2019 2020 2009 
3	2020 2010 2009 
3	2017 2021 2016 
3	2021 2018 2016 
3	2021 2022 2019 
3	2019 2018 2021 
3	2022 2023 2019 
3	2023 2020 2019 
3	2024 2015 2014 
3	2014 2010 2024 
3	2020 2025 2024 
3	2024 2010 2020 
3	2023 2026 2025 
3	2025 2020 2023 
3	2013 2027 2012 
3	2027 1982 2012 
3	2015 2028 2013 
3	2028 2027 2013 
3	2025 2029 2024 
3	2029 2015 2024 
3	2029 2030 2015 
3	2030 2028 2015 
3	2026 2031 2025 
3	2031 2029 2025 
3	2033 2032 2030 
3	2030 2029 2033 
3	2031 2034 2033 
3	2033 2029 2031 
3	2034 2035 2033 
3	2035 2032 2033 
3	2027 2036 1982 
3	2036 1989 1982 
3	2037 1997 1990 
3	1990 1989 2037 
3	2036 2038 2037 
3	2037 1989 2036 
3	2038 2039 2037 
3	2039 1997 2037 
3	2028 2040 2027 
3	2040 2036 2027 
3	2040 2041 2038 
3	2038 2036 2040 
3	2041 2042 2038 
3	2042 2039 2038 
3	2039 2043 1997 
3	2043 1998 1997 
3	2043 2044 1999 
3	1999 1998 2043 
3	2042 2045 2039 
3	2045 2043 2039 
3	2045 2046 2043 
3	2046 2044 2043 
3	2047 2041 2040 
3	2040 2028 2047 
3	2030 2032 2047 
3	2047 2028 2030 
3	2032 2048 2047 
3	2048 2041 2047 
3	2048 2049 2042 
3	2042 2041 2048 
3	2035 2050 2048 
3	2048 2032 2035 
3	2050 2051 2048 
3	2051 2049 2048 
3	2049 2052 2042 
3	2052 2045 2042 
3	2054 2053 2046 
3	2046 2045 2054 
3	2052 2055 2054 
3	2054 2045 2052 
3	2056 2055 2052 
3	2052 2049 2056 
3	2051 2057 2056 
3	2056 2049 2051 
3	2055 2058 2054 
3	2058 2053 2054 
3	2057 2059 2056 
3	2059 2055 2056 
3	2059 2060 2058 
3	2058 2055 2059 
3	2061 1900 1897 
3	1897 1825 2061 
3	1985 2062 1825 
3	2062 2061 1825 
3	2062 2063 2061 
3	2063 1900 2061 
3	2063 2064 1900 
3	2064 1901 1900 
3	1987 1992 2062 
3	2062 1985 1987 
3	1992 2065 2062 
3	2065 2063 2062 
3	2065 2066 2064 
3	2064 2063 2065 
3	2064 2067 1901 
3	2067 1905 1901 
3	2067 2068 1905 
3	2068 1907 1905 
3	2066 2069 2064 
3	2069 2067 2064 
3	2069 2070 2067 
3	2070 2068 2067 
3	1995 2071 2065 
3	2065 1992 1995 
3	2071 2072 2066 
3	2066 2065 2071 
3	1999 2073 2071 
3	2071 1995 1999 
3	2073 2074 2071 
3	2074 2072 2071 
3	2072 2075 2069 
3	2069 2066 2072 
3	2075 2076 2069 
3	2076 2070 2069 
3	2074 2077 2072 
3	2077 2075 2072 
3	2077 2078 2076 
3	2076 2075 2077 
3	1930 2079 1929 
3	2079 1928 1929 
3	1907 2080 1933 
3	2080 1932 1933 
3	2068 2081 2080 
3	2080 1907 2068 
3	2083 2082 1934 
3	1934 1932 2083 
3	1932 2080 2083 
3	2080 2081 2083 
3	2070 2084 2068 
3	2084 2081 2068 
3	2081 2085 2083 
3	2085 2082 2083 
3	2084 2086 2085 
3	2085 2081 2084 
3	2082 2087 1934 
3	2087 1930 1934 
3	2087 2088 2079 
3	2079 1930 2087 
3	2090 2089 2087 
3	2087 2082 2090 
3	2082 2085 2090 
3	2085 2086 2090 
3	2089 2091 2087 
3	2091 2088 2087 
3	2076 2092 2070 
3	2092 2084 2070 
3	2092 2093 2086 
3	2086 2084 2092 
3	2078 2094 2092 
3	2092 2076 2078 
3	2094 2095 2092 
3	2095 2093 2092 
3	2086 2096 2090 
3	2096 2089 2090 
3	2093 2097 2096 
3	2096 2086 2093 
3	2099 2098 2091 
3	2091 2089 2099 
3	2089 2096 2099 
3	2096 2097 2099 
3	2095 2100 2093 
3	2100 2097 2093 
3	2097 2101 2099 
3	2101 2098 2099 
3	2100 2102 2101 
3	2101 2097 2100 
3	2044 2103 1999 
3	2103 2073 1999 
3	2105 2104 2074 
3	2074 2073 2105 
3	2103 2106 2105 
3	2105 2073 2103 
3	2107 2106 2103 
3	2103 2044 2107 
3	2046 2053 2107 
3	2107 2044 2046 
3	2106 2108 2105 
3	2108 2104 2105 
3	2053 2109 2107 
3	2109 2106 2107 
3	2109 2110 2108 
3	2108 2106 2109 
3	2104 2111 2074 
3	2111 2077 2074 
3	2111 2112 2078 
3	2078 2077 2111 
3	2108 2113 2104 
3	2113 2111 2104 
3	2113 2114 2112 
3	2112 2111 2113 
3	2110 2115 2113 
3	2113 2108 2110 
3	2115 2116 2113 
3	2116 2114 2113 
3	2058 2117 2109 
3	2109 2053 2058 
3	2117 2118 2110 
3	2110 2109 2117 
3	2060 2119 2058 
3	2119 2117 2058 
3	2119 2120 2118 
3	2118 2117 2119 
3	2118 2121 2115 
3	2115 2110 2118 
3	2121 2122 2115 
3	2122 2116 2115 
3	2120 2123 2121 
3	2121 2118 2120 
3	2123 2124 2122 
3	2122 2121 2123 
3	2112 2125 2078 
3	2125 2094 2078 
3	2127 2126 2095 
3	2095 2094 2127 
3	2094 2125 2127 
3	2125 2128 2127 
3	2128 2129 2127 
3	2129 2126 2127 
3	2114 2128 2125 
3	2125 2112 2114 
3	2116 2130 2114 
3	2130 2128 2114 
3	2130 2131 2129 
3	2129 2128 2130 
3	2126 2132 2095 
3	2132 2100 2095 
3	2134 2133 2102 
3	2102 2100 2134 
3	2132 2135 2134 
3	2134 2100 2132 
3	2129 2135 2132 
3	2132 2126 2129 
3	2135 2136 2133 
3	2133 2134 2135 
3	2131 2137 2129 
3	2137 2135 2129 
3	2137 2138 2136 
3	2136 2135 2137 
3	2122 2139 2116 
3	2139 2130 2116 
3	2139 2140 2131 
3	2131 2130 2139 
3	2124 2141 2139 
3	2139 2122 2124 
3	2141 2142 2139 
3	2142 2140 2139 
3	2140 2143 2137 
3	2137 2131 2140 
3	2143 2144 2137 
3	2144 2138 2137 
3	2142 2145 2140 
3	2145 2143 2140 
3	2147 2146 2144 
3	2144 2143 2147 
3	2145 2148 2147 
3	2147 2143 2145 
3	2148 2149 2147 
3	2149 2146 2147 
3	2152 2151 2153 
3	2151 2150 2153 
3	2153 2150 2155 
3	2150 2154 2155 
3	2155 2156 2152 
3	2152 2153 2155 
3	2151 2158 2150 
3	2158 2157 2150 
3	2150 2157 2154 
3	2157 2159 2154 
3	2155 2154 2160 
3	2160 2156 2155 
3	2154 2159 2162 
3	2159 2161 2162 
3	2162 2163 2160 
3	2160 2154 2162 
3	2157 2165 2166 
3	2165 2164 2166 
3	2166 2164 2168 
3	2164 2167 2168 
3	2168 2159 2157 
3	2157 2166 2168 
3	2158 2169 2157 
3	2169 2165 2157 
3	2165 2171 2164 
3	2171 2170 2164 
3	2164 2170 2167 
3	2170 2172 2167 
3	2169 2173 2171 
3	2171 2165 2169 
3	2168 2167 2159 
3	2167 2174 2159 
3	2159 2174 2175 
3	2175 2161 2159 
3	2167 2172 2176 
3	2176 2174 2167 
3	2174 2176 2175 
3	2176 2177 2175 
3	2171 2179 2178 
3	2178 2170 2171 
3	2170 2178 2180 
3	2180 2172 2170 
3	2173 2181 2179 
3	2179 2171 2173 
3	2179 2183 2182 
3	2182 2178 2179 
3	2178 2182 2184 
3	2184 2180 2178 
3	2181 2185 2179 
3	2185 2183 2179 
3	2172 2180 2176 
3	2180 2186 2176 
3	2176 2186 2187 
3	2187 2177 2176 
3	2180 2184 2186 
3	2184 2188 2186 
3	2186 2188 2187 
3	2188 2189 2187 
3	2183 2191 2190 
3	2190 2182 2183 
3	2182 2190 2192 
3	2192 2184 2182 
3	2185 2193 2191 
3	2191 2183 2185 
3	2190 2191 2192 
3	2191 2194 2192 
3	2193 2196 2195 
3	2195 2191 2193 
3	2191 2195 2197 
3	2197 2194 2191 
3	2184 2192 2194 
3	2194 2188 2184 
3	2188 2194 2198 
3	2198 2189 2188 
3	2194 2197 2200 
3	2197 2199 2200 
3	2194 2200 2198 
3	2200 2201 2198 
3	2162 2161 2202 
3	2202 2163 2162 
3	2161 2175 2202 
3	2175 2203 2202 
3	2175 2177 2203 
3	2177 2204 2203 
3	2177 2187 2205 
3	2205 2204 2177 
3	2187 2189 2206 
3	2206 2205 2187 
3	2189 2198 2206 
3	2198 2201 2206 
3	2209 2208 2210 
3	2208 2207 2210 
3	2210 2207 2211 
3	2211 2212 2210 
3	2212 2213 2210 
3	2213 2209 2210 
3	2212 2211 2215 
3	2211 2214 2215 
3	2215 2216 2213 
3	2213 2212 2215 
3	2219 2218 2220 
3	2218 2217 2220 
3	2220 2217 2221 
3	2221 2222 2220 
3	2222 2223 2220 
3	2223 2219 2220 
3	2222 2221 2225 
3	2221 2224 2225 
3	2225 2226 2223 
3	2223 2222 2225 
3	39 2227 2228 
3	2227 2219 2228 
3	2228 2219 2223 
3	2223 2229 2228 
3	2229 43 2228 
3	43 39 2228 
3	40 2230 39 
3	2230 2227 39 
3	2227 2231 2219 
3	2231 2218 2219 
3	2230 2232 2227 
3	2232 2231 2227 
3	2229 2223 2226 
3	2226 2233 2229 
3	2233 46 43 
3	43 2229 2233 
3	2217 2234 2235 
3	2234 2209 2235 
3	2235 2209 2213 
3	2213 2236 2235 
3	2236 2221 2235 
3	2221 2217 2235 
3	2218 2237 2217 
3	2237 2234 2217 
3	2234 2238 2209 
3	2238 2208 2209 
3	2237 2239 2234 
3	2239 2238 2234 
3	2236 2213 2240 
3	2213 2216 2240 
3	2240 2224 2221 
3	2221 2236 2240 
3	2231 2241 2237 
3	2237 2218 2231 
3	2232 2242 2241 
3	2241 2231 2232 
3	2241 2243 2239 
3	2239 2237 2241 
3	2242 2244 2243 
3	2243 2241 2242 
3	2247 2246 2248 
3	2246 2245 2248 
3	2248 2245 2250 
3	2245 2249 2250 
3	2250 2251 2247 
3	2247 2248 2250 
3	2250 2249 2252 
3	2252 2251 2250 
3	2207 2253 2254 
3	2253 2247 2254 
3	2254 2247 2255 
3	2247 2251 2255 
3	2255 2211 2254 
3	2211 2207 2254 
3	2208 2256 2207 
3	2256 2253 2207 
3	2253 2257 2247 
3	2257 2246 2247 
3	2256 2258 2253 
3	2258 2257 2253 
3	2255 2251 2260 
3	2251 2259 2260 
3	2260 2214 2211 
3	2211 2255 2260 
3	2251 2252 2259 
3	2252 2261 2259 
3	2245 2263 2264 
3	2263 2262 2264 
3	2264 2262 2266 
3	2262 2265 2266 
3	2266 2249 2245 
3	2245 2264 2266 
3	2246 2267 2245 
3	2267 2263 2245 
3	2263 2268 2262 
3	2268 2152 2262 
3	2262 2152 2156 
3	2156 2265 2262 
3	2267 2269 2263 
3	2269 2268 2263 
3	2266 2265 2270 
3	2270 2249 2266 
3	2249 2270 2272 
3	2270 2271 2272 
3	2272 2261 2252 
3	2252 2249 2272 
3	2265 2156 2274 
3	2156 2273 2274 
3	2274 2271 2270 
3	2270 2265 2274 
3	2257 2275 2246 
3	2275 2267 2246 
3	2258 2276 2275 
3	2275 2257 2258 
3	2275 2277 2269 
3	2269 2267 2275 
3	2276 2278 2277 
3	2277 2275 2276 
3	2238 2279 2208 
3	2279 2256 2208 
3	2239 2280 2279 
3	2279 2238 2239 
3	2279 2281 2258 
3	2258 2256 2279 
3	2280 2282 2281 
3	2281 2279 2280 
3	2243 2283 2280 
3	2280 2239 2243 
3	2244 2284 2283 
3	2283 2243 2244 
3	2283 2285 2282 
3	2282 2280 2283 
3	2284 2286 2283 
3	2286 2285 2283 
3	2281 2287 2276 
3	2276 2258 2281 
3	2282 2288 2287 
3	2287 2281 2282 
3	2287 2289 2278 
3	2278 2276 2287 
3	2288 2290 2289 
3	2289 2287 2288 
3	2285 2291 2288 
3	2288 2282 2285 
3	2286 2292 2291 
3	2291 2285 2286 
3	2291 2293 2288 
3	2293 2290 2288 
3	2292 2294 2291 
3	2294 2293 2291 
3	2215 2214 2295 
3	2295 2216 2215 
3	2225 2224 2297 
3	2224 2296 2297 
3	2297 2298 2225 
3	2298 2226 2225 
3	2297 2296 2300 
3	2296 2299 2300 
3	2300 2301 2298 
3	2298 2297 2300 
3	2233 2226 2298 
3	2298 2302 2233 
3	2302 49 46 
3	46 2233 2302 
3	2302 2298 2303 
3	2298 2301 2303 
3	2303 52 49 
3	49 2302 2303 
3	2240 2216 2305 
3	2216 2304 2305 
3	2305 2296 2224 
3	2224 2240 2305 
3	2216 2295 2304 
3	2295 2306 2304 
3	2305 2304 2307 
3	2307 2296 2305 
3	2296 2307 2299 
3	2307 2308 2299 
3	2304 2306 2310 
3	2306 2309 2310 
3	2310 2308 2307 
3	2307 2304 2310 
3	2300 2299 2311 
3	2311 2301 2300 
3	2303 2301 2312 
3	2312 2313 2303 
3	2313 55 52 
3	52 2303 2313 
3	2301 2311 2312 
3	2311 2314 2312 
3	2313 2312 2316 
3	2312 2315 2316 
3	2316 2317 55 
3	55 2313 2316 
3	2317 133 58 
3	58 55 2317 
3	2312 2314 2318 
3	2318 2315 2312 
3	2299 2308 2320 
3	2308 2319 2320 
3	2320 2314 2311 
3	2311 2299 2320 
3	2310 2309 2321 
3	2321 2322 2310 
3	2322 2319 2310 
3	2319 2308 2310 
3	2320 2319 2324 
3	2319 2323 2324 
3	2324 2318 2320 
3	2318 2314 2320 
3	2322 2321 2326 
3	2321 2325 2326 
3	2326 2323 2319 
3	2319 2322 2326 
3	2260 2259 2327 
3	2327 2214 2260 
3	2214 2327 2329 
3	2327 2328 2329 
3	2329 2306 2295 
3	2295 2214 2329 
3	2259 2261 2331 
3	2261 2330 2331 
3	2331 2328 2327 
3	2327 2259 2331 
3	2329 2328 2333 
3	2328 2332 2333 
3	2333 2309 2306 
3	2306 2329 2333 
3	2331 2330 2334 
3	2334 2328 2331 
3	2328 2334 2332 
3	2334 2335 2332 
3	2272 2271 2336 
3	2336 2261 2272 
3	2274 2273 2337 
3	2337 2271 2274 
3	2271 2337 2339 
3	2337 2338 2339 
3	2339 2340 2336 
3	2336 2271 2339 
3	2339 2338 2341 
3	2341 2340 2339 
3	2261 2336 2330 
3	2336 2340 2330 
3	2330 2340 2343 
3	2340 2342 2343 
3	2343 2335 2334 
3	2334 2330 2343 
3	2340 2341 2342 
3	2341 2344 2342 
3	2333 2332 2345 
3	2345 2309 2333 
3	2332 2335 2347 
3	2335 2346 2347 
3	2347 2348 2345 
3	2345 2332 2347 
3	2347 2346 2350 
3	2346 2349 2350 
3	2350 2351 2348 
3	2348 2347 2350 
3	2343 2342 2352 
3	2352 2335 2343 
3	2335 2352 2346 
3	2352 2353 2346 
3	2342 2344 2355 
3	2344 2354 2355 
3	2355 2353 2352 
3	2352 2342 2355 
3	2346 2353 2356 
3	2356 2349 2346 
3	2355 2354 2357 
3	2357 2353 2355 
3	2353 2357 2356 
3	2357 2358 2356 
3	2309 2345 2321 
3	2345 2348 2321 
3	2321 2348 2325 
3	2348 2351 2325 
3	76 2359 40 
3	2359 2230 40 
3	77 2360 2359 
3	2359 76 77 
3	2359 2361 2232 
3	2232 2230 2359 
3	2360 2362 2361 
3	2361 2359 2360 
3	83 2363 2360 
3	2360 77 83 
3	84 2364 2363 
3	2363 83 84 
3	2363 2365 2362 
3	2362 2360 2363 
3	2364 2366 2365 
3	2365 2363 2364 
3	2361 2367 2242 
3	2242 2232 2361 
3	2362 2368 2367 
3	2367 2361 2362 
3	2367 2369 2244 
3	2244 2242 2367 
3	2368 2370 2369 
3	2369 2367 2368 
3	2365 2371 2362 
3	2371 2368 2362 
3	2366 2372 2365 
3	2372 2371 2365 
3	2371 2373 2370 
3	2370 2368 2371 
3	2372 2374 2371 
3	2374 2373 2371 
3	103 2375 2364 
3	2364 84 103 
3	104 2376 2375 
3	2375 103 104 
3	2375 2377 2364 
3	2377 2366 2364 
3	2376 2378 2377 
3	2377 2375 2376 
3	107 2379 104 
3	2379 2376 104 
3	108 2380 107 
3	2380 2379 107 
3	2379 2381 2376 
3	2381 2378 2376 
3	2380 2382 2379 
3	2382 2381 2379 
3	2377 2383 2366 
3	2383 2372 2366 
3	2378 2384 2383 
3	2383 2377 2378 
3	2383 2385 2372 
3	2385 2374 2372 
3	2384 2386 2383 
3	2386 2385 2383 
3	2381 2387 2384 
3	2384 2378 2381 
3	2382 2388 2387 
3	2387 2381 2382 
3	2387 2389 2386 
3	2386 2384 2387 
3	2388 2390 2389 
3	2389 2387 2388 
3	2369 2391 2244 
3	2391 2284 2244 
3	2370 2392 2391 
3	2391 2369 2370 
3	2391 2393 2286 
3	2286 2284 2391 
3	2392 2394 2393 
3	2393 2391 2392 
3	2373 2395 2392 
3	2392 2370 2373 
3	2374 2396 2373 
3	2396 2395 2373 
3	2395 2397 2392 
3	2397 2394 2392 
3	2396 2398 2395 
3	2398 2397 2395 
3	2393 2399 2286 
3	2399 2292 2286 
3	2394 2400 2393 
3	2400 2399 2393 
3	2399 2401 2292 
3	2401 2294 2292 
3	2400 2402 2401 
3	2401 2399 2400 
3	2397 2403 2400 
3	2400 2394 2397 
3	2398 2404 2397 
3	2404 2403 2397 
3	2403 2405 2402 
3	2402 2400 2403 
3	2404 2406 2405 
3	2405 2403 2404 
3	2385 2407 2396 
3	2396 2374 2385 
3	2386 2408 2407 
3	2407 2385 2386 
3	2407 2409 2398 
3	2398 2396 2407 
3	2408 2410 2409 
3	2409 2407 2408 
3	2389 2411 2408 
3	2408 2386 2389 
3	2390 2412 2411 
3	2411 2389 2390 
3	2411 2413 2410 
3	2410 2408 2411 
3	2412 2414 2413 
3	2413 2411 2412 
3	2409 2415 2404 
3	2404 2398 2409 
3	2410 2416 2409 
3	2416 2415 2409 
3	2415 2417 2406 
3	2406 2404 2415 
3	2416 2418 2415 
3	2418 2417 2415 
3	2413 2419 2416 
3	2416 2410 2413 
3	2414 2420 2419 
3	2419 2413 2414 
3	2419 2421 2418 
3	2418 2416 2419 
3	2420 2422 2421 
3	2421 2419 2420 
3	2268 2423 2152 
3	2423 2151 2152 
3	2269 2424 2423 
3	2423 2268 2269 
3	2423 2425 2158 
3	2158 2151 2423 
3	2424 2426 2425 
3	2425 2423 2424 
3	2156 2160 2273 
3	2160 2163 2273 
3	2277 2427 2424 
3	2424 2269 2277 
3	2278 2428 2427 
3	2427 2277 2278 
3	2427 2429 2426 
3	2426 2424 2427 
3	2428 2430 2427 
3	2430 2429 2427 
3	2425 2431 2169 
3	2169 2158 2425 
3	2426 2432 2431 
3	2431 2425 2426 
3	2431 2433 2173 
3	2173 2169 2431 
3	2432 2434 2433 
3	2433 2431 2432 
3	2429 2435 2432 
3	2432 2426 2429 
3	2430 2436 2429 
3	2436 2435 2429 
3	2435 2437 2432 
3	2437 2434 2432 
3	2436 2438 2435 
3	2438 2437 2435 
3	2289 2439 2428 
3	2428 2278 2289 
3	2290 2440 2439 
3	2439 2289 2290 
3	2439 2441 2428 
3	2441 2430 2428 
3	2440 2442 2441 
3	2441 2439 2440 
3	2293 2443 2440 
3	2440 2290 2293 
3	2294 2444 2443 
3	2443 2293 2294 
3	2443 2445 2440 
3	2445 2442 2440 
3	2444 2446 2445 
3	2445 2443 2444 
3	2441 2447 2430 
3	2447 2436 2430 
3	2442 2448 2447 
3	2447 2441 2442 
3	2447 2449 2436 
3	2449 2438 2436 
3	2448 2450 2449 
3	2449 2447 2448 
3	2445 2451 2448 
3	2448 2442 2445 
3	2446 2452 2451 
3	2451 2445 2446 
3	2451 2453 2450 
3	2450 2448 2451 
3	2452 2454 2453 
3	2453 2451 2452 
3	2433 2455 2173 
3	2455 2181 2173 
3	2434 2456 2433 
3	2456 2455 2433 
3	2455 2457 2181 
3	2457 2185 2181 
3	2456 2458 2455 
3	2458 2457 2455 
3	2437 2459 2434 
3	2459 2456 2434 
3	2438 2460 2437 
3	2460 2459 2437 
3	2459 2461 2456 
3	2461 2458 2456 
3	2460 2462 2459 
3	2462 2461 2459 
3	2457 2463 2193 
3	2193 2185 2457 
3	2458 2464 2457 
3	2464 2463 2457 
3	2463 2465 2196 
3	2196 2193 2463 
3	2464 2466 2465 
3	2465 2463 2464 
3	2200 2199 2201 
3	2199 2467 2201 
3	2461 2468 2458 
3	2468 2464 2458 
3	2462 2469 2468 
3	2468 2461 2462 
3	2468 2470 2466 
3	2466 2464 2468 
3	2469 2471 2468 
3	2471 2470 2468 
3	2449 2472 2438 
3	2472 2460 2438 
3	2450 2473 2472 
3	2472 2449 2450 
3	2472 2474 2462 
3	2462 2460 2472 
3	2473 2475 2472 
3	2475 2474 2472 
3	2453 2476 2473 
3	2473 2450 2453 
3	2454 2477 2476 
3	2476 2453 2454 
3	2476 2478 2475 
3	2475 2473 2476 
3	2477 2479 2478 
3	2478 2476 2477 
3	2474 2480 2469 
3	2469 2462 2474 
3	2475 2481 2474 
3	2481 2480 2474 
3	2480 2482 2469 
3	2482 2471 2469 
3	2481 2483 2480 
3	2483 2482 2480 
3	2478 2484 2481 
3	2481 2475 2478 
3	2479 2485 2484 
3	2484 2478 2479 
3	2484 2486 2481 
3	2486 2483 2481 
3	2485 2487 2486 
3	2486 2484 2485 
3	2273 2163 2488 
3	2488 2337 2273 
3	2337 2488 2338 
3	2488 2489 2338 
3	2163 2202 2491 
3	2202 2490 2491 
3	2491 2489 2488 
3	2488 2163 2491 
3	2338 2489 2493 
3	2489 2492 2493 
3	2493 2344 2341 
3	2341 2338 2493 
3	2491 2490 2494 
3	2494 2489 2491 
3	2489 2494 2492 
3	2494 2495 2492 
3	2202 2203 2490 
3	2203 2496 2490 
3	2203 2204 2496 
3	2204 2497 2496 
3	2490 2496 2494 
3	2496 2498 2494 
3	2494 2498 2499 
3	2499 2495 2494 
3	2496 2497 2498 
3	2497 2500 2498 
3	2498 2500 2499 
3	2500 2501 2499 
3	2493 2492 2502 
3	2502 2344 2493 
3	2492 2495 2502 
3	2495 2503 2502 
3	2344 2502 2354 
3	2502 2504 2354 
3	2502 2503 2505 
3	2505 2504 2502 
3	2354 2504 2506 
3	2506 2357 2354 
3	2357 2506 2358 
3	2506 2507 2358 
3	2504 2505 2509 
3	2505 2508 2509 
3	2509 2507 2506 
3	2506 2504 2509 
3	2495 2499 2503 
3	2499 2510 2503 
3	2499 2501 2510 
3	2501 2511 2510 
3	2503 2510 2512 
3	2512 2505 2503 
3	2510 2511 2512 
3	2511 2513 2512 
3	2505 2512 2514 
3	2514 2508 2505 
3	2512 2513 2514 
3	2513 2515 2514 
3	2204 2205 2497 
3	2205 2516 2497 
3	2205 2206 2517 
3	2517 2516 2205 
3	2497 2516 2518 
3	2518 2500 2497 
3	2500 2518 2501 
3	2518 2519 2501 
3	2516 2517 2520 
3	2520 2518 2516 
3	2518 2520 2521 
3	2521 2519 2518 
3	2206 2201 2522 
3	2522 2517 2206 
3	2201 2467 2524 
3	2467 2523 2524 
3	2201 2524 2522 
3	2524 2525 2522 
3	2524 2523 2526 
3	2526 2525 2524 
3	2517 2522 2520 
3	2522 2525 2520 
3	2520 2525 2527 
3	2527 2521 2520 
3	2525 2526 2528 
3	2528 2527 2525 
3	2501 2519 2511 
3	2519 2529 2511 
3	2519 2521 2530 
3	2530 2529 2519 
3	2511 2529 2513 
3	2529 2531 2513 
3	2529 2530 2531 
3	2530 2532 2531 
3	2513 2531 2515 
3	2531 2533 2515 
3	2531 2532 2534 
3	2534 2533 2531 
3	2521 2527 2535 
3	2535 2530 2521 
3	2527 2528 2535 
3	2528 2536 2535 
3	2530 2535 2537 
3	2537 2532 2530 
3	2535 2536 2538 
3	2538 2537 2535 
3	2532 2537 2540 
3	2537 2539 2540 
3	2532 2540 2534 
3	2540 2541 2534 
3	2540 2539 2542 
3	2542 2541 2540 
3	2537 2538 2539 
3	2538 2543 2539 
3	2539 2543 2544 
3	2544 2542 2539 
3	2401 2545 2294 
3	2545 2444 2294 
3	2402 2546 2401 
3	2546 2545 2401 
3	2545 2547 2446 
3	2446 2444 2545 
3	2546 2548 2545 
3	2548 2547 2545 
3	2405 2549 2546 
3	2546 2402 2405 
3	2406 2550 2549 
3	2549 2405 2406 
3	2549 2551 2546 
3	2551 2548 2546 
3	2550 2552 2549 
3	2552 2551 2549 
3	2547 2553 2452 
3	2452 2446 2547 
3	2548 2554 2553 
3	2553 2547 2548 
3	2553 2555 2454 
3	2454 2452 2553 
3	2554 2556 2555 
3	2555 2553 2554 
3	2551 2557 2548 
3	2557 2554 2548 
3	2552 2558 2551 
3	2558 2557 2551 
3	2557 2559 2556 
3	2556 2554 2557 
3	2558 2560 2557 
3	2560 2559 2557 
3	2417 2561 2406 
3	2561 2550 2406 
3	2418 2562 2561 
3	2561 2417 2418 
3	2561 2563 2552 
3	2552 2550 2561 
3	2562 2564 2563 
3	2563 2561 2562 
3	2421 2565 2562 
3	2562 2418 2421 
3	2422 2566 2421 
3	2566 2565 2421 
3	2565 2567 2562 
3	2567 2564 2562 
3	2566 2568 2567 
3	2567 2565 2566 
3	2563 2569 2552 
3	2569 2558 2552 
3	2564 2570 2563 
3	2570 2569 2563 
3	2569 2571 2558 
3	2571 2560 2558 
3	2570 2572 2569 
3	2572 2571 2569 
3	2567 2573 2564 
3	2573 2570 2564 
3	2568 2574 2573 
3	2573 2567 2568 
3	2573 2575 2570 
3	2575 2572 2570 
3	2574 2576 2575 
3	2575 2573 2574 
3	2555 2577 2477 
3	2477 2454 2555 
3	2556 2578 2577 
3	2577 2555 2556 
3	2577 2579 2479 
3	2479 2477 2577 
3	2578 2580 2579 
3	2579 2577 2578 
3	2559 2581 2578 
3	2578 2556 2559 
3	2560 2582 2581 
3	2581 2559 2560 
3	2581 2583 2580 
3	2580 2578 2581 
3	2582 2584 2583 
3	2583 2581 2582 
3	2579 2585 2485 
3	2485 2479 2579 
3	2580 2586 2585 
3	2585 2579 2580 
3	2585 2587 2487 
3	2487 2485 2585 
3	2586 2588 2587 
3	2587 2585 2586 
3	2583 2589 2586 
3	2586 2580 2583 
3	2584 2590 2589 
3	2589 2583 2584 
3	2589 2591 2588 
3	2588 2586 2589 
3	2590 2592 2591 
3	2591 2589 2590 
3	2571 2593 2582 
3	2582 2560 2571 
3	2572 2594 2571 
3	2594 2593 2571 
3	2593 2595 2584 
3	2584 2582 2593 
3	2594 2596 2595 
3	2595 2593 2594 
3	2575 2597 2572 
3	2597 2594 2572 
3	2576 2598 2597 
3	2597 2575 2576 
3	2597 2599 2596 
3	2596 2594 2597 
3	2598 2600 2597 
3	2600 2599 2597 
3	2595 2601 2590 
3	2590 2584 2595 
3	2596 2602 2601 
3	2601 2595 2596 
3	2601 2603 2592 
3	2592 2590 2601 
3	2602 2604 2603 
3	2603 2601 2602 
3	2599 2605 2602 
3	2602 2596 2599 
3	2600 2606 2599 
3	2606 2605 2599 
3	2605 2607 2604 
3	2604 2602 2605 
3	2606 2608 2605 
3	2608 2607 2605 
3	2316 2315 2609 
3	2609 2317 2316 
3	2317 2609 2611 
3	2609 2610 2611 
3	2611 308 133 
3	133 2317 2611 
3	2315 2318 2613 
3	2318 2612 2613 
3	2613 2610 2609 
3	2609 2315 2613 
3	2611 2610 2614 
3	2614 2615 2611 
3	2615 313 308 
3	308 2611 2615 
3	2613 2612 2617 
3	2612 2616 2617 
3	2617 2614 2613 
3	2614 2610 2613 
3	2324 2323 2618 
3	2618 2619 2324 
3	2619 2612 2324 
3	2612 2318 2324 
3	2326 2325 2620 
3	2620 2323 2326 
3	2323 2620 2618 
3	2620 2621 2618 
3	2619 2618 2623 
3	2618 2622 2623 
3	2623 2616 2619 
3	2616 2612 2619 
3	2618 2621 2622 
3	2621 2624 2622 
3	2615 2614 2625 
3	2625 2626 2615 
3	2626 327 313 
3	313 2615 2626 
3	2617 2616 2628 
3	2616 2627 2628 
3	2628 2625 2617 
3	2625 2614 2617 
3	2626 2625 2629 
3	2629 2630 2626 
3	2630 331 327 
3	327 2626 2630 
3	2628 2627 2631 
3	2631 2632 2628 
3	2632 2629 2625 
3	2625 2628 2632 
3	2623 2622 2634 
3	2622 2633 2634 
3	2634 2627 2623 
3	2627 2616 2623 
3	2622 2624 2633 
3	2624 2635 2633 
3	2634 2633 2637 
3	2633 2636 2637 
3	2637 2631 2627 
3	2627 2634 2637 
3	2633 2635 2636 
3	2635 2638 2636 
3	2350 2349 2639 
3	2639 2351 2350 
3	2349 2356 2641 
3	2356 2640 2641 
3	2641 2642 2639 
3	2639 2349 2641 
3	2356 2358 2643 
3	2643 2640 2356 
3	2641 2640 2644 
3	2644 2642 2641 
3	2640 2643 2646 
3	2643 2645 2646 
3	2646 2647 2644 
3	2644 2640 2646 
3	2646 2645 2648 
3	2648 2647 2646 
3	2325 2351 2649 
3	2649 2650 2325 
3	2650 2621 2620 
3	2620 2325 2650 
3	2351 2639 2649 
3	2639 2642 2649 
3	2650 2649 2652 
3	2649 2651 2652 
3	2652 2624 2650 
3	2624 2621 2650 
3	2649 2642 2653 
3	2653 2651 2649 
3	2642 2644 2653 
3	2644 2647 2653 
3	2652 2651 2655 
3	2651 2654 2655 
3	2655 2635 2624 
3	2624 2652 2655 
3	2651 2653 2656 
3	2656 2654 2651 
3	2655 2654 2657 
3	2657 2635 2655 
3	2635 2657 2638 
3	2657 2658 2638 
3	2654 2656 2660 
3	2656 2659 2660 
3	2660 2658 2657 
3	2657 2654 2660 
3	2653 2647 2661 
3	2661 2656 2653 
3	2647 2648 2661 
3	2648 2662 2661 
3	2656 2661 2663 
3	2663 2659 2656 
3	2661 2662 2664 
3	2664 2663 2661 
3	2630 2629 2666 
3	2629 2665 2666 
3	2666 390 2630 
3	390 331 2630 
3	2632 2631 2667 
3	2667 2668 2632 
3	2668 2665 2629 
3	2629 2632 2668 
3	2666 2665 2669 
3	2669 258 2666 
3	258 259 2666 
3	259 390 2666 
3	2668 2667 2670 
3	2670 2671 2668 
3	2671 2669 2665 
3	2665 2668 2671 
3	2637 2636 2672 
3	2672 2673 2637 
3	2673 2667 2637 
3	2667 2631 2637 
3	2636 2638 2672 
3	2638 2674 2672 
3	2673 2672 2675 
3	2675 2676 2673 
3	2676 2670 2667 
3	2667 2673 2676 
3	2672 2674 2675 
3	2674 2677 2675 
3	258 2669 262 
3	2669 2678 262 
3	2671 2670 2679 
3	2679 2680 2671 
3	2680 2678 2671 
3	2678 2669 2671 
3	262 2678 2681 
3	2681 265 262 
3	2680 2679 2683 
3	2679 2682 2683 
3	2683 2681 2680 
3	2681 2678 2680 
3	2676 2675 2684 
3	2684 2685 2676 
3	2685 2679 2670 
3	2670 2676 2685 
3	2675 2677 2686 
3	2686 2684 2675 
3	2685 2684 2687 
3	2687 2688 2685 
3	2688 2682 2685 
3	2682 2679 2685 
3	2684 2686 2689 
3	2689 2687 2684 
3	2638 2658 2674 
3	2658 2690 2674 
3	2660 2659 2692 
3	2659 2691 2692 
3	2692 2690 2660 
3	2690 2658 2660 
3	2674 2690 2677 
3	2690 2693 2677 
3	2692 2691 2695 
3	2691 2694 2695 
3	2695 2693 2690 
3	2690 2692 2695 
3	2659 2663 2696 
3	2696 2691 2659 
3	2663 2664 2697 
3	2697 2696 2663 
3	2691 2696 2698 
3	2698 2694 2691 
3	2696 2697 2699 
3	2699 2698 2696 
3	2677 2693 2700 
3	2700 2686 2677 
3	2695 2694 2701 
3	2701 2693 2695 
3	2693 2701 2700 
3	2701 2702 2700 
3	2686 2700 2703 
3	2703 2689 2686 
3	2700 2702 2703 
3	2702 2704 2703 
3	2694 2698 2706 
3	2698 2705 2706 
3	2706 2702 2701 
3	2701 2694 2706 
3	2698 2699 2705 
3	2699 2707 2705 
3	2706 2705 2709 
3	2705 2708 2709 
3	2709 2704 2706 
3	2704 2702 2706 
3	2705 2707 2708 
3	2707 2710 2708 
3	2358 2507 2711 
3	2711 2643 2358 
3	2509 2508 2712 
3	2712 2507 2509 
3	2507 2712 2711 
3	2712 2713 2711 
3	2643 2711 2645 
3	2711 2714 2645 
3	2711 2713 2715 
3	2715 2714 2711 
3	2508 2514 2712 
3	2514 2716 2712 
3	2712 2716 2713 
3	2716 2717 2713 
3	2514 2515 2718 
3	2718 2716 2514 
3	2716 2718 2717 
3	2718 2719 2717 
3	2713 2717 2715 
3	2717 2720 2715 
3	2717 2719 2720 
3	2719 2721 2720 
3	2645 2714 2648 
3	2714 2722 2648 
3	2714 2715 2724 
3	2715 2723 2724 
3	2724 2725 2722 
3	2722 2714 2724 
3	2724 2723 2725 
3	2723 2726 2725 
3	2715 2720 2723 
3	2720 2727 2723 
3	2720 2721 2728 
3	2728 2727 2720 
3	2723 2727 2726 
3	2727 2729 2726 
3	2727 2728 2729 
3	2728 2730 2729 
3	2648 2722 2662 
3	2722 2725 2662 
3	2662 2725 2731 
3	2731 2664 2662 
3	2725 2726 2731 
3	2726 2732 2731 
3	2726 2729 2732 
3	2729 2733 2732 
3	2729 2730 2734 
3	2734 2733 2729 
3	2515 2533 2735 
3	2735 2718 2515 
3	2718 2735 2736 
3	2736 2719 2718 
3	2533 2534 2735 
3	2534 2541 2735 
3	2735 2541 2737 
3	2737 2736 2735 
3	2719 2736 2738 
3	2738 2721 2719 
3	2736 2737 2739 
3	2739 2738 2736 
3	2541 2542 2740 
3	2740 2737 2541 
3	2542 2544 2742 
3	2544 2741 2742 
3	2542 2742 2740 
3	2742 2743 2740 
3	2737 2740 2744 
3	2740 2743 2744 
3	2737 2744 2739 
3	2744 2745 2739 
3	2721 2738 2746 
3	2746 2747 2721 
3	2721 2747 2728 
3	2747 2730 2728 
3	2738 2739 2746 
3	2739 2745 2746 
3	2742 2741 2748 
3	2748 2743 2742 
3	2744 2743 2749 
3	2749 2745 2744 
3	2743 2748 2750 
3	2750 2749 2743 
3	2747 2746 2751 
3	2751 2730 2747 
3	2746 2745 2752 
3	2752 2751 2746 
3	2730 2751 2734 
3	2751 2753 2734 
3	2751 2752 2754 
3	2754 2753 2751 
3	2745 2749 2755 
3	2755 2752 2745 
3	2749 2750 2757 
3	2750 2756 2757 
3	2749 2757 2755 
3	2757 2758 2755 
3	2757 2756 2759 
3	2759 2758 2757 
3	2752 2755 2760 
3	2755 2758 2760 
3	2752 2760 2754 
3	2760 2761 2754 
3	2760 2758 2762 
3	2762 2761 2760 
3	2758 2759 2763 
3	2763 2762 2758 
3	2664 2731 2697 
3	2731 2764 2697 
3	2731 2732 2764 
3	2732 2765 2764 
3	2697 2764 2699 
3	2764 2766 2699 
3	2764 2765 2766 
3	2765 2767 2766 
3	2732 2733 2765 
3	2733 2768 2765 
3	2733 2734 2769 
3	2769 2768 2733 
3	2765 2768 2770 
3	2770 2767 2765 
3	2768 2769 2771 
3	2771 2770 2768 
3	2699 2766 2707 
3	2766 2772 2707 
3	2766 2767 2773 
3	2773 2772 2766 
3	2707 2772 2710 
3	2772 2774 2710 
3	2772 2773 2775 
3	2775 2774 2772 
3	2767 2770 2776 
3	2776 2773 2767 
3	2770 2771 2778 
3	2771 2777 2778 
3	2770 2778 2776 
3	2778 2779 2776 
3	2778 2777 2780 
3	2780 2779 2778 
3	2773 2776 2781 
3	2776 2779 2781 
3	2773 2781 2775 
3	2781 2782 2775 
3	2781 2779 2783 
3	2783 2782 2781 
3	2779 2780 2783 
3	2780 2784 2783 
3	2734 2753 2785 
3	2785 2769 2734 
3	2753 2754 2786 
3	2754 2761 2786 
3	2753 2786 2785 
3	2786 2787 2785 
3	2786 2761 2788 
3	2788 2787 2786 
3	2769 2785 2789 
3	2785 2787 2789 
3	2769 2789 2771 
3	2789 2777 2771 
3	2789 2787 2790 
3	2790 2777 2789 
3	2787 2788 2790 
3	2788 2791 2790 
3	2761 2762 2792 
3	2792 2788 2761 
3	2762 2763 2794 
3	2763 2793 2794 
3	2762 2794 2792 
3	2794 2795 2792 
3	2788 2792 2796 
3	2796 2791 2788 
3	2792 2795 2796 
3	2795 2797 2796 
3	2794 2793 2798 
3	2798 2795 2794 
3	2795 2798 2799 
3	2799 2797 2795 
3	2777 2790 2780 
3	2790 2800 2780 
3	2790 2791 2801 
3	2801 2800 2790 
3	2780 2800 2784 
3	2800 2802 2784 
3	2800 2801 2803 
3	2803 2802 2800 
3	2791 2796 2804 
3	2796 2797 2804 
3	2791 2804 2801 
3	2804 2805 2801 
3	2801 2805 2803 
3	2805 2806 2803 
3	2804 2797 2807 
3	2807 2805 2804 
3	2797 2799 2808 
3	2808 2807 2797 
3	2805 2807 2809 
3	2809 2806 2805 
3	2807 2808 2811 
3	2808 2810 2811 
3	2807 2811 2809 
3	2811 2812 2809 
3	2811 2810 2813 
3	2813 2812 2811 
3	2196 2815 2814 
3	2814 2195 2196 
3	2195 2814 2816 
3	2816 2197 2195 
3	2814 2815 2816 
3	2815 2817 2816 
3	2197 2816 2817 
3	2817 2199 2197 
3	2465 2818 2815 
3	2815 2196 2465 
3	2466 2819 2818 
3	2818 2465 2466 
3	2818 2821 2820 
3	2820 2815 2818 
3	2815 2820 2822 
3	2822 2817 2815 
3	2819 2823 2821 
3	2821 2818 2819 
3	2199 2817 2824 
3	2824 2467 2199 
3	2817 2822 2826 
3	2822 2825 2826 
3	2817 2826 2824 
3	2826 2827 2824 
3	2826 2825 2828 
3	2828 2827 2826 
3	2470 2829 2819 
3	2819 2466 2470 
3	2471 2830 2829 
3	2829 2470 2471 
3	2829 2831 2823 
3	2823 2819 2829 
3	2830 2832 2831 
3	2831 2829 2830 
3	2820 2821 2822 
3	2821 2825 2822 
3	2823 2834 2833 
3	2833 2821 2823 
3	2821 2833 2835 
3	2835 2825 2821 
3	2833 2834 2835 
3	2834 2836 2835 
3	2825 2835 2837 
3	2835 2836 2837 
3	2825 2837 2828 
3	2837 2838 2828 
3	2831 2839 2834 
3	2834 2823 2831 
3	2832 2840 2839 
3	2839 2831 2832 
3	2839 2842 2841 
3	2841 2834 2839 
3	2834 2841 2843 
3	2843 2836 2834 
3	2840 2844 2842 
3	2842 2839 2840 
3	2837 2836 2845 
3	2845 2838 2837 
3	2836 2843 2847 
3	2843 2846 2847 
3	2836 2847 2845 
3	2847 2848 2845 
3	2847 2846 2849 
3	2849 2848 2847 
3	2482 2850 2471 
3	2850 2830 2471 
3	2483 2851 2482 
3	2851 2850 2482 
3	2850 2852 2832 
3	2832 2830 2850 
3	2851 2853 2850 
3	2853 2852 2850 
3	2486 2854 2851 
3	2851 2483 2486 
3	2487 2855 2486 
3	2855 2854 2486 
3	2854 2856 2851 
3	2856 2853 2851 
3	2855 2857 2854 
3	2857 2856 2854 
3	2852 2858 2840 
3	2840 2832 2852 
3	2853 2859 2858 
3	2858 2852 2853 
3	2858 2860 2844 
3	2844 2840 2858 
3	2859 2861 2860 
3	2860 2858 2859 
3	2856 2862 2853 
3	2862 2859 2853 
3	2857 2863 2856 
3	2863 2862 2856 
3	2862 2864 2861 
3	2861 2859 2862 
3	2863 2865 2862 
3	2865 2864 2862 
3	2841 2842 2843 
3	2842 2846 2843 
3	2844 2867 2866 
3	2866 2842 2844 
3	2842 2866 2868 
3	2868 2846 2842 
3	2866 2867 2868 
3	2867 2869 2868 
3	2846 2868 2870 
3	2868 2869 2870 
3	2846 2870 2849 
3	2870 2871 2849 
3	2860 2872 2867 
3	2867 2844 2860 
3	2861 2873 2872 
3	2872 2860 2861 
3	2867 2872 2869 
3	2872 2874 2869 
3	2873 2876 2875 
3	2875 2872 2873 
3	2872 2875 2874 
3	2875 2877 2874 
3	2870 2869 2878 
3	2878 2871 2870 
3	2869 2874 2878 
3	2874 2879 2878 
3	2874 2877 2881 
3	2877 2880 2881 
3	2874 2881 2879 
3	2881 2882 2879 
3	2864 2883 2873 
3	2873 2861 2864 
3	2865 2884 2883 
3	2883 2864 2865 
3	2883 2885 2876 
3	2876 2873 2883 
3	2884 2886 2885 
3	2885 2883 2884 
3	2881 2880 2887 
3	2887 2882 2881 
3	2875 2876 2877 
3	2876 2880 2877 
3	2876 2885 2888 
3	2888 2880 2876 
3	2886 2890 2889 
3	2889 2885 2886 
3	2885 2889 2891 
3	2891 2888 2885 
3	2889 2890 2891 
3	2890 2892 2891 
3	2880 2888 2887 
3	2888 2893 2887 
3	2888 2891 2894 
3	2891 2892 2894 
3	2888 2894 2893 
3	2894 2895 2893 
3	2467 2824 2523 
3	2824 2827 2523 
3	2523 2827 2896 
3	2896 2526 2523 
3	2827 2828 2897 
3	2828 2838 2897 
3	2827 2897 2896 
3	2897 2898 2896 
3	2526 2896 2899 
3	2896 2898 2899 
3	2526 2899 2528 
3	2899 2536 2528 
3	2897 2838 2900 
3	2900 2898 2897 
3	2899 2898 2901 
3	2901 2536 2899 
3	2898 2900 2903 
3	2900 2902 2903 
3	2898 2903 2901 
3	2903 2904 2901 
3	2903 2902 2905 
3	2905 2904 2903 
3	2838 2845 2906 
3	2845 2848 2906 
3	2838 2906 2900 
3	2906 2902 2900 
3	2906 2848 2907 
3	2907 2902 2906 
3	2848 2849 2908 
3	2849 2871 2908 
3	2848 2908 2907 
3	2908 2909 2907 
3	2902 2907 2910 
3	2907 2909 2910 
3	2902 2910 2905 
3	2910 2911 2905 
3	2536 2901 2912 
3	2901 2904 2912 
3	2536 2912 2538 
3	2912 2543 2538 
3	2912 2904 2913 
3	2913 2543 2912 
3	2904 2905 2914 
3	2905 2911 2914 
3	2904 2914 2913 
3	2914 2915 2913 
3	2543 2913 2916 
3	2913 2915 2916 
3	2543 2916 2544 
3	2916 2741 2544 
3	2908 2871 2917 
3	2917 2909 2908 
3	2910 2909 2918 
3	2918 2911 2910 
3	2909 2917 2920 
3	2917 2919 2920 
3	2909 2920 2918 
3	2920 2921 2918 
3	2920 2919 2922 
3	2922 2921 2920 
3	2914 2911 2923 
3	2923 2915 2914 
3	2916 2915 2924 
3	2924 2741 2916 
3	2915 2923 2925 
3	2925 2924 2915 
3	2911 2918 2926 
3	2926 2923 2911 
3	2918 2921 2926 
3	2921 2927 2926 
3	2921 2922 2929 
3	2922 2928 2929 
3	2921 2929 2927 
3	2929 2930 2927 
3	2923 2926 2931 
3	2926 2927 2931 
3	2923 2931 2925 
3	2931 2932 2925 
3	2931 2927 2933 
3	2933 2932 2931 
3	2927 2930 2933 
3	2930 2934 2933 
3	2929 2928 2935 
3	2935 2930 2929 
3	2930 2935 2937 
3	2935 2936 2937 
3	2930 2937 2934 
3	2937 2938 2934 
3	2937 2936 2939 
3	2939 2938 2937 
3	2871 2878 2940 
3	2878 2879 2940 
3	2871 2940 2917 
3	2940 2919 2917 
3	2940 2879 2941 
3	2941 2919 2940 
3	2879 2882 2941 
3	2882 2942 2941 
3	2919 2941 2943 
3	2941 2942 2943 
3	2919 2943 2922 
3	2943 2928 2922 
3	2882 2887 2944 
3	2887 2893 2944 
3	2882 2944 2942 
3	2944 2945 2942 
3	2944 2893 2946 
3	2946 2945 2944 
3	2943 2942 2947 
3	2947 2928 2943 
3	2942 2945 2947 
3	2945 2948 2947 
3	2945 2946 2950 
3	2946 2949 2950 
3	2945 2950 2948 
3	2950 2951 2948 
3	2893 2895 2946 
3	2895 2949 2946 
3	2928 2947 2952 
3	2947 2948 2952 
3	2928 2952 2935 
3	2952 2936 2935 
3	2952 2948 2953 
3	2953 2936 2952 
3	2948 2951 2953 
3	2951 2954 2953 
3	2936 2953 2955 
3	2953 2954 2955 
3	2936 2955 2939 
3	2955 2956 2939 
3	2587 2957 2855 
3	2855 2487 2587 
3	2588 2958 2957 
3	2957 2587 2588 
3	2957 2959 2855 
3	2959 2857 2855 
3	2958 2960 2957 
3	2960 2959 2957 
3	2591 2961 2958 
3	2958 2588 2591 
3	2592 2962 2961 
3	2961 2591 2592 
3	2961 2963 2960 
3	2960 2958 2961 
3	2962 2964 2963 
3	2963 2961 2962 
3	2959 2965 2857 
3	2965 2863 2857 
3	2960 2966 2959 
3	2966 2965 2959 
3	2965 2967 2863 
3	2967 2865 2863 
3	2966 2968 2965 
3	2968 2967 2965 
3	2963 2969 2960 
3	2969 2966 2960 
3	2964 2970 2963 
3	2970 2969 2963 
3	2969 2971 2966 
3	2971 2968 2966 
3	2970 2972 2969 
3	2972 2971 2969 
3	2603 2973 2962 
3	2962 2592 2603 
3	2604 2974 2973 
3	2973 2603 2604 
3	2973 2975 2964 
3	2964 2962 2973 
3	2974 2976 2975 
3	2975 2973 2974 
3	2607 2977 2974 
3	2974 2604 2607 
3	2608 2978 2977 
3	2977 2607 2608 
3	2977 2979 2976 
3	2976 2974 2977 
3	2978 2980 2979 
3	2979 2977 2978 
3	2975 2981 2964 
3	2981 2970 2964 
3	2976 2982 2981 
3	2981 2975 2976 
3	2981 2983 2970 
3	2983 2972 2970 
3	2982 2984 2981 
3	2984 2983 2981 
3	2979 2985 2982 
3	2982 2976 2979 
3	2980 2986 2985 
3	2985 2979 2980 
3	2985 2987 2982 
3	2987 2984 2982 
3	2986 2988 2987 
3	2987 2985 2986 
3	2967 2989 2884 
3	2884 2865 2967 
3	2968 2990 2967 
3	2990 2989 2967 
3	2989 2991 2886 
3	2886 2884 2989 
3	2990 2992 2991 
3	2991 2989 2990 
3	2971 2993 2968 
3	2993 2990 2968 
3	2972 2994 2971 
3	2994 2993 2971 
3	2993 2995 2990 
3	2995 2992 2990 
3	2994 2996 2993 
3	2996 2995 2993 
3	2991 2997 2890 
3	2890 2886 2991 
3	2992 2998 2997 
3	2997 2991 2992 
3	2890 2997 2999 
3	2999 2892 2890 
3	2998 3001 3000 
3	3000 2997 2998 
3	2997 3000 3002 
3	3002 2999 2997 
3	2894 2892 3003 
3	3003 2895 2894 
3	2892 2999 3003 
3	2999 3004 3003 
3	2999 3002 3006 
3	3002 3005 3006 
3	2999 3006 3004 
3	3006 3007 3004 
3	2995 3008 2992 
3	3008 2998 2992 
3	2996 3009 2995 
3	3009 3008 2995 
3	3008 3010 3001 
3	3001 2998 3008 
3	3009 3011 3010 
3	3010 3008 3009 
3	3006 3005 3012 
3	3012 3007 3006 
3	2983 3013 2972 
3	3013 2994 2972 
3	2984 3014 2983 
3	3014 3013 2983 
3	3013 3015 2994 
3	3015 2996 2994 
3	3014 3016 3013 
3	3016 3015 3013 
3	2987 3017 2984 
3	3017 3014 2984 
3	2988 3018 2987 
3	3018 3017 2987 
3	3017 3019 3016 
3	3016 3014 3017 
3	3018 3020 3017 
3	3020 3019 3017 
3	3015 3021 2996 
3	3021 3009 2996 
3	3016 3022 3021 
3	3021 3015 3016 
3	3021 3023 3011 
3	3011 3009 3021 
3	3022 3024 3021 
3	3024 3023 3021 
3	3019 3025 3022 
3	3022 3016 3019 
3	3020 3026 3025 
3	3025 3019 3020 
3	3025 3027 3022 
3	3027 3024 3022 
3	3026 3028 3027 
3	3027 3025 3026 
3	2950 2949 3029 
3	3029 2951 2950 
3	2895 3003 3030 
3	3003 3004 3030 
3	2895 3030 2949 
3	3030 3031 2949 
3	3030 3004 3032 
3	3032 3031 3030 
3	3004 3007 3032 
3	3007 3033 3032 
3	2949 3031 3029 
3	3031 3034 3029 
3	3031 3032 3035 
3	3032 3033 3035 
3	3031 3035 3034 
3	3035 3036 3034 
3	3007 3012 3037 
3	3037 3038 3007 
3	3007 3038 3039 
3	3039 3033 3007 
3	3038 3037 3041 
3	3037 3040 3041 
3	3038 3041 3039 
3	3041 3042 3039 
3	3035 3033 3043 
3	3043 3036 3035 
3	3033 3039 3043 
3	3039 3044 3043 
3	3039 3042 3044 
3	3042 3045 3044 
3	2951 3029 3046 
3	3029 3034 3046 
3	2951 3046 2954 
3	3046 3047 2954 
3	3046 3034 3048 
3	3048 3047 3046 
3	2955 2954 3049 
3	3049 2956 2955 
3	2954 3047 3049 
3	3047 3050 3049 
3	3047 3048 3052 
3	3048 3051 3052 
3	3047 3052 3050 
3	3052 3053 3050 
3	3052 3051 3054 
3	3054 3053 3052 
3	3034 3036 3048 
3	3036 3051 3048 
3	3036 3043 3055 
3	3043 3044 3055 
3	3036 3055 3051 
3	3055 3056 3051 
3	3055 3044 3057 
3	3044 3045 3057 
3	3055 3057 3056 
3	3057 3058 3056 
3	3051 3056 3054 
3	3056 3059 3054 
3	3056 3058 3059 
3	3058 3060 3059 
3	3041 3040 3061 
3	3061 3042 3041 
3	3042 3061 3063 
3	3061 3062 3063 
3	3042 3063 3045 
3	3063 3064 3045 
3	3063 3062 3065 
3	3065 3066 3063 
3	3063 3066 3064 
3	3066 3067 3064 
3	3066 3065 3069 
3	3065 3068 3069 
3	3066 3069 3070 
3	3070 3067 3066 
3	3069 3068 3072 
3	3068 3071 3072 
3	3069 3072 3073 
3	3073 3070 3069 
3	3057 3045 3074 
3	3074 3058 3057 
3	3045 3064 3074 
3	3064 3075 3074 
3	3064 3067 3075 
3	3067 3076 3075 
3	3058 3074 3077 
3	3074 3075 3077 
3	3058 3077 3060 
3	3077 3078 3060 
3	3077 3075 3076 
3	3076 3079 3077 
3	3077 3079 3078 
3	3079 3080 3078 
3	3067 3070 3081 
3	3081 3076 3067 
3	3070 3073 3082 
3	3082 3081 3070 
3	3079 3076 3083 
3	3076 3081 3083 
3	3079 3083 3084 
3	3084 3080 3079 
3	3083 3081 3085 
3	3081 3082 3085 
3	3083 3085 3086 
3	3086 3084 3083 
3	3000 3001 3002 
3	3001 3005 3002 
3	3001 3010 3005 
3	3010 3087 3005 
3	3010 3011 3087 
3	3011 3088 3087 
3	3005 3087 3012 
3	3087 3037 3012 
3	3087 3088 3037 
3	3088 3040 3037 
3	3011 3023 3088 
3	3023 3089 3088 
3	3023 3024 3090 
3	3090 3089 3023 
3	3088 3089 3040 
3	3089 3091 3040 
3	3089 3090 3091 
3	3090 3092 3091 
3	3024 3027 3090 
3	3027 3093 3090 
3	3027 3028 3093 
3	3028 3094 3093 
3	3090 3093 3092 
3	3093 3095 3092 
3	3093 3094 3095 
3	3094 3096 3095 
3	3040 3091 3061 
3	3091 3062 3061 
3	3091 3092 3062 
3	3092 3065 3062 
3	3092 3095 3068 
3	3068 3065 3092 
3	3095 3096 3068 
3	3096 3071 3068 
3	2741 2924 3097 
3	3097 2748 2741 
3	2924 2925 3098 
3	2925 2932 3098 
3	2924 3098 3097 
3	3098 3099 3097 
3	3098 2932 3100 
3	3100 3099 3098 
3	2748 3097 3101 
3	3097 3099 3101 
3	2748 3101 2750 
3	3101 2756 2750 
3	3101 3099 3102 
3	3102 2756 3101 
3	3099 3100 3104 
3	3100 3103 3104 
3	3099 3104 3102 
3	3104 3105 3102 
3	3104 3103 3106 
3	3106 3105 3104 
3	2932 2933 3107 
3	2933 2934 3107 
3	2932 3107 3100 
3	3107 3103 3100 
3	3107 2934 3108 
3	3108 3103 3107 
3	2934 2938 3108 
3	2938 3109 3108 
3	2938 2939 3110 
3	3110 3109 2938 
3	3103 3108 3111 
3	3108 3109 3111 
3	3103 3111 3106 
3	3111 3112 3106 
3	3111 3109 3113 
3	3113 3112 3111 
3	3109 3110 3115 
3	3110 3114 3115 
3	3109 3115 3113 
3	3115 3116 3113 
3	2756 3102 3117 
3	3117 2759 2756 
3	3102 3105 3117 
3	3105 3118 3117 
3	2759 3117 3119 
3	3117 3118 3119 
3	2759 3119 2763 
3	3119 2793 2763 
3	3105 3106 3120 
3	3120 3118 3105 
3	3119 3118 3121 
3	3121 2793 3119 
3	3118 3120 3123 
3	3120 3122 3123 
3	3118 3123 3121 
3	3123 3124 3121 
3	3123 3122 3125 
3	3125 3124 3123 
3	3106 3112 3120 
3	3112 3122 3120 
3	3112 3113 3126 
3	3126 3122 3112 
3	3113 3116 3126 
3	3116 3127 3126 
3	3122 3126 3128 
3	3126 3127 3128 
3	3122 3128 3125 
3	3128 3129 3125 
3	2939 2956 3110 
3	2956 3114 3110 
3	2793 3121 3130 
3	3130 2798 2793 
3	3121 3124 3130 
3	3124 3131 3130 
3	3124 3125 3132 
3	3132 3131 3124 
3	2798 3130 3133 
3	3130 3131 3133 
3	2798 3133 2799 
3	3133 3134 2799 
3	3133 3131 3135 
3	3135 3134 3133 
3	3131 3132 3137 
3	3132 3136 3137 
3	3131 3137 3135 
3	3137 3138 3135 
3	3125 3129 3132 
3	3129 3136 3132 
3	2799 3134 2808 
3	3134 2810 2808 
3	3134 3135 3139 
3	3139 2810 3134 
3	3135 3138 3139 
3	3138 3140 3139 
3	2810 3139 3141 
3	3139 3140 3141 
3	2810 3141 2813 
3	3141 3142 2813 
3	3115 3114 3143 
3	3143 3116 3115 
3	3116 3143 3145 
3	3143 3144 3145 
3	3116 3145 3127 
3	3145 3146 3127 
3	3145 3144 3147 
3	3147 3146 3145 
3	3128 3127 3148 
3	3148 3129 3128 
3	3127 3146 3148 
3	3146 3149 3148 
3	3146 3147 3151 
3	3147 3150 3151 
3	3146 3151 3149 
3	3151 3152 3149 
3	3151 3150 3153 
3	3153 3152 3151 
3	2956 3049 3154 
3	3049 3050 3154 
3	2956 3154 3114 
3	3154 3155 3114 
3	3154 3050 3156 
3	3156 3155 3154 
3	3050 3053 3156 
3	3053 3157 3156 
3	3114 3155 3143 
3	3155 3144 3143 
3	3155 3156 3158 
3	3156 3157 3158 
3	3155 3158 3144 
3	3158 3159 3144 
3	3053 3054 3160 
3	3054 3059 3160 
3	3053 3160 3157 
3	3160 3161 3157 
3	3160 3059 3162 
3	3059 3060 3162 
3	3160 3162 3161 
3	3162 3163 3161 
3	3158 3157 3164 
3	3164 3159 3158 
3	3157 3161 3164 
3	3161 3165 3164 
3	3161 3163 3165 
3	3163 3166 3165 
3	3144 3159 3147 
3	3159 3150 3147 
3	3159 3164 3167 
3	3164 3165 3167 
3	3159 3167 3150 
3	3167 3168 3150 
3	3167 3165 3169 
3	3165 3166 3169 
3	3167 3169 3168 
3	3169 3170 3168 
3	3150 3168 3153 
3	3168 3171 3153 
3	3168 3170 3172 
3	3172 3171 3168 
3	3162 3060 3173 
3	3173 3163 3162 
3	3163 3173 3175 
3	3173 3174 3175 
3	3163 3175 3166 
3	3175 3176 3166 
3	3175 3174 3177 
3	3177 3178 3175 
3	3175 3178 3176 
3	3178 3179 3176 
3	3178 3177 3181 
3	3177 3180 3181 
3	3178 3181 3182 
3	3182 3179 3178 
3	3181 3180 3184 
3	3180 3183 3184 
3	3181 3184 3185 
3	3185 3182 3181 
3	3060 3078 3173 
3	3078 3174 3173 
3	3078 3080 3174 
3	3080 3177 3174 
3	3080 3084 3180 
3	3180 3177 3080 
3	3084 3086 3183 
3	3183 3180 3084 
3	3169 3166 3186 
3	3186 3170 3169 
3	3166 3176 3186 
3	3176 3187 3186 
3	3176 3179 3187 
3	3179 3188 3187 
3	3170 3186 3189 
3	3186 3187 3189 
3	3170 3189 3172 
3	3189 3190 3172 
3	3189 3187 3191 
3	3187 3188 3191 
3	3189 3191 3190 
3	3191 3192 3190 
3	3179 3182 3193 
3	3193 3188 3179 
3	3182 3185 3194 
3	3194 3193 3182 
3	3191 3188 3195 
3	3195 3192 3191 
3	3188 3193 3195 
3	3193 3196 3195 
3	3193 3194 3196 
3	3194 3197 3196 
3	3137 3136 3198 
3	3198 3138 3137 
3	3129 3148 3199 
3	3148 3149 3199 
3	3129 3199 3136 
3	3199 3200 3136 
3	3199 3149 3201 
3	3201 3200 3199 
3	3149 3152 3201 
3	3152 3202 3201 
3	3136 3200 3198 
3	3200 3203 3198 
3	3200 3201 3204 
3	3201 3202 3204 
3	3200 3204 3203 
3	3204 3205 3203 
3	3152 3153 3206 
3	3153 3171 3206 
3	3152 3206 3202 
3	3206 3207 3202 
3	3206 3171 3208 
3	3208 3207 3206 
3	3204 3202 3209 
3	3209 3205 3204 
3	3202 3207 3209 
3	3207 3210 3209 
3	3207 3208 3212 
3	3208 3211 3212 
3	3207 3212 3210 
3	3212 3213 3210 
3	3138 3198 3214 
3	3214 3140 3138 
3	3141 3140 3215 
3	3215 3142 3141 
3	3140 3214 3217 
3	3214 3216 3217 
3	3140 3217 3215 
3	3217 3218 3215 
3	3217 3216 3219 
3	3219 3218 3217 
3	3198 3203 3214 
3	3203 3216 3214 
3	3203 3205 3216 
3	3205 3220 3216 
3	3216 3220 3219 
3	3220 3221 3219 
3	3205 3209 3220 
3	3209 3222 3220 
3	3209 3210 3222 
3	3210 3223 3222 
3	3210 3213 3223 
3	3213 3224 3223 
3	3220 3222 3225 
3	3222 3223 3225 
3	3220 3225 3221 
3	3225 3226 3221 
3	3225 3223 3227 
3	3227 3226 3225 
3	3223 3224 3227 
3	3224 3228 3227 
3	3212 3211 3230 
3	3211 3229 3230 
3	3212 3230 3213 
3	3230 3231 3213 
3	3230 3229 3232 
3	3232 3231 3230 
3	3213 3231 3233 
3	3233 3224 3213 
3	3231 3232 3235 
3	3232 3234 3235 
3	3231 3235 3233 
3	3235 3236 3233 
3	3224 3233 3228 
3	3233 3237 3228 
3	3233 3236 3238 
3	3238 3237 3233 
3	3235 3234 3239 
3	3239 3240 3235 
3	3235 3240 3236 
3	3240 3241 3236 
3	3240 3239 3243 
3	3239 3242 3243 
3	3240 3243 3244 
3	3244 3241 3240 
3	3236 3241 3245 
3	3245 3238 3236 
3	3241 3244 3246 
3	3246 3245 3241 
3	3171 3172 3208 
3	3172 3211 3208 
3	3172 3190 3211 
3	3190 3229 3211 
3	3190 3192 3247 
3	3247 3229 3190 
3	3229 3247 3232 
3	3247 3234 3232 
3	3192 3195 3248 
3	3195 3196 3248 
3	3192 3248 3247 
3	3248 3249 3247 
3	3248 3196 3250 
3	3196 3197 3250 
3	3248 3250 3251 
3	3251 3249 3248 
3	3247 3249 3234 
3	3249 3239 3234 
3	3249 3251 3242 
3	3242 3239 3249 
3	265 2681 3252 
3	2681 2683 3252 
3	3252 2683 3253 
3	3253 3254 3252 
3	3254 797 3252 
3	797 265 3252 
3	2683 2682 3253 
3	2682 3255 3253 
3	3254 3253 3256 
3	3256 809 3254 
3	809 799 3254 
3	799 797 3254 
3	3253 3255 3256 
3	3255 3257 3256 
3	2688 2687 3258 
3	3258 3259 2688 
3	3259 3255 2682 
3	2682 2688 3259 
3	2687 2689 3260 
3	3260 3258 2687 
3	3259 3258 3261 
3	3261 3262 3259 
3	3262 3257 3259 
3	3257 3255 3259 
3	3258 3260 3263 
3	3263 3261 3258 
3	809 3256 811 
3	3256 3264 811 
3	3256 3257 3264 
3	3257 3265 3264 
3	811 3264 814 
3	3264 3266 814 
3	3264 3265 3266 
3	3265 3267 3266 
3	3262 3261 3268 
3	3268 3269 3262 
3	3269 3265 3262 
3	3265 3257 3262 
3	3261 3263 3270 
3	3270 3268 3261 
3	3269 3268 3272 
3	3268 3271 3272 
3	3272 3267 3269 
3	3267 3265 3269 
3	3268 3270 3273 
3	3273 3271 3268 
3	2689 2703 3274 
3	3274 3260 2689 
3	2703 2704 3274 
3	2704 3275 3274 
3	3260 3274 3276 
3	3276 3263 3260 
3	3274 3275 3277 
3	3277 3276 3274 
3	2709 2708 3279 
3	2708 3278 3279 
3	3279 3275 2709 
3	3275 2704 2709 
3	2708 2710 3278 
3	2710 3280 3278 
3	3279 3278 3275 
3	3278 3281 3275 
3	3275 3281 3277 
3	3281 3282 3277 
3	3278 3280 3283 
3	3283 3281 3278 
3	3281 3283 3282 
3	3283 3284 3282 
3	3263 3276 3270 
3	3276 3285 3270 
3	3276 3277 3285 
3	3277 3286 3285 
3	3270 3285 3287 
3	3287 3273 3270 
3	3285 3286 3287 
3	3286 3288 3287 
3	3277 3282 3286 
3	3282 3289 3286 
3	3282 3284 3289 
3	3284 3290 3289 
3	3286 3289 3288 
3	3289 3291 3288 
3	3289 3290 3291 
3	3290 3292 3291 
3	852 3294 3293 
3	3293 851 852 
3	851 3293 3295 
3	3295 853 851 
3	3294 3297 3296 
3	3296 3293 3294 
3	3293 3296 3298 
3	3298 3295 3293 
3	814 3266 852 
3	3266 3294 852 
3	3266 3267 3297 
3	3297 3294 3266 
3	3272 3271 3299 
3	3299 3296 3272 
3	3296 3297 3272 
3	3297 3267 3272 
3	3271 3273 3299 
3	3273 3300 3299 
3	3296 3299 3298 
3	3299 3301 3298 
3	3299 3300 3301 
3	3300 3302 3301 
3	853 3295 3303 
3	3303 861 853 
3	3295 3298 3304 
3	3304 3303 3295 
3	864 861 3305 
3	3305 865 864 
3	861 3303 3305 
3	3303 3306 3305 
3	3303 3304 3307 
3	3307 3306 3303 
3	3298 3301 3304 
3	3301 3308 3304 
3	3301 3302 3308 
3	3302 3309 3308 
3	3304 3308 3310 
3	3310 3307 3304 
3	3308 3309 3311 
3	3311 3310 3308 
3	3273 3287 3312 
3	3312 3300 3273 
3	3287 3288 3312 
3	3288 3313 3312 
3	3300 3312 3314 
3	3314 3302 3300 
3	3312 3313 3315 
3	3315 3314 3312 
3	3288 3291 3316 
3	3316 3313 3288 
3	3291 3292 3317 
3	3317 3316 3291 
3	3313 3316 3315 
3	3316 3318 3315 
3	3316 3317 3319 
3	3319 3318 3316 
3	3302 3314 3309 
3	3314 3320 3309 
3	3314 3315 3321 
3	3321 3320 3314 
3	3309 3320 3311 
3	3320 3322 3311 
3	3320 3321 3322 
3	3321 3323 3322 
3	3315 3318 3324 
3	3324 3321 3315 
3	3318 3319 3325 
3	3325 3324 3318 
3	3321 3324 3323 
3	3324 3326 3323 
3	3324 3325 3327 
3	3327 3326 3324 
3	2710 2774 3328 
3	3328 3280 2710 
3	2774 2775 3329 
3	2775 2782 3329 
3	2774 3329 3328 
3	3329 3330 3328 
3	3329 2782 3331 
3	3331 3330 3329 
3	3280 3328 3330 
3	3330 3283 3280 
3	3283 3330 3332 
3	3332 3284 3283 
3	3330 3331 3332 
3	3331 3333 3332 
3	2782 2783 3331 
3	2783 3334 3331 
3	2783 2784 3334 
3	2784 3335 3334 
3	3331 3334 3333 
3	3334 3336 3333 
3	3334 3335 3336 
3	3335 3337 3336 
3	3284 3332 3338 
3	3338 3290 3284 
3	3332 3333 3339 
3	3339 3338 3332 
3	3290 3338 3340 
3	3340 3292 3290 
3	3338 3339 3341 
3	3341 3340 3338 
3	3333 3336 3339 
3	3336 3342 3339 
3	3336 3337 3343 
3	3343 3342 3336 
3	3339 3342 3341 
3	3342 3344 3341 
3	3342 3343 3345 
3	3345 3344 3342 
3	2784 2802 3346 
3	3346 3335 2784 
3	2802 2803 3347 
3	2803 2806 3347 
3	2802 3347 3346 
3	3347 3348 3346 
3	3335 3346 3349 
3	3349 3337 3335 
3	3346 3348 3349 
3	3348 3350 3349 
3	3347 2806 3351 
3	3351 3348 3347 
3	3348 3351 3352 
3	3352 3350 3348 
3	2806 2809 3351 
3	2809 3353 3351 
3	2809 2812 3354 
3	3354 3353 2809 
3	2812 2813 3355 
3	3355 3354 2812 
3	3351 3353 3356 
3	3356 3352 3351 
3	3353 3354 3356 
3	3354 3357 3356 
3	3354 3355 3358 
3	3358 3357 3354 
3	3337 3349 3359 
3	3349 3350 3359 
3	3337 3359 3343 
3	3359 3360 3343 
3	3343 3360 3345 
3	3360 3361 3345 
3	3359 3350 3362 
3	3362 3360 3359 
3	3350 3352 3363 
3	3363 3362 3350 
3	3360 3362 3364 
3	3364 3361 3360 
3	3362 3363 3365 
3	3365 3364 3362 
3	3352 3356 3366 
3	3356 3357 3366 
3	3352 3366 3363 
3	3366 3367 3363 
3	3366 3357 3368 
3	3368 3367 3366 
3	3357 3358 3370 
3	3358 3369 3370 
3	3357 3370 3368 
3	3370 3371 3368 
3	3363 3367 3372 
3	3372 3365 3363 
3	3367 3368 3373 
3	3373 3372 3367 
3	3368 3371 3374 
3	3374 3373 3368 
3	3292 3340 3375 
3	3375 3317 3292 
3	3340 3341 3375 
3	3341 3376 3375 
3	3317 3375 3319 
3	3375 3377 3319 
3	3375 3376 3377 
3	3376 3378 3377 
3	3341 3344 3379 
3	3379 3376 3341 
3	3344 3345 3380 
3	3345 3361 3380 
3	3344 3380 3379 
3	3380 3381 3379 
3	3376 3379 3382 
3	3382 3378 3376 
3	3379 3381 3383 
3	3383 3382 3379 
3	3380 3361 3384 
3	3384 3381 3380 
3	3381 3384 3385 
3	3385 3383 3381 
3	3319 3377 3325 
3	3377 3386 3325 
3	3377 3378 3386 
3	3378 3387 3386 
3	3325 3386 3388 
3	3388 3327 3325 
3	3386 3387 3389 
3	3389 3388 3386 
3	3378 3382 3390 
3	3390 3387 3378 
3	3382 3383 3391 
3	3391 3390 3382 
3	3387 3390 3392 
3	3392 3389 3387 
3	3390 3391 3393 
3	3393 3392 3390 
3	3383 3385 3394 
3	3394 3391 3383 
3	3391 3394 3393 
3	3394 3395 3393 
3	3361 3364 3384 
3	3364 3396 3384 
3	3364 3365 3397 
3	3397 3396 3364 
3	3384 3396 3398 
3	3398 3385 3384 
3	3396 3397 3400 
3	3397 3399 3400 
3	3396 3400 3398 
3	3400 3401 3398 
3	3400 3399 3402 
3	3402 3401 3400 
3	3365 3372 3397 
3	3372 3399 3397 
3	3372 3373 3403 
3	3403 3399 3372 
3	3373 3374 3404 
3	3404 3403 3373 
3	3399 3403 3402 
3	3403 3405 3402 
3	3403 3404 3406 
3	3406 3405 3403 
3	3385 3398 3394 
3	3398 3407 3394 
3	3398 3401 3408 
3	3408 3407 3398 
3	3401 3402 3408 
3	3402 3409 3408 
3	3394 3407 3395 
3	3407 3410 3395 
3	3407 3408 3411 
3	3411 3410 3407 
3	3408 3409 3412 
3	3412 3411 3408 
3	3402 3405 3413 
3	3413 3409 3402 
3	3405 3406 3413 
3	3406 3414 3413 
3	3409 3413 3415 
3	3413 3414 3415 
3	3409 3415 3412 
3	3415 3416 3412 
3	3370 3369 3417 
3	3417 3371 3370 
3	3371 3417 3374 
3	3417 3418 3374 
3	3374 3418 3404 
3	3418 3419 3404 
3	3404 3419 3406 
3	3419 3420 3406 
3	3406 3420 3421 
3	3421 3414 3406 
3	3415 3414 3422 
3	3422 3416 3415 
3	3414 3421 3424 
3	3421 3423 3424 
3	3414 3424 3422 
3	3424 3425 3422 
3	3424 3423 3426 
3	3426 3425 3424 
3	1033 1034 3427 
3	3427 1035 1033 
3	3427 3429 3428 
3	3428 1035 3427 
3	1035 3428 1037 
3	3428 3430 1037 
3	3428 3429 3431 
3	3431 3430 3428 
3	3305 3306 3432 
3	3432 865 3305 
3	865 3432 1039 
3	3432 3433 1039 
3	3432 3306 3434 
3	3434 3433 3432 
3	3306 3307 3434 
3	3307 3435 3434 
3	1039 3433 3436 
3	3436 1034 1039 
3	3434 3435 3437 
3	3437 3433 3434 
3	3433 3437 3436 
3	3437 3438 3436 
3	3307 3310 3435 
3	3310 3439 3435 
3	3310 3311 3440 
3	3440 3439 3310 
3	3435 3439 3437 
3	3439 3441 3437 
3	3437 3441 3438 
3	3441 3442 3438 
3	3441 3439 3443 
3	3443 3442 3441 
3	3439 3440 3443 
3	3440 3444 3443 
3	1034 3436 3427 
3	3436 3429 3427 
3	3436 3438 3445 
3	3445 3429 3436 
3	3429 3445 3431 
3	3445 3446 3431 
3	3438 3442 3447 
3	3447 3445 3438 
3	3443 3444 3448 
3	3448 3442 3443 
3	3442 3448 3447 
3	3448 3449 3447 
3	3445 3447 3450 
3	3450 3446 3445 
3	3447 3449 3450 
3	3449 3451 3450 
3	3311 3322 3440 
3	3322 3452 3440 
3	3322 3323 3452 
3	3323 3453 3452 
3	3440 3452 3444 
3	3452 3454 3444 
3	3452 3453 3454 
3	3453 3455 3454 
3	3323 3326 3453 
3	3326 3456 3453 
3	3326 3327 3456 
3	3327 3457 3456 
3	3453 3456 3458 
3	3458 3455 3453 
3	3456 3457 3458 
3	3457 3459 3458 
3	3444 3454 3460 
3	3460 3448 3444 
3	3448 3460 3449 
3	3460 3461 3449 
3	3460 3454 3462 
3	3462 3461 3460 
3	3454 3455 3462 
3	3455 3463 3462 
3	3449 3461 3464 
3	3464 3451 3449 
3	3462 3463 3465 
3	3465 3461 3462 
3	3461 3465 3466 
3	3466 3464 3461 
3	3455 3458 3463 
3	3458 3467 3463 
3	3458 3459 3468 
3	3468 3467 3458 
3	3463 3467 3469 
3	3469 3465 3463 
3	3465 3469 3466 
3	3469 3470 3466 
3	3469 3467 3471 
3	3471 3470 3469 
3	3467 3468 3471 
3	3468 3472 3471 
3	1064 3474 3475 
3	3474 3473 3475 
3	3475 3473 3477 
3	3473 3476 3477 
3	3477 1066 3475 
3	1066 1064 3475 
3	3473 3474 3478 
3	3478 3476 3473 
3	3477 3476 3479 
3	3479 3480 3477 
3	3480 1071 1066 
3	1066 3477 3480 
3	3478 3482 3481 
3	3481 3476 3478 
3	3476 3481 3479 
3	3481 3483 3479 
3	1037 3430 3474 
3	3474 1064 1037 
3	3474 3430 3484 
3	3484 3478 3474 
3	3431 3446 3485 
3	3485 3430 3431 
3	3430 3485 3484 
3	3485 3486 3484 
3	3484 3486 3482 
3	3482 3478 3484 
3	3481 3488 3489 
3	3488 3487 3489 
3	3489 3487 3491 
3	3487 3490 3491 
3	3491 3483 3481 
3	3481 3489 3491 
3	3483 3492 3488 
3	3488 3481 3483 
3	3481 3482 3493 
3	3493 3483 3481 
3	3487 3488 3492 
3	3492 3490 3487 
3	3485 3446 3494 
3	3494 3486 3485 
3	3482 3486 3495 
3	3495 3493 3482 
3	3494 3497 3496 
3	3496 3486 3494 
3	3486 3496 3495 
3	3496 3498 3495 
3	3496 3497 3499 
3	3499 3498 3496 
3	3480 3479 3500 
3	3500 1071 3480 
3	3479 3483 3500 
3	3483 3493 3500 
3	1071 3500 3501 
3	3501 1079 1071 
3	3500 3493 3502 
3	3502 3501 3500 
3	1079 3501 3503 
3	3503 1081 1079 
3	3501 3502 3504 
3	3504 3503 3501 
3	3491 3490 3492 
3	3492 3483 3491 
3	3493 3505 3483 
3	3505 3492 3483 
3	3483 3492 3507 
3	3492 3506 3507 
3	3507 3502 3493 
3	3493 3483 3507 
3	3492 3509 3490 
3	3509 3508 3490 
3	3490 3508 3511 
3	3508 3510 3511 
3	3511 3506 3492 
3	3492 3490 3511 
3	3506 3512 3509 
3	3509 3492 3506 
3	3492 3505 3506 
3	3505 3513 3506 
3	3507 3506 3513 
3	3513 3502 3507 
3	3511 3510 3512 
3	3512 3506 3511 
3	3513 3514 3506 
3	3514 3512 3506 
3	3506 3512 3515 
3	3515 3516 3506 
3	3516 3517 3513 
3	3513 3506 3516 
3	3495 3498 3505 
3	3505 3493 3495 
3	3505 3498 3518 
3	3518 3513 3505 
3	3499 3520 3519 
3	3519 3498 3499 
3	3498 3519 3518 
3	3519 3521 3518 
3	3502 3513 3504 
3	3513 3517 3504 
3	3518 3521 3514 
3	3514 3513 3518 
3	3446 3450 3494 
3	3450 3497 3494 
3	3450 3451 3522 
3	3522 3497 3450 
3	3497 3522 3499 
3	3522 3520 3499 
3	3508 3509 3510 
3	3509 3512 3510 
3	3512 3524 3510 
3	3524 3523 3510 
3	3510 3523 3526 
3	3523 3525 3526 
3	3526 3515 3510 
3	3515 3512 3510 
3	3515 3527 3524 
3	3524 3512 3515 
3	3512 3514 3515 
3	3514 3528 3515 
3	3523 3524 3527 
3	3527 3525 3523 
3	3519 3520 3529 
3	3529 3521 3519 
3	3514 3521 3530 
3	3530 3528 3514 
3	3529 3532 3531 
3	3531 3521 3529 
3	3521 3531 3530 
3	3531 3533 3530 
3	3532 3535 3534 
3	3534 3531 3532 
3	3531 3534 3533 
3	3534 3536 3533 
3	3534 3535 3537 
3	3537 3536 3534 
3	3451 3464 3538 
3	3538 3522 3451 
3	3464 3466 3539 
3	3539 3538 3464 
3	3522 3538 3520 
3	3538 3540 3520 
3	3538 3539 3541 
3	3541 3540 3538 
3	3466 3470 3542 
3	3542 3539 3466 
3	3471 3472 3543 
3	3543 3470 3471 
3	3470 3543 3542 
3	3543 3544 3542 
3	3539 3542 3545 
3	3545 3541 3539 
3	3542 3544 3546 
3	3546 3545 3542 
3	3520 3540 3529 
3	3540 3532 3529 
3	3540 3541 3532 
3	3541 3535 3532 
3	3541 3545 3547 
3	3547 3535 3541 
3	3545 3546 3548 
3	3548 3547 3545 
3	3535 3547 3537 
3	3547 3549 3537 
3	3547 3548 3549 
3	3548 3550 3549 
3	3327 3388 3551 
3	3551 3457 3327 
3	3388 3389 3552 
3	3552 3551 3388 
3	3457 3551 3459 
3	3551 3553 3459 
3	3551 3552 3553 
3	3552 3554 3553 
3	3389 3392 3555 
3	3555 3552 3389 
3	3392 3393 3555 
3	3393 3556 3555 
3	3552 3555 3554 
3	3555 3557 3554 
3	3555 3556 3557 
3	3556 3558 3557 
3	3393 3395 3559 
3	3559 3556 3393 
3	3556 3559 3558 
3	3559 3560 3558 
3	3459 3553 3468 
3	3553 3561 3468 
3	3553 3554 3561 
3	3554 3562 3561 
3	3468 3561 3563 
3	3563 3472 3468 
3	3561 3562 3564 
3	3564 3563 3561 
3	3554 3557 3562 
3	3557 3565 3562 
3	3557 3558 3565 
3	3558 3566 3565 
3	3562 3565 3564 
3	3565 3567 3564 
3	3565 3566 3567 
3	3566 3568 3567 
3	3558 3560 3566 
3	3560 3569 3566 
3	3566 3569 3568 
3	3569 3570 3568 
3	3395 3410 3571 
3	3571 3559 3395 
3	3410 3411 3572 
3	3572 3571 3410 
3	3411 3412 3573 
3	3573 3572 3411 
3	3559 3571 3574 
3	3574 3560 3559 
3	3571 3572 3575 
3	3575 3574 3571 
3	3572 3573 3576 
3	3576 3575 3572 
3	3412 3416 3577 
3	3577 3573 3412 
3	3573 3577 3578 
3	3578 3576 3573 
3	3560 3574 3569 
3	3574 3579 3569 
3	3574 3575 3579 
3	3575 3580 3579 
3	3575 3576 3580 
3	3576 3581 3580 
3	3569 3579 3570 
3	3579 3582 3570 
3	3579 3580 3582 
3	3580 3583 3582 
3	3580 3581 3583 
3	3581 3584 3583 
3	3576 3578 3581 
3	3578 3585 3581 
3	3581 3585 3586 
3	3586 3584 3581 
3	3543 3472 3587 
3	3587 3544 3543 
3	3472 3563 3587 
3	3563 3588 3587 
3	3563 3564 3589 
3	3589 3588 3563 
3	3587 3588 3590 
3	3590 3544 3587 
3	3544 3590 3546 
3	3590 3591 3546 
3	3590 3588 3592 
3	3592 3591 3590 
3	3588 3589 3592 
3	3589 3593 3592 
3	3564 3567 3589 
3	3567 3594 3589 
3	3567 3568 3595 
3	3595 3594 3567 
3	3589 3594 3596 
3	3596 3593 3589 
3	3595 3598 3597 
3	3597 3594 3595 
3	3594 3597 3596 
3	3597 3599 3596 
3	3568 3570 3595 
3	3570 3598 3595 
3	3546 3591 3600 
3	3600 3548 3546 
3	3592 3593 3601 
3	3601 3591 3592 
3	3591 3601 3600 
3	3601 3602 3600 
3	3548 3600 3603 
3	3603 3550 3548 
3	3600 3602 3603 
3	3602 3604 3603 
3	3601 3593 3602 
3	3593 3605 3602 
3	3593 3596 3605 
3	3596 3606 3605 
3	3596 3599 3606 
3	3599 3607 3606 
3	3602 3605 3608 
3	3608 3604 3602 
3	3605 3606 3608 
3	3606 3609 3608 
3	3606 3607 3610 
3	3610 3609 3606 
3	3597 3598 3611 
3	3611 3599 3597 
3	3570 3582 3598 
3	3582 3612 3598 
3	3582 3583 3613 
3	3613 3612 3582 
3	3583 3584 3613 
3	3584 3614 3613 
3	3598 3612 3611 
3	3612 3615 3611 
3	3613 3614 3616 
3	3616 3612 3613 
3	3612 3616 3615 
3	3616 3617 3615 
3	3586 3619 3618 
3	3618 3584 3586 
3	3584 3618 3614 
3	3618 3620 3614 
3	3618 3619 3621 
3	3621 3620 3618 
3	3616 3614 3622 
3	3622 3617 3616 
3	3614 3620 3622 
3	3620 3623 3622 
3	3620 3621 3624 
3	3624 3623 3620 
3	3599 3611 3625 
3	3625 3607 3599 
3	3625 3627 3626 
3	3626 3607 3625 
3	3607 3626 3610 
3	3626 3628 3610 
3	3626 3627 3629 
3	3629 3628 3626 
3	3611 3615 3625 
3	3615 3627 3625 
3	3615 3617 3630 
3	3630 3627 3615 
3	3627 3630 3629 
3	3630 3631 3629 
3	3617 3622 3630 
3	3622 3632 3630 
3	3622 3623 3632 
3	3623 3633 3632 
3	3623 3624 3633 
3	3624 3634 3633 
3	3630 3632 3631 
3	3632 3635 3631 
3	3632 3633 3635 
3	3633 3636 3635 
3	3633 3634 3637 
3	3637 3636 3633 
3	3416 3422 3577 
3	3422 3638 3577 
3	3422 3425 3638 
3	3425 3639 3638 
3	3425 3426 3639 
3	3426 3640 3639 
3	3577 3638 3641 
3	3641 3578 3577 
3	3638 3639 3642 
3	3642 3641 3638 
3	3639 3640 3643 
3	3643 3642 3639 
3	3578 3641 3644 
3	3644 3585 3578 
3	3641 3642 3645 
3	3645 3644 3641 
3	3642 3643 3646 
3	3646 3645 3642 
3	3585 3644 3586 
3	3644 3619 3586 
3	3644 3645 3647 
3	3647 3619 3644 
3	3645 3646 3647 
3	3646 3648 3647 
3	3619 3647 3649 
3	3649 3621 3619 
3	3647 3648 3649 
3	3648 3650 3649 
3	3649 3650 3651 
3	3651 3621 3649 
3	3621 3651 3624 
3	3651 3652 3624 
3	3624 3652 3653 
3	3653 3634 3624 
3	3634 3653 3654 
3	3654 3637 3634 
3	2813 3142 3355 
3	3142 3655 3355 
3	3355 3655 3358 
3	3655 3369 3358 
3	3142 3215 3655 
3	3215 3656 3655 
3	3215 3218 3657 
3	3657 3656 3215 
3	3218 3219 3658 
3	3219 3221 3658 
3	3218 3658 3657 
3	3658 3659 3657 
3	3655 3656 3660 
3	3660 3369 3655 
3	3656 3657 3660 
3	3657 3661 3660 
3	3657 3659 3661 
3	3659 3662 3661 
3	3658 3221 3663 
3	3663 3659 3658 
3	3659 3663 3662 
3	3663 3664 3662 
3	3221 3226 3663 
3	3226 3665 3663 
3	3226 3227 3666 
3	3227 3228 3666 
3	3226 3666 3665 
3	3666 3667 3665 
3	3663 3665 3664 
3	3665 3668 3664 
3	3665 3667 3669 
3	3669 3668 3665 
3	3369 3660 3670 
3	3660 3661 3670 
3	3369 3670 3417 
3	3670 3671 3417 
3	3670 3661 3672 
3	3672 3671 3670 
3	3661 3662 3672 
3	3662 3673 3672 
3	3417 3671 3418 
3	3671 3674 3418 
3	3671 3672 3674 
3	3672 3675 3674 
3	3672 3673 3676 
3	3676 3675 3672 
3	3662 3664 3677 
3	3664 3668 3677 
3	3662 3677 3673 
3	3677 3678 3673 
3	3677 3668 3679 
3	3679 3678 3677 
3	3673 3678 3676 
3	3678 3680 3676 
3	3678 3679 3680 
3	3679 3681 3680 
3	3668 3669 3679 
3	3669 3682 3679 
3	3679 3682 3681 
3	3682 3683 3681 
3	3666 3228 3237 
3	3237 3684 3666 
3	3666 3684 3667 
3	3684 3685 3667 
3	3684 3237 3686 
3	3686 3685 3684 
3	3237 3238 3686 
3	3238 3687 3686 
3	3667 3685 3669 
3	3685 3688 3669 
3	3685 3686 3689 
3	3686 3687 3689 
3	3685 3689 3688 
3	3689 3690 3688 
3	3238 3245 3691 
3	3691 3687 3238 
3	3245 3246 3692 
3	3692 3691 3245 
3	3689 3687 3693 
3	3693 3690 3689 
3	3687 3691 3693 
3	3691 3694 3693 
3	3691 3692 3694 
3	3692 3695 3694 
3	3669 3688 3696 
3	3696 3682 3669 
3	3688 3690 3697 
3	3697 3696 3688 
3	3682 3696 3683 
3	3696 3698 3683 
3	3696 3697 3699 
3	3699 3698 3696 
3	3690 3693 3700 
3	3693 3694 3700 
3	3690 3700 3697 
3	3700 3701 3697 
3	3700 3694 3695 
3	3695 3702 3700 
3	3700 3702 3701 
3	3702 3703 3701 
3	3697 3701 3704 
3	3704 3699 3697 
3	3701 3703 3704 
3	3703 3705 3704 
3	3418 3674 3419 
3	3674 3706 3419 
3	3674 3675 3707 
3	3707 3706 3674 
3	3675 3676 3707 
3	3676 3708 3707 
3	3419 3706 3709 
3	3709 3420 3419 
3	3706 3707 3710 
3	3707 3708 3710 
3	3706 3710 3709 
3	3710 3711 3709 
3	3676 3680 3712 
3	3712 3708 3676 
3	3680 3681 3713 
3	3681 3683 3713 
3	3680 3713 3712 
3	3713 3714 3712 
3	3710 3708 3715 
3	3715 3711 3710 
3	3708 3712 3715 
3	3712 3716 3715 
3	3712 3714 3717 
3	3717 3716 3712 
3	3420 3709 3421 
3	3709 3423 3421 
3	3709 3711 3718 
3	3718 3423 3709 
3	3423 3718 3426 
3	3718 3719 3426 
3	3711 3715 3718 
3	3715 3720 3718 
3	3715 3716 3720 
3	3716 3721 3720 
3	3716 3717 3722 
3	3722 3721 3716 
3	3718 3720 3719 
3	3720 3723 3719 
3	3720 3721 3723 
3	3721 3724 3723 
3	3721 3722 3725 
3	3725 3724 3721 
3	3713 3683 3726 
3	3726 3714 3713 
3	3714 3726 3728 
3	3726 3727 3728 
3	3714 3728 3717 
3	3728 3729 3717 
3	3728 3727 3730 
3	3730 3729 3728 
3	3683 3698 3726 
3	3698 3727 3726 
3	3698 3699 3731 
3	3731 3727 3698 
3	3727 3731 3730 
3	3731 3732 3730 
3	3699 3704 3733 
3	3733 3731 3699 
3	3704 3705 3733 
3	3705 3734 3733 
3	3731 3733 3735 
3	3735 3732 3731 
3	3733 3734 3735 
3	3734 3736 3735 
3	3717 3729 3722 
3	3729 3737 3722 
3	3729 3730 3737 
3	3730 3738 3737 
3	3722 3737 3739 
3	3739 3725 3722 
3	3737 3738 3741 
3	3738 3740 3741 
3	3737 3741 3739 
3	3741 3742 3739 
3	3741 3740 3743 
3	3743 3742 3741 
3	3730 3732 3738 
3	3732 3740 3738 
3	3732 3735 3740 
3	3735 3744 3740 
3	3735 3736 3744 
3	3736 3745 3744 
3	3740 3744 3743 
3	3744 3746 3743 
3	3744 3745 3746 
3	3745 3747 3746 
3	3426 3719 3640 
3	3719 3748 3640 
3	3640 3748 3749 
3	3749 3643 3640 
3	3719 3723 3750 
3	3750 3748 3719 
3	3723 3724 3750 
3	3724 3751 3750 
3	3724 3725 3752 
3	3752 3751 3724 
3	3748 3750 3753 
3	3750 3751 3753 
3	3748 3753 3749 
3	3753 3754 3749 
3	3753 3751 3755 
3	3755 3754 3753 
3	3751 3752 3755 
3	3752 3756 3755 
3	3643 3749 3757 
3	3757 3646 3643 
3	3646 3757 3648 
3	3757 3758 3648 
3	3749 3754 3759 
3	3759 3757 3749 
3	3754 3755 3760 
3	3760 3759 3754 
3	3755 3756 3761 
3	3761 3760 3755 
3	3757 3759 3762 
3	3762 3758 3757 
3	3759 3760 3762 
3	3760 3763 3762 
3	3760 3761 3764 
3	3764 3763 3760 
3	3725 3739 3765 
3	3765 3752 3725 
3	3739 3742 3766 
3	3766 3765 3739 
3	3752 3765 3756 
3	3765 3767 3756 
3	3765 3766 3768 
3	3768 3767 3765 
3	3742 3743 3746 
3	3746 3769 3742 
3	3742 3769 3766 
3	3769 3770 3766 
3	3769 3746 3771 
3	3771 3770 3769 
3	3766 3770 3772 
3	3772 3768 3766 
3	3770 3771 3774 
3	3771 3773 3774 
3	3770 3774 3775 
3	3775 3772 3770 
3	3746 3747 3773 
3	3773 3771 3746 
3	3756 3767 3776 
3	3776 3761 3756 
3	3767 3768 3777 
3	3777 3776 3767 
3	3761 3776 3764 
3	3776 3778 3764 
3	3776 3777 3778 
3	3777 3779 3778 
3	3768 3772 3777 
3	3772 3780 3777 
3	3772 3775 3781 
3	3781 3780 3772 
3	3777 3780 3782 
3	3782 3779 3777 
3	3780 3781 3782 
3	3781 3783 3782 
3	3648 3758 3784 
3	3784 3650 3648 
3	3651 3650 3785 
3	3785 3652 3651 
3	3650 3784 3785 
3	3784 3786 3785 
3	3762 3763 3787 
3	3787 3758 3762 
3	3758 3787 3784 
3	3787 3788 3784 
3	3787 3763 3789 
3	3789 3788 3787 
3	3763 3764 3789 
3	3764 3790 3789 
3	3784 3788 3791 
3	3791 3786 3784 
3	3788 3789 3792 
3	3792 3791 3788 
3	3789 3790 3792 
3	3790 3793 3792 
3	3652 3785 3653 
3	3785 3794 3653 
3	3785 3786 3794 
3	3786 3795 3794 
3	3653 3794 3654 
3	3794 3796 3654 
3	3794 3795 3797 
3	3797 3796 3794 
3	3786 3791 3798 
3	3798 3795 3786 
3	3791 3792 3799 
3	3799 3798 3791 
3	3792 3793 3799 
3	3793 3800 3799 
3	3795 3798 3797 
3	3798 3801 3797 
3	3798 3799 3802 
3	3802 3801 3798 
3	3799 3800 3803 
3	3803 3802 3799 
3	3764 3778 3790 
3	3778 3804 3790 
3	3778 3779 3804 
3	3779 3805 3804 
3	3790 3804 3793 
3	3804 3806 3793 
3	3804 3805 3807 
3	3807 3806 3804 
3	3779 3782 3808 
3	3808 3805 3779 
3	3782 3783 3809 
3	3809 3808 3782 
3	3808 3811 3805 
3	3811 3810 3805 
3	3805 3810 3807 
3	3810 3812 3807 
3	3809 3813 3808 
3	3813 3811 3808 
3	3810 3811 3814 
3	3814 3812 3810 
3	3811 3813 3815 
3	3815 3814 3811 
3	3793 3806 3816 
3	3816 3800 3793 
3	3807 3812 3817 
3	3817 3806 3807 
3	3806 3817 3816 
3	3817 3818 3816 
3	3816 3818 3819 
3	3819 3800 3816 
3	3800 3819 3820 
3	3820 3803 3800 
3	3817 3812 3821 
3	3821 3818 3817 
3	3819 3818 3822 
3	3822 3820 3819 
3	3818 3821 3823 
3	3823 3822 3818 
3	3812 3814 3824 
3	3824 3821 3812 
3	3814 3815 3825 
3	3825 3824 3814 
3	3821 3824 3823 
3	3824 3826 3823 
3	3824 3825 3827 
3	3827 3826 3824 
3	1139 3828 2380 
3	2380 108 1139 
3	1140 3829 3828 
3	3828 1139 1140 
3	3828 3830 2380 
3	3830 2382 2380 
3	3829 3831 3830 
3	3830 3828 3829 
3	1143 3832 3829 
3	3829 1140 1143 
3	1144 3833 3832 
3	3832 1143 1144 
3	3832 3834 3831 
3	3831 3829 3832 
3	3833 3835 3834 
3	3834 3832 3833 
3	3830 3836 2388 
3	2388 2382 3830 
3	3831 3837 3836 
3	3836 3830 3831 
3	3836 3838 2388 
3	3838 2390 2388 
3	3837 3839 3836 
3	3839 3838 3836 
3	3834 3840 3837 
3	3837 3831 3834 
3	3835 3841 3834 
3	3841 3840 3834 
3	3840 3842 3837 
3	3842 3839 3837 
3	3841 3843 3840 
3	3843 3842 3840 
3	1155 3844 3833 
3	3833 1144 1155 
3	1156 3845 1155 
3	3845 3844 1155 
3	3844 3846 3835 
3	3835 3833 3844 
3	3845 3847 3844 
3	3847 3846 3844 
3	1162 3848 1156 
3	3848 3845 1156 
3	1163 3849 3848 
3	3848 1162 1163 
3	3848 3850 3845 
3	3850 3847 3845 
3	3849 3851 3848 
3	3851 3850 3848 
3	3846 3852 3841 
3	3841 3835 3846 
3	3847 3853 3852 
3	3852 3846 3847 
3	3852 3854 3841 
3	3854 3843 3841 
3	3853 3855 3854 
3	3854 3852 3853 
3	3850 3856 3853 
3	3853 3847 3850 
3	3851 3857 3850 
3	3857 3856 3850 
3	3856 3858 3855 
3	3855 3853 3856 
3	3857 3859 3858 
3	3858 3856 3857 
3	3838 3860 2390 
3	3860 2412 2390 
3	3839 3861 3838 
3	3861 3860 3838 
3	3860 3862 2412 
3	3862 2414 2412 
3	3861 3863 3860 
3	3863 3862 3860 
3	3842 3864 3861 
3	3861 3839 3842 
3	3843 3865 3842 
3	3865 3864 3842 
3	3864 3866 3861 
3	3866 3863 3861 
3	3865 3867 3864 
3	3867 3866 3864 
3	3862 3868 2420 
3	2420 2414 3862 
3	3863 3869 3862 
3	3869 3868 3862 
3	3868 3870 2422 
3	2422 2420 3868 
3	3869 3871 3870 
3	3870 3868 3869 
3	3866 3872 3863 
3	3872 3869 3863 
3	3867 3873 3866 
3	3873 3872 3866 
3	3872 3874 3869 
3	3874 3871 3869 
3	3873 3875 3872 
3	3875 3874 3872 
3	3854 3876 3843 
3	3876 3865 3843 
3	3855 3877 3876 
3	3876 3854 3855 
3	3876 3878 3865 
3	3878 3867 3865 
3	3877 3879 3878 
3	3878 3876 3877 
3	3858 3880 3877 
3	3877 3855 3858 
3	3859 3881 3880 
3	3880 3858 3859 
3	3880 3882 3879 
3	3879 3877 3880 
3	3881 3883 3882 
3	3882 3880 3881 
3	3878 3884 3867 
3	3884 3873 3867 
3	3879 3885 3878 
3	3885 3884 3878 
3	3884 3886 3873 
3	3886 3875 3873 
3	3885 3887 3884 
3	3887 3886 3884 
3	3882 3888 3885 
3	3885 3879 3882 
3	3883 3889 3888 
3	3888 3882 3883 
3	3888 3890 3885 
3	3890 3887 3885 
3	3889 3891 3890 
3	3890 3888 3889 
3	1220 3892 1218 
3	3892 1219 1218 
3	1223 3893 1220 
3	3893 3892 1220 
3	1224 3894 3849 
3	3849 1163 1224 
3	3896 3895 3894 
3	3894 1224 3896 
3	1227 3897 3896 
3	3896 1224 1227 
3	3894 3898 3851 
3	3851 3849 3894 
3	3895 3899 3898 
3	3898 3894 3895 
3	1229 3900 1228 
3	3900 1227 1228 
3	3900 3901 1227 
3	3901 3897 1227 
3	3897 3902 3896 
3	3902 3895 3896 
3	3904 3903 3899 
3	3899 3895 3904 
3	3902 3905 3904 
3	3904 3895 3902 
3	3905 3906 3904 
3	3906 3903 3904 
3	3901 3907 3902 
3	3902 3897 3901 
3	3907 3908 3902 
3	3908 3905 3902 
3	3908 3909 3906 
3	3906 3905 3908 
3	3898 3910 3851 
3	3910 3857 3851 
3	3899 3911 3910 
3	3910 3898 3899 
3	3910 3912 3857 
3	3912 3859 3857 
3	3911 3913 3910 
3	3913 3912 3910 
3	3903 3914 3911 
3	3911 3899 3903 
3	3916 3915 3914 
3	3914 3903 3916 
3	3906 3917 3916 
3	3916 3903 3906 
3	3914 3918 3913 
3	3913 3911 3914 
3	3915 3919 3918 
3	3918 3914 3915 
3	3909 3920 3906 
3	3920 3917 3906 
3	3917 3921 3916 
3	3921 3915 3916 
3	3923 3922 3919 
3	3919 3915 3923 
3	3921 3924 3923 
3	3923 3915 3921 
3	3924 3925 3922 
3	3922 3923 3924 
3	3920 3926 3921 
3	3921 3917 3920 
3	3926 3927 3921 
3	3927 3924 3921 
3	3927 3928 3925 
3	3925 3924 3927 
3	3912 3929 3881 
3	3881 3859 3912 
3	3913 3930 3912 
3	3930 3929 3912 
3	3929 3931 3883 
3	3883 3881 3929 
3	3930 3932 3931 
3	3931 3929 3930 
3	3918 3933 3913 
3	3933 3930 3913 
3	3919 3934 3933 
3	3933 3918 3919 
3	3933 3935 3930 
3	3935 3932 3930 
3	3934 3936 3933 
3	3936 3935 3933 
3	3931 3937 3889 
3	3889 3883 3931 
3	3932 3938 3937 
3	3937 3931 3932 
3	3937 3939 3891 
3	3891 3889 3937 
3	3938 3940 3939 
3	3939 3937 3938 
3	3935 3941 3938 
3	3938 3932 3935 
3	3936 3942 3935 
3	3942 3941 3935 
3	3941 3943 3940 
3	3940 3938 3941 
3	3942 3944 3941 
3	3944 3943 3941 
3	3922 3945 3934 
3	3934 3919 3922 
3	3947 3946 3945 
3	3945 3922 3947 
3	3925 3948 3947 
3	3947 3922 3925 
3	3945 3949 3936 
3	3936 3934 3945 
3	3946 3950 3949 
3	3949 3945 3946 
3	3928 3951 3925 
3	3951 3948 3925 
3	3948 3952 3947 
3	3952 3946 3947 
3	3954 3953 3950 
3	3950 3946 3954 
3	3952 3955 3946 
3	3955 3954 3946 
3	3955 3956 3953 
3	3953 3954 3955 
3	3951 3957 3952 
3	3952 3948 3951 
3	3952 3958 3955 
3	3958 3956 3955 
3	3957 3959 3958 
3	3958 3952 3957 
3	3949 3960 3936 
3	3960 3942 3936 
3	3950 3961 3960 
3	3960 3949 3950 
3	3960 3962 3942 
3	3962 3944 3942 
3	3961 3963 3960 
3	3963 3962 3960 
3	3953 3964 3961 
3	3961 3950 3953 
3	3956 3965 3953 
3	3965 3964 3953 
3	3964 3966 3963 
3	3963 3961 3964 
3	3968 3967 3966 
3	3966 3964 3968 
3	3965 3969 3964 
3	3969 3968 3964 
3	3959 3970 3958 
3	3970 3956 3958 
3	3970 3971 3965 
3	3965 3956 3970 
3	3965 3972 3969 
3	3972 3973 3969 
3	3971 3974 3972 
3	3972 3965 3971 
3	1230 3975 1229 
3	3975 3900 1229 
3	3900 3976 3901 
3	3976 3907 3901 
3	3975 3977 3976 
3	3976 3900 3975 
3	3977 3978 3976 
3	3978 3907 3976 
3	1219 3979 1230 
3	3979 3975 1230 
3	3979 3980 3975 
3	3980 3977 3975 
3	3980 3981 3978 
3	3978 3977 3980 
3	3907 3982 3908 
3	3982 3909 3908 
3	3978 3983 3982 
3	3982 3907 3978 
3	3981 3984 3983 
3	3983 3978 3981 
3	3983 3985 3982 
3	3985 3909 3982 
3	3909 3986 3920 
3	3986 3926 3920 
3	3985 3987 3986 
3	3986 3909 3985 
3	3987 3988 3986 
3	3988 3926 3986 
3	3984 3989 3983 
3	3989 3985 3983 
3	3989 3990 3987 
3	3987 3985 3989 
3	3990 3991 3987 
3	3991 3988 3987 
3	3892 3992 1219 
3	3992 3979 1219 
3	3992 3993 3980 
3	3980 3979 3992 
3	3993 3994 3980 
3	3994 3981 3980 
3	3892 3995 3992 
3	3995 3993 3992 
3	3893 3996 3995 
3	3995 3892 3893 
3	3996 3997 3995 
3	3997 3993 3995 
3	3993 3998 3994 
3	3998 3999 3994 
3	3997 4000 3998 
3	3998 3993 3997 
3	3994 3999 3984 
3	3984 3981 3994 
3	4000 4001 3998 
3	4001 3999 3998 
3	3984 4002 3989 
3	4002 3990 3989 
3	3999 4003 4002 
3	4002 3984 3999 
3	4003 4004 4002 
3	4004 3990 4002 
3	3990 4005 3991 
3	4005 4006 3991 
3	4004 4007 4005 
3	4005 3990 4004 
3	4001 4008 4003 
3	4003 3999 4001 
3	4008 4009 4004 
3	4004 4003 4008 
3	4009 4010 4007 
3	4007 4004 4009 
3	3926 4011 3927 
3	4011 3928 3927 
3	3988 4012 4011 
3	4011 3926 3988 
3	3991 4006 4012 
3	4012 3988 3991 
3	4007 4013 4005 
3	4013 4006 4005 
3	4010 4014 4007 
3	4014 4013 4007 
3	4012 4015 4011 
3	4015 3928 4011 
3	3928 4016 3951 
3	4016 3957 3951 
3	4015 4017 4016 
3	4016 3928 4015 
3	4016 4018 3957 
3	4018 3959 3957 
3	4017 4019 4018 
3	4018 4016 4017 
3	4012 4020 4015 
3	4020 4017 4015 
3	4006 4021 4020 
3	4020 4012 4006 
3	4021 4022 4020 
3	4022 4017 4020 
3	4022 4023 4019 
3	4019 4017 4022 
3	4019 4024 4018 
3	4024 3959 4018 
3	4019 4025 4024 
3	4025 4026 4024 
3	4023 4027 4025 
3	4025 4019 4023 
3	4027 4028 4025 
3	4028 4026 4025 
3	3959 4029 3970 
3	4029 3971 3970 
3	4024 4026 4029 
3	4029 3959 4024 
3	4029 4030 3971 
3	4030 3974 3971 
3	4026 4031 4030 
3	4030 4029 4026 
3	4028 4032 4031 
3	4031 4026 4028 
3	4013 4033 4021 
3	4021 4006 4013 
3	4021 4034 4022 
3	4034 4023 4022 
3	4033 4035 4034 
3	4034 4021 4033 
3	4014 4036 4033 
3	4033 4013 4014 
3	4036 4037 4033 
3	4037 4035 4033 
3	4035 4038 4034 
3	4038 4023 4034 
3	4038 4039 4027 
3	4027 4023 4038 
3	4027 4040 4028 
3	4040 4032 4028 
3	4039 4041 4040 
3	4040 4027 4039 
3	4035 4042 4038 
3	4042 4039 4038 
3	4037 4043 4042 
3	4042 4035 4037 
3	4043 4044 4042 
3	4044 4039 4042 
3	4044 4045 4041 
3	4041 4039 4044 
3	3870 4046 2566 
3	2566 2422 3870 
3	3871 4047 4046 
3	4046 3870 3871 
3	4046 4048 2568 
3	2568 2566 4046 
3	4047 4049 4048 
3	4048 4046 4047 
3	3874 4050 4047 
3	4047 3871 3874 
3	3875 4051 4050 
3	4050 3874 3875 
3	4050 4052 4049 
3	4049 4047 4050 
3	4051 4053 4052 
3	4052 4050 4051 
3	4048 4054 2574 
3	2574 2568 4048 
3	4049 4055 4054 
3	4054 4048 4049 
3	4054 4056 2576 
3	2576 2574 4054 
3	4055 4057 4056 
3	4056 4054 4055 
3	4052 4058 4055 
3	4055 4049 4052 
3	4053 4059 4058 
3	4058 4052 4053 
3	4058 4060 4057 
3	4057 4055 4058 
3	4059 4061 4060 
3	4060 4058 4059 
3	3886 4062 3875 
3	4062 4051 3875 
3	3887 4063 3886 
3	4063 4062 3886 
3	4062 4064 4053 
3	4053 4051 4062 
3	4063 4065 4062 
3	4065 4064 4062 
3	3890 4066 3887 
3	4066 4063 3887 
3	3891 4067 3890 
3	4067 4066 3890 
3	4066 4068 4065 
3	4065 4063 4066 
3	4067 4069 4066 
3	4069 4068 4066 
3	4064 4070 4059 
3	4059 4053 4064 
3	4065 4071 4070 
3	4070 4064 4065 
3	4070 4072 4061 
3	4061 4059 4070 
3	4071 4073 4070 
3	4073 4072 4070 
3	4068 4074 4071 
3	4071 4065 4068 
3	4069 4075 4068 
3	4075 4074 4068 
3	4074 4076 4071 
3	4076 4073 4071 
3	4075 4077 4076 
3	4076 4074 4075 
3	4056 4078 2598 
3	2598 2576 4056 
3	4057 4079 4056 
3	4079 4078 4056 
3	4078 4080 2598 
3	4080 2600 2598 
3	4079 4081 4078 
3	4081 4080 4078 
3	4060 4082 4057 
3	4082 4079 4057 
3	4061 4083 4060 
3	4083 4082 4060 
3	4082 4084 4079 
3	4084 4081 4079 
3	4083 4085 4084 
3	4084 4082 4083 
3	4080 4086 2600 
3	4086 2606 2600 
3	4081 4087 4080 
3	4087 4086 4080 
3	4086 4088 2606 
3	4088 2608 2606 
3	4087 4089 4088 
3	4088 4086 4087 
3	4084 4090 4087 
3	4087 4081 4084 
3	4085 4091 4090 
3	4090 4084 4085 
3	4090 4092 4089 
3	4089 4087 4090 
3	4091 4093 4092 
3	4092 4090 4091 
3	4072 4094 4083 
3	4083 4061 4072 
3	4073 4095 4072 
3	4095 4094 4072 
3	4094 4096 4085 
3	4085 4083 4094 
3	4095 4097 4096 
3	4096 4094 4095 
3	4076 4098 4073 
3	4098 4095 4073 
3	4077 4099 4098 
3	4098 4076 4077 
3	4098 4100 4097 
3	4097 4095 4098 
3	4099 4101 4100 
3	4100 4098 4099 
3	4096 4102 4091 
3	4091 4085 4096 
3	4097 4103 4102 
3	4102 4096 4097 
3	4102 4104 4093 
3	4093 4091 4102 
3	4103 4105 4104 
3	4104 4102 4103 
3	4100 4106 4103 
3	4103 4097 4100 
3	4101 4107 4100 
3	4107 4106 4100 
3	4106 4108 4103 
3	4108 4105 4103 
3	4107 4109 4106 
3	4109 4108 4106 
3	3939 4110 3891 
3	4110 4067 3891 
3	3940 4111 4110 
3	4110 3939 3940 
3	4110 4112 4067 
3	4112 4069 4067 
3	4111 4113 4110 
3	4113 4112 4110 
3	3943 4114 4111 
3	4111 3940 3943 
3	3944 4115 4114 
3	4114 3943 3944 
3	4114 4116 4113 
3	4113 4111 4114 
3	4115 4117 4116 
3	4116 4114 4115 
3	4112 4118 4069 
3	4118 4075 4069 
3	4113 4119 4112 
3	4119 4118 4112 
3	4118 4120 4077 
3	4077 4075 4118 
3	4119 4121 4120 
3	4120 4118 4119 
3	4116 4122 4113 
3	4122 4119 4113 
3	4117 4123 4116 
3	4123 4122 4116 
3	4122 4124 4119 
3	4124 4121 4119 
3	4123 4125 4122 
3	4125 4124 4122 
3	3962 4126 4115 
3	4115 3944 3962 
3	3963 4127 3962 
3	4127 4126 3962 
3	4126 4128 4117 
3	4117 4115 4126 
3	4127 4129 4126 
3	4129 4128 4126 
3	3966 4130 4127 
3	4127 3963 3966 
3	3967 4131 4130 
3	4130 3966 3967 
3	4130 4132 4129 
3	4129 4127 4130 
3	4131 4133 4132 
3	4132 4130 4131 
3	3974 4134 3972 
3	4134 3973 3972 
3	4128 4135 4123 
3	4123 4117 4128 
3	4129 4136 4135 
3	4135 4128 4129 
3	4135 4137 4125 
3	4125 4123 4135 
3	4136 4138 4137 
3	4137 4135 4136 
3	4132 4139 4129 
3	4139 4136 4129 
3	4133 4140 4139 
3	4139 4132 4133 
3	4139 4141 4136 
3	4141 4138 4136 
3	4140 4142 4139 
3	4142 4141 4139 
3	4120 4143 4099 
3	4099 4077 4120 
3	4121 4144 4120 
3	4144 4143 4120 
3	4143 4145 4099 
3	4145 4101 4099 
3	4144 4146 4143 
3	4146 4145 4143 
3	4124 4147 4121 
3	4147 4144 4121 
3	4125 4148 4124 
3	4148 4147 4124 
3	4147 4149 4146 
3	4146 4144 4147 
3	4148 4150 4147 
3	4150 4149 4147 
3	4145 4151 4101 
3	4151 4107 4101 
3	4146 4152 4151 
3	4151 4145 4146 
3	4151 4153 4107 
3	4153 4109 4107 
3	4152 4154 4153 
3	4153 4151 4152 
3	4149 4155 4152 
3	4152 4146 4149 
3	4150 4156 4155 
3	4155 4149 4150 
3	4155 4157 4154 
3	4154 4152 4155 
3	4156 4158 4157 
3	4157 4155 4156 
3	4137 4159 4125 
3	4159 4148 4125 
3	4138 4160 4159 
3	4159 4137 4138 
3	4159 4161 4150 
3	4150 4148 4159 
3	4160 4162 4161 
3	4161 4159 4160 
3	4141 4163 4160 
3	4160 4138 4141 
3	4142 4164 4141 
3	4164 4163 4141 
3	4163 4165 4160 
3	4165 4162 4160 
3	4164 4166 4163 
3	4166 4165 4163 
3	4161 4167 4156 
3	4156 4150 4161 
3	4162 4168 4167 
3	4167 4161 4162 
3	4167 4169 4158 
3	4158 4156 4167 
3	4168 4170 4167 
3	4170 4169 4167 
3	4165 4171 4162 
3	4171 4168 4162 
3	4166 4172 4165 
3	4172 4171 4165 
3	4171 4173 4168 
3	4173 4170 4168 
3	4172 4174 4171 
3	4174 4173 4171 
3	4178 4175 4176 
3	4176 4177 4178 
3	4180 4179 4178 
3	4179 4175 4178 
3	4178 4177 4181 
3	4181 4180 4178 
3	4031 4182 4030 
3	4182 3974 4030 
3	3974 4183 4134 
3	4183 4184 4134 
3	4182 4185 4183 
3	4183 3974 4182 
3	4183 4186 4184 
3	4186 4187 4184 
3	4185 4188 4183 
3	4188 4186 4183 
3	4031 4189 4182 
3	4189 4185 4182 
3	4032 4190 4189 
3	4189 4031 4032 
3	4189 4191 4185 
3	4191 4188 4185 
3	4190 4192 4189 
3	4192 4191 4189 
3	4186 4193 4187 
3	4193 4194 4187 
3	4188 4195 4193 
3	4193 4186 4188 
3	4193 4196 4197 
3	4197 4194 4193 
3	4195 4198 4196 
3	4196 4193 4195 
3	4191 4199 4195 
3	4195 4188 4191 
3	4192 4200 4199 
3	4199 4191 4192 
3	4199 4201 4198 
3	4198 4195 4199 
3	4200 4202 4201 
3	4201 4199 4200 
3	4040 4203 4190 
3	4190 4032 4040 
3	4041 4204 4040 
3	4204 4203 4040 
3	4203 4205 4190 
3	4205 4192 4190 
3	4204 4206 4205 
3	4205 4203 4204 
3	4045 4207 4041 
3	4207 4204 4041 
3	4207 4208 4206 
3	4206 4204 4207 
3	4205 4209 4200 
3	4200 4192 4205 
3	4206 4210 4209 
3	4209 4205 4206 
3	4209 4211 4202 
3	4202 4200 4209 
3	4210 4212 4209 
3	4212 4211 4209 
3	4208 4213 4210 
3	4210 4206 4208 
3	4213 4214 4210 
3	4214 4212 4210 
3	4218 4215 4216 
3	4216 4217 4218 
3	4220 4219 4218 
3	4219 4215 4218 
3	4218 4217 4221 
3	4221 4220 4218 
3	4196 4222 4223 
3	4223 4197 4196 
3	4198 4224 4196 
3	4224 4222 4196 
3	4222 4225 4226 
3	4226 4223 4222 
3	4224 4227 4225 
3	4225 4222 4224 
3	4201 4228 4198 
3	4228 4224 4198 
3	4202 4229 4201 
3	4229 4228 4201 
3	4228 4230 4227 
3	4227 4224 4228 
3	4229 4231 4228 
3	4231 4230 4228 
3	4234 4232 4233 
3	4233 4230 4234 
3	4236 4235 4234 
3	4235 4232 4234 
3	4234 4230 4231 
3	4231 4236 4234 
3	4232 4237 4238 
3	4238 4233 4232 
3	4235 4239 4232 
3	4239 4237 4232 
3	4225 4180 4181 
3	4181 4226 4225 
3	4227 4240 4225 
3	4240 4180 4225 
3	4242 4241 4179 
3	4179 4180 4242 
3	4233 4238 4242 
3	4238 4241 4242 
3	4242 4180 4240 
3	4240 4233 4242 
3	4230 4233 4240 
3	4240 4227 4230 
3	4211 4243 4202 
3	4243 4229 4202 
3	4212 4244 4211 
3	4244 4243 4211 
3	4243 4236 4231 
3	4231 4229 4243 
3	4244 4245 4243 
3	4245 4236 4243 
3	4247 4246 4244 
3	4244 4212 4247 
3	4249 4248 4247 
3	4248 4246 4247 
3	4247 4212 4214 
3	4214 4249 4247 
3	4246 4250 4244 
3	4250 4245 4244 
3	4248 4251 4250 
3	4250 4246 4248 
3	4245 4252 4236 
3	4252 4235 4236 
3	4254 4253 4239 
3	4239 4235 4254 
3	4217 4216 4254 
3	4216 4253 4254 
3	4254 4235 4252 
3	4252 4217 4254 
3	4250 4217 4252 
3	4252 4245 4250 
3	4251 4221 4250 
3	4221 4217 4250 
3	1363 4255 1223 
3	4255 3893 1223 
3	1366 4256 1363 
3	4256 4255 1363 
3	1380 1383 4256 
3	4256 1366 1380 
3	4255 4257 3893 
3	4257 3996 3893 
3	4257 4258 3996 
3	4258 3997 3996 
3	4258 4259 4000 
3	4000 3997 4258 
3	4256 4260 4255 
3	4260 4257 4255 
3	4260 4261 4257 
3	4261 4258 4257 
3	4261 4262 4258 
3	4262 4259 4258 
3	4259 4263 4001 
3	4001 4000 4259 
3	4262 4264 4259 
3	4264 4263 4259 
3	4263 4265 4008 
3	4008 4001 4263 
3	4265 4266 4009 
3	4009 4008 4265 
3	4266 4267 4009 
3	4267 4010 4009 
3	4264 4268 4265 
3	4265 4263 4264 
3	4268 4269 4266 
3	4266 4265 4268 
3	4269 4270 4267 
3	4267 4266 4269 
3	1383 4271 4260 
3	4260 4256 1383 
3	4271 4272 4261 
3	4261 4260 4271 
3	4272 4273 4261 
3	4273 4262 4261 
3	1441 4274 1383 
3	4274 4271 1383 
3	4274 4275 4272 
3	4272 4271 4274 
3	4275 4276 4273 
3	4273 4272 4275 
3	4273 4277 4262 
3	4277 4264 4262 
3	4276 4278 4277 
3	4277 4273 4276 
3	4277 4279 4264 
3	4279 4268 4264 
3	4279 4280 4268 
3	4280 4269 4268 
3	4280 4281 4270 
3	4270 4269 4280 
3	4278 4282 4277 
3	4282 4279 4277 
3	4279 4283 4280 
3	4283 4281 4280 
3	4282 4284 4279 
3	4284 4283 4279 
3	4010 4285 4014 
3	4285 4036 4014 
3	4267 4286 4285 
3	4285 4010 4267 
3	4286 4287 4285 
3	4287 4036 4285 
3	4270 4288 4267 
3	4288 4286 4267 
3	4286 4289 4287 
3	4289 4290 4287 
3	4288 4291 4289 
3	4289 4286 4288 
3	4291 4292 4289 
3	4292 4290 4289 
3	4281 4293 4270 
3	4293 4288 4270 
3	4293 4294 4291 
3	4291 4288 4293 
3	4284 4295 4283 
3	4295 4281 4283 
3	4295 4296 4293 
3	4293 4281 4295 
3	4296 4297 4293 
3	4297 4294 4293 
3	4291 4298 4292 
3	4298 4299 4292 
3	4294 4300 4298 
3	4298 4291 4294 
3	4298 4301 4302 
3	4302 4299 4298 
3	4300 4303 4301 
3	4301 4298 4300 
3	4297 4304 4294 
3	4304 4300 4294 
3	4304 4305 4303 
3	4303 4300 4304 
3	4287 4290 4037 
3	4037 4036 4287 
3	4290 4306 4037 
3	4306 4043 4037 
3	4043 4307 4044 
3	4307 4045 4044 
3	4306 4308 4307 
3	4307 4043 4306 
3	4292 4299 4306 
3	4306 4290 4292 
3	4299 4302 4306 
3	4302 4308 4306 
3	4309 4275 4274 
3	4274 1441 4309 
3	1446 4310 4309 
3	4309 1441 1446 
3	4310 4311 4309 
3	4311 4275 4309 
3	4311 4312 4276 
3	4276 4275 4311 
3	1447 4313 1446 
3	4313 4310 1446 
3	4313 4314 4311 
3	4311 4310 4313 
3	4314 4315 4311 
3	4315 4312 4311 
3	4312 4316 4278 
3	4278 4276 4312 
3	4315 4317 4316 
3	4316 4312 4315 
3	4316 4318 4278 
3	4318 4282 4278 
3	4318 4319 4282 
3	4319 4284 4282 
3	4317 4320 4316 
3	4320 4318 4316 
3	4322 4321 4318 
3	4321 4319 4318 
3	4320 4323 4322 
3	4322 4318 4320 
3	4323 4324 4322 
3	4324 4321 4322 
3	1451 1453 4313 
3	4313 1447 1451 
3	1453 4325 4313 
3	4325 4314 4313 
3	4326 4317 4315 
3	4315 4314 4326 
3	4325 4327 4326 
3	4326 4314 4325 
3	1456 4328 4325 
3	4325 1453 1456 
3	4328 4329 4325 
3	4329 4327 4325 
3	4327 4330 4326 
3	4330 4317 4326 
3	4329 4331 4327 
3	4331 4330 4327 
3	4330 4332 4320 
3	4320 4317 4330 
3	4332 4333 4320 
3	4333 4323 4320 
3	4333 4334 4324 
3	4324 4323 4333 
3	4331 4335 4332 
3	4332 4330 4331 
3	4335 4336 4332 
3	4336 4333 4332 
3	4336 4337 4334 
3	4334 4333 4336 
3	4319 4321 4284 
3	4321 4295 4284 
3	4321 4338 4295 
3	4338 4296 4295 
3	4338 4339 4296 
3	4339 4297 4296 
3	4324 4340 4321 
3	4340 4338 4321 
3	4340 4341 4338 
3	4341 4339 4338 
3	4339 4342 4304 
3	4304 4297 4339 
3	4342 4343 4305 
3	4305 4304 4342 
3	4341 4344 4342 
3	4342 4339 4341 
3	4344 4345 4343 
3	4343 4342 4344 
3	4334 4346 4324 
3	4346 4340 4324 
3	4346 4347 4340 
3	4347 4341 4340 
3	4337 4348 4346 
3	4346 4334 4337 
3	4348 4349 4346 
3	4349 4347 4346 
3	4347 4350 4341 
3	4350 4344 4341 
3	4350 4351 4344 
3	4351 4345 4344 
3	4349 4352 4350 
3	4350 4347 4349 
3	4352 4353 4350 
3	4353 4351 4350 
3	4303 4354 4301 
3	4354 4302 4301 
3	4358 4355 4357 
3	4355 4356 4357 
3	4360 4359 4358 
3	4359 4355 4358 
3	4358 4357 4361 
3	4361 4360 4358 
3	4303 4360 4361 
3	4361 4354 4303 
3	4305 4362 4360 
3	4360 4303 4305 
3	4362 4363 4359 
3	4359 4360 4362 
3	4355 4364 4356 
3	4364 4365 4356 
3	4359 4366 4355 
3	4366 4364 4355 
3	4364 4367 4368 
3	4368 4365 4364 
3	4366 4369 4364 
3	4369 4367 4364 
3	4363 4370 4366 
3	4366 4359 4363 
3	4370 4371 4366 
3	4371 4369 4366 
3	4307 4372 4207 
3	4207 4045 4307 
3	4308 4373 4372 
3	4372 4307 4308 
3	4372 4374 4208 
3	4208 4207 4372 
3	4373 4375 4374 
3	4374 4372 4373 
3	4302 4357 4373 
3	4373 4308 4302 
3	4357 4356 4373 
3	4356 4375 4373 
3	4374 4376 4208 
3	4376 4213 4208 
3	4375 4377 4374 
3	4377 4376 4374 
3	4376 4249 4214 
3	4214 4213 4376 
3	4377 4378 4376 
3	4378 4249 4376 
3	4356 4365 4375 
3	4365 4377 4375 
3	4365 4368 4377 
3	4368 4378 4377 
3	4354 4361 4357 
3	4357 4302 4354 
3	4381 4379 4380 
3	4380 4378 4381 
3	4367 4382 4381 
3	4382 4379 4381 
3	4381 4378 4368 
3	4368 4367 4381 
3	4379 4383 4384 
3	4384 4380 4379 
3	4382 4385 4379 
3	4385 4383 4379 
3	4386 4220 4221 
3	4221 4251 4386 
3	4383 4387 4386 
3	4387 4220 4386 
3	4386 4251 4384 
3	4384 4383 4386 
3	4387 4388 4220 
3	4388 4219 4220 
3	4390 4389 4387 
3	4387 4383 4390 
3	4392 4391 4390 
3	4391 4389 4390 
3	4390 4383 4385 
3	4385 4392 4390 
3	4389 4393 4388 
3	4388 4387 4389 
3	4391 4394 4389 
3	4394 4393 4389 
3	4369 4395 4367 
3	4395 4382 4367 
3	4396 4392 4385 
3	4385 4382 4396 
3	4398 4397 4396 
3	4397 4392 4396 
3	4396 4382 4395 
3	4395 4398 4396 
3	4399 4398 4395 
3	4395 4369 4399 
3	4401 4400 4399 
3	4400 4398 4399 
3	4399 4369 4371 
3	4371 4401 4399 
3	4400 4402 4397 
3	4397 4398 4400 
3	4404 4403 4394 
3	4394 4391 4404 
3	4406 4405 4404 
3	4405 4403 4404 
3	4404 4391 4407 
3	4407 4406 4404 
3	4409 4408 4406 
3	4408 4405 4406 
3	4406 4407 4410 
3	4410 4409 4406 
3	4397 4407 4392 
3	4407 4391 4392 
3	4402 4410 4397 
3	4410 4407 4397 
3	4378 4380 4249 
3	4380 4248 4249 
3	4380 4384 4248 
3	4384 4251 4248 
3	4343 4411 4305 
3	4411 4362 4305 
3	4411 4412 4363 
3	4363 4362 4411 
3	4345 4413 4343 
3	4413 4411 4343 
3	4413 4414 4411 
3	4414 4412 4411 
3	4412 4415 4363 
3	4415 4370 4363 
3	4416 4401 4371 
3	4371 4370 4416 
3	4418 4417 4416 
3	4417 4401 4416 
3	4416 4370 4415 
3	4415 4418 4416 
3	4419 4418 4415 
3	4415 4412 4419 
3	4421 4420 4419 
3	4420 4418 4419 
3	4419 4412 4414 
3	4414 4421 4419 
3	4420 4422 4417 
3	4417 4418 4420 
3	4351 4423 4413 
3	4413 4345 4351 
3	4423 4424 4413 
3	4424 4414 4413 
3	4353 4425 4351 
3	4425 4423 4351 
3	4427 4426 4424 
3	4424 4423 4427 
3	4429 4428 4427 
3	4428 4426 4427 
3	4427 4423 4425 
3	4425 4429 4427 
3	4426 4430 4421 
3	4430 4420 4421 
3	4421 4414 4426 
3	4414 4424 4426 
3	4430 4431 4422 
3	4422 4420 4430 
3	4428 4432 4430 
3	4430 4426 4428 
3	4432 4433 4430 
3	4433 4431 4430 
3	4437 4434 4435 
3	4435 4436 4437 
3	4439 4438 4437 
3	4438 4434 4437 
3	4437 4436 4440 
3	4440 4439 4437 
3	4417 4436 4400 
3	4400 4401 4417 
3	4436 4435 4400 
3	4435 4402 4400 
3	4422 4440 4417 
3	4440 4436 4417 
3	4441 4409 4410 
3	4410 4402 4441 
3	4434 4442 4441 
3	4442 4409 4441 
3	4441 4402 4435 
3	4435 4434 4441 
3	4442 4443 4409 
3	4443 4408 4409 
3	4438 4444 4434 
3	4444 4442 4434 
3	4446 4445 4443 
3	4443 4442 4446 
3	4448 4447 4446 
3	4447 4445 4446 
3	4446 4442 4444 
3	4444 4448 4446 
3	4450 4449 4438 
3	4438 4439 4450 
3	4439 4440 4451 
3	4451 4450 4439 
3	4452 4450 4451 
3	4451 4431 4452 
3	4454 4453 4452 
3	4453 4450 4452 
3	4452 4431 4433 
3	4433 4454 4452 
3	4453 4455 4450 
3	4455 4449 4450 
3	4431 4451 4422 
3	4451 4440 4422 
3	4449 4456 4438 
3	4456 4444 4438 
3	4458 4457 4448 
3	4457 4447 4448 
3	4448 4444 4456 
3	4456 4458 4448 
3	4459 4458 4456 
3	4456 4449 4459 
3	4461 4460 4459 
3	4460 4458 4459 
3	4459 4449 4455 
3	4455 4461 4459 
3	4460 4462 4458 
3	4462 4457 4458 
3	3969 3973 3967 
3	3967 3968 3969 
3	3973 4463 3967 
3	4463 4131 3967 
3	4465 4464 4133 
3	4133 4131 4465 
3	4463 4466 4131 
3	4466 4465 4131 
3	4466 4467 4464 
3	4464 4465 4466 
3	4134 4184 4463 
3	4463 3973 4134 
3	4463 4468 4466 
3	4468 4467 4466 
3	4184 4187 4463 
3	4187 4468 4463 
3	4464 4469 4140 
3	4140 4133 4464 
3	4467 4470 4469 
3	4469 4464 4467 
3	4469 4471 4140 
3	4471 4142 4140 
3	4470 4472 4471 
3	4471 4469 4470 
3	4468 4473 4467 
3	4473 4470 4467 
3	4187 4194 4468 
3	4194 4473 4468 
3	4473 4474 4472 
3	4472 4470 4473 
3	4194 4197 4474 
3	4474 4473 4194 
3	4471 4475 4142 
3	4475 4164 4142 
3	4472 4476 4471 
3	4476 4475 4471 
3	4475 4477 4164 
3	4477 4166 4164 
3	4476 4478 4475 
3	4478 4477 4475 
3	4474 4479 4476 
3	4476 4472 4474 
3	4197 4223 4479 
3	4479 4474 4197 
3	4479 4480 4476 
3	4480 4478 4476 
3	4223 4226 4480 
3	4480 4479 4223 
3	4477 4481 4166 
3	4481 4172 4166 
3	4478 4482 4477 
3	4482 4481 4477 
3	4481 4483 4172 
3	4483 4174 4172 
3	4482 4484 4483 
3	4483 4481 4482 
3	4480 4177 4482 
3	4482 4478 4480 
3	4226 4181 4480 
3	4181 4177 4480 
3	4177 4176 4482 
3	4176 4484 4482 
3	4088 4485 2608 
3	4485 2978 2608 
3	4089 4486 4088 
3	4486 4485 4088 
3	4485 4487 2980 
3	2980 2978 4485 
3	4486 4488 4485 
3	4488 4487 4485 
3	4092 4489 4486 
3	4486 4089 4092 
3	4093 4490 4489 
3	4489 4092 4093 
3	4489 4491 4486 
3	4491 4488 4486 
3	4490 4492 4491 
3	4491 4489 4490 
3	4487 4493 2986 
3	2986 2980 4487 
3	4488 4494 4493 
3	4493 4487 4488 
3	4493 4495 2988 
3	2988 2986 4493 
3	4494 4496 4495 
3	4495 4493 4494 
3	4491 4497 4494 
3	4494 4488 4491 
3	4492 4498 4491 
3	4498 4497 4491 
3	4497 4499 4494 
3	4499 4496 4494 
3	4498 4500 4497 
3	4500 4499 4497 
3	4104 4501 4490 
3	4490 4093 4104 
3	4105 4502 4104 
3	4502 4501 4104 
3	4501 4503 4490 
3	4503 4492 4490 
3	4502 4504 4503 
3	4503 4501 4502 
3	4108 4505 4105 
3	4505 4502 4105 
3	4109 4506 4108 
3	4506 4505 4108 
3	4505 4507 4502 
3	4507 4504 4502 
3	4506 4508 4507 
3	4507 4505 4506 
3	4503 4509 4498 
3	4498 4492 4503 
3	4504 4510 4509 
3	4509 4503 4504 
3	4509 4511 4500 
3	4500 4498 4509 
3	4510 4512 4511 
3	4511 4509 4510 
3	4507 4513 4504 
3	4513 4510 4504 
3	4508 4514 4513 
3	4513 4507 4508 
3	4513 4515 4510 
3	4515 4512 4510 
3	4514 4516 4515 
3	4515 4513 4514 
3	4495 4517 3018 
3	3018 2988 4495 
3	4496 4518 4517 
3	4517 4495 4496 
3	4517 4519 3018 
3	4519 3020 3018 
3	4518 4520 4519 
3	4519 4517 4518 
3	4499 4521 4518 
3	4518 4496 4499 
3	4500 4522 4499 
3	4522 4521 4499 
3	4521 4523 4520 
3	4520 4518 4521 
3	4522 4524 4523 
3	4523 4521 4522 
3	4519 4525 3026 
3	3026 3020 4519 
3	4520 4526 4525 
3	4525 4519 4520 
3	4525 4527 3026 
3	4527 3028 3026 
3	4526 4528 4525 
3	4528 4527 4525 
3	4523 4529 4520 
3	4529 4526 4520 
3	4524 4530 4523 
3	4530 4529 4523 
3	4529 4531 4526 
3	4531 4528 4526 
3	4530 4532 4529 
3	4532 4531 4529 
3	4511 4533 4522 
3	4522 4500 4511 
3	4512 4534 4533 
3	4533 4511 4512 
3	4533 4535 4524 
3	4524 4522 4533 
3	4534 4536 4535 
3	4535 4533 4534 
3	4515 4537 4534 
3	4534 4512 4515 
3	4516 4538 4537 
3	4537 4515 4516 
3	4537 4539 4534 
3	4539 4536 4534 
3	4538 4540 4539 
3	4539 4537 4538 
3	4535 4541 4530 
3	4530 4524 4535 
3	4536 4542 4541 
3	4541 4535 4536 
3	4541 4543 4530 
3	4543 4532 4530 
3	4542 4544 4541 
3	4544 4543 4541 
3	4548 4545 4546 
3	4546 4547 4548 
3	4550 4549 4548 
3	4549 4545 4548 
3	4548 4547 4551 
3	4551 4550 4548 
3	4539 4552 4536 
3	4552 4542 4536 
3	4540 4553 4539 
3	4553 4552 4539 
3	4547 4546 4544 
3	4544 4542 4547 
3	4542 4552 4554 
3	4554 4547 4542 
3	4552 4553 4554 
3	4553 4555 4554 
3	4547 4554 4556 
3	4556 4551 4547 
3	4554 4555 4557 
3	4557 4556 4554 
3	3072 3071 4559 
3	3071 4558 4559 
3	3072 4559 4560 
3	4560 3073 3072 
3	4559 4558 4561 
3	4561 4562 4559 
3	4559 4562 4560 
3	4562 4563 4560 
3	4567 4564 4565 
3	4565 4566 4567 
3	4562 4561 4567 
3	4561 4564 4567 
3	4567 4566 4568 
3	4568 4562 4567 
3	4566 4565 4570 
3	4565 4569 4570 
3	4566 4570 4568 
3	4570 4571 4568 
3	4562 4568 4572 
3	4572 4563 4562 
3	4568 4571 4573 
3	4573 4572 4568 
3	3073 4560 4574 
3	4574 3082 3073 
3	4560 4563 4575 
3	4575 4574 4560 
3	3085 3082 4576 
3	3082 4574 4576 
3	3085 4576 3086 
3	4576 4577 3086 
3	4576 4574 4575 
3	4575 4578 4576 
3	4576 4578 4577 
3	4578 4579 4577 
3	4581 4563 4572 
3	4572 4580 4581 
3	4578 4575 4581 
3	4575 4563 4581 
3	4581 4580 4582 
3	4582 4578 4581 
3	4580 4572 4573 
3	4573 4583 4580 
3	4580 4583 4584 
3	4584 4582 4580 
3	4578 4582 4585 
3	4585 4579 4578 
3	4582 4584 4586 
3	4586 4585 4582 
3	4590 4587 4588 
3	4588 4589 4590 
3	4592 4591 4590 
3	4591 4587 4590 
3	4590 4589 4593 
3	4593 4592 4590 
3	4570 4569 4550 
3	4569 4549 4550 
3	4570 4550 4594 
3	4594 4571 4570 
3	4550 4551 4595 
3	4595 4594 4550 
3	4597 4571 4594 
3	4594 4596 4597 
3	4583 4573 4597 
3	4573 4571 4597 
3	4597 4596 4598 
3	4598 4583 4597 
3	4596 4594 4595 
3	4595 4599 4596 
3	4596 4599 4600 
3	4600 4598 4596 
3	4602 4551 4556 
3	4556 4601 4602 
3	4599 4595 4602 
3	4595 4551 4602 
3	4602 4601 4587 
3	4587 4599 4602 
3	4601 4556 4557 
3	4557 4603 4601 
3	4601 4603 4588 
3	4588 4587 4601 
3	4599 4587 4591 
3	4591 4600 4599 
3	4605 4598 4600 
3	4600 4604 4605 
3	4607 4606 4605 
3	4606 4598 4605 
3	4605 4604 4608 
3	4608 4607 4605 
3	4609 4584 4606 
3	4606 4607 4609 
3	4610 4586 4609 
3	4586 4584 4609 
3	4609 4607 4611 
3	4611 4610 4609 
3	4607 4608 4612 
3	4612 4611 4607 
3	4614 4592 4593 
3	4593 4613 4614 
3	4616 4615 4614 
3	4615 4592 4614 
3	4614 4613 4617 
3	4617 4616 4614 
3	4604 4600 4591 
3	4591 4592 4604 
3	4604 4592 4615 
3	4615 4608 4604 
3	4618 4608 4615 
3	4615 4616 4618 
3	4619 4612 4618 
3	4612 4608 4618 
3	4618 4616 4620 
3	4620 4619 4618 
3	4616 4617 4621 
3	4621 4620 4616 
3	4583 4598 4606 
3	4606 4584 4583 
3	4153 4622 4506 
3	4506 4109 4153 
3	4154 4623 4622 
3	4622 4153 4154 
3	4622 4624 4508 
3	4508 4506 4622 
3	4623 4625 4624 
3	4624 4622 4623 
3	4157 4626 4623 
3	4623 4154 4157 
3	4158 4627 4626 
3	4626 4157 4158 
3	4626 4628 4625 
3	4625 4623 4626 
3	4627 4629 4628 
3	4628 4626 4627 
3	4624 4630 4514 
3	4514 4508 4624 
3	4625 4631 4630 
3	4630 4624 4625 
3	4630 4632 4516 
3	4516 4514 4630 
3	4631 4633 4630 
3	4633 4632 4630 
3	4628 4634 4625 
3	4634 4631 4625 
3	4629 4635 4628 
3	4635 4634 4628 
3	4634 4636 4631 
3	4636 4633 4631 
3	4635 4637 4634 
3	4637 4636 4634 
3	4169 4638 4627 
3	4627 4158 4169 
3	4170 4639 4169 
3	4639 4638 4169 
3	4638 4640 4627 
3	4640 4629 4627 
3	4639 4641 4638 
3	4641 4640 4638 
3	4173 4642 4170 
3	4642 4639 4170 
3	4174 4643 4173 
3	4643 4642 4173 
3	4642 4644 4639 
3	4644 4641 4639 
3	4646 4645 4642 
3	4645 4644 4642 
3	4642 4643 4647 
3	4647 4646 4642 
3	4175 4646 4647 
3	4647 4176 4175 
3	4179 4648 4175 
3	4648 4646 4175 
3	4650 4649 4645 
3	4645 4646 4650 
3	4652 4651 4650 
3	4651 4649 4650 
3	4650 4646 4648 
3	4648 4652 4650 
3	4640 4653 4629 
3	4653 4635 4629 
3	4641 4654 4640 
3	4654 4653 4640 
3	4653 4655 4635 
3	4655 4637 4635 
3	4657 4656 4653 
3	4656 4655 4653 
3	4653 4654 4658 
3	4658 4657 4653 
3	4659 4657 4658 
3	4658 4649 4659 
3	4661 4660 4659 
3	4660 4657 4659 
3	4659 4649 4651 
3	4651 4661 4659 
3	4663 4662 4656 
3	4656 4657 4663 
3	4665 4664 4663 
3	4664 4662 4663 
3	4663 4657 4660 
3	4660 4665 4663 
3	4649 4658 4641 
3	4658 4654 4641 
3	4641 4644 4645 
3	4645 4649 4641 
3	4632 4666 4516 
3	4666 4538 4516 
3	4633 4667 4632 
3	4667 4666 4632 
3	4666 4668 4538 
3	4668 4540 4538 
3	4667 4669 4666 
3	4669 4668 4666 
3	4673 4670 4671 
3	4671 4672 4673 
3	4675 4674 4673 
3	4674 4670 4673 
3	4673 4672 4676 
3	4676 4675 4673 
3	4636 4677 4633 
3	4677 4667 4633 
3	4637 4678 4636 
3	4678 4677 4636 
3	4672 4671 4667 
3	4671 4669 4667 
3	4667 4677 4672 
3	4677 4679 4672 
3	4677 4678 4680 
3	4680 4679 4677 
3	4681 4679 4680 
3	4680 4662 4681 
3	4683 4682 4681 
3	4682 4679 4681 
3	4681 4662 4664 
3	4664 4683 4681 
3	4672 4679 4682 
3	4682 4676 4672 
3	4668 4684 4540 
3	4684 4553 4540 
3	4670 4685 4668 
3	4685 4684 4668 
3	4668 4669 4671 
3	4671 4670 4668 
3	4553 4684 4685 
3	4685 4555 4553 
3	4686 4555 4685 
3	4685 4670 4686 
3	4603 4557 4686 
3	4557 4555 4686 
3	4686 4670 4674 
3	4674 4603 4686 
3	4662 4680 4637 
3	4680 4678 4637 
3	4637 4655 4656 
3	4656 4662 4637 
3	4690 4687 4688 
3	4688 4689 4690 
3	4692 4691 4690 
3	4691 4687 4690 
3	4690 4689 4693 
3	4693 4692 4690 
3	4694 4683 4664 
3	4664 4665 4694 
3	4696 4695 4694 
3	4695 4683 4694 
3	4694 4665 4697 
3	4697 4696 4694 
3	4687 4696 4697 
3	4697 4688 4687 
3	4691 4698 4687 
3	4698 4696 4687 
3	4700 4699 4695 
3	4695 4696 4700 
3	4702 4701 4700 
3	4701 4699 4700 
3	4700 4696 4698 
3	4698 4702 4700 
3	4703 4692 4693 
3	4693 4253 4703 
3	4215 4704 4703 
3	4704 4692 4703 
3	4703 4253 4216 
3	4216 4215 4703 
3	4704 4705 4692 
3	4705 4691 4692 
3	4219 4706 4215 
3	4706 4704 4215 
3	4708 4707 4705 
3	4705 4704 4708 
3	4710 4709 4708 
3	4709 4707 4708 
3	4708 4704 4706 
3	4706 4710 4708 
3	4712 4711 4701 
3	4701 4702 4712 
3	4714 4713 4712 
3	4713 4711 4712 
3	4712 4702 4715 
3	4715 4714 4712 
3	4716 4714 4715 
3	4715 4707 4716 
3	4718 4717 4716 
3	4717 4714 4716 
3	4716 4707 4709 
3	4709 4718 4716 
3	4719 4617 4713 
3	4713 4714 4719 
3	4720 4621 4719 
3	4621 4617 4719 
3	4719 4714 4717 
3	4717 4720 4719 
3	4721 4702 4698 
3	4698 4691 4721 
3	4707 4715 4721 
3	4715 4702 4721 
3	4721 4691 4705 
3	4705 4707 4721 
3	4723 4722 4652 
3	4652 4241 4723 
3	4237 4724 4723 
3	4724 4722 4723 
3	4723 4241 4238 
3	4238 4237 4723 
3	4722 4661 4651 
3	4651 4652 4722 
3	4724 4725 4722 
3	4725 4661 4722 
3	4726 4689 4724 
3	4724 4237 4726 
3	4253 4693 4726 
3	4693 4689 4726 
3	4726 4237 4239 
3	4239 4253 4726 
3	4689 4688 4725 
3	4725 4724 4689 
3	4241 4652 4648 
3	4648 4179 4241 
3	4727 4665 4660 
3	4660 4661 4727 
3	4688 4697 4727 
3	4697 4665 4727 
3	4727 4661 4725 
3	4725 4688 4727 
3	4729 4675 4676 
3	4676 4728 4729 
3	4731 4730 4729 
3	4730 4675 4729 
3	4729 4728 4699 
3	4699 4731 4729 
3	4732 4603 4674 
3	4674 4675 4732 
3	4589 4588 4732 
3	4588 4603 4732 
3	4732 4675 4730 
3	4730 4589 4732 
3	4733 4589 4730 
3	4730 4731 4733 
3	4613 4593 4733 
3	4593 4589 4733 
3	4733 4731 4711 
3	4711 4613 4733 
3	4731 4699 4701 
3	4701 4711 4731 
3	4728 4676 4682 
3	4682 4683 4728 
3	4728 4683 4695 
3	4695 4699 4728 
3	4613 4711 4713 
3	4713 4617 4613 
3	3028 4527 4734 
3	4734 3094 3028 
3	4527 4528 4735 
3	4735 4734 4527 
3	3094 4734 4736 
3	4736 3096 3094 
3	4734 4735 4564 
3	4564 4736 4734 
3	4528 4531 4735 
3	4531 4737 4735 
3	4531 4532 4737 
3	4532 4738 4737 
3	4735 4737 4565 
3	4565 4564 4735 
3	4737 4738 4569 
3	4569 4565 4737 
3	4532 4543 4545 
3	4545 4738 4532 
3	4543 4544 4546 
3	4546 4545 4543 
3	4738 4545 4549 
3	4549 4569 4738 
3	3096 4736 4558 
3	4558 3071 3096 
3	4736 4564 4561 
3	4561 4558 4736 
3	4739 4620 4621 
3	4621 4720 4739 
3	4741 4740 4739 
3	4740 4620 4739 
3	4739 4720 4742 
3	4742 4741 4739 
3	4744 4741 4742 
3	4742 4743 4744 
3	4746 4745 4744 
3	4745 4741 4744 
3	4744 4743 4747 
3	4747 4746 4744 
3	4749 4748 4740 
3	4740 4741 4749 
3	4751 4750 4749 
3	4750 4748 4749 
3	4749 4741 4745 
3	4745 4751 4749 
3	4755 4752 4753 
3	4753 4754 4755 
3	4757 4756 4755 
3	4756 4752 4755 
3	4755 4754 4758 
3	4758 4757 4755 
3	4760 4759 4750 
3	4750 4751 4760 
3	4762 4761 4760 
3	4761 4759 4760 
3	4760 4751 4763 
3	4763 4762 4760 
3	4765 4764 4761 
3	4761 4762 4765 
3	4767 4766 4765 
3	4766 4764 4765 
3	4765 4762 4768 
3	4768 4767 4765 
3	4762 4763 4769 
3	4769 4768 4762 
3	4752 4770 4746 
3	4770 4745 4746 
3	4746 4747 4753 
3	4753 4752 4746 
3	4751 4745 4770 
3	4770 4763 4751 
3	4771 4763 4770 
3	4770 4752 4771 
3	4772 4769 4771 
3	4769 4763 4771 
3	4771 4752 4756 
3	4756 4772 4771 
3	3184 3183 4774 
3	3183 4773 4774 
3	3184 4774 3185 
3	4774 4775 3185 
3	4774 4773 4776 
3	4776 4777 4774 
3	4774 4777 4778 
3	4778 4775 4774 
3	4780 4579 4585 
3	4585 4779 4780 
3	4777 4776 4780 
3	4776 4579 4780 
3	4780 4779 4781 
3	4781 4777 4780 
3	4779 4585 4586 
3	4586 4610 4779 
3	4779 4610 4782 
3	4782 4781 4779 
3	4777 4781 4778 
3	4781 4783 4778 
3	4781 4782 4784 
3	4784 4783 4781 
3	3086 4577 4773 
3	4773 3183 3086 
3	4577 4579 4776 
3	4776 4773 4577 
3	3185 4775 3194 
3	4775 4785 3194 
3	4775 4778 4786 
3	4786 4785 4775 
3	4788 4785 4786 
3	4786 4787 4788 
3	4790 4789 4788 
3	4789 4785 4788 
3	4788 4787 4791 
3	4791 4790 4788 
3	3194 4785 4789 
3	4789 3197 3194 
3	4793 4783 4784 
3	4784 4792 4793 
3	4795 4794 4793 
3	4794 4783 4793 
3	4793 4792 4764 
3	4764 4795 4793 
3	4778 4783 4794 
3	4794 4786 4778 
3	4787 4786 4794 
3	4794 4795 4787 
3	4787 4795 4796 
3	4796 4791 4787 
3	4795 4764 4766 
3	4766 4796 4795 
3	4797 4611 4612 
3	4612 4619 4797 
3	4799 4798 4797 
3	4798 4611 4797 
3	4797 4619 4748 
3	4748 4799 4797 
3	4610 4611 4798 
3	4798 4782 4610 
3	4800 4782 4798 
3	4798 4799 4800 
3	4792 4784 4800 
3	4784 4782 4800 
3	4800 4799 4759 
3	4759 4792 4800 
3	4799 4748 4750 
3	4750 4759 4799 
3	4619 4620 4740 
3	4740 4748 4619 
3	4792 4759 4761 
3	4761 4764 4792 
3	4804 4801 4803 
3	4801 4802 4803 
3	4806 4805 4804 
3	4805 4801 4804 
3	4804 4803 4807 
3	4807 4806 4804 
3	4803 4802 4808 
3	4808 4809 4803 
3	4803 4809 4810 
3	4810 4807 4803 
3	3243 3242 4812 
3	3242 4811 4812 
3	3243 4812 4813 
3	4813 3244 3243 
3	4812 4811 4805 
3	4805 4806 4812 
3	4812 4806 4814 
3	4814 4813 4812 
3	3244 4813 4815 
3	4815 3246 3244 
3	4813 4814 4815 
3	4814 4816 4815 
3	4806 4807 4814 
3	4807 4817 4814 
3	4807 4810 4818 
3	4818 4817 4807 
3	4814 4817 4819 
3	4819 4816 4814 
3	4817 4818 4820 
3	4820 4819 4817 
3	4822 4821 4757 
3	4821 4756 4757 
3	4757 4758 4823 
3	4823 4822 4757 
3	4824 4822 4823 
3	4823 4445 4824 
3	4826 4825 4824 
3	4825 4822 4824 
3	4824 4445 4447 
3	4447 4826 4824 
3	4828 4827 4821 
3	4821 4822 4828 
3	4830 4829 4828 
3	4829 4827 4828 
3	4828 4822 4825 
3	4825 4830 4828 
3	4809 4808 4766 
3	4766 4767 4809 
3	4767 4768 4831 
3	4831 4809 4767 
3	4768 4769 4832 
3	4832 4831 4768 
3	4833 4831 4832 
3	4832 4827 4833 
3	4835 4834 4833 
3	4834 4831 4833 
3	4833 4827 4829 
3	4829 4835 4833 
3	4809 4831 4834 
3	4834 4810 4809 
3	4827 4832 4772 
3	4832 4769 4772 
3	4772 4756 4821 
3	4821 4827 4772 
3	4837 4836 4826 
3	4836 4825 4826 
3	4826 4447 4837 
3	4447 4457 4837 
3	4839 4838 4829 
3	4829 4830 4839 
3	4830 4825 4836 
3	4836 4839 4830 
3	4841 4840 4837 
3	4840 4836 4837 
3	4837 4457 4462 
3	4462 4841 4837 
3	4843 4842 4839 
3	4842 4838 4839 
3	4839 4836 4840 
3	4840 4843 4839 
3	4844 4810 4834 
3	4834 4835 4844 
3	4845 4818 4844 
3	4818 4810 4844 
3	4844 4835 4846 
3	4846 4845 4844 
3	4835 4829 4846 
3	4829 4838 4846 
3	4847 4820 4818 
3	4818 4845 4847 
3	4845 4846 4848 
3	4848 4847 4845 
3	4846 4838 4842 
3	4842 4848 4846 
3	3250 3197 4789 
3	4789 4790 3250 
3	3250 4790 4849 
3	4849 3251 3250 
3	4790 4791 4849 
3	4791 4801 4849 
3	3251 4849 4811 
3	4811 3242 3251 
3	4849 4801 4805 
3	4805 4811 4849 
3	4791 4796 4802 
3	4802 4801 4791 
3	4796 4766 4808 
3	4808 4802 4796 
3	4850 4718 4709 
3	4709 4710 4850 
3	4852 4851 4850 
3	4851 4718 4850 
3	4850 4710 4853 
3	4853 4852 4850 
3	4854 4852 4853 
3	4853 4393 4854 
3	4403 4855 4854 
3	4855 4852 4854 
3	4854 4393 4394 
3	4394 4403 4854 
3	4856 4743 4851 
3	4851 4852 4856 
3	4857 4747 4856 
3	4747 4743 4856 
3	4856 4852 4855 
3	4855 4857 4856 
3	4858 4710 4706 
3	4706 4219 4858 
3	4393 4853 4858 
3	4853 4710 4858 
3	4858 4219 4388 
3	4388 4393 4858 
3	4859 4720 4717 
3	4717 4718 4859 
3	4743 4742 4859 
3	4742 4720 4859 
3	4859 4718 4851 
3	4851 4743 4859 
3	4405 4860 4403 
3	4860 4855 4403 
3	4754 4753 4857 
3	4753 4747 4857 
3	4857 4855 4860 
3	4860 4754 4857 
3	4861 4754 4860 
3	4860 4405 4861 
3	4862 4758 4861 
3	4758 4754 4861 
3	4861 4405 4408 
3	4408 4862 4861 
3	4445 4823 4862 
3	4823 4758 4862 
3	4862 4408 4443 
3	4443 4445 4862 
3	4176 4647 4174 
3	4647 4643 4174 
3	4174 4483 4484 
3	4484 4176 4174 
3	1867 4863 1456 
3	4863 4328 1456 
3	4863 4864 4329 
3	4329 4328 4863 
3	4865 4864 4863 
3	4863 1867 4865 
3	1869 1879 4865 
3	4865 1867 1869 
3	4864 4866 4329 
3	4866 4331 4329 
3	1879 4867 4865 
3	4867 4864 4865 
3	4867 4868 4866 
3	4866 4864 4867 
3	4866 4869 4335 
3	4335 4331 4866 
3	4869 4870 4335 
3	4870 4336 4335 
3	4870 4871 4336 
3	4871 4337 4336 
3	4868 4872 4866 
3	4872 4869 4866 
3	4872 4873 4870 
3	4870 4869 4872 
3	4873 4874 4870 
3	4874 4871 4870 
3	1881 4875 4867 
3	4867 1879 1881 
3	4875 4876 4867 
3	4876 4868 4867 
3	1883 4877 4875 
3	4875 1881 1883 
3	4877 4878 4875 
3	4878 4876 4875 
3	4879 4873 4872 
3	4872 4868 4879 
3	4876 4880 4879 
3	4879 4868 4876 
3	4880 4881 4879 
3	4881 4873 4879 
3	4881 4882 4874 
3	4874 4873 4881 
3	4878 4883 4880 
3	4880 4876 4878 
3	4883 4884 4880 
3	4884 4881 4880 
3	4884 4885 4882 
3	4882 4881 4884 
3	4871 4886 4348 
3	4348 4337 4871 
3	4886 4887 4349 
3	4349 4348 4886 
3	4874 4888 4886 
3	4886 4871 4874 
3	4888 4889 4887 
3	4887 4886 4888 
3	4887 4890 4352 
3	4352 4349 4887 
3	4890 4891 4352 
3	4891 4353 4352 
3	4889 4892 4890 
3	4890 4887 4889 
3	4892 4893 4891 
3	4891 4890 4892 
3	4882 4894 4888 
3	4888 4874 4882 
3	4894 4895 4889 
3	4889 4888 4894 
3	4885 4896 4894 
3	4894 4882 4885 
3	4896 4897 4894 
3	4897 4895 4894 
3	4895 4898 4892 
3	4892 4889 4895 
3	4898 4899 4893 
3	4893 4892 4898 
3	4897 4900 4898 
3	4898 4895 4897 
3	4900 4901 4899 
3	4899 4898 4900 
3	1918 4902 1883 
3	4902 4877 1883 
3	1919 4903 1918 
3	4903 4902 1918 
3	4902 4883 4877 
3	4883 4878 4877 
3	4903 4904 4902 
3	4904 4883 4902 
3	1921 4905 1919 
3	4905 4903 1919 
3	4905 4906 4903 
3	4906 4904 4903 
3	4904 4907 4884 
3	4884 4883 4904 
3	4907 4908 4885 
3	4885 4884 4907 
3	4906 4909 4907 
3	4907 4904 4906 
3	4909 4910 4908 
3	4908 4907 4909 
3	1926 4911 1921 
3	4911 4905 1921 
3	4911 4912 4905 
3	4912 4906 4905 
3	1928 4913 1926 
3	4913 4911 1926 
3	4913 4914 4912 
3	4912 4911 4913 
3	4912 4915 4909 
3	4909 4906 4912 
3	4915 4916 4910 
3	4910 4909 4915 
3	4914 4917 4915 
3	4915 4912 4914 
3	4917 4918 4916 
3	4916 4915 4917 
3	4908 4919 4896 
3	4896 4885 4908 
3	4919 4920 4897 
3	4897 4896 4919 
3	4910 4921 4919 
3	4919 4908 4910 
3	4921 4922 4920 
3	4920 4919 4921 
3	4920 4923 4900 
3	4900 4897 4920 
3	4923 4924 4900 
3	4924 4901 4900 
3	4922 4925 4923 
3	4923 4920 4922 
3	4925 4926 4924 
3	4924 4923 4925 
3	4916 4927 4921 
3	4921 4910 4916 
3	4927 4928 4921 
3	4928 4922 4921 
3	4918 4929 4927 
3	4927 4916 4918 
3	4929 4930 4927 
3	4930 4928 4927 
3	4928 4931 4922 
3	4931 4925 4922 
3	4931 4932 4926 
3	4926 4925 4931 
3	4930 4933 4928 
3	4933 4931 4928 
3	4933 4934 4931 
3	4934 4932 4931 
3	4935 4841 4462 
3	4462 4460 4935 
3	4937 4936 4935 
3	4936 4841 4935 
3	4935 4460 4938 
3	4938 4937 4935 
3	4940 4939 4937 
3	4939 4936 4937 
3	4937 4938 4940 
3	4938 4941 4940 
3	4943 4942 4939 
3	4939 4940 4943 
3	4940 4941 4943 
3	4941 4944 4943 
3	4946 4945 4942 
3	4942 4943 4946 
3	4943 4944 4946 
3	4944 4947 4946 
3	4949 4948 4946 
3	4948 4945 4946 
3	4946 4947 4950 
3	4950 4949 4946 
3	4952 4949 4950 
3	4950 4951 4952 
3	4954 4953 4952 
3	4953 4949 4952 
3	4952 4951 4955 
3	4955 4954 4952 
3	4957 4956 4948 
3	4948 4949 4957 
3	4959 4958 4957 
3	4958 4956 4957 
3	4957 4949 4953 
3	4953 4959 4957 
3	4961 4960 4953 
3	4953 4954 4961 
3	4954 4955 4962 
3	4962 4961 4954 
3	4964 4963 4958 
3	4958 4959 4964 
3	4959 4953 4960 
3	4960 4964 4959 
3	4966 4965 4960 
3	4960 4961 4966 
3	4961 4962 4966 
3	4962 4967 4966 
3	4969 4968 4963 
3	4963 4964 4969 
3	4964 4960 4965 
3	4965 4969 4964 
3	4891 4970 4353 
3	4970 4425 4353 
3	4972 4971 4429 
3	4971 4428 4429 
3	4429 4425 4972 
3	4425 4970 4972 
3	4893 4973 4970 
3	4970 4891 4893 
3	4975 4974 4972 
3	4974 4971 4972 
3	4972 4970 4975 
3	4970 4973 4975 
3	4971 4976 4432 
3	4432 4428 4971 
3	4976 4977 4432 
3	4977 4433 4432 
3	4974 4978 4971 
3	4978 4976 4971 
3	4978 4979 4977 
3	4977 4976 4978 
3	4899 4980 4973 
3	4973 4893 4899 
3	4982 4981 4975 
3	4981 4974 4975 
3	4975 4973 4980 
3	4980 4982 4975 
3	4901 4983 4980 
3	4980 4899 4901 
3	4985 4984 4981 
3	4981 4982 4985 
3	4982 4980 4985 
3	4980 4983 4985 
3	4981 4986 4974 
3	4986 4978 4974 
3	4986 4987 4978 
3	4987 4979 4978 
3	4984 4988 4981 
3	4988 4986 4981 
3	4988 4989 4986 
3	4989 4987 4986 
3	4991 4990 4453 
3	4453 4454 4991 
3	4454 4433 4991 
3	4433 4977 4991 
3	4990 4992 4453 
3	4992 4455 4453 
3	4994 4993 4990 
3	4990 4991 4994 
3	4991 4977 4994 
3	4977 4979 4994 
3	4993 4995 4990 
3	4995 4992 4990 
3	4996 4938 4461 
3	4938 4460 4461 
3	4461 4455 4996 
3	4455 4992 4996 
3	4997 4941 4996 
3	4941 4938 4996 
3	4996 4992 4997 
3	4992 4995 4997 
3	4999 4998 4993 
3	4993 4994 4999 
3	4994 4979 4987 
3	4987 4999 4994 
3	4998 5000 4993 
3	5000 4995 4993 
3	5002 5001 4999 
3	5001 4998 4999 
3	4999 4987 4989 
3	4989 5002 4999 
3	5004 5003 5000 
3	5000 4998 5004 
3	5006 5005 5004 
3	5005 5003 5004 
3	5004 4998 5001 
3	5001 5006 5004 
3	5003 4944 4997 
3	4944 4941 4997 
3	4997 4995 5000 
3	5000 5003 4997 
3	5005 4947 4944 
3	4944 5003 5005 
3	4924 5007 4901 
3	5007 4983 4901 
3	4983 5008 4985 
3	5008 4984 4985 
3	5007 5009 5008 
3	5008 4983 5007 
3	4926 5010 5007 
3	5007 4924 4926 
3	5010 5011 5009 
3	5009 5007 5010 
3	5013 5012 4984 
3	5012 4988 4984 
3	4984 5008 5013 
3	5008 5009 5013 
3	5012 5014 4988 
3	5014 4989 4988 
3	5016 5015 5012 
3	5012 5013 5016 
3	5013 5009 5011 
3	5011 5016 5013 
3	5015 5017 5012 
3	5017 5014 5012 
3	4932 5018 5010 
3	5010 4926 4932 
3	5018 5019 5011 
3	5011 5010 5018 
3	4934 5020 4932 
3	5020 5018 4932 
3	5020 5021 5019 
3	5019 5018 5020 
3	5023 5022 5015 
3	5015 5016 5023 
3	5016 5011 5019 
3	5019 5023 5016 
3	5022 5024 5017 
3	5017 5015 5022 
3	5026 5025 5022 
3	5022 5023 5026 
3	5023 5019 5021 
3	5021 5026 5023 
3	5025 5027 5024 
3	5024 5022 5025 
3	5029 5028 5001 
3	5001 5002 5029 
3	5002 4989 5014 
3	5014 5029 5002 
3	5030 4951 5005 
3	5005 5006 5030 
3	5006 5001 5028 
3	5028 5030 5006 
3	5032 5031 5029 
3	5031 5028 5029 
3	5029 5014 5032 
3	5014 5017 5032 
3	5033 4955 4951 
3	4951 5030 5033 
3	5030 5028 5031 
3	5031 5033 5030 
3	4951 4950 5005 
3	4950 4947 5005 
3	5035 5034 5032 
3	5034 5031 5032 
3	5032 5017 5035 
3	5017 5024 5035 
3	5036 4962 5033 
3	4962 4955 5033 
3	5033 5031 5036 
3	5031 5034 5036 
3	5038 5037 5034 
3	5034 5035 5038 
3	5035 5024 5027 
3	5027 5038 5035 
3	5039 4967 5036 
3	4967 4962 5036 
3	5036 5034 5039 
3	5034 5037 5039 
3	5041 5040 4913 
3	4913 1928 5041 
3	1928 2079 5041 
3	2079 2088 5041 
3	5040 5042 4913 
3	5042 4914 4913 
3	5044 5043 5040 
3	5040 5041 5044 
3	5041 2088 5044 
3	2088 2091 5044 
3	5043 5045 5040 
3	5045 5042 5040 
3	5042 5046 4917 
3	4917 4914 5042 
3	5046 5047 4918 
3	4918 4917 5046 
3	5045 5048 5042 
3	5048 5046 5042 
3	5048 5049 5046 
3	5049 5047 5046 
3	2091 5050 5043 
3	5043 5044 2091 
3	5050 5051 5043 
3	5051 5045 5043 
3	5051 5052 5045 
3	5052 5048 5045 
3	5052 5053 5048 
3	5053 5049 5048 
3	2098 5054 5050 
3	5050 2091 2098 
3	5054 5055 5051 
3	5051 5050 5054 
3	5057 5056 5054 
3	5054 2098 5057 
3	2098 2101 5057 
3	2101 2102 5057 
3	5056 5058 5055 
3	5055 5054 5056 
3	5055 5059 5051 
3	5059 5052 5051 
3	5059 5060 5052 
3	5060 5053 5052 
3	5058 5061 5059 
3	5059 5055 5058 
3	5061 5062 5059 
3	5062 5060 5059 
3	5047 5063 4918 
3	5063 4929 4918 
3	5065 5064 4930 
3	4930 4929 5065 
3	5063 5066 5065 
3	5065 4929 5063 
3	5067 5066 5047 
3	5066 5063 5047 
3	5049 5053 5067 
3	5067 5047 5049 
3	5069 5068 4933 
3	4933 4930 5069 
3	4930 5064 5069 
3	5064 5070 5069 
3	5068 5071 4933 
3	5071 4934 4933 
3	5070 5072 5068 
3	5068 5069 5070 
3	5074 5073 5071 
3	5071 5068 5074 
3	5068 5072 5074 
3	5072 5075 5074 
3	5075 5076 5073 
3	5073 5074 5075 
3	5066 5070 5065 
3	5070 5064 5065 
3	5053 5077 5067 
3	5077 5066 5067 
3	5077 5078 5066 
3	5078 5070 5066 
3	5078 5075 5072 
3	5072 5070 5078 
3	5060 5079 5077 
3	5077 5053 5060 
3	5079 5080 5078 
3	5078 5077 5079 
3	5062 5081 5079 
3	5079 5060 5062 
3	5081 5082 5080 
3	5080 5079 5081 
3	5080 5083 5078 
3	5083 5075 5078 
3	5083 5084 5076 
3	5076 5075 5083 
3	5082 5085 5080 
3	5085 5083 5080 
3	5085 5086 5084 
3	5084 5083 5085 
3	2102 5087 5057 
3	5087 5056 5057 
3	2133 5088 2102 
3	5088 5087 2102 
3	5087 5089 5058 
3	5058 5056 5087 
3	5091 5090 5089 
3	5089 5087 5091 
3	5087 5088 5091 
3	5088 5092 5091 
3	5092 5093 5091 
3	5093 5090 5091 
3	5095 5094 5088 
3	5088 2133 5095 
3	2136 5096 5095 
3	5095 2133 2136 
3	5096 5097 5094 
3	5094 5095 5096 
3	5088 5094 5097 
3	5097 5092 5088 
3	2138 5098 5096 
3	5096 2136 2138 
3	5098 5099 5097 
3	5097 5096 5098 
3	5097 5100 5092 
3	5100 5093 5092 
3	5099 5101 5100 
3	5100 5097 5099 
3	5089 5102 5058 
3	5102 5061 5058 
3	5090 5103 5102 
3	5102 5089 5090 
3	5105 5104 5062 
3	5062 5061 5105 
3	5061 5102 5105 
3	5102 5103 5105 
3	5093 5106 5090 
3	5106 5103 5090 
3	5103 5107 5105 
3	5107 5104 5105 
3	5109 5108 5107 
3	5107 5103 5109 
3	5103 5106 5109 
3	5106 5110 5109 
3	5111 5110 5106 
3	5106 5093 5111 
3	5093 5100 5111 
3	5100 5101 5111 
3	5114 5113 5112 
3	5112 5100 5114 
3	5100 5112 5101 
3	5112 5115 5101 
3	5101 5116 5100 
3	5116 5114 5100 
3	5112 5113 5117 
3	5117 5115 5112 
3	2144 2146 5098 
3	5098 2138 2144 
3	2146 5118 5099 
3	5099 5098 2146 
3	5118 5119 5099 
3	5119 5101 5099 
3	2149 5120 2146 
3	5120 5118 2146 
3	5122 5121 5118 
3	5121 5119 5118 
3	5124 5123 5122 
3	5123 5121 5122 
3	5122 5118 5120 
3	5120 5124 5122 
3	5110 5125 5109 
3	5125 5108 5109 
3	5101 5115 5111 
3	5115 5110 5111 
3	5101 5115 5117 
3	5117 5116 5101 
3	5119 5126 5115 
3	5115 5101 5119 
3	5128 5127 5125 
3	5125 5110 5128 
3	5110 5115 5126 
3	5126 5128 5110 
3	5121 5128 5126 
3	5126 5119 5121 
3	5123 5129 5121 
3	5129 5128 5121 
3	5129 5130 5127 
3	5127 5128 5129 
3	5104 5131 5081 
3	5081 5062 5104 
3	5131 5132 5081 
3	5132 5082 5081 
3	5107 5133 5104 
3	5133 5131 5104 
3	5108 5134 5133 
3	5133 5107 5108 
3	5136 5135 5132 
3	5132 5131 5136 
3	5131 5133 5136 
3	5133 5134 5136 
3	5132 5137 5082 
3	5137 5085 5082 
3	5137 5138 5085 
3	5138 5086 5085 
3	5135 5139 5137 
3	5137 5132 5135 
3	5139 5140 5137 
3	5140 5138 5137 
3	5142 5141 5134 
3	5134 5108 5142 
3	5108 5125 5142 
3	5125 5127 5142 
3	5134 5143 5136 
3	5143 5135 5136 
3	5141 5144 5134 
3	5144 5143 5134 
3	5127 5145 5142 
3	5145 5141 5142 
3	5147 5146 5144 
3	5144 5141 5147 
3	5141 5145 5147 
3	5145 5148 5147 
3	5130 5148 5145 
3	5145 5127 5130 
3	5143 5149 5135 
3	5149 5139 5135 
3	5144 5150 5149 
3	5149 5143 5144 
3	5152 5151 5140 
3	5140 5139 5152 
3	5139 5149 5152 
3	5149 5150 5152 
3	5146 5153 5144 
3	5153 5150 5144 
3	5150 5154 5152 
3	5154 5151 5152 
3	5153 5155 5154 
3	5154 5150 5153 
3	5157 5156 4966 
3	5156 4965 4966 
3	4966 4967 5157 
3	4967 5158 5157 
3	5160 5159 4968 
3	4968 4969 5160 
3	4969 4965 5160 
3	4965 5156 5160 
3	5162 5161 5157 
3	5161 5156 5157 
3	5157 5158 5163 
3	5163 5162 5157 
3	5165 5164 5160 
3	5164 5159 5160 
3	5160 5156 5165 
3	5156 5161 5165 
3	5167 5166 5161 
3	5161 5162 5167 
3	5162 5163 5167 
3	5163 5168 5167 
3	5170 5169 5165 
3	5169 5164 5165 
3	5165 5161 5166 
3	5166 5170 5165 
3	5168 5171 5167 
3	5171 5166 5167 
3	5173 5172 5170 
3	5172 5169 5170 
3	5170 5166 5174 
3	5174 5173 5170 
3	5166 5171 5174 
3	5171 5175 5174 
3	5177 5176 5172 
3	5172 5173 5177 
3	5173 5174 5177 
3	5174 5178 5177 
3	5174 5175 5179 
3	5179 5178 5174 
3	5178 5180 5177 
3	5180 5176 5177 
3	5182 5181 5180 
3	5180 5178 5182 
3	5178 5179 5182 
3	5179 5183 5182 
3	5185 5184 5182 
3	5184 5181 5182 
3	5182 5183 5185 
3	5183 5186 5185 
3	5188 5187 5184 
3	5184 5185 5188 
3	5185 5186 5188 
3	5186 5189 5188 
3	5071 5190 4934 
3	5190 5020 4934 
3	5190 5191 5021 
3	5021 5020 5190 
3	5073 5192 5071 
3	5192 5190 5071 
3	5192 5193 5191 
3	5191 5190 5192 
3	5195 5194 5025 
3	5025 5026 5195 
3	5026 5021 5191 
3	5191 5195 5026 
3	5194 5196 5027 
3	5027 5025 5194 
3	5198 5197 5194 
3	5194 5195 5198 
3	5195 5191 5193 
3	5193 5198 5195 
3	5197 5199 5196 
3	5196 5194 5197 
3	5201 5200 5192 
3	5192 5073 5201 
3	5073 5076 5201 
3	5076 5084 5201 
3	5200 5202 5193 
3	5193 5192 5200 
3	5204 5203 5200 
3	5200 5201 5204 
3	5201 5084 5204 
3	5084 5086 5204 
3	5203 5205 5200 
3	5205 5202 5200 
3	5207 5206 5197 
3	5197 5198 5207 
3	5198 5193 5207 
3	5193 5202 5207 
3	5206 5208 5197 
3	5208 5199 5197 
3	5202 5209 5207 
3	5209 5206 5207 
3	5205 5210 5209 
3	5209 5202 5205 
3	5212 5211 5208 
3	5208 5206 5212 
3	5206 5209 5212 
3	5209 5210 5212 
3	5214 5213 5037 
3	5037 5038 5214 
3	5038 5027 5196 
3	5196 5214 5038 
3	5215 5158 5039 
3	5158 4967 5039 
3	5039 5037 5213 
3	5213 5215 5039 
3	5217 5216 5213 
3	5213 5214 5217 
3	5214 5196 5199 
3	5199 5217 5214 
3	5218 5163 5158 
3	5158 5215 5218 
3	5215 5213 5216 
3	5216 5218 5215 
3	5220 5219 5216 
3	5216 5217 5220 
3	5217 5199 5208 
3	5208 5220 5217 
3	5221 5168 5163 
3	5163 5218 5221 
3	5218 5216 5221 
3	5216 5219 5221 
3	5223 5222 5220 
3	5222 5219 5220 
3	5220 5208 5211 
3	5211 5223 5220 
3	5219 5224 5221 
3	5224 5168 5221 
3	5222 5225 5224 
3	5224 5219 5222 
3	5226 5175 5171 
3	5171 5168 5226 
3	5168 5224 5226 
3	5224 5225 5226 
3	5086 5227 5204 
3	5227 5203 5204 
3	5229 5228 5205 
3	5205 5203 5229 
3	5203 5227 5229 
3	5227 5230 5229 
3	5232 5231 5228 
3	5228 5229 5232 
3	5229 5230 5232 
3	5230 5233 5232 
3	5228 5234 5210 
3	5210 5205 5228 
3	5236 5235 5211 
3	5211 5212 5236 
3	5212 5210 5234 
3	5234 5236 5212 
3	5231 5237 5234 
3	5234 5228 5231 
3	5239 5238 5235 
3	5235 5236 5239 
3	5236 5234 5239 
3	5234 5237 5239 
3	5233 5240 5232 
3	5240 5231 5232 
3	5242 5241 5237 
3	5237 5231 5242 
3	5231 5240 5242 
3	5240 5243 5242 
3	5237 5244 5239 
3	5244 5238 5239 
3	5241 5245 5244 
3	5244 5237 5241 
3	5247 5246 5241 
3	5241 5242 5247 
3	5242 5243 5247 
3	5243 5248 5247 
3	5246 5249 5245 
3	5245 5241 5246 
3	5138 5230 5227 
3	5227 5086 5138 
3	5140 5233 5230 
3	5230 5138 5140 
3	5151 5250 5140 
3	5250 5233 5140 
3	5250 5243 5240 
3	5240 5233 5250 
3	5252 5251 5250 
3	5250 5151 5252 
3	5151 5154 5252 
3	5154 5155 5252 
3	5251 5248 5243 
3	5243 5250 5251 
3	5254 5253 5222 
3	5222 5223 5254 
3	5223 5211 5254 
3	5211 5235 5254 
3	5253 5255 5222 
3	5255 5225 5222 
3	5235 5256 5254 
3	5256 5253 5254 
3	5258 5257 5255 
3	5255 5253 5258 
3	5253 5256 5258 
3	5256 5259 5258 
3	5238 5259 5256 
3	5256 5235 5238 
3	5260 5179 5226 
3	5179 5175 5226 
3	5226 5225 5255 
3	5255 5260 5226 
3	5261 5183 5260 
3	5183 5179 5260 
3	5260 5255 5261 
3	5255 5257 5261 
3	5263 5262 5257 
3	5257 5258 5263 
3	5258 5259 5264 
3	5264 5263 5258 
3	5266 5265 5262 
3	5262 5263 5266 
3	5263 5264 5266 
3	5264 5267 5266 
3	5268 5264 5259 
3	5259 5238 5268 
3	5238 5244 5268 
3	5244 5245 5268 
3	5269 5267 5264 
3	5264 5268 5269 
3	5268 5245 5269 
3	5245 5249 5269 
3	5270 5186 5261 
3	5186 5183 5261 
3	5261 5257 5262 
3	5262 5270 5261 
3	5271 5189 5186 
3	5186 5270 5271 
3	5270 5262 5271 
3	5262 5265 5271 
3	5116 5117 5113 
3	5113 5114 5116 
3	5274 5273 5272 
3	5272 5275 5274 
3	5275 5272 5276 
3	5276 5277 5275 
3	5277 5278 5275 
3	5278 5274 5275 
3	5278 5279 5274 
3	5279 5273 5274 
3	5272 5273 5279 
3	5279 5276 5272 
3	5277 5276 5278 
3	5276 5279 5278 
3	3246 4815 5280 
3	5280 3692 3246 
3	4815 4816 5281 
3	5281 5280 4815 
3	3692 5280 5282 
3	5282 3695 3692 
3	5280 5281 5283 
3	5283 5282 5280 
3	5284 4819 4820 
3	4820 4847 5284 
3	5286 5285 5284 
3	5285 4819 5284 
3	5284 4847 5287 
3	5287 5286 5284 
3	4816 4819 5285 
3	5285 5281 4816 
3	5288 5281 5285 
3	5285 5286 5288 
3	5289 5283 5288 
3	5283 5281 5288 
3	5288 5286 5290 
3	5290 5289 5288 
3	5286 5287 5290 
3	5287 5291 5290 
3	3702 3695 5292 
3	3695 5282 5292 
3	3702 5292 5293 
3	5293 3703 3702 
3	5292 5282 5289 
3	5282 5283 5289 
3	5292 5289 5294 
3	5294 5293 5292 
3	3703 5293 3705 
3	5293 5295 3705 
3	5293 5294 5295 
3	5294 5296 5295 
3	5289 5290 5294 
3	5290 5297 5294 
3	5290 5291 5298 
3	5298 5297 5290 
3	5294 5297 5296 
3	5297 5299 5296 
3	5297 5298 5300 
3	5300 5299 5297 
3	5301 4848 4842 
3	4842 4843 5301 
3	5303 5302 5301 
3	5302 4848 5301 
3	5301 4843 5304 
3	5304 5303 5301 
3	5306 5305 5303 
3	5305 5302 5303 
3	5303 5304 5307 
3	5307 5306 5303 
3	5308 4843 4840 
3	4840 4841 5308 
3	5309 5304 5308 
3	5304 4843 5308 
3	5308 4841 4936 
3	4936 5309 5308 
3	5310 5307 5304 
3	5304 5309 5310 
3	5309 4936 4939 
3	4939 5310 5309 
3	4847 4848 5302 
3	5302 5287 4847 
3	5287 5302 5305 
3	5305 5291 5287 
3	5311 5291 5305 
3	5305 5306 5311 
3	5312 5298 5311 
3	5298 5291 5311 
3	5311 5306 5313 
3	5313 5312 5311 
3	5306 5307 5313 
3	5307 5314 5313 
3	5315 5300 5312 
3	5300 5298 5312 
3	5312 5313 5316 
3	5316 5315 5312 
3	5313 5314 5317 
3	5317 5316 5313 
3	5318 5314 5307 
3	5307 5310 5318 
3	5310 4939 4942 
3	4942 5318 5310 
3	5319 5317 5318 
3	5317 5314 5318 
3	5318 4942 4945 
3	4945 5319 5318 
3	5320 5299 5300 
3	5300 5315 5320 
3	5322 5321 5320 
3	5321 5299 5320 
3	5320 5315 5323 
3	5323 5322 5320 
3	5325 5324 5321 
3	5321 5322 5325 
3	5322 5323 5326 
3	5326 5325 5322 
3	3705 5295 3734 
3	5295 5327 3734 
3	5295 5296 5327 
3	5296 5328 5327 
3	3734 5327 3736 
3	5327 5329 3736 
3	5327 5328 5330 
3	5330 5329 5327 
3	5296 5299 5321 
3	5321 5328 5296 
3	5328 5321 5324 
3	5324 5330 5328 
3	5334 5331 5332 
3	5332 5333 5334 
3	5336 5335 5334 
3	5335 5331 5334 
3	5334 5333 5337 
3	5337 5336 5334 
3	5338 5330 5324 
3	5324 5325 5338 
3	5333 5332 5338 
3	5332 5330 5338 
3	5338 5325 5339 
3	5339 5333 5338 
3	5325 5326 5339 
3	5326 5340 5339 
3	5333 5339 5337 
3	5339 5341 5337 
3	5339 5340 5341 
3	5340 5342 5341 
3	3736 5329 3745 
3	5329 5331 3745 
3	5329 5330 5332 
3	5332 5331 5329 
3	3745 5331 5335 
3	5335 3747 3745 
3	5343 5316 5317 
3	5317 5319 5343 
3	5345 5344 5343 
3	5344 5316 5343 
3	5343 5319 4956 
3	4956 5345 5343 
3	5315 5316 5344 
3	5344 5323 5315 
3	5347 5346 5344 
3	5344 5345 5347 
3	5345 4956 4958 
3	4958 5347 5345 
3	5323 5344 5346 
3	5346 5326 5323 
3	5319 4945 4948 
3	4948 4956 5319 
3	5349 5348 5346 
3	5346 5347 5349 
3	5347 4958 4963 
3	4963 5349 5347 
3	5326 5346 5348 
3	5348 5340 5326 
3	5351 5350 5348 
3	5348 5349 5351 
3	5349 4963 4968 
3	4968 5351 5349 
3	5340 5348 5342 
3	5348 5350 5342 
3	5352 3747 5335 
3	5335 5336 5352 
3	3774 3773 5352 
3	3773 3747 5352 
3	5352 5336 5353 
3	5353 3774 5352 
3	5336 5337 5353 
3	5337 5354 5353 
3	3774 5353 5355 
3	5355 3775 3774 
3	5353 5354 5356 
3	5356 5355 5353 
3	5337 5341 5354 
3	5341 5357 5354 
3	5341 5342 5357 
3	5342 5358 5357 
3	5354 5357 5356 
3	5357 5359 5356 
3	5357 5358 5360 
3	5360 5359 5357 
3	3775 5355 3781 
3	5355 5361 3781 
3	5355 5356 5361 
3	5356 5362 5361 
3	3781 5361 3783 
3	5361 5363 3783 
3	5361 5362 5364 
3	5364 5363 5361 
3	5356 5359 5362 
3	5359 5365 5362 
3	5359 5360 5365 
3	5360 5366 5365 
3	5362 5365 5367 
3	5367 5364 5362 
3	5365 5366 5367 
3	5366 5368 5367 
3	5370 5369 5351 
3	5369 5350 5351 
3	5351 4968 5159 
3	5159 5370 5351 
3	5342 5350 5369 
3	5369 5358 5342 
3	5371 5358 5369 
3	5369 5370 5371 
3	5372 5360 5371 
3	5360 5358 5371 
3	5371 5370 5373 
3	5373 5372 5371 
3	5370 5159 5373 
3	5159 5164 5373 
3	5374 5366 5372 
3	5366 5360 5372 
3	5372 5373 5374 
3	5373 5375 5374 
3	5373 5164 5375 
3	5164 5169 5375 
3	5376 5368 5366 
3	5366 5374 5376 
3	5374 5375 5376 
3	5375 5377 5376 
3	5375 5169 5172 
3	5172 5377 5375 
3	3783 5363 3809 
3	5363 5378 3809 
3	5363 5364 5379 
3	5379 5378 5363 
3	5378 5380 3809 
3	5380 3813 3809 
3	5382 5381 5380 
3	5380 5378 5382 
3	5378 5379 5382 
3	5379 5383 5382 
3	5364 5367 5384 
3	5384 5379 5364 
3	5367 5368 5385 
3	5385 5384 5367 
3	5379 5384 5386 
3	5386 5383 5379 
3	5384 5385 5387 
3	5387 5386 5384 
3	3813 5380 3815 
3	5380 5381 3815 
3	5383 5388 5382 
3	5388 5381 5382 
3	5390 5389 5388 
3	5388 5383 5390 
3	5383 5386 5390 
3	5386 5391 5390 
3	5386 5387 5392 
3	5392 5391 5386 
3	5391 5393 5390 
3	5393 5389 5390 
3	5395 5394 5393 
3	5393 5391 5395 
3	5391 5392 5395 
3	5392 5396 5395 
3	3815 5381 5397 
3	5397 3825 3815 
3	5381 5388 5397 
3	5388 5389 5397 
3	3825 5397 5398 
3	5398 3827 3825 
3	5397 5389 5398 
3	5389 5399 5398 
3	5389 5393 5399 
3	5393 5394 5399 
3	5377 5400 5376 
3	5400 5368 5376 
3	5402 5401 5400 
3	5400 5377 5402 
3	5377 5172 5402 
3	5172 5176 5402 
3	5368 5400 5385 
3	5400 5401 5385 
3	5404 5403 5402 
3	5403 5401 5402 
3	5402 5176 5405 
3	5405 5404 5402 
3	5385 5401 5387 
3	5401 5403 5387 
3	5176 5180 5405 
3	5180 5181 5405 
3	5407 5406 5403 
3	5403 5404 5407 
3	5404 5405 5407 
3	5405 5408 5407 
3	5387 5403 5392 
3	5403 5406 5392 
3	5408 5409 5407 
3	5409 5406 5407 
3	5392 5406 5410 
3	5410 5396 5392 
3	5406 5409 5410 
3	5409 5411 5410 
3	5405 5181 5184 
3	5184 5408 5405 
3	5412 5411 5409 
3	5409 5408 5412 
3	5408 5184 5412 
3	5184 5187 5412 
3	570 569 5413 
3	5413 571 570 
3	569 572 5415 
3	572 5414 5415 
3	5415 5416 5413 
3	5413 569 5415 
3	5415 5414 5417 
3	5417 5416 5415 
3	572 578 5414 
3	578 5418 5414 
3	578 580 5419 
3	5419 5418 578 
3	5414 5418 5420 
3	5420 5417 5414 
3	5418 5419 5422 
3	5419 5421 5422 
3	5422 5423 5420 
3	5420 5418 5422 
3	5422 5421 5425 
3	5421 5424 5425 
3	5425 5426 5423 
3	5423 5422 5425 
3	5425 5424 5427 
3	5427 5426 5425 
3	603 602 5428 
3	5428 604 603 
3	604 5428 5430 
3	5428 5429 5430 
3	5430 5431 605 
3	605 604 5430 
3	5430 5429 5432 
3	5432 5431 5430 
3	612 611 5434 
3	611 5433 5434 
3	5434 5435 613 
3	613 612 5434 
3	5431 5433 611 
3	611 605 5431 
3	5434 5433 5436 
3	5436 5435 5434 
3	5431 5432 5438 
3	5432 5437 5438 
3	5438 5439 5433 
3	5433 5431 5438 
3	5439 5440 5436 
3	5436 5433 5439 
3	5438 5437 5441 
3	5441 5439 5438 
3	5439 5441 5442 
3	5442 5443 5439 
3	5443 5444 5440 
3	5440 5439 5443 
3	5443 5442 5445 
3	5445 5444 5443 
3	624 623 5447 
3	623 5446 5447 
3	5447 5448 625 
3	625 624 5447 
3	5447 5446 5449 
3	5449 5448 5447 
3	626 625 5450 
3	625 5448 5450 
3	5450 5419 580 
3	580 626 5450 
3	5450 5448 5451 
3	5451 5419 5450 
3	5419 5451 5421 
3	5451 5452 5421 
3	5448 5449 5454 
3	5449 5453 5454 
3	5454 5452 5451 
3	5451 5448 5454 
3	5435 5446 623 
3	623 613 5435 
3	5435 5436 5455 
3	5436 5440 5455 
3	5455 5456 5446 
3	5446 5435 5455 
3	5456 5453 5449 
3	5449 5446 5456 
3	5421 5452 5424 
3	5452 5457 5424 
3	5454 5453 5459 
3	5453 5458 5459 
3	5459 5457 5452 
3	5452 5454 5459 
3	5424 5457 5461 
3	5457 5460 5461 
3	5461 5462 5427 
3	5427 5424 5461 
3	5459 5458 5463 
3	5463 5457 5459 
3	5457 5463 5460 
3	5463 5464 5460 
3	5455 5440 5465 
3	5465 5456 5455 
3	5456 5465 5467 
3	5465 5466 5467 
3	5467 5458 5453 
3	5453 5456 5467 
3	5444 5466 5465 
3	5465 5440 5444 
3	5467 5466 5468 
3	5468 5458 5467 
3	5444 5445 5469 
3	5469 5466 5444 
3	5466 5469 5471 
3	5469 5470 5471 
3	5471 5472 5468 
3	5468 5466 5471 
3	5458 5468 5473 
3	5468 5472 5473 
3	5473 5464 5463 
3	5463 5458 5473 
3	5476 5475 5477 
3	5475 5474 5477 
3	5477 5474 5479 
3	5474 5478 5479 
3	5479 5480 5476 
3	5476 5477 5479 
3	5480 5481 5476 
3	5481 5475 5476 
3	5479 5478 5482 
3	5482 5483 5479 
3	5483 5484 5479 
3	5484 5480 5479 
3	5483 5482 5486 
3	5482 5485 5486 
3	5486 5485 5487 
3	5487 5488 5486 
3	5488 5489 5486 
3	5489 5483 5486 
3	5489 5490 5484 
3	5484 5483 5489 
3	5492 5491 5481 
3	5481 5480 5492 
3	5484 5493 5492 
3	5492 5480 5484 
3	5493 5494 5492 
3	5494 5491 5492 
3	5490 5495 5493 
3	5493 5484 5490 
3	5497 5496 5493 
3	5496 5494 5493 
3	5495 5498 5497 
3	5497 5493 5495 
3	5461 5460 5499 
3	5499 5462 5461 
3	5460 5464 5501 
3	5464 5500 5501 
3	5501 5502 5499 
3	5499 5460 5501 
3	5501 5500 5503 
3	5503 5502 5501 
3	5471 5470 5504 
3	5504 5472 5471 
3	5473 5472 5505 
3	5505 5464 5473 
3	5464 5505 5500 
3	5505 5506 5500 
3	5472 5504 5507 
3	5507 5508 5472 
3	5508 5506 5505 
3	5505 5472 5508 
3	5500 5506 5510 
3	5506 5509 5510 
3	5510 5511 5503 
3	5503 5500 5510 
3	5508 5507 5513 
3	5507 5512 5513 
3	5513 5509 5506 
3	5506 5508 5513 
3	5516 5515 5517 
3	5515 5514 5517 
3	5517 5514 5518 
3	5518 5519 5517 
3	5519 5520 5517 
3	5520 5516 5517 
3	5498 5521 5497 
3	5521 5496 5497 
3	5510 5509 5522 
3	5522 5514 5510 
3	5514 5515 5510 
3	5515 5511 5510 
3	5513 5512 5524 
3	5512 5523 5524 
3	5524 5522 5513 
3	5522 5509 5513 
3	5514 5522 5525 
3	5525 5518 5514 
3	5524 5523 5527 
3	5523 5526 5527 
3	5527 5525 5524 
3	5525 5522 5524 
3	5488 5487 5529 
3	5487 5528 5529 
3	5529 5528 5530 
3	5530 5531 5529 
3	5531 5532 5529 
3	5532 5488 5529 
3	5531 5530 5534 
3	5530 5533 5534 
3	5534 5533 5535 
3	5535 5536 5534 
3	5536 5537 5534 
3	5537 5531 5534 
3	5537 5538 5531 
3	5538 5532 5531 
3	5539 5538 5540 
3	5538 5537 5540 
3	5540 5537 5541 
3	5541 5542 5540 
3	5542 5543 5540 
3	5543 5539 5540 
3	5536 5535 5544 
3	5544 5537 5536 
3	5537 5544 5541 
3	5544 5545 5541 
3	5542 5541 5546 
3	5546 5543 5542 
3	5541 5545 5548 
3	5545 5547 5548 
3	5548 5549 5546 
3	5546 5541 5548 
3	5548 5547 5550 
3	5550 5551 5548 
3	5551 5552 5549 
3	5549 5548 5551 
3	5551 5550 5554 
3	5550 5553 5554 
3	5554 5555 5552 
3	5552 5551 5554 
3	5554 5553 5557 
3	5553 5556 5557 
3	5557 5558 5554 
3	5558 5555 5554 
3	5557 5556 5560 
3	5556 5559 5560 
3	5560 5561 5558 
3	5558 5557 5560 
3	5564 5563 5565 
3	5563 5562 5565 
3	5565 5562 5566 
3	5566 5567 5565 
3	5567 5568 5565 
3	5568 5564 5565 
3	5532 5569 5488 
3	5569 5489 5488 
3	5569 5570 5489 
3	5570 5490 5489 
3	5571 5569 5572 
3	5569 5532 5572 
3	5572 5532 5538 
3	5538 5539 5572 
3	5539 5573 5572 
3	5573 5571 5572 
3	5574 5570 5569 
3	5569 5571 5574 
3	5573 5575 5574 
3	5574 5571 5573 
3	5570 5576 5490 
3	5576 5495 5490 
3	5576 5577 5495 
3	5577 5498 5495 
3	5562 5576 5570 
3	5570 5574 5562 
3	5575 5566 5574 
3	5566 5562 5574 
3	5563 5577 5562 
3	5577 5576 5562 
3	5578 5575 5579 
3	5575 5573 5579 
3	5579 5573 5580 
3	5580 5581 5579 
3	5581 5582 5579 
3	5582 5578 5579 
3	5581 5580 5584 
3	5580 5583 5584 
3	5584 5585 5582 
3	5582 5581 5584 
3	5586 5568 5567 
3	5567 5587 5586 
3	5587 5567 5588 
3	5588 5589 5587 
3	5589 5590 5587 
3	5590 5586 5587 
3	5567 5566 5578 
3	5566 5575 5578 
3	5582 5588 5578 
3	5588 5567 5578 
3	5589 5588 5592 
3	5588 5591 5592 
3	5592 5593 5590 
3	5590 5589 5592 
3	5585 5591 5582 
3	5591 5588 5582 
3	5543 5580 5573 
3	5573 5539 5543 
3	5543 5546 5549 
3	5549 5594 5543 
3	5594 5583 5580 
3	5580 5543 5594 
3	5597 5596 5598 
3	5596 5595 5598 
3	5598 5595 5600 
3	5595 5599 5600 
3	5600 5601 5598 
3	5601 5597 5598 
3	5595 5602 5564 
3	5602 5563 5564 
3	5568 5599 5564 
3	5599 5595 5564 
3	5596 5603 5602 
3	5602 5595 5596 
3	5604 5520 5519 
3	5519 5605 5604 
3	5605 5519 5606 
3	5606 5607 5605 
3	5607 5608 5605 
3	5608 5604 5605 
3	5519 5518 5610 
3	5518 5609 5610 
3	5610 5609 5603 
3	5603 5596 5610 
3	5596 5606 5610 
3	5606 5519 5610 
3	5607 5606 5597 
3	5606 5596 5597 
3	5601 5611 5597 
3	5611 5607 5597 
3	5611 5612 5608 
3	5608 5607 5611 
3	5614 5613 5521 
3	5521 5498 5614 
3	5577 5615 5614 
3	5614 5498 5577 
3	5527 5526 5614 
3	5526 5613 5614 
3	5615 5616 5527 
3	5527 5614 5615 
3	5602 5615 5577 
3	5577 5563 5602 
3	5603 5616 5602 
3	5616 5615 5602 
3	5518 5525 5609 
3	5525 5527 5609 
3	5609 5527 5616 
3	5616 5603 5609 
3	5600 5599 5586 
3	5599 5568 5586 
3	5590 5617 5586 
3	5617 5600 5586 
3	5617 5618 5600 
3	5618 5601 5600 
3	5593 5619 5617 
3	5617 5590 5593 
3	5619 5620 5618 
3	5618 5617 5619 
3	5618 5621 5611 
3	5611 5601 5618 
3	5621 5622 5612 
3	5612 5611 5621 
3	5620 5623 5618 
3	5623 5621 5618 
3	5623 5624 5622 
3	5622 5621 5623 
3	5584 5583 5625 
3	5625 5585 5584 
3	5592 5591 5626 
3	5626 5593 5592 
3	5585 5625 5628 
3	5625 5627 5628 
3	5628 5629 5591 
3	5591 5585 5628 
3	5629 5630 5626 
3	5626 5591 5629 
3	5628 5627 5632 
3	5627 5631 5632 
3	5632 5633 5629 
3	5629 5628 5632 
3	5633 5634 5629 
3	5634 5630 5629 
3	5594 5549 5552 
3	5552 5635 5594 
3	5635 5636 5594 
3	5636 5583 5594 
3	5636 5627 5625 
3	5625 5583 5636 
3	5635 5552 5637 
3	5552 5555 5637 
3	5637 5638 5636 
3	5636 5635 5637 
3	5638 5631 5627 
3	5627 5636 5638 
3	5632 5631 5639 
3	5639 5633 5632 
3	5633 5639 5641 
3	5639 5640 5641 
3	5641 5642 5634 
3	5634 5633 5641 
3	5641 5640 5643 
3	5643 5644 5641 
3	5644 5645 5642 
3	5642 5641 5644 
3	5637 5555 5646 
3	5646 5638 5637 
3	5638 5646 5648 
3	5646 5647 5648 
3	5648 5649 5638 
3	5649 5631 5638 
3	5558 5647 5646 
3	5646 5555 5558 
3	5648 5647 5650 
3	5650 5651 5648 
3	5651 5652 5648 
3	5652 5649 5648 
3	5561 5650 5558 
3	5650 5647 5558 
3	5649 5640 5639 
3	5639 5631 5649 
3	5652 5643 5640 
3	5640 5649 5652 
3	5593 5626 5653 
3	5626 5630 5653 
3	5653 5654 5619 
3	5619 5593 5653 
3	5654 5655 5620 
3	5620 5619 5654 
3	5653 5630 5656 
3	5656 5654 5653 
3	5654 5656 5655 
3	5656 5657 5655 
3	5634 5658 5656 
3	5656 5630 5634 
3	5658 5659 5657 
3	5657 5656 5658 
3	5655 5660 5623 
3	5623 5620 5655 
3	5660 5661 5624 
3	5624 5623 5660 
3	5655 5657 5660 
3	5657 5662 5660 
3	5660 5662 5661 
3	5662 5663 5661 
3	5659 5664 5662 
3	5662 5657 5659 
3	5664 5665 5662 
3	5665 5663 5662 
3	5642 5666 5634 
3	5666 5658 5634 
3	5666 5667 5658 
3	5667 5659 5658 
3	5645 5668 5666 
3	5666 5642 5645 
3	5668 5669 5667 
3	5667 5666 5668 
3	5667 5670 5659 
3	5670 5664 5659 
3	5670 5671 5664 
3	5671 5665 5664 
3	5669 5672 5667 
3	5672 5670 5667 
3	5672 5673 5670 
3	5673 5671 5670 
3	946 945 5674 
3	5674 5675 946 
3	5675 5676 946 
3	5676 602 946 
3	948 947 5677 
3	5677 5678 948 
3	5678 5674 945 
3	945 948 5678 
3	5675 5674 5680 
3	5674 5679 5680 
3	5680 5681 5676 
3	5676 5675 5680 
3	5678 5677 5683 
3	5677 5682 5683 
3	5683 5679 5678 
3	5679 5674 5678 
3	954 953 5684 
3	5684 5685 954 
3	5685 5677 947 
3	947 954 5685 
3	953 955 5686 
3	955 983 5686 
3	5686 983 5687 
3	5687 5688 5686 
3	5688 5684 5686 
3	5684 953 5686 
3	5685 5684 5689 
3	5689 5690 5685 
3	5690 5682 5677 
3	5677 5685 5690 
3	5688 5687 5691 
3	5691 5692 5688 
3	5692 5689 5684 
3	5684 5688 5692 
3	5680 5679 5693 
3	5693 5681 5680 
3	5683 5682 5695 
3	5682 5694 5695 
3	5695 5696 5679 
3	5679 5683 5695 
3	5696 5697 5693 
3	5693 5679 5696 
3	5695 5694 5698 
3	5698 5696 5695 
3	5696 5698 5700 
3	5698 5699 5700 
3	5700 5701 5697 
3	5697 5696 5700 
3	5690 5689 5703 
3	5689 5702 5703 
3	5703 5694 5690 
3	5694 5682 5690 
3	5692 5691 5704 
3	5704 5705 5692 
3	5705 5702 5692 
3	5702 5689 5692 
3	5703 5702 5707 
3	5702 5706 5707 
3	5707 5708 5694 
3	5694 5703 5707 
3	5705 5704 5710 
3	5704 5709 5710 
3	5710 5706 5702 
3	5702 5705 5710 
3	5708 5699 5698 
3	5698 5694 5708 
3	5713 5712 5714 
3	5712 5711 5714 
3	5714 5711 5715 
3	5715 5716 5714 
3	5716 5717 5714 
3	5717 5713 5714 
3	971 970 5718 
3	5718 5711 971 
3	5711 5712 971 
3	5712 972 971 
3	970 973 5718 
3	973 5719 5718 
3	5711 5718 5715 
3	5718 5720 5715 
3	5718 5719 5720 
3	5719 5721 5720 
3	5716 5715 5723 
3	5715 5722 5723 
3	5723 5724 5716 
3	5724 5717 5716 
3	5723 5722 5725 
3	5725 5726 5723 
3	5726 5727 5724 
3	5724 5723 5726 
3	5715 5720 5722 
3	5720 5728 5722 
3	5720 5721 5729 
3	5729 5728 5720 
3	5722 5728 5730 
3	5730 5725 5722 
3	5728 5729 5731 
3	5731 5730 5728 
3	983 982 5687 
3	982 5713 5687 
3	982 972 5712 
3	5712 5713 982 
3	5687 5713 5717 
3	5717 5691 5687 
3	5691 5717 5724 
3	5724 5704 5691 
3	5704 5724 5727 
3	5727 5709 5704 
3	5700 5699 5732 
3	5732 5733 5700 
3	5733 5734 5701 
3	5701 5700 5733 
3	5733 5732 5735 
3	5735 5736 5733 
3	5736 5737 5734 
3	5734 5733 5736 
3	5707 5706 5738 
3	5738 5708 5707 
3	5710 5709 5739 
3	5739 5706 5710 
3	5706 5739 5741 
3	5739 5740 5741 
3	5741 5742 5738 
3	5738 5706 5741 
3	5741 5740 5743 
3	5743 5744 5741 
3	5744 5745 5741 
3	5745 5742 5741 
3	5708 5738 5746 
3	5738 5742 5746 
3	5746 5732 5699 
3	5699 5708 5746 
3	5746 5742 5747 
3	5742 5745 5747 
3	5747 5735 5732 
3	5732 5746 5747 
3	5736 5735 5748 
3	5748 5749 5736 
3	5749 5750 5736 
3	5750 5737 5736 
3	5485 5750 5751 
3	5750 5749 5751 
3	5751 5749 5752 
3	5752 5528 5751 
3	5528 5487 5751 
3	5487 5485 5751 
3	5749 5748 5754 
3	5748 5753 5754 
3	5754 5753 5755 
3	5755 5756 5754 
3	5756 5752 5754 
3	5752 5749 5754 
3	5744 5743 5758 
3	5743 5757 5758 
3	5758 5757 5759 
3	5759 5760 5758 
3	5760 5761 5744 
3	5744 5758 5760 
3	5761 5762 5744 
3	5762 5745 5744 
3	5753 5762 5763 
3	5762 5761 5763 
3	5763 5761 5764 
3	5764 5765 5763 
3	5765 5755 5763 
3	5755 5753 5763 
3	5760 5759 5766 
3	5766 5767 5760 
3	5767 5764 5760 
3	5764 5761 5760 
3	5747 5745 5753 
3	5745 5762 5753 
3	5753 5748 5747 
3	5748 5735 5747 
3	5726 5725 5768 
3	5768 5769 5726 
3	5769 5770 5727 
3	5727 5726 5769 
3	5769 5768 5771 
3	5771 5772 5769 
3	5772 5773 5770 
3	5770 5769 5772 
3	5725 5730 5768 
3	5730 5774 5768 
3	5730 5731 5774 
3	5731 5775 5774 
3	5768 5774 5771 
3	5774 5776 5771 
3	5774 5775 5776 
3	5775 5777 5776 
3	5772 5771 5779 
3	5771 5778 5779 
3	5779 5780 5773 
3	5773 5772 5779 
3	5779 5778 5782 
3	5778 5781 5782 
3	5782 5783 5779 
3	5783 5780 5779 
3	5771 5776 5778 
3	5776 5784 5778 
3	5776 5777 5785 
3	5785 5784 5776 
3	5778 5784 5786 
3	5786 5781 5778 
3	5784 5785 5786 
3	5785 5787 5786 
3	5709 5727 5788 
3	5727 5770 5788 
3	5788 5740 5739 
3	5739 5709 5788 
3	5788 5770 5757 
3	5770 5773 5757 
3	5757 5743 5788 
3	5743 5740 5788 
3	5757 5773 5780 
3	5780 5759 5757 
3	5759 5780 5766 
3	5780 5783 5766 
3	5676 5429 5428 
3	5428 602 5676 
3	5681 5789 5676 
3	5789 5429 5676 
3	5789 5437 5432 
3	5432 5429 5789 
3	5681 5693 5790 
3	5693 5697 5790 
3	5790 5791 5789 
3	5789 5681 5790 
3	5791 5792 5789 
3	5792 5437 5789 
3	5790 5697 5701 
3	5701 5793 5790 
3	5793 5794 5791 
3	5791 5790 5793 
3	5794 5795 5791 
3	5795 5792 5791 
3	5792 5442 5441 
3	5441 5437 5792 
3	5795 5796 5792 
3	5796 5442 5792 
3	5796 5797 5445 
3	5445 5442 5796 
3	5797 5470 5469 
3	5469 5445 5797 
3	5793 5701 5734 
3	5734 5798 5793 
3	5798 5474 5794 
3	5794 5793 5798 
3	5474 5475 5795 
3	5795 5794 5474 
3	5798 5734 5799 
3	5734 5737 5799 
3	5799 5478 5798 
3	5478 5474 5798 
3	5475 5800 5795 
3	5800 5796 5795 
3	5800 5801 5796 
3	5801 5797 5796 
3	5481 5491 5800 
3	5800 5475 5481 
3	5491 5802 5800 
3	5802 5801 5800 
3	5799 5737 5750 
3	5750 5485 5799 
3	5485 5482 5799 
3	5482 5478 5799 
3	5494 5496 5802 
3	5802 5491 5494 
3	5801 5803 5470 
3	5470 5797 5801 
3	5803 5507 5504 
3	5504 5470 5803 
3	5802 5804 5801 
3	5804 5803 5801 
3	5804 5512 5507 
3	5507 5803 5804 
3	5496 5805 5804 
3	5804 5802 5496 
3	5805 5523 5804 
3	5523 5512 5804 
3	5521 5613 5805 
3	5805 5496 5521 
3	5613 5526 5805 
3	5526 5523 5805 
3	973 1050 5719 
3	1050 5806 5719 
3	1050 1051 5807 
3	5807 5806 1050 
3	5719 5806 5808 
3	5808 5721 5719 
3	5806 5807 5810 
3	5807 5809 5810 
3	5810 5809 5811 
3	5811 5812 5810 
3	5812 5808 5810 
3	5808 5806 5810 
3	1051 1054 5813 
3	1054 1058 5813 
3	5813 1058 5814 
3	5814 5809 5813 
3	5809 5807 5813 
3	5807 1051 5813 
3	1058 1057 5814 
3	1057 5815 5814 
3	5809 5814 5811 
3	5814 5816 5811 
3	5814 5815 5816 
3	5815 5817 5816 
3	5721 5808 5818 
3	5808 5812 5818 
3	5818 5812 5819 
3	5819 5820 5818 
3	5820 5729 5818 
3	5729 5721 5818 
3	5812 5811 5821 
3	5821 5819 5812 
3	5820 5819 5822 
3	5822 5823 5820 
3	5823 5731 5729 
3	5729 5820 5823 
3	5819 5821 5822 
3	5821 5824 5822 
3	5811 5816 5821 
3	5816 5825 5821 
3	5816 5817 5825 
3	5817 5826 5825 
3	5821 5825 5824 
3	5825 5827 5824 
3	5825 5826 5828 
3	5828 5827 5825 
3	1057 1075 5829 
3	5829 5815 1057 
3	1075 1077 5830 
3	5830 5829 1075 
3	5815 5829 5831 
3	5831 5817 5815 
3	5829 5830 5832 
3	5832 5831 5829 
3	1077 1080 5830 
3	1080 5833 5830 
3	1080 1081 5833 
3	1081 5834 5833 
3	5830 5833 5832 
3	5833 5835 5832 
3	5833 5834 5836 
3	5836 5835 5833 
3	5817 5831 5837 
3	5837 5826 5817 
3	5831 5832 5838 
3	5838 5837 5831 
3	5826 5837 5839 
3	5839 5828 5826 
3	5837 5838 5840 
3	5840 5839 5837 
3	5835 5836 5841 
3	5841 5842 5835 
3	5842 5841 5843 
3	5843 5844 5842 
3	5844 5845 5842 
3	5845 5835 5842 
3	5844 5843 5847 
3	5843 5846 5847 
3	5847 5848 5845 
3	5845 5844 5847 
3	5832 5835 5845 
3	5845 5838 5832 
3	5838 5845 5848 
3	5848 5840 5838 
3	5823 5822 5849 
3	5849 5850 5823 
3	5850 5775 5823 
3	5775 5731 5823 
3	5822 5824 5851 
3	5851 5849 5822 
3	5850 5849 5852 
3	5852 5853 5850 
3	5853 5777 5850 
3	5777 5775 5850 
3	5849 5851 5854 
3	5854 5852 5849 
3	5824 5827 5855 
3	5855 5851 5824 
3	5827 5828 5856 
3	5856 5855 5827 
3	5851 5855 5857 
3	5857 5854 5851 
3	5855 5856 5858 
3	5858 5857 5855 
3	5853 5852 5860 
3	5852 5859 5860 
3	5860 5785 5853 
3	5785 5777 5853 
3	5852 5854 5859 
3	5854 5861 5859 
3	5860 5859 5863 
3	5859 5862 5863 
3	5863 5787 5785 
3	5785 5860 5863 
3	5859 5861 5862 
3	5861 5864 5862 
3	5854 5857 5861 
3	5857 5865 5861 
3	5857 5858 5865 
3	5858 5866 5865 
3	5861 5865 5864 
3	5865 5867 5864 
3	5865 5866 5867 
3	5866 5868 5867 
3	5828 5839 5869 
3	5869 5856 5828 
3	5839 5840 5869 
3	5840 5870 5869 
3	5856 5869 5871 
3	5871 5858 5856 
3	5869 5870 5872 
3	5872 5871 5869 
3	5847 5846 5874 
3	5846 5873 5874 
3	5874 5875 5847 
3	5875 5848 5847 
3	5874 5873 5877 
3	5873 5876 5877 
3	5877 5878 5874 
3	5878 5875 5874 
3	5840 5848 5870 
3	5848 5875 5870 
3	5870 5875 5872 
3	5875 5878 5872 
3	5858 5871 5879 
3	5879 5866 5858 
3	5871 5872 5880 
3	5880 5879 5871 
3	5866 5879 5868 
3	5879 5881 5868 
3	5879 5880 5882 
3	5882 5881 5879 
3	5877 5876 5883 
3	5883 5884 5877 
3	5884 5885 5878 
3	5878 5877 5884 
3	5884 5883 5886 
3	5886 5887 5884 
3	5887 5888 5885 
3	5885 5884 5887 
3	5872 5878 5885 
3	5885 5880 5872 
3	5880 5885 5888 
3	5888 5882 5880 
3	5756 5755 5889 
3	5755 5765 5889 
3	5889 5765 5890 
3	5890 5891 5889 
3	5891 5892 5889 
3	5892 5756 5889 
3	5891 5890 5894 
3	5890 5893 5894 
3	5894 5895 5891 
3	5895 5892 5891 
3	5528 5752 5896 
3	5752 5756 5896 
3	5896 5756 5892 
3	5892 5533 5896 
3	5533 5530 5896 
3	5530 5528 5896 
3	5533 5892 5895 
3	5895 5535 5533 
3	5765 5764 5890 
3	5764 5897 5890 
3	5767 5766 5899 
3	5766 5898 5899 
3	5899 5897 5767 
3	5897 5764 5767 
3	5890 5897 5893 
3	5897 5900 5893 
3	5899 5898 5902 
3	5898 5901 5902 
3	5902 5900 5897 
3	5897 5899 5902 
3	5894 5893 5903 
3	5903 5904 5894 
3	5904 5905 5894 
3	5905 5895 5894 
3	5904 5903 5907 
3	5903 5906 5907 
3	5907 5908 5905 
3	5905 5904 5907 
3	5535 5895 5909 
3	5895 5905 5909 
3	5909 5545 5544 
3	5544 5535 5909 
3	5909 5905 5910 
3	5905 5908 5910 
3	5910 5547 5545 
3	5545 5909 5910 
3	5893 5900 5911 
3	5911 5903 5893 
3	5902 5901 5912 
3	5912 5913 5902 
3	5913 5911 5900 
3	5900 5902 5913 
3	5903 5911 5914 
3	5914 5906 5903 
3	5913 5912 5915 
3	5915 5916 5913 
3	5916 5914 5911 
3	5911 5913 5916 
3	5782 5781 5917 
3	5917 5918 5782 
3	5918 5919 5782 
3	5919 5783 5782 
3	5918 5917 5920 
3	5920 5921 5918 
3	5921 5922 5919 
3	5919 5918 5921 
3	5781 5786 5923 
3	5923 5917 5781 
3	5786 5787 5924 
3	5924 5923 5786 
3	5917 5923 5925 
3	5925 5920 5917 
3	5923 5924 5926 
3	5926 5925 5923 
3	5921 5920 5928 
3	5920 5927 5928 
3	5928 5929 5922 
3	5922 5921 5928 
3	5928 5927 5931 
3	5927 5930 5931 
3	5931 5932 5929 
3	5929 5928 5931 
3	5920 5925 5933 
3	5933 5927 5920 
3	5925 5926 5934 
3	5934 5933 5925 
3	5927 5933 5930 
3	5933 5935 5930 
3	5933 5934 5936 
3	5936 5935 5933 
3	5766 5783 5898 
3	5783 5919 5898 
3	5898 5919 5901 
3	5919 5922 5901 
3	5901 5922 5929 
3	5929 5912 5901 
3	5912 5929 5915 
3	5929 5932 5915 
3	5907 5906 5938 
3	5906 5937 5938 
3	5938 5939 5908 
3	5908 5907 5938 
3	5938 5937 5941 
3	5937 5940 5941 
3	5941 5942 5938 
3	5942 5939 5938 
3	5910 5908 5939 
3	5939 5943 5910 
3	5943 5550 5547 
3	5547 5910 5943 
3	5943 5939 5944 
3	5939 5942 5944 
3	5944 5553 5550 
3	5550 5943 5944 
3	5906 5914 5937 
3	5914 5945 5937 
3	5916 5915 5947 
3	5915 5946 5947 
3	5947 5945 5916 
3	5945 5914 5916 
3	5937 5945 5940 
3	5945 5948 5940 
3	5947 5946 5950 
3	5946 5949 5950 
3	5950 5948 5947 
3	5948 5945 5947 
3	5941 5940 5952 
3	5940 5951 5952 
3	5952 5953 5942 
3	5942 5941 5952 
3	5952 5951 5954 
3	5954 5953 5952 
3	5944 5942 5955 
3	5942 5953 5955 
3	5955 5556 5944 
3	5556 5553 5944 
3	5955 5953 5957 
3	5953 5956 5957 
3	5957 5559 5556 
3	5556 5955 5957 
3	5953 5954 5956 
3	5954 5958 5956 
3	5940 5948 5951 
3	5948 5959 5951 
3	5950 5949 5960 
3	5960 5961 5950 
3	5961 5959 5950 
3	5959 5948 5950 
3	5951 5959 5963 
3	5959 5962 5963 
3	5963 5958 5954 
3	5954 5951 5963 
3	5961 5960 5964 
3	5964 5965 5961 
3	5965 5962 5961 
3	5962 5959 5961 
3	5931 5930 5967 
3	5930 5966 5967 
3	5967 5968 5932 
3	5932 5931 5967 
3	5967 5966 5969 
3	5969 5970 5967 
3	5970 5971 5967 
3	5971 5968 5967 
3	5930 5935 5966 
3	5935 5972 5966 
3	5935 5936 5973 
3	5973 5972 5935 
3	5966 5972 5974 
3	5974 5969 5966 
3	5972 5973 5974 
3	5973 5975 5974 
3	5970 5969 5977 
3	5969 5976 5977 
3	5977 5978 5971 
3	5971 5970 5977 
3	5977 5976 5979 
3	5979 5978 5977 
3	5969 5974 5980 
3	5980 5976 5969 
3	5974 5975 5980 
3	5975 5981 5980 
3	5976 5980 5983 
3	5980 5982 5983 
3	5983 5984 5979 
3	5979 5976 5983 
3	5980 5981 5982 
3	5981 5985 5982 
3	5915 5932 5946 
3	5932 5968 5946 
3	5946 5968 5949 
3	5968 5971 5949 
3	5949 5971 5960 
3	5971 5978 5960 
3	5960 5978 5986 
3	5986 5964 5960 
3	5978 5979 5986 
3	5979 5984 5986 
3	5863 5862 5987 
3	5987 5787 5863 
3	5787 5987 5924 
3	5987 5988 5924 
3	5862 5864 5990 
3	5864 5989 5990 
3	5990 5988 5987 
3	5987 5862 5990 
3	5924 5988 5926 
3	5988 5991 5926 
3	5990 5989 5993 
3	5989 5992 5993 
3	5993 5991 5990 
3	5991 5988 5990 
3	5864 5867 5989 
3	5867 5994 5989 
3	5867 5868 5994 
3	5868 5995 5994 
3	5989 5994 5992 
3	5994 5996 5992 
3	5994 5995 5996 
3	5995 5997 5996 
3	5926 5991 5934 
3	5991 5998 5934 
3	5993 5992 6000 
3	5992 5999 6000 
3	6000 5998 5993 
3	5998 5991 5993 
3	5934 5998 6001 
3	6001 5936 5934 
3	6000 5999 6003 
3	5999 6002 6003 
3	6003 6001 6000 
3	6001 5998 6000 
3	5992 5996 5999 
3	5996 6004 5999 
3	5996 5997 6004 
3	5997 6005 6004 
3	5999 6004 6002 
3	6004 6006 6002 
3	6004 6005 6006 
3	6005 6007 6006 
3	5868 5881 5995 
3	5881 6008 5995 
3	5881 5882 6008 
3	5882 6009 6008 
3	5995 6008 5997 
3	6008 6010 5997 
3	6008 6009 6010 
3	6009 6011 6010 
3	5887 5886 6013 
3	5886 6012 6013 
3	6013 6014 5888 
3	5888 5887 6013 
3	6013 6012 6015 
3	6015 6014 6013 
3	5882 5888 6014 
3	6014 6009 5882 
3	6009 6014 6011 
3	6014 6016 6011 
3	6014 6015 6016 
3	6015 6017 6016 
3	5997 6010 6005 
3	6010 6018 6005 
3	6010 6011 6018 
3	6011 6019 6018 
3	6005 6018 6007 
3	6018 6020 6007 
3	6018 6019 6021 
3	6021 6020 6018 
3	6011 6016 6019 
3	6016 6022 6019 
3	6016 6017 6022 
3	6017 6023 6022 
3	6019 6022 6024 
3	6024 6021 6019 
3	6022 6023 6024 
3	6023 6025 6024 
3	5936 6001 6026 
3	6026 5973 5936 
3	6003 6002 6028 
3	6002 6027 6028 
3	6028 6026 6001 
3	6001 6003 6028 
3	5973 6026 5975 
3	6026 6029 5975 
3	6028 6027 6031 
3	6027 6030 6031 
3	6031 6029 6026 
3	6026 6028 6031 
3	6002 6006 6027 
3	6006 6032 6027 
3	6006 6007 6032 
3	6007 6033 6032 
3	6027 6032 6034 
3	6034 6030 6027 
3	6032 6033 6034 
3	6033 6035 6034 
3	5975 6029 5981 
3	6029 6036 5981 
3	6031 6030 6038 
3	6030 6037 6038 
3	6038 6036 6031 
3	6036 6029 6031 
3	5981 6036 5985 
3	6036 6039 5985 
3	6038 6037 6041 
3	6037 6040 6041 
3	6041 6039 6036 
3	6036 6038 6041 
3	6030 6034 6042 
3	6042 6037 6030 
3	6034 6035 6043 
3	6043 6042 6034 
3	6037 6042 6040 
3	6042 6044 6040 
3	6042 6043 6045 
3	6045 6044 6042 
3	6007 6020 6033 
3	6020 6046 6033 
3	6020 6021 6047 
3	6047 6046 6020 
3	6033 6046 6035 
3	6046 6048 6035 
3	6046 6047 6048 
3	6047 6049 6048 
3	6021 6024 6050 
3	6050 6047 6021 
3	6024 6025 6050 
3	6025 6051 6050 
3	6047 6050 6049 
3	6050 6052 6049 
3	6050 6051 6052 
3	6051 6053 6052 
3	6035 6048 6054 
3	6054 6043 6035 
3	6048 6049 6054 
3	6049 6055 6054 
3	6043 6054 6056 
3	6056 6045 6043 
3	6054 6055 6057 
3	6057 6056 6054 
3	6049 6052 6055 
3	6052 6058 6055 
3	6052 6053 6059 
3	6059 6058 6052 
3	6055 6058 6060 
3	6060 6057 6055 
3	6058 6059 6061 
3	6061 6060 6058 
3	5560 5559 6062 
3	6062 5561 5560 
3	5644 5643 6063 
3	6063 5645 5644 
3	5651 5650 6065 
3	5650 6064 6065 
3	6065 6066 5652 
3	5652 5651 6065 
3	5561 6062 6068 
3	6062 6067 6068 
3	6068 6064 5650 
3	5650 5561 6068 
3	6065 6064 6069 
3	6069 6066 6065 
3	6068 6067 6071 
3	6067 6070 6071 
3	6071 6072 6064 
3	6064 6068 6071 
3	6072 6073 6069 
3	6069 6064 6072 
3	6066 6074 5652 
3	6074 5643 5652 
3	6074 6075 6063 
3	6063 5643 6074 
3	6066 6069 6076 
3	6069 6073 6076 
3	6076 6077 6074 
3	6074 6066 6076 
3	6077 6078 6074 
3	6078 6075 6074 
3	6071 6070 6079 
3	6079 6072 6071 
3	6072 6079 6081 
3	6079 6080 6081 
3	6081 6082 6073 
3	6073 6072 6081 
3	6081 6080 6084 
3	6080 6083 6084 
3	6084 6085 6082 
3	6082 6081 6084 
3	6076 6073 6086 
3	6086 6077 6076 
3	6077 6086 6088 
3	6086 6087 6088 
3	6088 6089 6078 
3	6078 6077 6088 
3	6082 6087 6086 
3	6086 6073 6082 
3	6088 6087 6090 
3	6090 6089 6088 
3	6085 6091 6082 
3	6091 6087 6082 
3	6091 6092 6090 
3	6090 6087 6091 
3	5645 6063 6093 
3	6063 6075 6093 
3	6093 6094 5668 
3	5668 5645 6093 
3	6094 6095 5669 
3	5669 5668 6094 
3	6093 6075 6096 
3	6096 6094 6093 
3	6094 6096 6098 
3	6096 6097 6098 
3	6098 6099 6095 
3	6095 6094 6098 
3	6095 6100 5669 
3	6100 5672 5669 
3	6100 6101 5672 
3	6101 5673 5672 
3	6099 6102 6100 
3	6100 6095 6099 
3	6102 6103 6101 
3	6101 6100 6102 
3	6078 6097 6096 
3	6096 6075 6078 
3	6098 6097 6099 
3	6097 6104 6099 
3	6099 6104 6105 
3	6105 6102 6099 
3	6102 6105 6107 
3	6105 6106 6107 
3	6107 6108 6103 
3	6103 6102 6107 
3	6107 6106 6109 
3	6109 6108 6107 
3	6089 6110 6078 
3	6110 6097 6078 
3	6110 6111 6104 
3	6104 6097 6110 
3	6089 6090 6112 
3	6090 6092 6112 
3	6112 6113 6110 
3	6110 6089 6112 
3	6113 6114 6111 
3	6111 6110 6113 
3	6111 6106 6105 
3	6105 6104 6111 
3	6114 6115 6111 
3	6115 6106 6111 
3	6115 6116 6109 
3	6109 6106 6115 
3	6084 6083 6117 
3	6117 6085 6084 
3	6085 6117 6119 
3	6117 6118 6119 
3	6119 6120 6091 
3	6091 6085 6119 
3	6120 6121 6092 
3	6092 6091 6120 
3	6119 6118 6122 
3	6122 6120 6119 
3	6120 6122 6123 
3	6123 6121 6120 
3	6112 6092 6124 
3	6124 6113 6112 
3	6113 6124 6125 
3	6125 6114 6113 
3	6121 6126 6124 
3	6124 6092 6121 
3	6126 6127 6125 
3	6125 6124 6126 
3	6121 6123 6129 
3	6123 6128 6129 
3	6129 6130 6126 
3	6126 6121 6129 
3	6130 6131 6126 
3	6131 6127 6126 
3	6114 6125 6132 
3	6125 6127 6132 
3	6132 6133 6115 
3	6115 6114 6132 
3	6133 6134 6115 
3	6134 6116 6115 
3	6132 6127 6135 
3	6135 6133 6132 
3	6133 6135 6134 
3	6135 6136 6134 
3	6131 6137 6135 
3	6135 6127 6131 
3	6137 6138 6136 
3	6136 6135 6137 
3	6129 6128 6139 
3	6139 6130 6129 
3	6130 6139 6131 
3	6139 6140 6131 
3	6131 6140 6141 
3	6141 6137 6131 
3	6137 6141 6138 
3	6141 6142 6138 
3	5957 5956 6143 
3	6143 5559 5957 
3	5559 6143 6145 
3	6143 6144 6145 
3	6145 6067 6062 
3	6062 5559 6145 
3	5956 5958 6147 
3	5958 6146 6147 
3	6147 6144 6143 
3	6143 5956 6147 
3	6145 6144 6149 
3	6144 6148 6149 
3	6149 6070 6067 
3	6067 6145 6149 
3	6147 6146 6151 
3	6146 6150 6151 
3	6151 6148 6147 
3	6148 6144 6147 
3	5963 5962 6153 
3	5962 6152 6153 
3	6153 6146 5963 
3	6146 5958 5963 
3	5965 5964 6155 
3	5964 6154 6155 
3	6155 6152 5962 
3	5962 5965 6155 
3	6153 6152 6157 
3	6152 6156 6157 
3	6157 6150 6146 
3	6146 6153 6157 
3	6155 6154 6158 
3	6158 6152 6155 
3	6152 6158 6156 
3	6158 6159 6156 
3	6149 6148 6161 
3	6148 6160 6161 
3	6161 6162 6070 
3	6070 6149 6161 
3	6151 6150 6164 
3	6150 6163 6164 
3	6164 6160 6148 
3	6148 6151 6164 
3	6161 6160 6165 
3	6165 6162 6161 
3	6164 6163 6166 
3	6166 6160 6164 
3	6160 6166 6168 
3	6166 6167 6168 
3	6168 6169 6165 
3	6165 6160 6168 
3	6157 6156 6170 
3	6170 6150 6157 
3	6156 6159 6172 
3	6159 6171 6172 
3	6172 6173 6170 
3	6170 6156 6172 
3	6172 6171 6175 
3	6171 6174 6175 
3	6175 6176 6173 
3	6173 6172 6175 
3	6150 6170 6163 
3	6170 6173 6163 
3	6163 6173 6177 
3	6173 6176 6177 
3	6177 6167 6166 
3	6166 6163 6177 
3	5983 5982 6179 
3	5982 6178 6179 
3	6179 6180 5983 
3	6180 5984 5983 
3	5982 5985 6181 
3	6181 6178 5982 
3	6179 6178 6183 
3	6178 6182 6183 
3	6183 6184 6180 
3	6180 6179 6183 
3	6178 6181 6185 
3	6185 6182 6178 
3	6183 6182 6186 
3	6186 6184 6183 
3	6182 6185 6188 
3	6185 6187 6188 
3	6188 6189 6186 
3	6186 6182 6188 
3	6188 6187 6190 
3	6190 6189 6188 
3	5964 5986 6191 
3	6191 6154 5964 
3	5986 5984 6191 
3	5984 6180 6191 
3	6154 6191 6193 
3	6191 6192 6193 
3	6193 6159 6158 
3	6158 6154 6193 
3	6191 6180 6192 
3	6180 6184 6192 
3	6193 6192 6195 
3	6192 6194 6195 
3	6195 6171 6159 
3	6159 6193 6195 
3	6192 6184 6196 
3	6196 6194 6192 
3	6195 6194 6197 
3	6197 6171 6195 
3	6171 6197 6174 
3	6197 6198 6174 
3	6194 6196 6200 
3	6196 6199 6200 
3	6200 6198 6197 
3	6197 6194 6200 
3	6184 6186 6196 
3	6186 6189 6196 
3	6196 6189 6201 
3	6201 6199 6196 
3	6189 6190 6201 
3	6190 6202 6201 
3	6168 6167 6203 
3	6203 6169 6168 
3	6175 6174 6204 
3	6204 6176 6175 
3	6177 6176 6205 
3	6205 6167 6177 
3	6167 6205 6207 
3	6205 6206 6207 
3	6207 6208 6203 
3	6203 6167 6207 
3	6176 6204 6210 
3	6204 6209 6210 
3	6210 6206 6205 
3	6205 6176 6210 
3	6207 6206 6212 
3	6206 6211 6212 
3	6212 6213 6208 
3	6208 6207 6212 
3	6210 6209 6215 
3	6209 6214 6215 
3	6215 6211 6206 
3	6206 6210 6215 
3	6212 6211 6216 
3	6216 6213 6212 
3	6215 6214 6217 
3	6217 6211 6215 
3	6211 6217 6219 
3	6217 6218 6219 
3	6219 6220 6216 
3	6216 6211 6219 
3	6219 6218 6221 
3	6221 6220 6219 
3	6174 6198 6223 
3	6198 6222 6223 
3	6223 6209 6204 
3	6204 6174 6223 
3	6200 6199 6224 
3	6224 6198 6200 
3	6198 6224 6222 
3	6224 6225 6222 
3	6223 6222 6226 
3	6226 6209 6223 
3	6222 6225 6228 
3	6225 6227 6228 
3	6228 6229 6226 
3	6226 6222 6228 
3	6209 6226 6214 
3	6226 6229 6214 
3	6199 6201 6231 
3	6201 6230 6231 
3	6231 6225 6224 
3	6224 6199 6231 
3	6201 6202 6232 
3	6232 6230 6201 
3	6231 6230 6233 
3	6233 6225 6231 
3	6225 6233 6227 
3	6233 6234 6227 
3	6230 6232 6236 
3	6232 6235 6236 
3	6236 6234 6233 
3	6233 6230 6236 
3	6228 6227 6237 
3	6237 6229 6228 
3	6214 6229 6239 
3	6229 6238 6239 
3	6239 6218 6217 
3	6217 6214 6239 
3	6229 6237 6238 
3	6237 6240 6238 
3	6239 6238 6241 
3	6241 6218 6239 
3	6218 6241 6243 
3	6241 6242 6243 
3	6243 6244 6221 
3	6221 6218 6243 
3	6238 6240 6246 
3	6240 6245 6246 
3	6246 6242 6241 
3	6241 6238 6246 
3	6227 6234 6248 
3	6234 6247 6248 
3	6248 6240 6237 
3	6237 6227 6248 
3	6236 6235 6249 
3	6249 6234 6236 
3	6234 6249 6247 
3	6249 6250 6247 
3	6248 6247 6251 
3	6251 6240 6248 
3	6247 6250 6253 
3	6250 6252 6253 
3	6253 6254 6251 
3	6251 6247 6253 
3	6240 6251 6245 
3	6251 6254 6245 
3	6162 6080 6079 
3	6079 6070 6162 
3	6162 6165 6255 
3	6165 6169 6255 
3	6255 6083 6080 
3	6080 6162 6255 
3	6255 6169 6256 
3	6256 6083 6255 
3	6083 6256 6258 
3	6256 6257 6258 
3	6258 6118 6117 
3	6117 6083 6258 
3	6169 6203 6259 
3	6203 6208 6259 
3	6259 6257 6256 
3	6256 6169 6259 
3	6258 6257 6260 
3	6260 6118 6258 
3	6259 6208 6261 
3	6208 6213 6261 
3	6261 6262 6257 
3	6257 6259 6261 
3	6262 6263 6260 
3	6260 6257 6262 
3	6118 6260 6264 
3	6260 6263 6264 
3	6264 6265 6122 
3	6122 6118 6264 
3	6265 6128 6123 
3	6123 6122 6265 
3	6261 6213 6266 
3	6266 6262 6261 
3	6262 6266 6267 
3	6267 6263 6262 
3	6264 6263 6268 
3	6268 6265 6264 
3	6265 6268 6269 
3	6269 6128 6265 
3	6263 6267 6271 
3	6267 6270 6271 
3	6271 6272 6268 
3	6268 6263 6271 
3	6272 6273 6269 
3	6269 6268 6272 
3	6271 6270 6274 
3	6274 6272 6271 
3	6272 6274 6276 
3	6274 6275 6276 
3	6276 6277 6273 
3	6273 6272 6276 
3	6213 6216 6278 
3	6216 6220 6278 
3	6278 6279 6266 
3	6266 6213 6278 
3	6279 6270 6267 
3	6267 6266 6279 
3	6278 6220 6280 
3	6280 6279 6278 
3	6279 6280 6281 
3	6281 6270 6279 
3	6220 6221 6282 
3	6221 6244 6282 
3	6282 6283 6280 
3	6280 6220 6282 
3	6283 6284 6281 
3	6281 6280 6283 
3	6270 6281 6285 
3	6281 6284 6285 
3	6285 6275 6274 
3	6274 6270 6285 
3	6128 6269 6286 
3	6269 6273 6286 
3	6286 6287 6139 
3	6139 6128 6286 
3	6287 6288 6140 
3	6140 6139 6287 
3	6286 6273 6289 
3	6289 6287 6286 
3	6287 6289 6288 
3	6289 6290 6288 
3	6277 6291 6289 
3	6289 6273 6277 
3	6291 6292 6290 
3	6290 6289 6291 
3	6288 6293 6141 
3	6141 6140 6288 
3	6293 6294 6142 
3	6142 6141 6293 
3	6288 6290 6293 
3	6290 6295 6293 
3	6293 6295 6296 
3	6296 6294 6293 
3	6292 6297 6295 
3	6295 6290 6292 
3	6297 6298 6295 
3	6298 6296 6295 
3	5985 6039 6299 
3	6299 6181 5985 
3	6041 6040 6300 
3	6300 6039 6041 
3	6039 6300 6299 
3	6300 6301 6299 
3	6181 6299 6302 
3	6302 6185 6181 
3	6299 6301 6302 
3	6301 6303 6302 
3	6040 6044 6305 
3	6044 6304 6305 
3	6305 6301 6300 
3	6300 6040 6305 
3	6044 6045 6304 
3	6045 6306 6304 
3	6305 6304 6308 
3	6304 6307 6308 
3	6308 6303 6301 
3	6301 6305 6308 
3	6304 6306 6307 
3	6306 6309 6307 
3	6185 6302 6310 
3	6310 6187 6185 
3	6302 6303 6311 
3	6311 6310 6302 
3	6187 6310 6313 
3	6310 6312 6313 
3	6313 6202 6190 
3	6190 6187 6313 
3	6310 6311 6314 
3	6314 6312 6310 
3	6308 6307 6315 
3	6315 6303 6308 
3	6303 6315 6311 
3	6315 6316 6311 
3	6307 6309 6318 
3	6309 6317 6318 
3	6318 6316 6315 
3	6315 6307 6318 
3	6311 6316 6319 
3	6319 6314 6311 
3	6318 6317 6320 
3	6320 6316 6318 
3	6316 6320 6319 
3	6320 6321 6319 
3	6045 6056 6306 
3	6056 6322 6306 
3	6056 6057 6323 
3	6323 6322 6056 
3	6306 6322 6309 
3	6322 6324 6309 
3	6322 6323 6325 
3	6325 6324 6322 
3	6057 6060 6326 
3	6326 6323 6057 
3	6060 6061 6326 
3	6061 6327 6326 
3	6323 6326 6328 
3	6328 6325 6323 
3	6326 6327 6328 
3	6327 6329 6328 
3	6309 6324 6330 
3	6330 6317 6309 
3	6324 6325 6331 
3	6331 6330 6324 
3	6317 6330 6333 
3	6330 6332 6333 
3	6333 6321 6320 
3	6320 6317 6333 
3	6330 6331 6332 
3	6331 6334 6332 
3	6325 6328 6335 
3	6335 6331 6325 
3	6328 6329 6336 
3	6336 6335 6328 
3	6331 6335 6337 
3	6337 6334 6331 
3	6335 6336 6338 
3	6338 6337 6335 
3	6313 6312 6339 
3	6339 6202 6313 
3	6312 6314 6341 
3	6314 6340 6341 
3	6341 6342 6339 
3	6339 6312 6341 
3	6341 6340 6343 
3	6343 6342 6341 
3	6314 6319 6344 
3	6344 6340 6314 
3	6319 6321 6345 
3	6345 6344 6319 
3	6340 6344 6347 
3	6344 6346 6347 
3	6347 6348 6343 
3	6343 6340 6347 
3	6344 6345 6346 
3	6345 6349 6346 
3	6347 6346 6350 
3	6350 6348 6347 
3	6346 6349 6350 
3	6349 6351 6350 
3	6202 6339 6232 
3	6339 6342 6232 
3	6232 6342 6352 
3	6352 6235 6232 
3	6342 6343 6352 
3	6343 6348 6352 
3	6235 6352 6354 
3	6352 6353 6354 
3	6354 6250 6249 
3	6249 6235 6354 
3	6352 6348 6355 
3	6355 6353 6352 
3	6354 6353 6356 
3	6356 6250 6354 
3	6250 6356 6252 
3	6356 6357 6252 
3	6353 6355 6356 
3	6355 6358 6356 
3	6356 6358 6357 
3	6358 6359 6357 
3	6348 6350 6355 
3	6350 6360 6355 
3	6350 6351 6361 
3	6361 6360 6350 
3	6355 6360 6362 
3	6362 6358 6355 
3	6358 6362 6359 
3	6362 6363 6359 
3	6360 6361 6365 
3	6361 6364 6365 
3	6365 6363 6362 
3	6362 6360 6365 
3	6333 6332 6321 
3	6332 6366 6321 
3	6321 6366 6345 
3	6366 6367 6345 
3	6332 6334 6368 
3	6368 6366 6332 
3	6366 6368 6367 
3	6368 6369 6367 
3	6345 6367 6349 
3	6367 6370 6349 
3	6367 6369 6371 
3	6371 6370 6367 
3	6334 6337 6373 
3	6337 6372 6373 
3	6373 6369 6368 
3	6368 6334 6373 
3	6337 6338 6374 
3	6374 6372 6337 
3	6373 6372 6375 
3	6375 6369 6373 
3	6369 6375 6371 
3	6375 6376 6371 
3	6372 6374 6375 
3	6374 6377 6375 
3	6375 6377 6378 
3	6378 6376 6375 
3	6349 6370 6379 
3	6379 6351 6349 
3	6370 6371 6381 
3	6371 6380 6381 
3	6381 6382 6379 
3	6379 6370 6381 
3	6381 6380 6383 
3	6383 6382 6381 
3	6371 6376 6384 
3	6384 6380 6371 
3	6376 6378 6385 
3	6385 6384 6376 
3	6380 6384 6383 
3	6384 6386 6383 
3	6384 6385 6387 
3	6387 6386 6384 
3	6351 6379 6361 
3	6379 6382 6361 
3	6361 6382 6388 
3	6388 6364 6361 
3	6382 6383 6388 
3	6383 6389 6388 
3	6383 6386 6389 
3	6386 6390 6389 
3	6386 6387 6390 
3	6387 6391 6390 
3	6243 6242 6392 
3	6392 6244 6243 
3	6246 6245 6393 
3	6393 6242 6246 
3	6242 6393 6394 
3	6394 6392 6242 
3	6253 6252 6395 
3	6395 6254 6253 
3	6245 6254 6396 
3	6396 6393 6245 
3	6393 6396 6398 
3	6396 6397 6398 
3	6398 6399 6394 
3	6394 6393 6398 
3	6254 6395 6401 
3	6395 6400 6401 
3	6401 6397 6396 
3	6396 6254 6401 
3	6398 6397 6402 
3	6402 6399 6398 
3	6401 6400 6403 
3	6403 6397 6401 
3	6397 6403 6404 
3	6404 6402 6397 
3	6276 6275 6405 
3	6405 6277 6276 
3	6282 6244 6406 
3	6406 6283 6282 
3	6283 6406 6407 
3	6407 6284 6283 
3	6285 6284 6408 
3	6408 6275 6285 
3	6275 6408 6409 
3	6409 6405 6275 
3	6284 6407 6411 
3	6407 6410 6411 
3	6411 6412 6408 
3	6408 6284 6411 
3	6412 6413 6409 
3	6409 6408 6412 
3	6411 6410 6414 
3	6414 6412 6411 
3	6412 6414 6415 
3	6415 6413 6412 
3	6277 6405 6416 
3	6416 6291 6277 
3	6291 6416 6417 
3	6417 6292 6291 
3	6292 6417 6418 
3	6418 6297 6292 
3	6297 6418 6419 
3	6419 6298 6297 
3	6405 6409 6420 
3	6409 6413 6420 
3	6420 6421 6416 
3	6416 6405 6420 
3	6421 6422 6416 
3	6422 6417 6416 
3	6420 6413 6423 
3	6423 6421 6420 
3	6421 6423 6424 
3	6424 6422 6421 
3	6413 6415 6426 
3	6415 6425 6426 
3	6426 6427 6423 
3	6423 6413 6426 
3	6427 6428 6423 
3	6428 6424 6423 
3	6422 6429 6417 
3	6429 6418 6417 
3	6429 6430 6418 
3	6430 6419 6418 
3	6422 6424 6431 
3	6431 6429 6422 
3	6429 6431 6432 
3	6432 6430 6429 
3	6428 6433 6424 
3	6433 6431 6424 
3	6433 6434 6431 
3	6434 6432 6431 
3	6426 6425 6435 
3	6435 6427 6426 
3	6427 6435 6428 
3	6435 6436 6428 
3	6428 6436 6437 
3	6437 6433 6428 
3	6433 6437 6438 
3	6438 6434 6433 
3	6244 6392 6439 
3	6439 6406 6244 
3	6406 6439 6441 
3	6439 6440 6441 
3	6441 6410 6407 
3	6407 6406 6441 
3	6392 6394 6442 
3	6394 6399 6442 
3	6442 6440 6439 
3	6439 6392 6442 
3	6441 6440 6443 
3	6443 6410 6441 
3	6442 6399 6444 
3	6444 6440 6442 
3	6440 6444 6446 
3	6444 6445 6446 
3	6446 6447 6443 
3	6443 6440 6446 
3	6410 6443 6448 
3	6443 6447 6448 
3	6448 6449 6414 
3	6414 6410 6448 
3	6449 6425 6415 
3	6415 6414 6449 
3	6399 6402 6451 
3	6402 6450 6451 
3	6451 6445 6444 
3	6444 6399 6451 
3	6402 6404 6450 
3	6404 6452 6450 
3	6446 6445 6453 
3	6453 6447 6446 
3	6448 6447 6454 
3	6454 6449 6448 
3	6449 6454 6455 
3	6455 6425 6449 
3	6447 6453 6456 
3	6456 6454 6447 
3	6454 6456 6457 
3	6457 6455 6454 
3	6451 6450 6458 
3	6458 6445 6451 
3	6445 6458 6459 
3	6459 6453 6445 
3	6450 6452 6460 
3	6460 6458 6450 
3	6458 6460 6462 
3	6460 6461 6462 
3	6462 6463 6459 
3	6459 6458 6462 
3	6462 6461 6464 
3	6464 6463 6462 
3	6453 6459 6465 
3	6459 6463 6465 
3	6465 6466 6456 
3	6456 6453 6465 
3	6466 6467 6457 
3	6457 6456 6466 
3	6465 6463 6468 
3	6468 6466 6465 
3	6466 6468 6469 
3	6469 6467 6466 
3	6463 6464 6468 
3	6464 6470 6468 
3	6468 6470 6471 
3	6471 6469 6468 
3	6425 6455 6472 
3	6472 6435 6425 
3	6435 6472 6473 
3	6473 6436 6435 
3	6455 6457 6474 
3	6457 6467 6474 
3	6474 6475 6472 
3	6472 6455 6474 
3	6475 6476 6473 
3	6473 6472 6475 
3	6474 6467 6477 
3	6477 6475 6474 
3	6475 6477 6478 
3	6478 6476 6475 
3	6436 6473 6479 
3	6473 6476 6479 
3	6479 6480 6437 
3	6437 6436 6479 
3	6480 6481 6437 
3	6481 6438 6437 
3	6479 6476 6482 
3	6482 6480 6479 
3	6480 6482 6481 
3	6482 6483 6481 
3	6476 6478 6482 
3	6478 6484 6482 
3	6482 6484 6483 
3	6484 6485 6483 
3	6467 6469 6486 
3	6486 6477 6467 
3	6477 6486 6487 
3	6487 6478 6477 
3	6469 6471 6489 
3	6471 6488 6489 
3	6489 6490 6486 
3	6486 6469 6489 
3	6490 6491 6487 
3	6487 6486 6490 
3	6478 6487 6492 
3	6487 6491 6492 
3	6492 6493 6484 
3	6484 6478 6492 
3	6493 6494 6484 
3	6494 6485 6484 
3	6489 6488 6495 
3	6495 6490 6489 
3	6490 6495 6496 
3	6496 6491 6490 
3	6492 6491 6497 
3	6497 6493 6492 
3	6493 6497 6498 
3	6498 6494 6493 
3	6491 6496 6497 
3	6496 6499 6497 
3	6497 6499 6498 
3	6499 6500 6498 
3	6252 6357 6395 
3	6357 6501 6395 
3	6357 6359 6502 
3	6502 6501 6357 
3	6395 6501 6400 
3	6501 6503 6400 
3	6501 6502 6503 
3	6502 6504 6503 
3	6400 6503 6505 
3	6505 6403 6400 
3	6403 6505 6507 
3	6505 6506 6507 
3	6507 6452 6404 
3	6404 6403 6507 
3	6503 6504 6508 
3	6508 6505 6503 
3	6505 6508 6506 
3	6508 6509 6506 
3	6359 6363 6511 
3	6363 6510 6511 
3	6511 6504 6502 
3	6502 6359 6511 
3	6365 6364 6512 
3	6512 6363 6365 
3	6363 6512 6510 
3	6512 6513 6510 
3	6511 6510 6514 
3	6514 6504 6511 
3	6510 6513 6514 
3	6513 6515 6514 
3	6504 6514 6517 
3	6514 6516 6517 
3	6517 6509 6508 
3	6508 6504 6517 
3	6514 6515 6518 
3	6518 6516 6514 
3	6507 6506 6519 
3	6519 6452 6507 
3	6506 6509 6520 
3	6520 6519 6506 
3	6517 6516 6521 
3	6521 6509 6517 
3	6509 6521 6522 
3	6522 6520 6509 
3	6516 6518 6523 
3	6523 6521 6516 
3	6521 6523 6525 
3	6523 6524 6525 
3	6525 6526 6522 
3	6522 6521 6525 
3	6525 6524 6527 
3	6527 6526 6525 
3	6364 6388 6512 
3	6388 6528 6512 
3	6512 6528 6513 
3	6528 6529 6513 
3	6388 6389 6528 
3	6389 6530 6528 
3	6528 6530 6529 
3	6530 6531 6529 
3	6513 6529 6532 
3	6532 6515 6513 
3	6529 6531 6533 
3	6533 6532 6529 
3	6515 6532 6534 
3	6534 6518 6515 
3	6532 6533 6534 
3	6533 6535 6534 
3	6389 6390 6530 
3	6390 6536 6530 
3	6530 6536 6531 
3	6536 6537 6531 
3	6390 6391 6538 
3	6538 6536 6390 
3	6536 6538 6539 
3	6539 6537 6536 
3	6531 6537 6540 
3	6540 6533 6531 
3	6537 6539 6542 
3	6539 6541 6542 
3	6542 6543 6540 
3	6540 6537 6542 
3	6533 6540 6535 
3	6540 6543 6535 
3	6518 6534 6544 
3	6544 6523 6518 
3	6523 6544 6545 
3	6545 6524 6523 
3	6534 6535 6546 
3	6546 6544 6534 
3	6544 6546 6547 
3	6547 6545 6544 
3	6524 6545 6527 
3	6545 6548 6527 
3	6545 6547 6549 
3	6549 6548 6545 
3	6542 6541 6550 
3	6550 6543 6542 
3	6535 6543 6551 
3	6551 6546 6535 
3	6546 6551 6547 
3	6551 6552 6547 
3	6543 6550 6551 
3	6550 6553 6551 
3	6551 6553 6552 
3	6553 6554 6552 
3	6547 6552 6555 
3	6555 6549 6547 
3	6552 6554 6555 
3	6554 6556 6555 
3	6452 6519 6557 
3	6557 6460 6452 
3	6460 6557 6461 
3	6557 6558 6461 
3	6519 6520 6560 
3	6520 6559 6560 
3	6560 6558 6557 
3	6557 6519 6560 
3	6461 6558 6561 
3	6561 6464 6461 
3	6560 6559 6562 
3	6562 6558 6560 
3	6558 6562 6563 
3	6563 6561 6558 
3	6464 6561 6564 
3	6564 6470 6464 
3	6470 6564 6566 
3	6564 6565 6566 
3	6566 6488 6471 
3	6471 6470 6566 
3	6561 6563 6568 
3	6563 6567 6568 
3	6568 6565 6564 
3	6564 6561 6568 
3	6520 6522 6559 
3	6522 6526 6559 
3	6559 6526 6569 
3	6569 6562 6559 
3	6562 6569 6570 
3	6570 6563 6562 
3	6526 6527 6571 
3	6571 6569 6526 
3	6569 6571 6573 
3	6571 6572 6573 
3	6573 6574 6570 
3	6570 6569 6573 
3	6563 6570 6567 
3	6570 6574 6567 
3	6527 6548 6575 
3	6575 6571 6527 
3	6571 6575 6572 
3	6575 6576 6572 
3	6548 6549 6578 
3	6549 6577 6578 
3	6578 6576 6575 
3	6575 6548 6578 
3	6549 6555 6579 
3	6579 6577 6549 
3	6555 6556 6580 
3	6580 6579 6555 
3	6566 6565 6581 
3	6581 6488 6566 
3	6568 6567 6582 
3	6582 6565 6568 
3	6565 6582 6581 
3	6582 6583 6581 
3	6573 6572 6584 
3	6584 6574 6573 
3	6567 6574 6585 
3	6585 6582 6567 
3	6582 6585 6586 
3	6586 6583 6582 
3	6574 6584 6585 
3	6584 6587 6585 
3	6585 6587 6588 
3	6588 6586 6585 
3	6488 6581 6495 
3	6581 6589 6495 
3	6495 6589 6496 
3	6589 6590 6496 
3	6581 6583 6591 
3	6591 6589 6581 
3	6589 6591 6592 
3	6592 6590 6589 
3	6496 6590 6593 
3	6593 6499 6496 
3	6499 6593 6500 
3	6593 6594 6500 
3	6590 6592 6596 
3	6592 6595 6596 
3	6596 6597 6593 
3	6593 6590 6596 
3	6597 6598 6594 
3	6594 6593 6597 
3	6596 6595 6599 
3	6599 6597 6596 
3	6597 6599 6598 
3	6599 6600 6598 
3	6583 6586 6601 
3	6601 6602 6583 
3	6602 6603 6583 
3	6603 6591 6583 
3	6603 6595 6592 
3	6592 6591 6603 
3	6586 6588 6601 
3	6588 6604 6601 
3	6602 6601 6605 
3	6605 6603 6602 
3	6603 6605 6606 
3	6606 6595 6603 
3	6601 6604 6607 
3	6607 6605 6601 
3	6605 6607 6606 
3	6607 6608 6606 
3	6595 6606 6599 
3	6606 6609 6599 
3	6599 6609 6600 
3	6609 6610 6600 
3	6606 6608 6609 
3	6608 6611 6609 
3	6609 6611 6612 
3	6612 6610 6609 
3	6572 6576 6613 
3	6613 6584 6572 
3	6578 6577 6614 
3	6614 6576 6578 
3	6576 6614 6613 
3	6614 6615 6613 
3	6584 6613 6616 
3	6616 6587 6584 
3	6587 6616 6618 
3	6616 6617 6618 
3	6618 6604 6588 
3	6588 6587 6618 
3	6613 6615 6619 
3	6619 6616 6613 
3	6616 6619 6617 
3	6619 6620 6617 
3	6618 6617 6621 
3	6621 6604 6618 
3	6617 6620 6622 
3	6622 6621 6617 
3	6577 6579 6614 
3	6579 6623 6614 
3	6614 6623 6624 
3	6624 6615 6614 
3	6579 6580 6623 
3	6580 6625 6623 
3	6623 6625 6626 
3	6626 6624 6623 
3	6615 6624 6628 
3	6624 6627 6628 
3	6628 6620 6619 
3	6619 6615 6628 
3	6624 6626 6629 
3	6629 6627 6624 
3	6628 6627 6630 
3	6630 6620 6628 
3	6620 6630 6622 
3	6630 6631 6622 
3	6627 6629 6632 
3	6632 6630 6627 
3	6630 6632 6631 
3	6632 6633 6631 
3	6604 6621 6607 
3	6621 6634 6607 
3	6607 6634 6608 
3	6634 6635 6608 
3	6621 6622 6634 
3	6622 6636 6634 
3	6634 6636 6635 
3	6636 6637 6635 
3	6608 6635 6611 
3	6635 6638 6611 
3	6611 6638 6639 
3	6639 6612 6611 
3	6635 6637 6638 
3	6637 6640 6638 
3	6638 6640 6641 
3	6641 6639 6638 
3	6622 6631 6636 
3	6631 6642 6636 
3	6636 6642 6637 
3	6642 6643 6637 
3	6631 6633 6642 
3	6633 6644 6642 
3	6642 6644 6645 
3	6645 6643 6642 
3	6637 6643 6646 
3	6646 6640 6637 
3	6640 6646 6648 
3	6646 6647 6648 
3	6648 6649 6641 
3	6641 6640 6648 
3	6643 6645 6651 
3	6645 6650 6651 
3	6651 6647 6643 
3	6647 6646 6643 
3	6648 6647 6652 
3	6652 6649 6648 
3	6651 6650 6653 
3	6653 6647 6651 
3	6647 6653 6654 
3	6654 6652 6647 
3	571 5413 6655 
3	5413 5416 6655 
3	6655 6656 571 
3	6656 1640 571 
3	6656 6657 1643 
3	1643 1640 6656 
3	6657 6658 1644 
3	1644 1643 6657 
3	6655 5416 6656 
3	5416 6657 6656 
3	5416 5417 6660 
3	5417 6659 6660 
3	6660 6661 5416 
3	6661 6657 5416 
3	6657 6662 6658 
3	6662 6663 6658 
3	6661 6664 6662 
3	6662 6657 6661 
3	6658 6663 1646 
3	1646 1644 6658 
3	5417 5420 6659 
3	5420 5423 6659 
3	6662 6665 6663 
3	6665 6666 6663 
3	6664 6667 6665 
3	6665 6662 6664 
3	6667 6668 6665 
3	6668 6666 6665 
3	6663 6666 1651 
3	1651 1646 6663 
3	1651 6669 1652 
3	6669 1653 1652 
3	6666 6670 6669 
3	6669 1651 6666 
3	6668 6671 6670 
3	6670 6666 6668 
3	6660 6659 6661 
3	6659 6664 6661 
3	6659 5423 6672 
3	5423 5426 6672 
3	6672 6673 6659 
3	6673 6664 6659 
3	6673 6674 6667 
3	6667 6664 6673 
3	6674 6675 6667 
3	6675 6668 6667 
3	6672 5426 6677 
3	5426 6676 6677 
3	6677 6678 6673 
3	6673 6672 6677 
3	6678 6679 6674 
3	6674 6673 6678 
3	5426 5427 6676 
3	5427 5462 6676 
3	6674 6680 6675 
3	6680 6681 6675 
3	6679 6682 6680 
3	6680 6674 6679 
3	6675 6681 6671 
3	6671 6668 6675 
3	6670 6683 6669 
3	6683 1653 6669 
3	6683 6684 1660 
3	1660 1653 6683 
3	6684 6685 1660 
3	6685 1661 1660 
3	6670 6686 6683 
3	6686 6684 6683 
3	6671 6687 6686 
3	6686 6670 6671 
3	6687 6688 6686 
3	6688 6684 6686 
3	6684 6689 6685 
3	6689 6690 6685 
3	6688 6691 6689 
3	6689 6684 6688 
3	6691 6692 6689 
3	6692 6690 6689 
3	6682 6693 6680 
3	6693 6681 6680 
3	6681 6694 6687 
3	6687 6671 6681 
3	6694 6695 6687 
3	6695 6688 6687 
3	6695 6696 6691 
3	6691 6688 6695 
3	6693 6697 6694 
3	6694 6681 6693 
3	6694 6698 6695 
3	6698 6696 6695 
3	6697 6699 6698 
3	6698 6694 6697 
3	6696 6700 6691 
3	6700 6692 6691 
3	6699 6701 6698 
3	6701 6696 6698 
3	6701 6702 6696 
3	6702 6700 6696 
3	6685 6690 1680 
3	1680 1661 6685 
3	6690 6703 1682 
3	1682 1680 6690 
3	6703 6704 1682 
3	6704 1683 1682 
3	6692 6705 6690 
3	6705 6703 6690 
3	6703 6706 6704 
3	6706 6707 6704 
3	6705 6708 6706 
3	6706 6703 6705 
3	6708 6709 6706 
3	6709 6707 6706 
3	6704 6707 1687 
3	1687 1683 6704 
3	6707 6710 1687 
3	6710 1688 1687 
3	6710 6711 1689 
3	1689 1688 6710 
3	6709 6712 6710 
3	6710 6707 6709 
3	6712 6713 6710 
3	6713 6711 6710 
3	6692 6714 6705 
3	6714 6708 6705 
3	6700 6715 6692 
3	6715 6714 6692 
3	6715 6716 6714 
3	6716 6708 6714 
3	6716 6717 6708 
3	6717 6709 6708 
3	6702 6718 6715 
3	6715 6700 6702 
3	6718 6719 6715 
3	6719 6716 6715 
3	6719 6720 6716 
3	6720 6717 6716 
3	6717 6721 6712 
3	6712 6709 6717 
3	6721 6722 6712 
3	6722 6713 6712 
3	6720 6723 6721 
3	6721 6717 6720 
3	6721 6724 6722 
3	6724 6725 6722 
3	6723 6726 6721 
3	6726 6724 6721 
3	6677 6676 6678 
3	6676 6679 6678 
3	6676 5462 6728 
3	5462 6727 6728 
3	6728 6729 6679 
3	6679 6676 6728 
3	6729 6730 6682 
3	6682 6679 6729 
3	6728 6727 6729 
3	6727 6730 6729 
3	5462 5499 6727 
3	5499 5502 6727 
3	6730 6731 6682 
3	6731 6693 6682 
3	6727 5502 6733 
3	5502 6732 6733 
3	6733 6734 6730 
3	6730 6727 6733 
3	6730 6735 6731 
3	6735 6736 6731 
3	6734 6737 6735 
3	6735 6730 6734 
3	5502 5503 6732 
3	5503 5511 6732 
3	6737 6738 6735 
3	6738 6736 6735 
3	6731 6736 6697 
3	6697 6693 6731 
3	6736 6739 6699 
3	6699 6697 6736 
3	6738 6740 6736 
3	6740 6739 6736 
3	6739 6741 6699 
3	6741 6701 6699 
3	6701 6742 6702 
3	6742 6718 6702 
3	6741 6743 6742 
3	6742 6701 6741 
3	6743 6744 6742 
3	6744 6718 6742 
3	6739 6745 6741 
3	6745 6743 6741 
3	6740 6746 6745 
3	6745 6739 6740 
3	6746 6747 6745 
3	6747 6743 6745 
3	6747 6748 6743 
3	6748 6744 6743 
3	6733 6732 6749 
3	6732 5516 6749 
3	6749 6750 6733 
3	6750 6734 6733 
3	6750 6751 6734 
3	6751 6737 6734 
3	6732 5511 5515 
3	5515 5516 6732 
3	6751 6752 6738 
3	6738 6737 6751 
3	6749 5516 5520 
3	5520 5604 6749 
3	5604 6753 6749 
3	6753 6750 6749 
3	6754 6752 6750 
3	6752 6751 6750 
3	6753 6755 6754 
3	6754 6750 6753 
3	6752 6756 6738 
3	6756 6740 6738 
3	6755 6757 6752 
3	6752 6754 6755 
3	6757 6758 6752 
3	6758 6756 6752 
3	6756 6759 6740 
3	6759 6746 6740 
3	6759 6760 6747 
3	6747 6746 6759 
3	6760 6761 6748 
3	6748 6747 6760 
3	6762 6760 6759 
3	6759 6756 6762 
3	6758 6763 6762 
3	6762 6756 6758 
3	6763 6764 6762 
3	6764 6760 6762 
3	6764 6765 6761 
3	6761 6760 6764 
3	6744 6766 6719 
3	6719 6718 6744 
3	6766 6767 6720 
3	6720 6719 6766 
3	6748 6768 6766 
3	6766 6744 6748 
3	6768 6769 6767 
3	6767 6766 6768 
3	6767 6770 6720 
3	6770 6723 6720 
3	6772 6771 6723 
3	6771 6726 6723 
3	6770 6773 6723 
3	6773 6772 6723 
3	6769 6774 6767 
3	6774 6770 6767 
3	6774 6775 6770 
3	6775 6773 6770 
3	6748 6776 6768 
3	6776 6777 6768 
3	6761 6778 6748 
3	6778 6776 6748 
3	6768 6777 6779 
3	6779 6769 6768 
3	6781 6780 6778 
3	6778 6761 6781 
3	6765 6782 6761 
3	6782 6781 6761 
3	6784 6783 6780 
3	6780 6781 6784 
3	6782 6785 6784 
3	6784 6781 6782 
3	6769 6779 6783 
3	6783 6784 6769 
3	6784 6786 6769 
3	6786 6774 6769 
3	6786 6787 6774 
3	6787 6775 6774 
3	6788 6787 6786 
3	6786 6789 6788 
3	6789 6786 6790 
3	6790 6791 6789 
3	6791 6792 6788 
3	6788 6789 6791 
3	6785 6790 6784 
3	6790 6786 6784 
3	6711 6793 1689 
3	6793 1696 1689 
3	6793 6794 1697 
3	1697 1696 6793 
3	6711 6795 6793 
3	6795 6794 6793 
3	6713 6796 6795 
3	6795 6711 6713 
3	6722 6725 6713 
3	6725 6796 6713 
3	6798 6797 6771 
3	6771 6772 6798 
3	6773 6799 6798 
3	6798 6772 6773 
3	6799 6800 6797 
3	6797 6798 6799 
3	6775 6801 6773 
3	6801 6799 6773 
3	6801 6802 6800 
3	6800 6799 6801 
3	6787 6803 6801 
3	6801 6775 6787 
3	6803 6804 6801 
3	6804 6802 6801 
3	6792 6805 6788 
3	6805 6787 6788 
3	6805 6806 6787 
3	6806 6803 6787 
3	6808 6807 6804 
3	6804 6803 6808 
3	6806 6809 6808 
3	6808 6803 6806 
3	6809 6810 6808 
3	6810 6807 6808 
3	5608 6811 5604 
3	6811 6753 5604 
3	6811 6812 6755 
3	6755 6753 6811 
3	5612 6813 5608 
3	6813 6811 5608 
3	6813 6814 6811 
3	6814 6812 6811 
3	6816 6815 6757 
3	6757 6755 6816 
3	6812 6817 6816 
3	6816 6755 6812 
3	6817 6818 6816 
3	6818 6815 6816 
3	6815 6763 6758 
3	6758 6757 6815 
3	6818 6819 6815 
3	6819 6763 6815 
3	6814 6820 6817 
3	6817 6812 6814 
3	6822 6821 6818 
3	6818 6817 6822 
3	6820 6823 6822 
3	6822 6817 6820 
3	6821 6824 6819 
3	6819 6818 6821 
3	6825 6765 6764 
3	6764 6763 6825 
3	6819 6824 6825 
3	6825 6763 6819 
3	5622 6826 6813 
3	6813 5612 5622 
3	6826 6827 6813 
3	6827 6814 6813 
3	5624 6828 6826 
3	6826 5622 5624 
3	6828 6829 6826 
3	6829 6827 6826 
3	6827 6830 6814 
3	6830 6820 6814 
3	6830 6831 6823 
3	6823 6820 6830 
3	6829 6832 6827 
3	6832 6830 6827 
3	6832 6833 6830 
3	6833 6831 6830 
3	6823 6834 6822 
3	6834 6821 6822 
3	6836 6835 6824 
3	6824 6821 6836 
3	6834 6837 6836 
3	6836 6821 6834 
3	6839 6838 6835 
3	6835 6836 6839 
3	6837 6840 6839 
3	6839 6836 6837 
3	6842 6841 6839 
3	6841 6838 6839 
3	6840 6843 6839 
3	6843 6842 6839 
3	6845 6844 6842 
3	6844 6841 6842 
3	6843 6846 6845 
3	6845 6842 6843 
3	6824 6847 6825 
3	6847 6765 6825 
3	6847 6848 6782 
3	6782 6765 6847 
3	6848 6849 6782 
3	6849 6785 6782 
3	6835 6848 6847 
3	6847 6824 6835 
3	6838 6849 6835 
3	6849 6848 6835 
3	6791 6790 6785 
3	6785 6850 6791 
3	6850 6785 6849 
3	6849 6838 6850 
3	6838 6841 6850 
3	6841 6791 6850 
3	6841 6844 6792 
3	6792 6791 6841 
3	6851 6837 6834 
3	6834 6823 6851 
3	6831 6852 6851 
3	6851 6823 6831 
3	6853 6840 6851 
3	6840 6837 6851 
3	6852 6854 6853 
3	6853 6851 6852 
3	6833 6855 6852 
3	6852 6831 6833 
3	6855 6856 6852 
3	6856 6854 6852 
3	6857 6843 6840 
3	6840 6853 6857 
3	6854 6858 6853 
3	6858 6857 6853 
3	6858 6859 6843 
3	6843 6857 6858 
3	6859 6860 6843 
3	6860 6846 6843 
3	6854 6861 6858 
3	6861 6859 6858 
3	6856 6862 6861 
3	6861 6854 6856 
3	6862 6863 6861 
3	6863 6859 6861 
3	6863 6864 6859 
3	6864 6860 6859 
3	5661 6865 5624 
3	6865 6828 5624 
3	6865 6866 6829 
3	6829 6828 6865 
3	5661 5663 6867 
3	6867 6865 5661 
3	6865 6867 6868 
3	6868 6866 6865 
3	5665 6869 6867 
3	6867 5663 5665 
3	6869 6870 6868 
3	6868 6867 6869 
3	6866 6871 6832 
3	6832 6829 6866 
3	6871 6872 6832 
3	6872 6833 6832 
3	6866 6868 6871 
3	6868 6873 6871 
3	6871 6873 6874 
3	6874 6872 6871 
3	6870 6875 6868 
3	6875 6873 6868 
3	6875 6876 6873 
3	6876 6874 6873 
3	5671 6877 6869 
3	6869 5665 5671 
3	6877 6878 6870 
3	6870 6869 6877 
3	5673 6879 6877 
3	6877 5671 5673 
3	6879 6880 6878 
3	6878 6877 6879 
3	6878 6881 6870 
3	6881 6875 6870 
3	6881 6882 6875 
3	6882 6876 6875 
3	6880 6883 6878 
3	6883 6881 6878 
3	6883 6884 6881 
3	6884 6882 6881 
3	6872 6885 6833 
3	6885 6855 6833 
3	6855 6886 6856 
3	6886 6862 6856 
3	6885 6887 6886 
3	6886 6855 6885 
3	6887 6888 6886 
3	6888 6862 6886 
3	6872 6874 6885 
3	6874 6887 6885 
3	6876 6889 6874 
3	6889 6887 6874 
3	6889 6890 6888 
3	6888 6887 6889 
3	6888 6891 6863 
3	6863 6862 6888 
3	6891 6892 6863 
3	6892 6864 6863 
3	6890 6893 6888 
3	6893 6891 6888 
3	6891 6894 6892 
3	6894 6895 6892 
3	6893 6896 6894 
3	6894 6891 6893 
3	6896 6897 6894 
3	6897 6895 6894 
3	6882 6898 6889 
3	6889 6876 6882 
3	6898 6899 6889 
3	6899 6890 6889 
3	6884 6900 6882 
3	6900 6898 6882 
3	6900 6901 6898 
3	6901 6899 6898 
3	6899 6902 6890 
3	6902 6893 6890 
3	6902 6903 6896 
3	6896 6893 6902 
3	6899 6904 6902 
3	6904 6903 6902 
3	6901 6905 6904 
3	6904 6899 6901 
3	6903 6906 6896 
3	6906 6897 6896 
3	6905 6907 6904 
3	6907 6903 6904 
3	6907 6908 6906 
3	6906 6903 6907 
3	6846 6909 6845 
3	6909 6844 6845 
3	6910 6806 6805 
3	6805 6792 6910 
3	6844 6911 6910 
3	6910 6792 6844 
3	6911 6912 6910 
3	6912 6806 6910 
3	6912 6913 6809 
3	6809 6806 6912 
3	6909 6914 6844 
3	6914 6911 6844 
3	6915 6913 6912 
3	6912 6911 6915 
3	6914 6916 6911 
3	6916 6915 6911 
3	6918 6917 6810 
3	6810 6809 6918 
3	6913 6919 6918 
3	6918 6809 6913 
3	6919 6920 6918 
3	6920 6917 6918 
3	6916 6921 6915 
3	6921 6913 6915 
3	6921 6922 6919 
3	6919 6913 6921 
3	6922 6923 6920 
3	6920 6919 6922 
3	6924 6914 6909 
3	6909 6846 6924 
3	6860 6925 6846 
3	6925 6924 6846 
3	6925 6926 6914 
3	6914 6924 6925 
3	6860 6927 6925 
3	6927 6926 6925 
3	6864 6928 6860 
3	6928 6927 6860 
3	6926 6929 6916 
3	6916 6914 6926 
3	6928 6930 6927 
3	6930 6926 6927 
3	6930 6931 6926 
3	6931 6929 6926 
3	6929 6932 6921 
3	6921 6916 6929 
3	6932 6933 6922 
3	6922 6921 6932 
3	6933 6934 6922 
3	6934 6923 6922 
3	6931 6935 6932 
3	6932 6929 6931 
3	6935 6936 6932 
3	6936 6933 6932 
3	6936 6937 6934 
3	6934 6933 6936 
3	6892 6895 6928 
3	6928 6864 6892 
3	6895 6938 6928 
3	6938 6930 6928 
3	6930 6939 6931 
3	6939 6935 6931 
3	6938 6940 6939 
3	6939 6930 6938 
3	6940 6941 6939 
3	6941 6935 6939 
3	6897 6942 6938 
3	6938 6895 6897 
3	6942 6943 6938 
3	6943 6940 6938 
3	6943 6944 6941 
3	6941 6940 6943 
3	6935 6945 6936 
3	6945 6937 6936 
3	6941 6946 6945 
3	6945 6935 6941 
3	6944 6947 6946 
3	6946 6941 6944 
3	6906 6948 6897 
3	6948 6942 6897 
3	6948 6949 6943 
3	6943 6942 6948 
3	6949 6950 6943 
3	6950 6944 6943 
3	6906 6951 6948 
3	6951 6949 6948 
3	6908 6952 6951 
3	6951 6906 6908 
3	6952 6953 6951 
3	6953 6949 6951 
3	6953 6954 6949 
3	6954 6950 6949 
3	6950 6955 6947 
3	6947 6944 6950 
3	6954 6956 6955 
3	6955 6950 6954 
3	6726 6771 6724 
3	6771 6725 6724 
3	6778 6780 6777 
3	6777 6776 6778 
3	6780 6783 6777 
3	6783 6779 6777 
3	6794 6957 1697 
3	6957 2017 1697 
3	6796 6958 6795 
3	6958 6794 6795 
3	6958 6959 6957 
3	6957 6794 6958 
3	6957 6960 2017 
3	6960 2021 2017 
3	6960 6961 2021 
3	6961 2022 2021 
3	6962 2026 2023 
3	2023 2022 6962 
3	6961 6963 6962 
3	6962 2022 6961 
3	6959 6964 6960 
3	6960 6957 6959 
3	6964 6965 6960 
3	6965 6961 6960 
3	6965 6966 6961 
3	6966 6963 6961 
3	6725 6967 6796 
3	6967 6958 6796 
3	6967 6968 6958 
3	6968 6959 6958 
3	6771 6797 6967 
3	6967 6725 6771 
3	6797 6969 6967 
3	6969 6968 6967 
3	6968 6970 6964 
3	6964 6959 6968 
3	6970 6971 6965 
3	6965 6964 6970 
3	6971 6972 6965 
3	6972 6966 6965 
3	6969 6973 6968 
3	6973 6970 6968 
3	6973 6974 6970 
3	6974 6971 6970 
3	6971 6975 6972 
3	6975 6976 6972 
3	6974 6977 6975 
3	6975 6971 6974 
3	6977 6978 6975 
3	6978 6976 6975 
3	6963 6979 6962 
3	6979 2026 6962 
3	6966 6980 6963 
3	6980 6979 6963 
3	6979 6981 2031 
3	2031 2026 6979 
3	6981 6982 2034 
3	2034 2031 6981 
3	6982 6983 2035 
3	2035 2034 6982 
3	6980 6984 6979 
3	6984 6981 6979 
3	6984 6985 6982 
3	6982 6981 6984 
3	6985 6986 6983 
3	6983 6982 6985 
3	6972 6976 6966 
3	6976 6980 6966 
3	6976 6987 6980 
3	6987 6984 6980 
3	6987 6988 6984 
3	6988 6985 6984 
3	6988 6989 6985 
3	6989 6986 6985 
3	6978 6990 6987 
3	6987 6976 6978 
3	6990 6991 6987 
3	6991 6988 6987 
3	6991 6992 6988 
3	6992 6989 6988 
3	6983 6993 2035 
3	6993 2050 2035 
3	6994 2057 2051 
3	2051 2050 6994 
3	6993 6995 6994 
3	6994 2050 6993 
3	6986 6996 6983 
3	6996 6993 6983 
3	6996 6997 6995 
3	6995 6993 6996 
3	6995 6998 6994 
3	6998 2057 6994 
3	6997 6999 6995 
3	6999 6998 6995 
3	6998 7000 2059 
3	2059 2057 6998 
3	7000 7001 2059 
3	7001 2060 2059 
3	6999 7002 6998 
3	7002 7000 6998 
3	7004 7003 7001 
3	7001 7000 7004 
3	7002 7005 7000 
3	7005 7004 7000 
3	7005 7006 7004 
3	7006 7003 7004 
3	7007 6997 6996 
3	6996 6986 7007 
3	6989 7008 7007 
3	7007 6986 6989 
3	6992 7009 7008 
3	7008 6989 6992 
3	7008 7010 7007 
3	7010 6997 7007 
3	7010 7011 6999 
3	6999 6997 7010 
3	7009 7012 7008 
3	7012 7010 7008 
3	7012 7013 7010 
3	7013 7011 7010 
3	7011 7014 6999 
3	7014 7002 6999 
3	7014 7015 7005 
3	7005 7002 7014 
3	7015 7016 7005 
3	7016 7006 7005 
3	7017 7015 7014 
3	7014 7011 7017 
3	7013 7018 7017 
3	7017 7011 7013 
3	7018 7019 7017 
3	7019 7015 7017 
3	7019 7020 7016 
3	7016 7015 7019 
3	6800 7021 6969 
3	6969 6797 6800 
3	6802 7022 7021 
3	7021 6800 6802 
3	7021 7023 6969 
3	7023 6973 6969 
3	7023 7024 6973 
3	7024 6974 6973 
3	7024 7025 6974 
3	7025 6977 6974 
3	7022 7026 7023 
3	7023 7021 7022 
3	7026 7027 7023 
3	7027 7024 7023 
3	7027 7028 7024 
3	7028 7025 7024 
3	7025 7029 6977 
3	7029 6978 6977 
3	7028 7030 7025 
3	7030 7029 7025 
3	6804 6807 7022 
3	7022 6802 6804 
3	6807 7031 7022 
3	7031 7026 7022 
3	7031 7032 7027 
3	7027 7026 7031 
3	7032 7033 7027 
3	7033 7028 7027 
3	7034 7032 7031 
3	7031 6807 7034 
3	6810 6917 7034 
3	7034 6807 6810 
3	6917 7035 7034 
3	7035 7032 7034 
3	7037 7036 7033 
3	7033 7032 7037 
3	7035 7038 7037 
3	7037 7032 7035 
3	7033 7036 7030 
3	7030 7028 7033 
3	7029 7039 6990 
3	6990 6978 7029 
3	7039 7040 6990 
3	7040 6991 6990 
3	7040 7041 6991 
3	7041 6992 6991 
3	7030 7042 7029 
3	7042 7039 7029 
3	7042 7043 7039 
3	7043 7040 7039 
3	7043 7044 7040 
3	7044 7041 7040 
3	7038 7045 7037 
3	7045 7036 7037 
3	7036 7046 7030 
3	7046 7042 7030 
3	7046 7047 7043 
3	7043 7042 7046 
3	7047 7048 7044 
3	7044 7043 7047 
3	7045 7049 7036 
3	7049 7046 7036 
3	7049 7050 7047 
3	7047 7046 7049 
3	7050 7051 7048 
3	7048 7047 7050 
3	7041 7052 6992 
3	7052 7009 6992 
3	7044 7053 7052 
3	7052 7041 7044 
3	7052 7054 7009 
3	7054 7012 7009 
3	7054 7055 7013 
3	7013 7012 7054 
3	7053 7056 7054 
3	7054 7052 7053 
3	7056 7057 7055 
3	7055 7054 7056 
3	7055 7058 7018 
3	7018 7013 7055 
3	7058 7059 7019 
3	7019 7018 7058 
3	7059 7060 7020 
3	7020 7019 7059 
3	7057 7061 7058 
3	7058 7055 7057 
3	7061 7062 7058 
3	7062 7059 7058 
3	7062 7063 7060 
3	7060 7059 7062 
3	7048 7064 7053 
3	7053 7044 7048 
3	7051 7065 7048 
3	7065 7064 7048 
3	7064 7066 7053 
3	7066 7056 7053 
3	7066 7067 7056 
3	7067 7057 7056 
3	7065 7068 7064 
3	7068 7066 7064 
3	7068 7069 7066 
3	7069 7067 7066 
3	7067 7070 7057 
3	7070 7061 7057 
3	7070 7071 7062 
3	7062 7061 7070 
3	7071 7072 7062 
3	7072 7063 7062 
3	7067 7073 7070 
3	7073 7071 7070 
3	7069 7074 7073 
3	7073 7067 7069 
3	7074 7075 7073 
3	7075 7071 7073 
3	7075 7076 7072 
3	7072 7071 7075 
3	7078 7077 2119 
3	2119 2060 7078 
3	7001 7003 7078 
3	7078 2060 7001 
3	7003 7079 7078 
3	7079 7077 7078 
3	7077 7080 2119 
3	7080 2120 2119 
3	7079 7081 7077 
3	7081 7080 7077 
3	7006 7082 7003 
3	7082 7079 7003 
3	7082 7083 7081 
3	7081 7079 7082 
3	7080 7084 2123 
3	2123 2120 7080 
3	7081 7085 7084 
3	7084 7080 7081 
3	7084 7086 2124 
3	2124 2123 7084 
3	7085 7087 7086 
3	7086 7084 7085 
3	7083 7088 7081 
3	7088 7085 7081 
3	7088 7089 7087 
3	7087 7085 7088 
3	7016 7090 7082 
3	7082 7006 7016 
3	7090 7091 7083 
3	7083 7082 7090 
3	7020 7092 7090 
3	7090 7016 7020 
3	7092 7093 7091 
3	7091 7090 7092 
3	7091 7094 7088 
3	7088 7083 7091 
3	7094 7095 7089 
3	7089 7088 7094 
3	7093 7096 7091 
3	7096 7094 7091 
3	7096 7097 7094 
3	7097 7095 7094 
3	7086 7098 2141 
3	2141 2124 7086 
3	7087 7099 7098 
3	7098 7086 7087 
3	7101 7100 2142 
3	2142 2141 7101 
3	2141 7098 7101 
3	7098 7099 7101 
3	7089 7102 7087 
3	7102 7099 7087 
3	7099 7103 7101 
3	7103 7100 7101 
3	7102 7104 7103 
3	7103 7099 7102 
3	7100 7105 2142 
3	7105 2145 2142 
3	7105 7106 2145 
3	7106 2148 2145 
3	7106 7107 2148 
3	7107 2149 2148 
3	7103 7106 7105 
3	7105 7100 7103 
3	7104 7108 7103 
3	7108 7106 7103 
3	7108 7109 7107 
3	7107 7106 7108 
3	7095 7110 7102 
3	7102 7089 7095 
3	7110 7111 7104 
3	7104 7102 7110 
3	7097 7112 7110 
3	7110 7095 7097 
3	7112 7113 7111 
3	7111 7110 7112 
3	7111 7114 7108 
3	7108 7104 7111 
3	7114 7115 7109 
3	7109 7108 7114 
3	7113 7116 7114 
3	7114 7111 7113 
3	7116 7117 7114 
3	7117 7115 7114 
3	7060 7118 7020 
3	7118 7092 7020 
3	7118 7119 7092 
3	7119 7093 7092 
3	7063 7120 7060 
3	7120 7118 7060 
3	7120 7121 7118 
3	7121 7119 7118 
3	7119 7122 7093 
3	7122 7096 7093 
3	7122 7123 7096 
3	7123 7097 7096 
3	7121 7124 7119 
3	7124 7122 7119 
3	7124 7125 7122 
3	7125 7123 7122 
3	7072 7126 7120 
3	7120 7063 7072 
3	7126 7127 7121 
3	7121 7120 7126 
3	7076 7128 7072 
3	7128 7126 7072 
3	7128 7129 7127 
3	7127 7126 7128 
3	7127 7130 7124 
3	7124 7121 7127 
3	7130 7131 7125 
3	7125 7124 7130 
3	7129 7132 7130 
3	7130 7127 7129 
3	7132 7133 7131 
3	7131 7130 7132 
3	7123 7134 7112 
3	7112 7097 7123 
3	7134 7135 7113 
3	7113 7112 7134 
3	7125 7136 7123 
3	7136 7134 7123 
3	7136 7137 7134 
3	7137 7135 7134 
3	7135 7138 7116 
3	7116 7113 7135 
3	7138 7139 7117 
3	7117 7116 7138 
3	7137 7140 7138 
3	7138 7135 7137 
3	7140 7141 7139 
3	7139 7138 7140 
3	7131 7142 7125 
3	7142 7136 7125 
3	7142 7143 7136 
3	7143 7137 7136 
3	7133 7144 7131 
3	7144 7142 7131 
3	7144 7145 7142 
3	7145 7143 7142 
3	7143 7146 7137 
3	7146 7140 7137 
3	7146 7147 7140 
3	7147 7141 7140 
3	7145 7148 7143 
3	7148 7146 7143 
3	7148 7149 7146 
3	7149 7147 7146 
3	6920 7150 7035 
3	7035 6917 6920 
3	7150 7151 7035 
3	7151 7038 7035 
3	6923 7152 6920 
3	7152 7150 6920 
3	7152 7153 7150 
3	7153 7151 7150 
3	6934 7154 6923 
3	7154 7152 6923 
3	7154 7155 7152 
3	7155 7153 7152 
3	6937 7156 6934 
3	7156 7154 6934 
3	7156 7157 7155 
3	7155 7154 7156 
3	7151 7158 7038 
3	7158 7045 7038 
3	7153 7159 7151 
3	7159 7158 7151 
3	7160 7050 7049 
3	7049 7045 7160 
3	7158 7161 7160 
3	7160 7045 7158 
3	7161 7162 7160 
3	7162 7050 7160 
3	7162 7163 7051 
3	7051 7050 7162 
3	7159 7164 7161 
3	7161 7158 7159 
3	7164 7165 7161 
3	7165 7162 7161 
3	7165 7166 7163 
3	7163 7162 7165 
3	7155 7167 7159 
3	7159 7153 7155 
3	7157 7168 7167 
3	7167 7155 7157 
3	7167 7169 7164 
3	7164 7159 7167 
3	7169 7170 7164 
3	7170 7165 7164 
3	7170 7171 7165 
3	7171 7166 7165 
3	7168 7172 7169 
3	7169 7167 7168 
3	7172 7173 7169 
3	7173 7170 7169 
3	7173 7174 7170 
3	7174 7171 7170 
3	7163 7175 7051 
3	7175 7065 7051 
3	7166 7176 7163 
3	7176 7175 7163 
3	7175 7177 7065 
3	7177 7068 7065 
3	7177 7178 7068 
3	7178 7069 7068 
3	7176 7179 7177 
3	7177 7175 7176 
3	7179 7180 7177 
3	7180 7178 7177 
3	7178 7181 7074 
3	7074 7069 7178 
3	7181 7182 7074 
3	7182 7075 7074 
3	7182 7183 7076 
3	7076 7075 7182 
3	7180 7184 7178 
3	7184 7181 7178 
3	7181 7185 7182 
3	7185 7183 7182 
3	7184 7186 7185 
3	7185 7181 7184 
3	7166 7187 7176 
3	7187 7179 7176 
3	7171 7188 7187 
3	7187 7166 7171 
3	7188 7189 7187 
3	7189 7179 7187 
3	7174 7190 7188 
3	7188 7171 7174 
3	7190 7191 7189 
3	7189 7188 7190 
3	7189 7192 7180 
3	7180 7179 7189 
3	7191 7193 7192 
3	7192 7189 7191 
3	7192 7194 7180 
3	7194 7184 7180 
3	7194 7195 7186 
3	7186 7184 7194 
3	7193 7196 7194 
3	7194 7192 7193 
3	7196 7197 7195 
3	7195 7194 7196 
3	6946 7198 6945 
3	7198 6937 6945 
3	7198 7199 7156 
3	7156 6937 7198 
3	7199 7200 7157 
3	7157 7156 7199 
3	6947 7201 7198 
3	7198 6946 6947 
3	7201 7202 7199 
3	7199 7198 7201 
3	7202 7203 7200 
3	7200 7199 7202 
3	6955 7204 7201 
3	7201 6947 6955 
3	7204 7205 7202 
3	7202 7201 7204 
3	7205 7206 7203 
3	7203 7202 7205 
3	6956 7207 6955 
3	7207 7204 6955 
3	7207 7208 7205 
3	7205 7204 7207 
3	7208 7209 7205 
3	7209 7206 7205 
3	7200 7210 7168 
3	7168 7157 7200 
3	7203 7211 7210 
3	7210 7200 7203 
3	7210 7212 7172 
3	7172 7168 7210 
3	7212 7213 7172 
3	7213 7173 7172 
3	7213 7214 7173 
3	7214 7174 7173 
3	7211 7215 7210 
3	7215 7212 7210 
3	7215 7216 7213 
3	7213 7212 7215 
3	7216 7217 7213 
3	7217 7214 7213 
3	7206 7218 7203 
3	7218 7211 7203 
3	7209 7219 7218 
3	7218 7206 7209 
3	7211 7220 7215 
3	7220 7216 7215 
3	7218 7221 7220 
3	7220 7211 7218 
3	7221 7222 7220 
3	7222 7216 7220 
3	7222 7223 7217 
3	7217 7216 7222 
3	7219 7224 7218 
3	7224 7221 7218 
3	7224 7225 7222 
3	7222 7221 7224 
3	7225 7226 7223 
3	7223 7222 7225 
3	7214 7227 7174 
3	7227 7190 7174 
3	7227 7228 7191 
3	7191 7190 7227 
3	7217 7229 7214 
3	7229 7227 7214 
3	7229 7230 7228 
3	7228 7227 7229 
3	7228 7231 7193 
3	7193 7191 7228 
3	7230 7232 7228 
3	7232 7231 7228 
3	7231 7233 7196 
3	7196 7193 7231 
3	7233 7234 7196 
3	7234 7197 7196 
3	7232 7235 7231 
3	7235 7233 7231 
3	7235 7236 7233 
3	7236 7234 7233 
3	7223 7237 7229 
3	7229 7217 7223 
3	7237 7238 7229 
3	7238 7230 7229 
3	7226 7239 7223 
3	7239 7237 7223 
3	7237 7240 7238 
3	7240 7241 7238 
3	7239 7242 7240 
3	7240 7237 7239 
3	7238 7241 7232 
3	7232 7230 7238 
3	7242 7243 7240 
3	7243 7241 7240 
3	7241 7244 7232 
3	7244 7235 7232 
3	7244 7245 7235 
3	7245 7236 7235 
3	7243 7246 7244 
3	7244 7241 7243 
3	7246 7247 7244 
3	7247 7245 7244 
3	7183 7248 7076 
3	7248 7128 7076 
3	7248 7249 7129 
3	7129 7128 7248 
3	7186 7250 7185 
3	7250 7183 7185 
3	7250 7251 7248 
3	7248 7183 7250 
3	7251 7252 7249 
3	7249 7248 7251 
3	7249 7253 7132 
3	7132 7129 7249 
3	7253 7254 7132 
3	7254 7133 7132 
3	7252 7255 7253 
3	7253 7249 7252 
3	7255 7256 7254 
3	7254 7253 7255 
3	7195 7257 7250 
3	7250 7186 7195 
3	7257 7258 7251 
3	7251 7250 7257 
3	7258 7259 7252 
3	7252 7251 7258 
3	7197 7260 7195 
3	7260 7257 7195 
3	7260 7261 7258 
3	7258 7257 7260 
3	7261 7262 7259 
3	7259 7258 7261 
3	7259 7263 7255 
3	7255 7252 7259 
3	7263 7264 7256 
3	7256 7255 7263 
3	7262 7265 7263 
3	7263 7259 7262 
3	7265 7266 7264 
3	7264 7263 7265 
3	7254 7267 7133 
3	7267 7144 7133 
3	7267 7268 7145 
3	7145 7144 7267 
3	7256 7269 7254 
3	7269 7267 7254 
3	7269 7270 7267 
3	7270 7268 7267 
3	7268 7271 7148 
3	7148 7145 7268 
3	7271 7272 7149 
3	7149 7148 7271 
3	7270 7273 7268 
3	7273 7271 7268 
3	7273 7274 7272 
3	7272 7271 7273 
3	7264 7275 7256 
3	7275 7269 7256 
3	7275 7276 7269 
3	7276 7270 7269 
3	7266 7277 7264 
3	7277 7275 7264 
3	7277 7278 7275 
3	7278 7276 7275 
3	7276 7279 7270 
3	7279 7273 7270 
3	7279 7280 7273 
3	7280 7274 7273 
3	7278 7281 7276 
3	7281 7279 7276 
3	7281 7282 7279 
3	7282 7280 7279 
3	7197 7283 7260 
3	7283 7261 7260 
3	7234 7284 7283 
3	7283 7197 7234 
3	7284 7285 7283 
3	7285 7261 7283 
3	7285 7286 7262 
3	7262 7261 7285 
3	7236 7287 7284 
3	7284 7234 7236 
3	7287 7288 7285 
3	7285 7284 7287 
3	7288 7289 7286 
3	7286 7285 7288 
3	7286 7290 7265 
3	7265 7262 7286 
3	7290 7291 7266 
3	7266 7265 7290 
3	7289 7292 7290 
3	7290 7286 7289 
3	7292 7293 7290 
3	7293 7291 7290 
3	7245 7294 7236 
3	7294 7287 7236 
3	7287 7295 7289 
3	7289 7288 7287 
3	7294 7296 7295 
3	7295 7287 7294 
3	7247 7297 7245 
3	7297 7294 7245 
3	7297 7298 7294 
3	7298 7296 7294 
3	7295 7299 7289 
3	7299 7292 7289 
3	7296 7300 7299 
3	7299 7295 7296 
3	7300 7301 7299 
3	7301 7292 7299 
3	7301 7302 7293 
3	7293 7292 7301 
3	7298 7303 7300 
3	7300 7296 7298 
3	7300 7304 7301 
3	7304 7302 7301 
3	7303 7305 7304 
3	7304 7300 7303 
3	7291 7306 7277 
3	7277 7266 7291 
3	7306 7307 7277 
3	7307 7278 7277 
3	7293 7308 7306 
3	7306 7291 7293 
3	7308 7309 7307 
3	7307 7306 7308 
3	7307 7310 7278 
3	7310 7281 7278 
3	7310 7311 7281 
3	7311 7282 7281 
3	7309 7312 7310 
3	7310 7307 7309 
3	7312 7313 7310 
3	7313 7311 7310 
3	7302 7314 7293 
3	7314 7308 7293 
3	7314 7315 7309 
3	7309 7308 7314 
3	7305 7316 7304 
3	7316 7302 7304 
3	7316 7317 7314 
3	7314 7302 7316 
3	7317 7318 7314 
3	7318 7315 7314 
3	7315 7319 7312 
3	7312 7309 7315 
3	7319 7320 7312 
3	7320 7313 7312 
3	7318 7321 7319 
3	7319 7315 7318 
3	7321 7322 7320 
3	7320 7319 7321 
3	6101 7323 5673 
3	7323 6879 5673 
3	7323 7324 6879 
3	7324 6880 6879 
3	6103 7325 7323 
3	7323 6101 6103 
3	7325 7326 7323 
3	7326 7324 7323 
3	7324 7327 6880 
3	7327 6883 6880 
3	7327 7328 6883 
3	7328 6884 6883 
3	7326 7329 7324 
3	7329 7327 7324 
3	7329 7330 7327 
3	7330 7328 7327 
3	6108 7331 6103 
3	7331 7325 6103 
3	7325 7332 7333 
3	7333 7326 7325 
3	7331 7334 7332 
3	7332 7325 7331 
3	6108 6109 7331 
3	6109 7334 7331 
3	7326 7333 7335 
3	7335 7329 7326 
3	7329 7335 7330 
3	7335 7336 7330 
3	7334 7337 7333 
3	7333 7332 7334 
3	6116 7338 6109 
3	7338 7334 6109 
3	7338 7339 7337 
3	7337 7334 7338 
3	7337 7340 7333 
3	7340 7335 7333 
3	7340 7341 7335 
3	7341 7336 7335 
3	7339 7342 7340 
3	7340 7337 7339 
3	7342 7343 7340 
3	7343 7341 7340 
3	7328 7344 6884 
3	7344 6900 6884 
3	6900 7345 6901 
3	7345 6905 6901 
3	7344 7346 7345 
3	7345 6900 7344 
3	7328 7347 7344 
3	7347 7346 7344 
3	7330 7336 7347 
3	7347 7328 7330 
3	7346 7348 7345 
3	7348 6905 7345 
3	7336 7349 7347 
3	7349 7346 7347 
3	7349 7350 7348 
3	7348 7346 7349 
3	7348 7351 6907 
3	6907 6905 7348 
3	7351 7352 6907 
3	7352 6908 6907 
3	7350 7353 7348 
3	7353 7351 7348 
3	7351 7354 7352 
3	7354 7355 7352 
3	7353 7356 7354 
3	7354 7351 7353 
3	7356 7357 7354 
3	7357 7355 7354 
3	7341 7358 7349 
3	7349 7336 7341 
3	7358 7359 7349 
3	7359 7350 7349 
3	7343 7360 7341 
3	7360 7358 7341 
3	7358 7361 7359 
3	7361 7362 7359 
3	7360 7363 7361 
3	7361 7358 7360 
3	7363 7364 7361 
3	7364 7362 7361 
3	7350 7365 7353 
3	7365 7356 7353 
3	7359 7362 7365 
3	7365 7350 7359 
3	7362 7366 7365 
3	7366 7356 7365 
3	7366 7367 7356 
3	7367 7357 7356 
3	7364 7368 7362 
3	7368 7366 7362 
3	7366 7369 7367 
3	7369 7370 7367 
3	7368 7371 7369 
3	7369 7366 7368 
3	6134 7372 6116 
3	7372 7338 6116 
3	7372 7373 7338 
3	7373 7339 7338 
3	6134 6136 7372 
3	6136 7374 7372 
3	7372 7374 7375 
3	7375 7373 7372 
3	6138 7376 7374 
3	7374 6136 6138 
3	7376 7377 7374 
3	7377 7375 7374 
3	7373 7378 7339 
3	7378 7342 7339 
3	7342 7379 7343 
3	7379 7380 7343 
3	7378 7381 7379 
3	7379 7342 7378 
3	7381 7382 7379 
3	7382 7380 7379 
3	7373 7375 7378 
3	7375 7381 7378 
3	7377 7383 7375 
3	7383 7381 7375 
3	7383 7384 7382 
3	7382 7381 7383 
3	6138 6142 7376 
3	6142 7385 7376 
3	7376 7385 7386 
3	7386 7377 7376 
3	7377 7386 7387 
3	7387 7383 7377 
3	7383 7387 7388 
3	7388 7384 7383 
3	7343 7380 7360 
3	7380 7363 7360 
3	7382 7389 7380 
3	7389 7363 7380 
3	7389 7390 7363 
3	7390 7364 7363 
3	7384 7391 7382 
3	7391 7389 7382 
3	7389 7392 7390 
3	7392 7393 7390 
3	7391 7394 7392 
3	7392 7389 7391 
3	7364 7395 7368 
3	7395 7371 7368 
3	7390 7393 7395 
3	7395 7364 7390 
3	7384 7388 7391 
3	7388 7394 7391 
3	7352 7355 6952 
3	6952 6908 7352 
3	7355 7396 6952 
3	7396 6953 6952 
3	6953 7397 6954 
3	7397 6956 6954 
3	7396 7398 7397 
3	7397 6953 7396 
3	7357 7399 7355 
3	7399 7396 7355 
3	7399 7400 7398 
3	7398 7396 7399 
3	7357 7401 7399 
3	7401 7400 7399 
3	7367 7370 7401 
3	7401 7357 7367 
3	7371 7402 7369 
3	7402 7370 7369 
3	6294 7403 6142 
3	7403 7385 6142 
3	7403 7404 7385 
3	7404 7386 7385 
3	6294 6296 7405 
3	7405 7403 6294 
3	7403 7405 7406 
3	7406 7404 7403 
3	6298 7407 6296 
3	7407 7405 6296 
3	7407 7408 7406 
3	7406 7405 7407 
3	7404 7409 7386 
3	7409 7387 7386 
3	7409 7410 7387 
3	7410 7388 7387 
3	7404 7406 7409 
3	7406 7411 7409 
3	7409 7411 7412 
3	7412 7410 7409 
3	7408 7413 7411 
3	7411 7406 7408 
3	7413 7414 7411 
3	7414 7412 7411 
3	7394 7415 7392 
3	7415 7393 7392 
3	7393 7416 7395 
3	7416 7371 7395 
3	7416 7417 7371 
3	7417 7402 7371 
3	7415 7418 7393 
3	7418 7416 7393 
3	7416 7419 7417 
3	7419 7420 7417 
3	7418 7421 7419 
3	7419 7416 7418 
3	7421 7422 7419 
3	7422 7420 7419 
3	7410 7423 7388 
3	7423 7394 7388 
3	7394 7424 7415 
3	7424 7425 7415 
3	7423 7426 7424 
3	7424 7394 7423 
3	7426 7427 7424 
3	7427 7425 7424 
3	7410 7412 7423 
3	7412 7426 7423 
3	7414 7428 7412 
3	7428 7426 7412 
3	7426 7429 7427 
3	7429 7430 7427 
3	7428 7431 7429 
3	7429 7426 7428 
3	7415 7425 7418 
3	7425 7421 7418 
3	7427 7432 7425 
3	7432 7421 7425 
3	7421 7433 7422 
3	7433 7434 7422 
3	7432 7435 7433 
3	7433 7421 7432 
3	7427 7430 7432 
3	7430 7435 7432 
3	7431 7436 7429 
3	7436 7430 7429 
3	7435 7437 7433 
3	7437 7434 7433 
3	7436 7438 7430 
3	7438 7435 7430 
3	7435 7439 7437 
3	7439 7440 7437 
3	7438 7441 7439 
3	7439 7435 7438 
3	7441 7442 7439 
3	7442 7440 7439 
3	7398 7443 7397 
3	7443 6956 7397 
3	7400 7444 7398 
3	7444 7443 7398 
3	7443 7445 6956 
3	7445 7207 6956 
3	7445 7446 7208 
3	7208 7207 7445 
3	7208 7447 7209 
3	7447 7219 7209 
3	7446 7448 7447 
3	7447 7208 7446 
3	7443 7449 7445 
3	7449 7446 7445 
3	7444 7450 7449 
3	7449 7443 7444 
3	7450 7451 7449 
3	7451 7446 7449 
3	7451 7452 7448 
3	7448 7446 7451 
3	7448 7453 7447 
3	7453 7219 7447 
3	7452 7454 7448 
3	7454 7453 7448 
3	7370 7455 7401 
3	7455 7400 7401 
3	7455 7456 7400 
3	7456 7444 7400 
3	7402 7457 7370 
3	7457 7455 7370 
3	7455 7458 7456 
3	7458 7459 7456 
3	7457 7460 7458 
3	7458 7455 7457 
3	7460 7461 7458 
3	7461 7459 7458 
3	7456 7459 7450 
3	7450 7444 7456 
3	7459 7462 7450 
3	7462 7451 7450 
3	7462 7463 7452 
3	7452 7451 7462 
3	7459 7464 7462 
3	7464 7463 7462 
3	7461 7465 7464 
3	7464 7459 7461 
3	7452 7466 7454 
3	7466 7467 7454 
3	7463 7468 7466 
3	7466 7452 7463 
3	7468 7469 7466 
3	7469 7467 7466 
3	7465 7470 7464 
3	7470 7463 7464 
3	7470 7471 7468 
3	7468 7463 7470 
3	7468 7472 7469 
3	7472 7473 7469 
3	7471 7474 7472 
3	7472 7468 7471 
3	7453 7475 7224 
3	7224 7219 7453 
3	7475 7476 7224 
3	7476 7225 7224 
3	7476 7477 7226 
3	7226 7225 7476 
3	7454 7467 7475 
3	7475 7453 7454 
3	7475 7478 7476 
3	7478 7477 7476 
3	7467 7479 7478 
3	7478 7475 7467 
3	7469 7473 7479 
3	7479 7467 7469 
3	7474 7480 7472 
3	7480 7473 7472 
3	7477 7481 7239 
3	7239 7226 7477 
3	7481 7482 7242 
3	7242 7239 7481 
3	7479 7483 7478 
3	7483 7477 7478 
3	7483 7484 7481 
3	7481 7477 7483 
3	7484 7485 7481 
3	7485 7482 7481 
3	7482 7486 7243 
3	7243 7242 7482 
3	7482 7487 7486 
3	7487 7488 7486 
3	7485 7489 7487 
3	7487 7482 7485 
3	7489 7490 7487 
3	7490 7488 7487 
3	7486 7488 7246 
3	7246 7243 7486 
3	7488 7491 7247 
3	7247 7246 7488 
3	7490 7492 7491 
3	7491 7488 7490 
3	7479 7493 7483 
3	7493 7484 7483 
3	7473 7494 7493 
3	7493 7479 7473 
3	7494 7495 7493 
3	7495 7484 7493 
3	7495 7496 7485 
3	7485 7484 7495 
3	7480 7497 7494 
3	7494 7473 7480 
3	7494 7498 7495 
3	7498 7496 7495 
3	7497 7499 7498 
3	7498 7494 7497 
3	7496 7500 7485 
3	7500 7489 7485 
3	7489 7501 7492 
3	7492 7490 7489 
3	7500 7502 7501 
3	7501 7489 7500 
3	7499 7503 7498 
3	7503 7496 7498 
3	7503 7504 7500 
3	7500 7496 7503 
3	7504 7505 7500 
3	7505 7502 7500 
3	7402 7506 7457 
3	7506 7460 7457 
3	7417 7420 7506 
3	7506 7402 7417 
3	7420 7507 7506 
3	7507 7460 7506 
3	7460 7508 7461 
3	7508 7465 7461 
3	7507 7509 7508 
3	7508 7460 7507 
3	7420 7510 7507 
3	7510 7509 7507 
3	7422 7434 7510 
3	7510 7420 7422 
3	7509 7511 7508 
3	7511 7465 7508 
3	7434 7512 7510 
3	7512 7509 7510 
3	7509 7513 7511 
3	7513 7514 7511 
3	7512 7515 7513 
3	7513 7509 7512 
3	7515 7516 7513 
3	7516 7514 7513 
3	7465 7517 7470 
3	7517 7471 7470 
3	7511 7514 7517 
3	7517 7465 7511 
3	7514 7518 7517 
3	7518 7471 7517 
3	7518 7519 7474 
3	7474 7471 7518 
3	7514 7520 7518 
3	7520 7519 7518 
3	7516 7521 7520 
3	7520 7514 7516 
3	7434 7522 7512 
3	7522 7515 7512 
3	7437 7440 7522 
3	7522 7434 7437 
3	7440 7523 7522 
3	7523 7515 7522 
3	7515 7524 7516 
3	7524 7521 7516 
3	7523 7525 7524 
3	7524 7515 7523 
3	7440 7526 7523 
3	7526 7525 7523 
3	7442 7527 7526 
3	7526 7440 7442 
3	7474 7528 7480 
3	7528 7497 7480 
3	7519 7529 7528 
3	7528 7474 7519 
3	7529 7530 7528 
3	7530 7497 7528 
3	7521 7531 7520 
3	7531 7519 7520 
3	7531 7532 7529 
3	7529 7519 7531 
3	7529 7533 7530 
3	7533 7534 7530 
3	7532 7535 7533 
3	7533 7529 7532 
3	7535 7536 7533 
3	7536 7534 7533 
3	7525 7537 7524 
3	7537 7521 7524 
3	7527 7538 7526 
3	7538 7525 7526 
3	7525 7539 7537 
3	7539 7540 7537 
3	7538 7541 7539 
3	7539 7525 7538 
3	7541 7542 7539 
3	7542 7540 7539 
3	7521 7543 7531 
3	7543 7532 7531 
3	7537 7540 7543 
3	7543 7521 7537 
3	7540 7544 7543 
3	7544 7532 7543 
3	7544 7545 7535 
3	7535 7532 7544 
3	7540 7546 7544 
3	7546 7545 7544 
3	7542 7547 7546 
3	7546 7540 7542 
3	7535 7548 7536 
3	7548 7549 7536 
3	7545 7550 7548 
3	7548 7535 7545 
3	7550 7551 7548 
3	7551 7549 7548 
3	7546 7552 7545 
3	7552 7550 7545 
3	7547 7553 7552 
3	7552 7546 7547 
3	7553 7554 7552 
3	7554 7550 7552 
3	7550 7555 7551 
3	7555 7556 7551 
3	7554 7557 7555 
3	7555 7550 7554 
3	7530 7534 7499 
3	7499 7497 7530 
3	7499 7558 7503 
3	7558 7504 7503 
3	7534 7559 7558 
3	7558 7499 7534 
3	7559 7560 7558 
3	7560 7504 7558 
3	7560 7561 7505 
3	7505 7504 7560 
3	7536 7549 7559 
3	7559 7534 7536 
3	7559 7562 7561 
3	7561 7560 7559 
3	7549 7563 7562 
3	7562 7559 7549 
3	7551 7556 7563 
3	7563 7549 7551 
3	7491 7564 7247 
3	7564 7297 7247 
3	7564 7565 7297 
3	7565 7298 7297 
3	7492 7566 7564 
3	7564 7491 7492 
3	7566 7567 7564 
3	7567 7565 7564 
3	7565 7568 7298 
3	7568 7303 7298 
3	7568 7569 7305 
3	7305 7303 7568 
3	7567 7570 7565 
3	7570 7568 7565 
3	7570 7571 7568 
3	7571 7569 7568 
3	7501 7572 7492 
3	7572 7566 7492 
3	7502 7573 7572 
3	7572 7501 7502 
3	7573 7574 7572 
3	7574 7566 7572 
3	7505 7575 7502 
3	7575 7573 7502 
3	7573 7576 7574 
3	7576 7577 7574 
3	7575 7578 7576 
3	7576 7573 7575 
3	7574 7577 7567 
3	7567 7566 7574 
3	7578 7579 7576 
3	7579 7577 7576 
3	7577 7580 7567 
3	7580 7570 7567 
3	7580 7581 7570 
3	7581 7571 7570 
3	7579 7582 7580 
3	7580 7577 7579 
3	7582 7583 7581 
3	7581 7580 7582 
3	7305 7584 7316 
3	7584 7317 7316 
3	7569 7585 7584 
3	7584 7305 7569 
3	7585 7586 7584 
3	7586 7317 7584 
3	7586 7587 7318 
3	7318 7317 7586 
3	7571 7588 7585 
3	7585 7569 7571 
3	7585 7589 7586 
3	7589 7587 7586 
3	7588 7590 7589 
3	7589 7585 7588 
3	7587 7591 7318 
3	7591 7321 7318 
3	7591 7592 7322 
3	7322 7321 7591 
3	7590 7593 7589 
3	7593 7587 7589 
3	7593 7594 7591 
3	7591 7587 7593 
3	7594 7595 7591 
3	7595 7592 7591 
3	7581 7596 7571 
3	7596 7588 7571 
3	7596 7597 7590 
3	7590 7588 7596 
3	7583 7598 7581 
3	7598 7596 7581 
3	7598 7599 7596 
3	7599 7597 7596 
3	7590 7600 7593 
3	7600 7594 7593 
3	7597 7601 7600 
3	7600 7590 7597 
3	7601 7602 7600 
3	7602 7594 7600 
3	7602 7603 7595 
3	7595 7594 7602 
3	7599 7604 7597 
3	7604 7601 7597 
3	7601 7605 7603 
3	7603 7602 7601 
3	7604 7606 7605 
3	7605 7601 7604 
3	7555 7607 7556 
3	7607 7608 7556 
3	7557 7609 7607 
3	7607 7555 7557 
3	7609 7610 7607 
3	7610 7608 7607 
3	7561 7611 7575 
3	7575 7505 7561 
3	7611 7612 7575 
3	7612 7578 7575 
3	7562 7613 7561 
3	7613 7611 7561 
3	7563 7614 7613 
3	7613 7562 7563 
3	7614 7615 7613 
3	7615 7611 7613 
3	7615 7616 7612 
3	7612 7611 7615 
3	7578 7617 7579 
3	7617 7582 7579 
3	7612 7618 7617 
3	7617 7578 7612 
3	7618 7619 7617 
3	7619 7582 7617 
3	7616 7620 7612 
3	7620 7618 7612 
3	7618 7621 7619 
3	7621 7622 7619 
3	7620 7623 7621 
3	7621 7618 7620 
3	7619 7622 7583 
3	7583 7582 7619 
3	7556 7608 7614 
3	7614 7563 7556 
3	7614 7624 7615 
3	7624 7616 7615 
3	7608 7625 7624 
3	7624 7614 7608 
3	7610 7626 7625 
3	7625 7608 7610 
3	7625 7627 7624 
3	7627 7616 7624 
3	7627 7628 7620 
3	7620 7616 7627 
3	7628 7629 7620 
3	7629 7623 7620 
3	7625 7630 7627 
3	7630 7628 7627 
3	7626 7631 7630 
3	7630 7625 7626 
3	7630 7632 7629 
3	7629 7628 7630 
3	7631 7633 7632 
3	7632 7630 7631 
3	7621 7634 7622 
3	7634 7635 7622 
3	7623 7636 7634 
3	7634 7621 7623 
3	7636 7637 7634 
3	7637 7635 7634 
3	7622 7635 7598 
3	7598 7583 7622 
3	7635 7638 7598 
3	7638 7599 7598 
3	7637 7639 7638 
3	7638 7635 7637 
3	7638 7640 7599 
3	7640 7604 7599 
3	7640 7641 7604 
3	7641 7606 7604 
3	7639 7642 7640 
3	7640 7638 7639 
3	7642 7643 7641 
3	7641 7640 7642 
3	7629 7644 7623 
3	7644 7636 7623 
3	7636 7645 7637 
3	7645 7639 7637 
3	7644 7646 7645 
3	7645 7636 7644 
3	7632 7647 7644 
3	7644 7629 7632 
3	7633 7648 7632 
3	7648 7647 7632 
3	7647 7649 7644 
3	7649 7646 7644 
3	7648 7650 7649 
3	7649 7647 7648 
3	7645 7651 7642 
3	7642 7639 7645 
3	7646 7652 7645 
3	7652 7651 7645 
3	7651 7653 7643 
3	7643 7642 7651 
3	7652 7654 7653 
3	7653 7651 7652 
3	7650 7655 7649 
3	7655 7646 7649 
3	7655 7656 7652 
3	7652 7646 7655 
3	7656 7657 7652 
3	7657 7654 7652 
3	6298 6419 7658 
3	7658 7407 6298 
3	7407 7658 7408 
3	7658 7659 7408 
3	7408 7659 7413 
3	7659 7660 7413 
3	7413 7660 7414 
3	7660 7661 7414 
3	6430 7662 6419 
3	7662 7658 6419 
3	7662 7663 7659 
3	7659 7658 7662 
3	6430 6432 7664 
3	7664 7662 6430 
3	7662 7664 7663 
3	7664 7665 7663 
3	6434 7666 7664 
3	7664 6432 6434 
3	7666 7667 7665 
3	7665 7664 7666 
3	7663 7668 7660 
3	7660 7659 7663 
3	7668 7669 7661 
3	7661 7660 7668 
3	7663 7665 7668 
3	7665 7670 7668 
3	7668 7670 7669 
3	7670 7671 7669 
3	7667 7672 7670 
3	7670 7665 7667 
3	7672 7673 7670 
3	7673 7671 7670 
3	6434 6438 7666 
3	6438 7674 7666 
3	7666 7674 7667 
3	7674 7675 7667 
3	7667 7675 7672 
3	7675 7676 7672 
3	7672 7676 7673 
3	7676 7677 7673 
3	7414 7661 7428 
3	7661 7431 7428 
3	7669 7678 7661 
3	7678 7431 7661 
3	7431 7679 7436 
3	7679 7680 7436 
3	7678 7681 7679 
3	7679 7431 7678 
3	7681 7682 7679 
3	7682 7680 7679 
3	7669 7671 7678 
3	7671 7681 7678 
3	7671 7683 7681 
3	7683 7684 7681 
3	7673 7677 7683 
3	7683 7671 7673 
3	7681 7684 7682 
3	7684 7685 7682 
3	7436 7680 7438 
3	7680 7441 7438 
3	7682 7686 7680 
3	7686 7441 7680 
3	7441 7687 7442 
3	7687 7527 7442 
3	7686 7688 7687 
3	7687 7441 7686 
3	7682 7685 7686 
3	7685 7688 7686 
3	6481 7689 7674 
3	7674 6438 6481 
3	7689 7690 7675 
3	7675 7674 7689 
3	6481 6483 7689 
3	6483 7691 7689 
3	7689 7691 7692 
3	7692 7690 7689 
3	6483 6485 7691 
3	6485 7693 7691 
3	7691 7693 7692 
3	7693 7694 7692 
3	7690 7695 7675 
3	7695 7676 7675 
3	7676 7696 7677 
3	7696 7697 7677 
3	7695 7698 7696 
3	7696 7676 7695 
3	7698 7699 7696 
3	7699 7697 7696 
3	7690 7692 7695 
3	7692 7698 7695 
3	7692 7694 7700 
3	7700 7698 7692 
3	7698 7700 7699 
3	7700 7701 7699 
3	6494 7702 7693 
3	7693 6485 6494 
3	7702 7703 7693 
3	7703 7694 7693 
3	7694 7704 7700 
3	7704 7705 7700 
3	7703 7706 7704 
3	7704 7694 7703 
3	7700 7705 7701 
3	7705 7707 7701 
3	7706 7708 7704 
3	7708 7705 7704 
3	7708 7709 7705 
3	7709 7707 7705 
3	7677 7710 7683 
3	7710 7684 7683 
3	7710 7711 7684 
3	7711 7685 7684 
3	7688 7712 7687 
3	7712 7527 7687 
3	7685 7713 7688 
3	7713 7714 7688 
3	7711 7715 7713 
3	7713 7685 7711 
3	7688 7714 7712 
3	7714 7716 7712 
3	7715 7717 7713 
3	7717 7714 7713 
3	7714 7718 7716 
3	7718 7719 7716 
3	7717 7720 7718 
3	7718 7714 7717 
3	7720 7721 7718 
3	7721 7719 7718 
3	7677 7697 7710 
3	7697 7722 7710 
3	7710 7722 7711 
3	7722 7715 7711 
3	7699 7723 7697 
3	7723 7722 7697 
3	7722 7724 7715 
3	7724 7725 7715 
3	7723 7726 7724 
3	7724 7722 7723 
3	7699 7701 7723 
3	7701 7726 7723 
3	7715 7725 7717 
3	7725 7720 7717 
3	7726 7727 7724 
3	7727 7725 7724 
3	7701 7707 7728 
3	7728 7726 7701 
3	7726 7728 7727 
3	7728 7729 7727 
3	7707 7730 7728 
3	7730 7731 7728 
3	7709 7732 7730 
3	7730 7707 7709 
3	7728 7731 7733 
3	7733 7729 7728 
3	7725 7734 7720 
3	7734 7735 7720 
3	7727 7729 7734 
3	7734 7725 7727 
3	7720 7735 7721 
3	7735 7736 7721 
3	7729 7737 7734 
3	7737 7735 7734 
3	7735 7738 7736 
3	7738 7739 7736 
3	7737 7740 7738 
3	7738 7735 7737 
3	7729 7733 7737 
3	7733 7740 7737 
3	6494 6498 7702 
3	6498 7741 7702 
3	7702 7741 7703 
3	7741 7706 7703 
3	6498 6500 7741 
3	6500 7742 7741 
3	7741 7742 7743 
3	7743 7706 7741 
3	7706 7743 7708 
3	7743 7744 7708 
3	7708 7744 7709 
3	7744 7732 7709 
3	7527 7745 7538 
3	7745 7541 7538 
3	7712 7716 7745 
3	7745 7527 7712 
3	7716 7746 7745 
3	7746 7541 7745 
3	7541 7747 7542 
3	7747 7547 7542 
3	7746 7748 7747 
3	7747 7541 7746 
3	7716 7719 7746 
3	7719 7748 7746 
3	7747 7749 7547 
3	7749 7553 7547 
3	7748 7750 7749 
3	7749 7747 7748 
3	7750 7751 7749 
3	7751 7553 7749 
3	7719 7752 7748 
3	7752 7750 7748 
3	7721 7736 7752 
3	7752 7719 7721 
3	7752 7753 7750 
3	7753 7754 7750 
3	7736 7739 7753 
3	7753 7752 7736 
3	7750 7754 7751 
3	7754 7755 7751 
3	7553 7756 7554 
3	7756 7557 7554 
3	7751 7755 7756 
3	7756 7553 7751 
3	7732 7757 7730 
3	7757 7731 7730 
3	7731 7758 7733 
3	7758 7759 7733 
3	7757 7760 7758 
3	7758 7731 7757 
3	7760 7761 7758 
3	7761 7759 7758 
3	7738 7762 7739 
3	7762 7763 7739 
3	7740 7764 7762 
3	7762 7738 7740 
3	7764 7765 7762 
3	7765 7763 7762 
3	7733 7759 7740 
3	7759 7764 7740 
3	7759 7766 7764 
3	7766 7767 7764 
3	7761 7768 7766 
3	7766 7759 7761 
3	7764 7767 7765 
3	7767 7769 7765 
3	7768 7770 7766 
3	7770 7767 7766 
3	7767 7771 7769 
3	7771 7772 7769 
3	7770 7773 7771 
3	7771 7767 7770 
3	7771 7774 7772 
3	7774 7775 7772 
3	7773 7776 7774 
3	7774 7771 7773 
3	7776 7777 7774 
3	7777 7775 7774 
3	6500 6594 7742 
3	6594 7778 7742 
3	7742 7778 7743 
3	7778 7779 7743 
3	6598 7780 7778 
3	7778 6594 6598 
3	7780 7781 7778 
3	7781 7779 7778 
3	6598 6600 7780 
3	6600 7782 7780 
3	7780 7782 7781 
3	7782 7783 7781 
3	7743 7779 7784 
3	7784 7744 7743 
3	7744 7784 7785 
3	7785 7732 7744 
3	7779 7786 7784 
3	7786 7787 7784 
3	7781 7783 7786 
3	7786 7779 7781 
3	7784 7787 7785 
3	7787 7788 7785 
3	6600 6610 7782 
3	6610 7789 7782 
3	7782 7789 7790 
3	7790 7783 7782 
3	6610 6612 7791 
3	7791 7789 6610 
3	7789 7791 7790 
3	7791 7792 7790 
3	7783 7793 7786 
3	7793 7787 7786 
3	7793 7794 7788 
3	7788 7787 7793 
3	7783 7790 7793 
3	7790 7795 7793 
3	7793 7795 7794 
3	7795 7796 7794 
3	7790 7792 7797 
3	7797 7795 7790 
3	7795 7797 7796 
3	7797 7798 7796 
3	7732 7785 7757 
3	7785 7760 7757 
3	7785 7788 7799 
3	7799 7760 7785 
3	7760 7799 7761 
3	7799 7768 7761 
3	7788 7800 7799 
3	7800 7801 7799 
3	7794 7796 7800 
3	7800 7788 7794 
3	7799 7801 7802 
3	7802 7768 7799 
3	7796 7803 7800 
3	7803 7801 7800 
3	7801 7804 7802 
3	7804 7805 7802 
3	7803 7806 7801 
3	7806 7804 7801 
3	7796 7798 7803 
3	7798 7806 7803 
3	7768 7802 7770 
3	7802 7773 7770 
3	7802 7805 7773 
3	7805 7776 7773 
3	6612 6639 7807 
3	7807 7791 6612 
3	7791 7807 7808 
3	7808 7792 7791 
3	6639 6641 7809 
3	7809 7807 6639 
3	7807 7809 7810 
3	7810 7808 7807 
3	7792 7808 7797 
3	7808 7811 7797 
3	7797 7811 7812 
3	7812 7798 7797 
3	7808 7810 7813 
3	7813 7811 7808 
3	7811 7813 7814 
3	7814 7812 7811 
3	6649 7815 6641 
3	7815 7809 6641 
3	7809 7816 7810 
3	7816 7817 7810 
3	7815 7818 7816 
3	7816 7809 7815 
3	7818 7819 7817 
3	7817 7816 7818 
3	7810 7817 7813 
3	7817 7820 7813 
3	7813 7820 7821 
3	7821 7814 7813 
3	7819 7822 7820 
3	7820 7817 7819 
3	7820 7823 7821 
3	7823 7824 7821 
3	7822 7825 7820 
3	7825 7823 7820 
3	6649 6652 7815 
3	6652 7818 7815 
3	6652 6654 7826 
3	7826 7818 6652 
3	7818 7826 7819 
3	7826 7827 7819 
3	7819 7827 7822 
3	7827 7825 7822 
3	7804 7828 7805 
3	7828 7829 7805 
3	7806 7830 7828 
3	7828 7804 7806 
3	7830 7831 7828 
3	7831 7829 7828 
3	7798 7812 7806 
3	7812 7830 7806 
3	7812 7814 7832 
3	7832 7830 7812 
3	7830 7832 7831 
3	7832 7833 7831 
3	7805 7829 7834 
3	7834 7776 7805 
3	7776 7834 7777 
3	7834 7835 7777 
3	7829 7836 7834 
3	7836 7837 7834 
3	7831 7833 7836 
3	7836 7829 7831 
3	7834 7837 7835 
3	7837 7838 7835 
3	7814 7821 7839 
3	7839 7832 7814 
3	7832 7839 7833 
3	7839 7840 7833 
3	7821 7824 7841 
3	7841 7839 7821 
3	7839 7841 7840 
3	7841 7842 7840 
3	7836 7843 7837 
3	7843 7844 7837 
3	7833 7840 7836 
3	7840 7843 7836 
3	7837 7844 7838 
3	7844 7845 7838 
3	7843 7846 7844 
3	7846 7847 7844 
3	7840 7842 7846 
3	7846 7843 7840 
3	7844 7847 7848 
3	7848 7845 7844 
3	7739 7849 7753 
3	7849 7754 7753 
3	7754 7850 7755 
3	7850 7851 7755 
3	7849 7852 7850 
3	7850 7754 7849 
3	7852 7853 7850 
3	7853 7851 7850 
3	7756 7854 7557 
3	7854 7609 7557 
3	7755 7851 7854 
3	7854 7756 7755 
3	7851 7855 7854 
3	7855 7609 7854 
3	7609 7856 7610 
3	7856 7626 7610 
3	7855 7857 7856 
3	7856 7609 7855 
3	7851 7858 7855 
3	7858 7857 7855 
3	7853 7859 7858 
3	7858 7851 7853 
3	7856 7860 7631 
3	7631 7626 7856 
3	7857 7861 7860 
3	7860 7856 7857 
3	7860 7862 7631 
3	7862 7633 7631 
3	7861 7863 7862 
3	7862 7860 7861 
3	7858 7864 7857 
3	7864 7861 7857 
3	7859 7865 7858 
3	7865 7864 7858 
3	7864 7866 7861 
3	7866 7863 7861 
3	7865 7867 7866 
3	7866 7864 7865 
3	7739 7763 7849 
3	7763 7852 7849 
3	7763 7868 7852 
3	7868 7869 7852 
3	7765 7769 7868 
3	7868 7763 7765 
3	7852 7869 7853 
3	7869 7859 7853 
3	7769 7870 7868 
3	7870 7869 7868 
3	7869 7871 7859 
3	7871 7865 7859 
3	7870 7872 7871 
3	7871 7869 7870 
3	7871 7873 7865 
3	7873 7867 7865 
3	7872 7874 7871 
3	7874 7873 7871 
3	7769 7772 7870 
3	7772 7872 7870 
3	7772 7775 7874 
3	7874 7872 7772 
3	7863 7875 7862 
3	7875 7633 7862 
3	7867 7876 7866 
3	7876 7863 7866 
3	7863 7877 7875 
3	7877 7878 7875 
3	7876 7879 7877 
3	7877 7863 7876 
3	7877 7880 7881 
3	7881 7878 7877 
3	7879 7882 7877 
3	7882 7880 7877 
3	7880 7883 7884 
3	7884 7881 7880 
3	7882 7885 7880 
3	7885 7883 7880 
3	7883 7886 7887 
3	7887 7884 7883 
3	7885 7888 7883 
3	7888 7886 7883 
3	7873 7889 7890 
3	7890 7867 7873 
3	7874 7891 7873 
3	7891 7889 7873 
3	7889 7892 7890 
3	7892 7893 7890 
3	7891 7894 7892 
3	7892 7889 7891 
3	7775 7895 7874 
3	7895 7891 7874 
3	7777 7835 7895 
3	7895 7775 7777 
3	7895 7896 7891 
3	7896 7894 7891 
3	7835 7838 7895 
3	7838 7896 7895 
3	7867 7890 7876 
3	7890 7879 7876 
3	7890 7893 7882 
3	7882 7879 7890 
3	7894 7897 7892 
3	7897 7893 7892 
3	7896 7898 7899 
3	7899 7894 7896 
3	7838 7845 7896 
3	7845 7898 7896 
3	7894 7899 7897 
3	7899 7900 7897 
3	7898 7901 7899 
3	7901 7902 7899 
3	7845 7848 7898 
3	7848 7901 7898 
3	7899 7902 7900 
3	7902 7903 7900 
3	7893 7904 7882 
3	7904 7885 7882 
3	7897 7900 7904 
3	7904 7893 7897 
3	7904 7905 7885 
3	7905 7888 7885 
3	7900 7903 7904 
3	7903 7905 7904 
3	7875 7878 7648 
3	7648 7633 7875 
3	7878 7881 7648 
3	7881 7650 7648 
3	7650 7906 7655 
3	7906 7656 7655 
3	7881 7884 7906 
3	7906 7650 7881 
3	7906 7907 7657 
3	7657 7656 7906 
3	7884 7887 7907 
3	7907 7906 7884 
3	3526 3525 7909 
3	3525 7908 7909 
3	7909 7908 7911 
3	7908 7910 7911 
3	7911 7912 7909 
3	7912 3526 7909 
3	7908 3525 7913 
3	7913 7910 7908 
3	7911 7910 7914 
3	7914 7915 7911 
3	7915 7916 7912 
3	7912 7911 7915 
3	7910 7913 7917 
3	7917 7914 7910 
3	7915 7914 7918 
3	7918 7919 7915 
3	7919 7920 7915 
3	7920 7916 7915 
3	7917 7922 7914 
3	7922 7921 7914 
3	7914 7921 7918 
3	7921 7923 7918 
3	7919 7918 7925 
3	7918 7924 7925 
3	7925 7926 7919 
3	7926 7920 7919 
3	7918 7923 7924 
3	7923 7927 7924 
3	7921 7922 7928 
3	7928 7923 7921 
3	7923 7928 7929 
3	7929 7927 7923 
3	7930 7926 7931 
3	7926 7925 7931 
3	7931 7925 7933 
3	7925 7932 7933 
3	7933 7934 7931 
3	7934 7930 7931 
3	7933 7932 7936 
3	7932 7935 7936 
3	7936 7937 7934 
3	7934 7933 7936 
3	7936 7935 7938 
3	7938 7937 7936 
3	7925 7924 7939 
3	7939 7932 7925 
3	7924 7927 7940 
3	7940 7939 7924 
3	7932 7939 7941 
3	7941 7935 7932 
3	7939 7940 7942 
3	7942 7943 7939 
3	7939 7943 7941 
3	7943 7944 7941 
3	7927 7929 7940 
3	7929 7942 7940 
3	7935 7941 7938 
3	7941 7944 7938 
3	1081 3503 7945 
3	7945 5834 1081 
3	3503 3504 7945 
3	3504 7946 7945 
3	5834 7945 5836 
3	7945 7947 5836 
3	7945 7946 7947 
3	7946 7948 7947 
3	3516 3515 7949 
3	7949 7950 3516 
3	7950 7951 3517 
3	3517 3516 7950 
3	7950 7949 7952 
3	7952 7953 7950 
3	7953 7954 7950 
3	7954 7951 7950 
3	3504 3517 7946 
3	3517 7951 7946 
3	7946 7951 7954 
3	7954 7948 7946 
3	5836 7947 7955 
3	7955 5841 5836 
3	5841 7955 7956 
3	7956 5843 5841 
3	7947 7948 7957 
3	7957 7955 7947 
3	7955 7957 7958 
3	7958 7956 7955 
3	5843 7956 5846 
3	7956 7959 5846 
3	7956 7958 7959 
3	7958 7960 7959 
3	7948 7954 7957 
3	7954 7953 7957 
3	7957 7953 7961 
3	7961 7958 7957 
3	7953 7952 7962 
3	7952 7916 7962 
3	7962 7916 7920 
3	7920 7963 7962 
3	7963 7961 7962 
3	7961 7953 7962 
3	7958 7961 7960 
3	7961 7964 7960 
3	7963 7920 7926 
3	7926 7930 7963 
3	7930 7964 7961 
3	7961 7963 7930 
3	7912 7949 3515 
3	3515 3526 7912 
3	3528 7965 3527 
3	3527 3515 3528 
3	3525 3527 7913 
3	3527 7966 7913 
3	3527 7965 7967 
3	7967 7966 3527 
3	7916 7952 7912 
3	7952 7949 7912 
3	7966 7969 7968 
3	7968 7913 7966 
3	7913 7968 7917 
3	7968 7922 7917 
3	7971 7970 7969 
3	7969 7966 7971 
3	7966 7967 7972 
3	7972 7971 7966 
3	3530 3533 7965 
3	7965 3528 3530 
3	7965 3533 7973 
3	7973 7967 7965 
3	3533 3536 7973 
3	3536 7974 7973 
3	7973 7974 7967 
3	7974 7975 7967 
3	7967 7975 7972 
3	7975 7976 7972 
3	7968 7969 7970 
3	7970 7922 7968 
3	3537 3549 7977 
3	7977 3536 3537 
3	3536 7977 7978 
3	7978 7974 3536 
3	3549 3550 7979 
3	7979 7977 3549 
3	7977 7979 7978 
3	7979 7980 7978 
3	7975 7974 7981 
3	7981 7976 7975 
3	7974 7978 7981 
3	7978 7982 7981 
3	7978 7980 7983 
3	7983 7982 7978 
3	7972 7976 7970 
3	7970 7971 7972 
3	7922 7970 7928 
3	7970 7984 7928 
3	7970 7976 7984 
3	7976 7985 7984 
3	7928 7984 7986 
3	7986 7929 7928 
3	7984 7985 7987 
3	7987 7986 7984 
3	7981 7982 7988 
3	7988 7976 7981 
3	7976 7988 7985 
3	7988 7989 7985 
3	7988 7982 7990 
3	7990 7989 7988 
3	7982 7983 7990 
3	7983 7991 7990 
3	7985 7989 7987 
3	7989 7992 7987 
3	7990 7991 7993 
3	7993 7989 7990 
3	7989 7993 7992 
3	7993 7994 7992 
3	5846 7959 5873 
3	7959 7995 5873 
3	7959 7960 7996 
3	7996 7995 7959 
3	5873 7995 7997 
3	7997 5876 5873 
3	7995 7996 7998 
3	7998 7999 7995 
3	7999 7998 8000 
3	8000 8001 7999 
3	8001 7997 7999 
3	7997 7995 7999 
3	7960 7964 8002 
3	8002 7996 7960 
3	7934 8002 7930 
3	8002 7964 7930 
3	7996 8002 7998 
3	8002 7934 7998 
3	7998 7934 7937 
3	7937 8000 7998 
3	5876 7997 8003 
3	8003 5883 5876 
3	8001 8000 8004 
3	8004 7997 8001 
3	7997 8004 8005 
3	8005 8003 7997 
3	5883 8003 8006 
3	8006 5886 5883 
3	8003 8005 8007 
3	8007 8006 8003 
3	8000 7937 8008 
3	8008 8004 8000 
3	8004 8008 8005 
3	8008 8009 8005 
3	7937 7938 8010 
3	8010 8008 7937 
3	8008 8010 8009 
3	8010 8011 8009 
3	8005 8009 8007 
3	8009 8012 8007 
3	8009 8011 8013 
3	8013 8012 8009 
3	7943 7942 8015 
3	7942 8014 8015 
3	7943 8015 7944 
3	8015 8016 7944 
3	8015 8014 8017 
3	8017 8016 8015 
3	7929 7986 7942 
3	7986 8014 7942 
3	7986 7987 8018 
3	8018 8014 7986 
3	8014 8018 8019 
3	8019 8017 8014 
3	7987 7992 8018 
3	7992 8020 8018 
3	7992 7994 8021 
3	8021 8020 7992 
3	8018 8020 8019 
3	8020 8022 8019 
3	8020 8021 8022 
3	8021 8023 8022 
3	7938 7944 8010 
3	7944 8016 8010 
3	8010 8016 8024 
3	8024 8011 8010 
3	8016 8017 8024 
3	8017 8025 8024 
3	8011 8024 8013 
3	8024 8026 8013 
3	8024 8025 8026 
3	8025 8027 8026 
3	8019 8022 8028 
3	8028 8017 8019 
3	8017 8028 8025 
3	8028 8029 8025 
3	8028 8022 8030 
3	8030 8029 8028 
3	8025 8029 8027 
3	8029 8031 8027 
3	8030 8033 8032 
3	8032 8029 8030 
3	8029 8032 8031 
3	8032 8034 8031 
3	8022 8023 8030 
3	8023 8033 8030 
3	7979 3550 8035 
3	8035 7980 7979 
3	8035 8037 8036 
3	8036 7980 8035 
3	7980 8036 7983 
3	8036 8038 7983 
3	8036 8037 8039 
3	8039 8038 8036 
3	7983 8038 8040 
3	8040 7991 7983 
3	8039 8042 8041 
3	8041 8038 8039 
3	8038 8041 8040 
3	8041 8043 8040 
3	7993 7991 8044 
3	8044 7994 7993 
3	7991 8040 8044 
3	8040 8045 8044 
3	8040 8043 8046 
3	8046 8045 8040 
3	8041 8042 8047 
3	8047 8043 8041 
3	8047 8049 8048 
3	8048 8043 8047 
3	8043 8048 8046 
3	8048 8050 8046 
3	8048 8049 8051 
3	8051 8050 8048 
3	3550 3603 8035 
3	3603 8037 8035 
3	3603 3604 8052 
3	8052 8037 3603 
3	8037 8052 8039 
3	8052 8042 8039 
3	3608 3609 8053 
3	8053 3604 3608 
3	3604 8053 8052 
3	8053 8054 8052 
3	8053 3609 8055 
3	8055 8054 8053 
3	3609 3610 8055 
3	3610 8056 8055 
3	8052 8054 8057 
3	8057 8042 8052 
3	8055 8056 8058 
3	8058 8054 8055 
3	8054 8058 8057 
3	8058 8059 8057 
3	8042 8057 8047 
3	8057 8049 8047 
3	8057 8059 8049 
3	8059 8060 8049 
3	8049 8060 8051 
3	8060 8061 8051 
3	3610 3628 8062 
3	8062 8056 3610 
3	3628 3629 8062 
3	3629 8063 8062 
3	8058 8056 8064 
3	8064 8059 8058 
3	8056 8062 8064 
3	8062 8065 8064 
3	8062 8063 8066 
3	8066 8065 8062 
3	3629 3631 8063 
3	3631 8067 8063 
3	8063 8067 8066 
3	8067 8068 8066 
3	3631 3635 8069 
3	8069 8067 3631 
3	3635 3636 8069 
3	3636 8070 8069 
3	3636 3637 8071 
3	8071 8070 3636 
3	8069 8070 8072 
3	8072 8067 8069 
3	8067 8072 8068 
3	8072 8073 8068 
3	8072 8070 8074 
3	8074 8073 8072 
3	8071 8076 8075 
3	8075 8070 8071 
3	8070 8075 8074 
3	8075 8077 8074 
3	8059 8064 8078 
3	8078 8060 8059 
3	8064 8065 8078 
3	8065 8079 8078 
3	8066 8068 8080 
3	8080 8065 8066 
3	8065 8080 8079 
3	8080 8081 8079 
3	8078 8079 8082 
3	8082 8060 8078 
3	8060 8082 8061 
3	8082 8083 8061 
3	8082 8079 8084 
3	8084 8083 8082 
3	8079 8081 8084 
3	8081 8085 8084 
3	8080 8068 8086 
3	8086 8081 8080 
3	8081 8086 8087 
3	8087 8085 8081 
3	8068 8073 8086 
3	8073 8088 8086 
3	8073 8074 8089 
3	8089 8088 8073 
3	8074 8077 8090 
3	8090 8089 8074 
3	8086 8088 8087 
3	8088 8091 8087 
3	8088 8089 8092 
3	8092 8091 8088 
3	8089 8090 8092 
3	8090 8093 8092 
3	8044 8045 8094 
3	8094 7994 8044 
3	7994 8094 8021 
3	8094 8095 8021 
3	8094 8045 8096 
3	8096 8095 8094 
3	8045 8046 8096 
3	8046 8097 8096 
3	8021 8095 8098 
3	8098 8023 8021 
3	8096 8097 8099 
3	8099 8095 8096 
3	8095 8099 8098 
3	8099 8100 8098 
3	8046 8050 8101 
3	8101 8097 8046 
3	8051 8061 8102 
3	8102 8050 8051 
3	8050 8102 8101 
3	8102 8103 8101 
3	8099 8097 8104 
3	8104 8100 8099 
3	8097 8101 8104 
3	8101 8105 8104 
3	8101 8103 8105 
3	8103 8106 8105 
3	8032 8033 8107 
3	8107 8034 8032 
3	8023 8098 8108 
3	8108 8033 8023 
3	8098 8100 8109 
3	8109 8108 8098 
3	8033 8108 8107 
3	8108 8110 8107 
3	8108 8109 8111 
3	8111 8110 8108 
3	8104 8105 8112 
3	8112 8100 8104 
3	8100 8112 8109 
3	8112 8113 8109 
3	8112 8105 8114 
3	8114 8113 8112 
3	8105 8106 8114 
3	8106 8115 8114 
3	8109 8113 8111 
3	8113 8116 8111 
3	8113 8114 8117 
3	8117 8116 8113 
3	8114 8115 8117 
3	8115 8118 8117 
3	8102 8061 8119 
3	8119 8103 8102 
3	8103 8119 8120 
3	8120 8106 8103 
3	8120 8122 8121 
3	8121 8106 8120 
3	8106 8121 8115 
3	8121 8123 8115 
3	8121 8122 8124 
3	8124 8123 8121 
3	8115 8123 8118 
3	8123 8125 8118 
3	8123 8124 8126 
3	8126 8125 8123 
3	8061 8083 8119 
3	8083 8127 8119 
3	8083 8084 8128 
3	8128 8127 8083 
3	8084 8085 8128 
3	8085 8129 8128 
3	8119 8127 8120 
3	8127 8122 8120 
3	8128 8129 8130 
3	8130 8127 8128 
3	8127 8130 8122 
3	8130 8131 8122 
3	8087 8091 8132 
3	8132 8085 8087 
3	8085 8132 8129 
3	8132 8133 8129 
3	8132 8091 8134 
3	8134 8133 8132 
3	8130 8129 8135 
3	8135 8131 8130 
3	8129 8133 8135 
3	8133 8136 8135 
3	8133 8134 8137 
3	8137 8136 8133 
3	8092 8093 8138 
3	8138 8091 8092 
3	8091 8138 8134 
3	8138 8139 8134 
3	8134 8139 8137 
3	8139 8140 8137 
3	8122 8131 8124 
3	8131 8141 8124 
3	8124 8141 8126 
3	8141 8142 8126 
3	8131 8135 8143 
3	8143 8141 8131 
3	8135 8136 8143 
3	8136 8144 8143 
3	8137 8140 8145 
3	8145 8136 8137 
3	8136 8145 8144 
3	8145 8146 8144 
3	8143 8144 8147 
3	8147 8141 8143 
3	8141 8147 8142 
3	8147 8148 8142 
3	8147 8144 8149 
3	8149 8148 8147 
3	8144 8146 8149 
3	8146 8150 8149 
3	3637 3654 8071 
3	3654 8076 8071 
3	5886 8006 8151 
3	8151 6012 5886 
3	8006 8007 8151 
3	8007 8152 8151 
3	6012 8151 8153 
3	8153 8154 6012 
3	8154 6017 6015 
3	6015 6012 8154 
3	8151 8152 8155 
3	8155 8153 8151 
3	8007 8012 8152 
3	8012 8156 8152 
3	8012 8013 8157 
3	8157 8156 8012 
3	8152 8156 8155 
3	8156 8158 8155 
3	8156 8157 8158 
3	8157 8159 8158 
3	8154 8153 8161 
3	8153 8160 8161 
3	8161 6023 8154 
3	6023 6017 8154 
3	8153 8155 8160 
3	8155 8162 8160 
3	8161 8160 8164 
3	8160 8163 8164 
3	8164 6025 8161 
3	6025 6023 8161 
3	8160 8162 8163 
3	8162 8165 8163 
3	8155 8158 8166 
3	8166 8162 8155 
3	8158 8159 8167 
3	8167 8166 8158 
3	8162 8166 8168 
3	8168 8165 8162 
3	8166 8167 8169 
3	8169 8168 8166 
3	8013 8026 8170 
3	8170 8157 8013 
3	8026 8027 8170 
3	8027 8171 8170 
3	8157 8170 8172 
3	8172 8159 8157 
3	8170 8171 8173 
3	8173 8172 8170 
3	8027 8031 8171 
3	8031 8174 8171 
3	8031 8034 8174 
3	8034 8175 8174 
3	8171 8174 8173 
3	8174 8176 8173 
3	8174 8175 8176 
3	8175 8177 8176 
3	8159 8172 8178 
3	8178 8167 8159 
3	8172 8173 8179 
3	8179 8178 8172 
3	8167 8178 8180 
3	8180 8169 8167 
3	8178 8179 8181 
3	8181 8180 8178 
3	8173 8176 8182 
3	8182 8179 8173 
3	8176 8177 8182 
3	8177 8183 8182 
3	8179 8182 8184 
3	8184 8181 8179 
3	8182 8183 8184 
3	8183 8185 8184 
3	8164 8163 8187 
3	8163 8186 8187 
3	8187 6051 8164 
3	6051 6025 8164 
3	8163 8165 8186 
3	8165 8188 8186 
3	8187 8186 8189 
3	8189 8190 8187 
3	8190 6053 6051 
3	6051 8187 8190 
3	8186 8188 8191 
3	8191 8189 8186 
3	8165 8168 8192 
3	8192 8188 8165 
3	8168 8169 8193 
3	8193 8192 8168 
3	8188 8192 8191 
3	8192 8194 8191 
3	8192 8193 8194 
3	8193 8195 8194 
3	8190 8189 8197 
3	8189 8196 8197 
3	8197 6059 8190 
3	6059 6053 8190 
3	8189 8191 8196 
3	8191 8198 8196 
3	8197 8196 8200 
3	8196 8199 8200 
3	8200 6061 8197 
3	6061 6059 8197 
3	8196 8198 8201 
3	8201 8199 8196 
3	8191 8194 8198 
3	8194 8202 8198 
3	8194 8195 8202 
3	8195 8203 8202 
3	8198 8202 8204 
3	8204 8201 8198 
3	8202 8203 8205 
3	8205 8204 8202 
3	8169 8180 8206 
3	8206 8193 8169 
3	8180 8181 8206 
3	8181 8207 8206 
3	8193 8206 8195 
3	8206 8208 8195 
3	8206 8207 8208 
3	8207 8209 8208 
3	8181 8184 8207 
3	8184 8210 8207 
3	8184 8185 8211 
3	8211 8210 8184 
3	8207 8210 8209 
3	8210 8212 8209 
3	8210 8211 8213 
3	8213 8212 8210 
3	8195 8208 8203 
3	8208 8214 8203 
3	8208 8209 8214 
3	8209 8215 8214 
3	8203 8214 8205 
3	8214 8216 8205 
3	8214 8215 8216 
3	8215 8217 8216 
3	8209 8212 8218 
3	8218 8215 8209 
3	8212 8213 8219 
3	8219 8218 8212 
3	8215 8218 8220 
3	8220 8217 8215 
3	8218 8219 8221 
3	8221 8220 8218 
3	8107 8110 8222 
3	8222 8034 8107 
3	8034 8222 8175 
3	8222 8223 8175 
3	8222 8110 8223 
3	8110 8224 8223 
3	8175 8223 8177 
3	8223 8225 8177 
3	8223 8224 8226 
3	8226 8225 8223 
3	8110 8111 8224 
3	8111 8227 8224 
3	8224 8227 8226 
3	8227 8228 8226 
3	8111 8116 8229 
3	8229 8227 8111 
3	8117 8118 8230 
3	8230 8116 8117 
3	8116 8230 8229 
3	8230 8231 8229 
3	8227 8229 8232 
3	8232 8228 8227 
3	8229 8231 8232 
3	8231 8233 8232 
3	8177 8225 8183 
3	8225 8234 8183 
3	8226 8228 8235 
3	8235 8225 8226 
3	8225 8235 8234 
3	8235 8236 8234 
3	8183 8234 8185 
3	8234 8237 8185 
3	8234 8236 8237 
3	8236 8238 8237 
3	8235 8228 8239 
3	8239 8236 8235 
3	8236 8239 8238 
3	8239 8240 8238 
3	8228 8232 8239 
3	8232 8241 8239 
3	8232 8233 8241 
3	8233 8242 8241 
3	8239 8241 8240 
3	8241 8243 8240 
3	8241 8242 8243 
3	8242 8244 8243 
3	8230 8118 8245 
3	8245 8231 8230 
3	8118 8125 8245 
3	8125 8246 8245 
3	8126 8142 8247 
3	8247 8125 8126 
3	8125 8247 8246 
3	8247 8248 8246 
3	8231 8245 8233 
3	8245 8249 8233 
3	8245 8246 8249 
3	8246 8250 8249 
3	8246 8248 8251 
3	8251 8250 8246 
3	8247 8142 8252 
3	8252 8248 8247 
3	8248 8252 8251 
3	8252 8253 8251 
3	8233 8249 8242 
3	8249 8254 8242 
3	8249 8250 8255 
3	8255 8254 8249 
3	8250 8251 8256 
3	8256 8255 8250 
3	8242 8254 8244 
3	8254 8257 8244 
3	8254 8255 8257 
3	8255 8258 8257 
3	8255 8256 8259 
3	8259 8258 8255 
3	8251 8253 8256 
3	8253 8260 8256 
3	8256 8260 8259 
3	8260 8261 8259 
3	8142 8148 8252 
3	8148 8262 8252 
3	8148 8149 8262 
3	8149 8263 8262 
3	8149 8150 8263 
3	8150 8264 8263 
3	8252 8262 8253 
3	8262 8265 8253 
3	8262 8263 8265 
3	8263 8266 8265 
3	8263 8264 8266 
3	8264 8267 8266 
3	8253 8265 8260 
3	8265 8268 8260 
3	8265 8266 8268 
3	8266 8269 8268 
3	8266 8267 8269 
3	8267 8270 8269 
3	8260 8268 8271 
3	8271 8261 8260 
3	8268 8269 8272 
3	8272 8271 8268 
3	8269 8270 8272 
3	8270 8273 8272 
3	8185 8237 8274 
3	8274 8211 8185 
3	8237 8238 8274 
3	8238 8275 8274 
3	8211 8274 8276 
3	8276 8213 8211 
3	8274 8275 8277 
3	8277 8276 8274 
3	8238 8240 8275 
3	8240 8278 8275 
3	8275 8278 8279 
3	8279 8277 8275 
3	8240 8243 8278 
3	8243 8280 8278 
3	8243 8244 8280 
3	8244 8281 8280 
3	8278 8280 8282 
3	8282 8279 8278 
3	8280 8281 8283 
3	8283 8282 8280 
3	8213 8276 8284 
3	8284 8219 8213 
3	8276 8277 8285 
3	8285 8284 8276 
3	8219 8284 8286 
3	8286 8221 8219 
3	8284 8285 8288 
3	8285 8287 8288 
3	8284 8288 8286 
3	8288 8289 8286 
3	8288 8287 8290 
3	8290 8289 8288 
3	8277 8279 8285 
3	8279 8287 8285 
3	8279 8282 8291 
3	8291 8287 8279 
3	8282 8283 8292 
3	8292 8291 8282 
3	8287 8291 8290 
3	8291 8293 8290 
3	8291 8292 8294 
3	8294 8293 8291 
3	8244 8257 8281 
3	8257 8295 8281 
3	8257 8258 8295 
3	8258 8296 8295 
3	8258 8259 8296 
3	8259 8297 8296 
3	8281 8295 8298 
3	8298 8283 8281 
3	8295 8296 8299 
3	8299 8298 8295 
3	8296 8297 8300 
3	8300 8299 8296 
3	8259 8261 8297 
3	8261 8301 8297 
3	8297 8301 8302 
3	8302 8300 8297 
3	8283 8298 8303 
3	8303 8292 8283 
3	8298 8299 8304 
3	8304 8303 8298 
3	8299 8300 8305 
3	8305 8304 8299 
3	8292 8303 8294 
3	8303 8306 8294 
3	8303 8304 8307 
3	8307 8306 8303 
3	8304 8305 8308 
3	8308 8307 8304 
3	8300 8302 8309 
3	8309 8305 8300 
3	8305 8309 8308 
3	8309 8310 8308 
3	8261 8271 8311 
3	8311 8301 8261 
3	8271 8272 8312 
3	8312 8311 8271 
3	8272 8273 8313 
3	8313 8312 8272 
3	8301 8311 8314 
3	8314 8302 8301 
3	8311 8312 8315 
3	8315 8314 8311 
3	8312 8313 8316 
3	8316 8315 8312 
3	8302 8314 8317 
3	8317 8309 8302 
3	8314 8315 8318 
3	8318 8317 8314 
3	8315 8316 8318 
3	8316 8319 8318 
3	8309 8317 8320 
3	8320 8310 8309 
3	8317 8318 8321 
3	8321 8320 8317 
3	8318 8319 8322 
3	8322 8321 8318 
3	8075 8076 8323 
3	8323 8077 8075 
3	8077 8323 8324 
3	8324 8090 8077 
3	8090 8324 8325 
3	8325 8093 8090 
3	8138 8093 8326 
3	8326 8139 8138 
3	8325 8328 8327 
3	8327 8093 8325 
3	8093 8327 8326 
3	8327 8329 8326 
3	8327 8328 8330 
3	8330 8329 8327 
3	8139 8326 8331 
3	8331 8140 8139 
3	8326 8329 8332 
3	8332 8331 8326 
3	8329 8330 8333 
3	8333 8332 8329 
3	8145 8140 8334 
3	8334 8146 8145 
3	8146 8334 8335 
3	8335 8150 8146 
3	8140 8331 8336 
3	8336 8334 8140 
3	8331 8332 8336 
3	8332 8337 8336 
3	8332 8333 8338 
3	8338 8337 8332 
3	8336 8337 8339 
3	8339 8334 8336 
3	8334 8339 8335 
3	8339 8340 8335 
3	8339 8337 8341 
3	8341 8340 8339 
3	8338 8343 8342 
3	8342 8337 8338 
3	8337 8342 8341 
3	8342 8344 8341 
3	8342 8343 8345 
3	8345 8344 8342 
3	3654 3796 8346 
3	8346 8076 3654 
3	3797 3801 8347 
3	8347 3796 3797 
3	3796 8347 8346 
3	8347 8348 8346 
3	8347 3801 8349 
3	8349 8348 8347 
3	8076 8346 8350 
3	8350 8323 8076 
3	8346 8348 8350 
3	8348 8351 8350 
3	8348 8349 8352 
3	8352 8351 8348 
3	3801 3802 8349 
3	3802 8353 8349 
3	3802 3803 8354 
3	8354 8353 3802 
3	8349 8353 8355 
3	8355 8352 8349 
3	8354 8357 8356 
3	8356 8353 8354 
3	8353 8356 8355 
3	8356 8358 8355 
3	8356 8357 8359 
3	8359 8358 8356 
3	8350 8351 8360 
3	8360 8323 8350 
3	8323 8360 8324 
3	8360 8361 8324 
3	8360 8351 8362 
3	8362 8361 8360 
3	8351 8352 8363 
3	8363 8362 8351 
3	8324 8361 8325 
3	8361 8328 8325 
3	8361 8362 8364 
3	8364 8328 8361 
3	8363 8366 8365 
3	8365 8362 8363 
3	8362 8365 8364 
3	8365 8367 8364 
3	8355 8358 8368 
3	8368 8352 8355 
3	8352 8368 8363 
3	8368 8366 8363 
3	8365 8366 8369 
3	8369 8367 8365 
3	8368 8358 8370 
3	8370 8366 8368 
3	8358 8359 8370 
3	8359 8371 8370 
3	8366 8370 8369 
3	8370 8372 8369 
3	8370 8371 8373 
3	8373 8372 8370 
3	3803 3820 8354 
3	3820 8357 8354 
3	3820 3822 8374 
3	8374 8357 3820 
3	3822 3823 8374 
3	3823 8375 8374 
3	8357 8374 8359 
3	8374 8376 8359 
3	8374 8375 8377 
3	8377 8376 8374 
3	3823 3826 8375 
3	3826 8378 8375 
3	3826 3827 8379 
3	8379 8378 3826 
3	8375 8378 8380 
3	8380 8377 8375 
3	8378 8379 8381 
3	8381 8380 8378 
3	8359 8376 8382 
3	8382 8371 8359 
3	8377 8384 8383 
3	8383 8376 8377 
3	8376 8383 8382 
3	8383 8385 8382 
3	8383 8384 8386 
3	8386 8385 8383 
3	8382 8385 8387 
3	8387 8371 8382 
3	8371 8387 8373 
3	8387 8388 8373 
3	8387 8385 8389 
3	8389 8388 8387 
3	8385 8386 8389 
3	8386 8390 8389 
3	8380 8391 8377 
3	8391 8384 8377 
3	8381 8392 8380 
3	8392 8391 8380 
3	8384 8391 8393 
3	8393 8386 8384 
3	8391 8392 8394 
3	8394 8393 8391 
3	8386 8393 8390 
3	8393 8395 8390 
3	8393 8394 8395 
3	8394 8396 8395 
3	8328 8364 8397 
3	8397 8330 8328 
3	8364 8367 8397 
3	8367 8398 8397 
3	8397 8398 8399 
3	8399 8330 8397 
3	8330 8399 8333 
3	8399 8400 8333 
3	8367 8369 8401 
3	8401 8398 8367 
3	8399 8398 8402 
3	8402 8400 8399 
3	8398 8401 8403 
3	8403 8402 8398 
3	8369 8372 8404 
3	8404 8401 8369 
3	8373 8388 8405 
3	8405 8372 8373 
3	8372 8405 8404 
3	8405 8406 8404 
3	8405 8388 8407 
3	8407 8406 8405 
3	8404 8406 8408 
3	8408 8401 8404 
3	8401 8408 8403 
3	8408 8409 8403 
3	8408 8406 8410 
3	8410 8409 8408 
3	8406 8407 8410 
3	8407 8411 8410 
3	8333 8400 8338 
3	8400 8343 8338 
3	8400 8402 8412 
3	8412 8343 8400 
3	8403 8409 8413 
3	8413 8402 8403 
3	8402 8413 8412 
3	8413 8414 8412 
3	8413 8409 8415 
3	8415 8414 8413 
3	8343 8412 8345 
3	8412 8416 8345 
3	8412 8414 8417 
3	8417 8416 8412 
3	8414 8415 8418 
3	8418 8417 8414 
3	8409 8410 8415 
3	8410 8419 8415 
3	8410 8411 8420 
3	8420 8419 8410 
3	8415 8419 8421 
3	8421 8418 8415 
3	8420 8423 8422 
3	8422 8419 8420 
3	8419 8422 8424 
3	8424 8421 8419 
3	8388 8389 8407 
3	8389 8425 8407 
3	8389 8390 8426 
3	8426 8425 8389 
3	8407 8425 8427 
3	8427 8411 8407 
3	8426 8429 8428 
3	8428 8425 8426 
3	8425 8428 8427 
3	8428 8430 8427 
3	8390 8395 8431 
3	8431 8426 8390 
3	8395 8396 8431 
3	8396 8432 8431 
3	8431 8433 8426 
3	8433 8429 8426 
3	8432 8434 8431 
3	8434 8433 8431 
3	8427 8430 8435 
3	8435 8411 8427 
3	8411 8435 8420 
3	8435 8423 8420 
3	8422 8423 8436 
3	8436 8424 8422 
3	8428 8429 8437 
3	8437 8430 8428 
3	8429 8433 8438 
3	8438 8437 8429 
3	8433 8434 8439 
3	8439 8438 8433 
3	8435 8430 8440 
3	8440 8423 8435 
3	8430 8437 8441 
3	8441 8440 8430 
3	8423 8440 8436 
3	8440 8442 8436 
3	8440 8441 8442 
3	8441 8443 8442 
3	8437 8438 8441 
3	8438 8444 8441 
3	8438 8439 8445 
3	8445 8444 8438 
3	8441 8444 8446 
3	8446 8443 8441 
3	8444 8445 8446 
3	8445 8447 8446 
3	8150 8335 8448 
3	8448 8264 8150 
3	8264 8448 8449 
3	8449 8267 8264 
3	8335 8340 8450 
3	8450 8448 8335 
3	8340 8341 8451 
3	8451 8450 8340 
3	8341 8344 8452 
3	8452 8451 8341 
3	8448 8450 8453 
3	8453 8449 8448 
3	8450 8451 8454 
3	8454 8453 8450 
3	8451 8452 8455 
3	8455 8454 8451 
3	8344 8345 8452 
3	8345 8456 8452 
3	8452 8456 8457 
3	8457 8455 8452 
3	8267 8449 8270 
3	8449 8458 8270 
3	8270 8458 8459 
3	8459 8273 8270 
3	8449 8453 8460 
3	8460 8458 8449 
3	8453 8454 8461 
3	8461 8460 8453 
3	8454 8455 8462 
3	8462 8461 8454 
3	8458 8460 8463 
3	8463 8459 8458 
3	8460 8461 8464 
3	8464 8463 8460 
3	8461 8462 8465 
3	8465 8464 8461 
3	8455 8457 8466 
3	8466 8462 8455 
3	8462 8466 8467 
3	8467 8465 8462 
3	8459 8463 8468 
3	8468 8273 8459 
3	8273 8468 8469 
3	8469 8313 8273 
3	8468 8463 8469 
3	8463 8470 8469 
3	8313 8469 8471 
3	8469 8470 8471 
3	8313 8471 8472 
3	8472 8316 8313 
3	8463 8464 8470 
3	8464 8473 8470 
3	8464 8465 8473 
3	8465 8474 8473 
3	8471 8470 8472 
3	8470 8475 8472 
3	8470 8473 8475 
3	8473 8476 8475 
3	8473 8474 8476 
3	8474 8477 8476 
3	8465 8467 8474 
3	8467 8478 8474 
3	8474 8478 8477 
3	8478 8479 8477 
3	8316 8472 8319 
3	8472 8480 8319 
3	8319 8480 8322 
3	8480 8481 8322 
3	8472 8475 8480 
3	8475 8482 8480 
3	8475 8476 8482 
3	8476 8483 8482 
3	8476 8477 8483 
3	8477 8484 8483 
3	8480 8482 8481 
3	8482 8485 8481 
3	8482 8483 8485 
3	8483 8486 8485 
3	8483 8484 8486 
3	8484 8487 8486 
3	8477 8479 8484 
3	8479 8488 8484 
3	8484 8488 8487 
3	8488 8489 8487 
3	8345 8416 8490 
3	8490 8456 8345 
3	8416 8417 8490 
3	8417 8491 8490 
3	8417 8418 8492 
3	8492 8491 8417 
3	8490 8491 8493 
3	8493 8456 8490 
3	8456 8493 8457 
3	8493 8494 8457 
3	8493 8491 8495 
3	8495 8494 8493 
3	8491 8492 8496 
3	8496 8495 8491 
3	8418 8421 8497 
3	8497 8492 8418 
3	8421 8424 8497 
3	8424 8498 8497 
3	8497 8498 8499 
3	8499 8492 8497 
3	8492 8499 8496 
3	8499 8500 8496 
3	8457 8494 8501 
3	8501 8466 8457 
3	8494 8495 8501 
3	8495 8502 8501 
3	8495 8496 8503 
3	8503 8502 8495 
3	8466 8501 8504 
3	8504 8467 8466 
3	8501 8502 8504 
3	8502 8505 8504 
3	8502 8503 8505 
3	8503 8506 8505 
3	8496 8500 8507 
3	8507 8503 8496 
3	8503 8507 8506 
3	8507 8508 8506 
3	8424 8436 8509 
3	8509 8498 8424 
3	8499 8498 8510 
3	8510 8500 8499 
3	8498 8509 8510 
3	8509 8511 8510 
3	8500 8510 8512 
3	8512 8507 8500 
3	8510 8511 8512 
3	8511 8513 8512 
3	8507 8512 8508 
3	8512 8514 8508 
3	8512 8513 8515 
3	8515 8514 8512 
3	8436 8442 8509 
3	8442 8516 8509 
3	8442 8443 8517 
3	8517 8516 8442 
3	8509 8516 8518 
3	8518 8511 8509 
3	8517 8520 8519 
3	8519 8516 8517 
3	8516 8519 8521 
3	8521 8518 8516 
3	8519 8520 8522 
3	8522 8521 8519 
3	8446 8524 8523 
3	8523 8443 8446 
3	8443 8523 8517 
3	8523 8520 8517 
3	8447 8525 8524 
3	8524 8446 8447 
3	8523 8524 8526 
3	8526 8520 8523 
3	8524 8525 8527 
3	8527 8526 8524 
3	8520 8526 8528 
3	8528 8522 8520 
3	8526 8527 8528 
3	8527 8529 8528 
3	8511 8518 8530 
3	8530 8513 8511 
3	8518 8521 8531 
3	8531 8530 8518 
3	8521 8522 8532 
3	8532 8531 8521 
3	8530 8531 8533 
3	8533 8513 8530 
3	8513 8533 8515 
3	8533 8534 8515 
3	8533 8531 8535 
3	8535 8534 8533 
3	8531 8532 8536 
3	8536 8535 8531 
3	8522 8528 8532 
3	8528 8537 8532 
3	8528 8529 8537 
3	8529 8538 8537 
3	8532 8537 8539 
3	8539 8536 8532 
3	8537 8538 8540 
3	8540 8539 8537 
3	8467 8504 8478 
3	8504 8541 8478 
3	8504 8505 8541 
3	8505 8542 8541 
3	8505 8506 8542 
3	8506 8543 8542 
3	8478 8541 8479 
3	8541 8544 8479 
3	8541 8542 8545 
3	8545 8544 8541 
3	8542 8543 8546 
3	8546 8545 8542 
3	8506 8508 8543 
3	8508 8547 8543 
3	8543 8547 8546 
3	8547 8548 8546 
3	8479 8544 8488 
3	8544 8549 8488 
3	8544 8545 8550 
3	8550 8549 8544 
3	8545 8546 8551 
3	8551 8550 8545 
3	8488 8549 8552 
3	8552 8489 8488 
3	8549 8550 8552 
3	8550 8553 8552 
3	8550 8551 8553 
3	8551 8554 8553 
3	8546 8548 8551 
3	8548 8555 8551 
3	8551 8555 8556 
3	8556 8554 8551 
3	8508 8514 8547 
3	8514 8557 8547 
3	8514 8515 8557 
3	8515 8558 8557 
3	8547 8557 8548 
3	8557 8559 8548 
3	8557 8558 8560 
3	8560 8559 8557 
3	8548 8559 8555 
3	8559 8561 8555 
3	8559 8560 8562 
3	8562 8561 8559 
3	8555 8561 8556 
3	8561 8563 8556 
3	8561 8562 8564 
3	8564 8563 8561 
3	8515 8534 8565 
3	8565 8558 8515 
3	8534 8535 8565 
3	8535 8566 8565 
3	8535 8536 8567 
3	8567 8566 8535 
3	8558 8565 8568 
3	8565 8566 8568 
3	8558 8568 8560 
3	8568 8569 8560 
3	8568 8566 8570 
3	8570 8569 8568 
3	8566 8567 8570 
3	8567 8571 8570 
3	8536 8539 8572 
3	8572 8567 8536 
3	8539 8540 8573 
3	8573 8572 8539 
3	8567 8572 8574 
3	8574 8571 8567 
3	8572 8573 8574 
3	8573 8575 8574 
3	8560 8569 8562 
3	8569 8576 8562 
3	8569 8570 8576 
3	8570 8577 8576 
3	8570 8571 8577 
3	8571 8578 8577 
3	8562 8576 8579 
3	8579 8564 8562 
3	8576 8577 8580 
3	8577 8578 8580 
3	8576 8580 8579 
3	8580 8581 8579 
3	8571 8574 8582 
3	8582 8578 8571 
3	8574 8575 8582 
3	8575 8583 8582 
3	8580 8578 8584 
3	8584 8581 8580 
3	8578 8582 8584 
3	8582 8585 8584 
3	8582 8583 8586 
3	8586 8585 8582 
3	8200 8199 8587 
3	8587 8588 8200 
3	8588 6327 8200 
3	6327 6061 8200 
3	8199 8201 8589 
3	8589 8587 8199 
3	8588 8587 8591 
3	8587 8590 8591 
3	8591 6329 8588 
3	6329 6327 8588 
3	8587 8589 8592 
3	8592 8590 8587 
3	8201 8204 8593 
3	8593 8589 8201 
3	8204 8205 8593 
3	8205 8594 8593 
3	8589 8593 8595 
3	8595 8592 8589 
3	8593 8594 8595 
3	8594 8596 8595 
3	8591 8590 6329 
3	8590 8597 6329 
3	8590 8592 8598 
3	8598 8597 8590 
3	6329 8597 6336 
3	8597 8599 6336 
3	8597 8598 8599 
3	8598 8600 8599 
3	6336 8599 8601 
3	8601 6338 6336 
3	8599 8600 8601 
3	8600 8602 8601 
3	8592 8595 8598 
3	8595 8603 8598 
3	8595 8596 8603 
3	8596 8604 8603 
3	8598 8603 8600 
3	8603 8605 8600 
3	8603 8604 8606 
3	8606 8605 8603 
3	8600 8605 8602 
3	8605 8607 8602 
3	8605 8606 8608 
3	8608 8607 8605 
3	8205 8216 8594 
3	8216 8609 8594 
3	8216 8217 8610 
3	8610 8609 8216 
3	8594 8609 8596 
3	8609 8611 8596 
3	8609 8610 8612 
3	8612 8611 8609 
3	8217 8220 8613 
3	8613 8610 8217 
3	8220 8221 8614 
3	8614 8613 8220 
3	8610 8613 8615 
3	8615 8612 8610 
3	8613 8614 8617 
3	8614 8616 8617 
3	8613 8617 8615 
3	8617 8618 8615 
3	8617 8616 8619 
3	8619 8618 8617 
3	8596 8611 8620 
3	8620 8604 8596 
3	8611 8612 8621 
3	8621 8620 8611 
3	8604 8620 8622 
3	8622 8606 8604 
3	8620 8621 8623 
3	8623 8622 8620 
3	8606 8622 8624 
3	8624 8608 8606 
3	8622 8623 8624 
3	8623 8625 8624 
3	8612 8615 8621 
3	8615 8618 8621 
3	8621 8618 8626 
3	8626 8623 8621 
3	8618 8619 8626 
3	8619 8627 8626 
3	8623 8626 8628 
3	8628 8625 8623 
3	8626 8627 8629 
3	8629 8628 8626 
3	6338 8601 8630 
3	8630 6374 6338 
3	8601 8602 8630 
3	8602 8631 8630 
3	6374 8630 6377 
3	8630 8632 6377 
3	6377 8632 6378 
3	8632 8633 6378 
3	8630 8631 8632 
3	8631 8634 8632 
3	8632 8634 8633 
3	8634 8635 8633 
3	8602 8607 8636 
3	8636 8631 8602 
3	8607 8608 8637 
3	8637 8636 8607 
3	8631 8636 8638 
3	8638 8634 8631 
3	8634 8638 8639 
3	8639 8635 8634 
3	8636 8637 8640 
3	8640 8638 8636 
3	8638 8640 8641 
3	8641 8639 8638 
3	6378 8633 6385 
3	8633 8642 6385 
3	8633 8635 8642 
3	8635 8643 8642 
3	6385 8642 6387 
3	8642 8644 6387 
3	8642 8643 8644 
3	8643 8645 8644 
3	8635 8639 8646 
3	8646 8643 8635 
3	8639 8641 8646 
3	8641 8647 8646 
3	8643 8646 8648 
3	8648 8645 8643 
3	8646 8647 8649 
3	8649 8648 8646 
3	6387 8644 6391 
3	8644 8650 6391 
3	8644 8645 8650 
3	8645 8651 8650 
3	8645 8648 8652 
3	8652 8651 8645 
3	8648 8649 8653 
3	8653 8652 8648 
3	8608 8624 8654 
3	8654 8637 8608 
3	8624 8625 8655 
3	8655 8654 8624 
3	8637 8654 8656 
3	8656 8640 8637 
3	8640 8656 8641 
3	8656 8657 8641 
3	8654 8655 8656 
3	8655 8658 8656 
3	8656 8658 8659 
3	8659 8657 8656 
3	8625 8628 8661 
3	8628 8660 8661 
3	8625 8661 8655 
3	8661 8658 8655 
3	8661 8660 8662 
3	8662 8658 8661 
3	8628 8629 8660 
3	8629 8663 8660 
3	8660 8663 8664 
3	8664 8662 8660 
3	8658 8662 8665 
3	8665 8659 8658 
3	8662 8664 8666 
3	8666 8665 8662 
3	8641 8657 8647 
3	8657 8667 8647 
3	8657 8659 8668 
3	8668 8667 8657 
3	8647 8667 8669 
3	8669 8649 8647 
3	8667 8668 8669 
3	8668 8670 8669 
3	8659 8665 8672 
3	8665 8671 8672 
3	8659 8672 8668 
3	8672 8670 8668 
3	8665 8666 8673 
3	8673 8671 8665 
3	8649 8669 8674 
3	8674 8653 8649 
3	8669 8670 8675 
3	8675 8674 8669 
3	8672 8671 8676 
3	8676 8670 8672 
3	8671 8673 8676 
3	8673 8677 8676 
3	8670 8676 8675 
3	8676 8678 8675 
3	8676 8677 8679 
3	8679 8678 8676 
3	8221 8286 8680 
3	8286 8289 8680 
3	8221 8680 8614 
3	8680 8616 8614 
3	8680 8289 8681 
3	8681 8616 8680 
3	8289 8290 8681 
3	8290 8682 8681 
3	8616 8681 8619 
3	8681 8683 8619 
3	8681 8682 8684 
3	8684 8683 8681 
3	8290 8293 8685 
3	8685 8682 8290 
3	8293 8294 8686 
3	8294 8306 8686 
3	8293 8686 8685 
3	8686 8687 8685 
3	8686 8306 8688 
3	8688 8687 8686 
3	8682 8685 8689 
3	8689 8684 8682 
3	8685 8687 8689 
3	8687 8690 8689 
3	8687 8688 8691 
3	8691 8690 8687 
3	8619 8683 8692 
3	8692 8627 8619 
3	8683 8684 8693 
3	8693 8692 8683 
3	8627 8692 8695 
3	8692 8694 8695 
3	8627 8695 8629 
3	8695 8663 8629 
3	8695 8694 8696 
3	8696 8663 8695 
3	8692 8693 8694 
3	8693 8697 8694 
3	8694 8697 8698 
3	8698 8696 8694 
3	8684 8689 8699 
3	8689 8690 8699 
3	8684 8699 8693 
3	8699 8697 8693 
3	8699 8690 8700 
3	8700 8697 8699 
3	8690 8691 8701 
3	8701 8700 8690 
3	8697 8700 8702 
3	8702 8698 8697 
3	8700 8701 8704 
3	8701 8703 8704 
3	8700 8704 8702 
3	8704 8705 8702 
3	8704 8703 8706 
3	8706 8705 8704 
3	8306 8307 8707 
3	8707 8688 8306 
3	8307 8308 8708 
3	8308 8310 8708 
3	8307 8708 8707 
3	8708 8709 8707 
3	8688 8707 8710 
3	8710 8691 8688 
3	8707 8709 8710 
3	8709 8711 8710 
3	8691 8710 8712 
3	8710 8711 8712 
3	8691 8712 8701 
3	8712 8703 8701 
3	8708 8310 8713 
3	8713 8709 8708 
3	8709 8713 8714 
3	8714 8711 8709 
3	8310 8320 8715 
3	8715 8713 8310 
3	8320 8321 8715 
3	8321 8716 8715 
3	8321 8322 8717 
3	8717 8716 8321 
3	8713 8715 8718 
3	8715 8716 8718 
3	8713 8718 8714 
3	8718 8719 8714 
3	8718 8716 8720 
3	8720 8719 8718 
3	8716 8717 8721 
3	8721 8720 8716 
3	8712 8711 8722 
3	8722 8703 8712 
3	8711 8714 8723 
3	8723 8722 8711 
3	8703 8722 8724 
3	8724 8706 8703 
3	8722 8723 8726 
3	8723 8725 8726 
3	8722 8726 8724 
3	8726 8727 8724 
3	8726 8725 8728 
3	8728 8727 8726 
3	8714 8719 8723 
3	8719 8725 8723 
3	8719 8720 8729 
3	8729 8725 8719 
3	8720 8721 8731 
3	8721 8730 8731 
3	8720 8731 8729 
3	8731 8732 8729 
3	8725 8729 8733 
3	8733 8728 8725 
3	8729 8732 8733 
3	8732 8734 8733 
3	8731 8730 8735 
3	8735 8732 8731 
3	8732 8735 8736 
3	8736 8734 8732 
3	8663 8696 8664 
3	8696 8737 8664 
3	8696 8698 8738 
3	8738 8737 8696 
3	8664 8737 8739 
3	8739 8666 8664 
3	8737 8738 8741 
3	8738 8740 8741 
3	8737 8741 8739 
3	8741 8742 8739 
3	8698 8702 8743 
3	8702 8705 8743 
3	8698 8743 8738 
3	8743 8740 8738 
3	8666 8739 8673 
3	8739 8742 8673 
3	8741 8740 8744 
3	8744 8742 8741 
3	8743 8705 8745 
3	8745 8740 8743 
3	8705 8706 8746 
3	8746 8745 8705 
3	8740 8745 8747 
3	8747 8744 8740 
3	8745 8746 8749 
3	8746 8748 8749 
3	8745 8749 8747 
3	8749 8750 8747 
3	8749 8748 8751 
3	8751 8750 8749 
3	8673 8742 8752 
3	8752 8677 8673 
3	8742 8744 8753 
3	8753 8752 8742 
3	8677 8752 8755 
3	8752 8754 8755 
3	8677 8755 8679 
3	8755 8756 8679 
3	8755 8754 8757 
3	8757 8756 8755 
3	8752 8753 8754 
3	8753 8758 8754 
3	8754 8758 8759 
3	8759 8757 8754 
3	8744 8747 8760 
3	8747 8750 8760 
3	8744 8760 8753 
3	8760 8758 8753 
3	8760 8750 8761 
3	8761 8758 8760 
3	8750 8751 8762 
3	8762 8761 8750 
3	8758 8761 8764 
3	8761 8763 8764 
3	8758 8764 8759 
3	8764 8765 8759 
3	8761 8762 8763 
3	8762 8766 8763 
3	8764 8763 8767 
3	8767 8765 8764 
3	8763 8766 8768 
3	8768 8767 8763 
3	8706 8724 8769 
3	8769 8746 8706 
3	8724 8727 8769 
3	8727 8770 8769 
3	8727 8728 8771 
3	8771 8770 8727 
3	8746 8769 8748 
3	8769 8770 8748 
3	8748 8770 8772 
3	8772 8751 8748 
3	8770 8771 8774 
3	8771 8773 8774 
3	8770 8774 8772 
3	8774 8775 8772 
3	8774 8773 8776 
3	8776 8775 8774 
3	8728 8733 8777 
3	8733 8734 8777 
3	8728 8777 8771 
3	8777 8773 8771 
3	8777 8734 8778 
3	8778 8773 8777 
3	8734 8736 8780 
3	8736 8779 8780 
3	8734 8780 8778 
3	8780 8781 8778 
3	8780 8779 8782 
3	8782 8781 8780 
3	8773 8778 8783 
3	8778 8781 8783 
3	8773 8783 8776 
3	8783 8784 8776 
3	8783 8781 8785 
3	8785 8784 8783 
3	8781 8782 8787 
3	8782 8786 8787 
3	8781 8787 8785 
3	8787 8788 8785 
3	8751 8772 8789 
3	8772 8775 8789 
3	8751 8789 8762 
3	8789 8766 8762 
3	8789 8775 8790 
3	8790 8766 8789 
3	8775 8776 8791 
3	8776 8784 8791 
3	8775 8791 8790 
3	8791 8792 8790 
3	8791 8784 8793 
3	8793 8792 8791 
3	8766 8790 8794 
3	8790 8792 8794 
3	8766 8794 8768 
3	8794 8795 8768 
3	8794 8792 8796 
3	8796 8795 8794 
3	8792 8793 8798 
3	8793 8797 8798 
3	8792 8798 8796 
3	8798 8799 8796 
3	8784 8785 8800 
3	8785 8788 8800 
3	8784 8800 8793 
3	8800 8797 8793 
3	8787 8786 8801 
3	8801 8788 8787 
3	8798 8797 8802 
3	8802 8799 8798 
3	8800 8788 8803 
3	8803 8797 8800 
3	8788 8801 8805 
3	8801 8804 8805 
3	8788 8805 8803 
3	8805 8806 8803 
3	8805 8804 8807 
3	8807 8806 8805 
3	8797 8803 8808 
3	8803 8806 8808 
3	8797 8808 8802 
3	8808 8809 8802 
3	8808 8806 8810 
3	8810 8809 8808 
3	8806 8807 8812 
3	8807 8811 8812 
3	8806 8812 8810 
3	8812 8813 8810 
3	8812 8811 8814 
3	8814 8813 8812 
3	6391 8650 6538 
3	8650 8815 6538 
3	6538 8815 8816 
3	8816 6539 6538 
3	8650 8651 8815 
3	8651 8817 8815 
3	8815 8817 8818 
3	8818 8816 8815 
3	6539 8816 8819 
3	8819 6541 6539 
3	8816 8818 8820 
3	8820 8819 8816 
3	8651 8652 8821 
3	8821 8817 8651 
3	8817 8821 8818 
3	8821 8822 8818 
3	8652 8653 8823 
3	8823 8821 8652 
3	8821 8823 8822 
3	8823 8824 8822 
3	8818 8822 8820 
3	8822 8825 8820 
3	8822 8824 8826 
3	8826 8825 8822 
3	6541 8819 8827 
3	8827 6550 6541 
3	8819 8820 8828 
3	8828 8827 8819 
3	6550 8827 8829 
3	8829 6553 6550 
3	6553 8829 6554 
3	8829 8830 6554 
3	8827 8828 8831 
3	8831 8829 8827 
3	8829 8831 8832 
3	8832 8830 8829 
3	6554 8830 6556 
3	8830 8833 6556 
3	8830 8832 8834 
3	8834 8833 8830 
3	8820 8825 8828 
3	8825 8835 8828 
3	8825 8826 8835 
3	8826 8836 8835 
3	8828 8835 8831 
3	8835 8837 8831 
3	8831 8837 8838 
3	8838 8832 8831 
3	8835 8836 8839 
3	8839 8837 8835 
3	8837 8839 8838 
3	8839 8840 8838 
3	8832 8838 8841 
3	8841 8834 8832 
3	8838 8840 8841 
3	8840 8842 8841 
3	8653 8674 8843 
3	8843 8823 8653 
3	8823 8843 8844 
3	8844 8824 8823 
3	8674 8675 8845 
3	8845 8843 8674 
3	8843 8845 8846 
3	8846 8844 8843 
3	8824 8844 8848 
3	8844 8847 8848 
3	8824 8848 8826 
3	8848 8836 8826 
3	8844 8846 8849 
3	8849 8847 8844 
3	8848 8847 8850 
3	8850 8836 8848 
3	8847 8849 8850 
3	8849 8851 8850 
3	8675 8678 8852 
3	8852 8845 8675 
3	8845 8852 8853 
3	8853 8846 8845 
3	8678 8679 8852 
3	8679 8756 8852 
3	8852 8756 8854 
3	8854 8853 8852 
3	8846 8853 8855 
3	8855 8849 8846 
3	8853 8854 8855 
3	8854 8856 8855 
3	8849 8855 8851 
3	8855 8857 8851 
3	8855 8856 8858 
3	8858 8857 8855 
3	8836 8850 8839 
3	8850 8859 8839 
3	8839 8859 8840 
3	8859 8860 8840 
3	8850 8851 8859 
3	8851 8861 8859 
3	8859 8861 8860 
3	8861 8862 8860 
3	8840 8860 8842 
3	8860 8863 8842 
3	8860 8862 8863 
3	8862 8864 8863 
3	8851 8857 8861 
3	8857 8865 8861 
3	8861 8865 8862 
3	8865 8866 8862 
3	8857 8858 8865 
3	8858 8867 8865 
3	8865 8867 8868 
3	8868 8866 8865 
3	8862 8866 8869 
3	8869 8864 8862 
3	8866 8868 8869 
3	8868 8870 8869 
3	6556 8833 6580 
3	8833 8871 6580 
3	8833 8834 8872 
3	8872 8871 8833 
3	8834 8841 8873 
3	8873 8872 8834 
3	8841 8842 8873 
3	8842 8874 8873 
3	8842 8863 8874 
3	8863 8875 8874 
3	8863 8864 8876 
3	8876 8875 8863 
3	8864 8869 8878 
3	8869 8877 8878 
3	8864 8878 8876 
3	8878 8879 8876 
3	8878 8877 8880 
3	8880 8879 8878 
3	8869 8870 8881 
3	8881 8877 8869 
3	8877 8881 8880 
3	8881 8882 8880 
3	6580 8871 6625 
3	8871 8883 6625 
3	6625 8883 8884 
3	8884 6626 6625 
3	8871 8872 8885 
3	8885 8883 8871 
3	8883 8885 8886 
3	8886 8884 8883 
3	6626 8884 8887 
3	8887 6629 6626 
3	8884 8886 8888 
3	8888 8887 8884 
3	6629 8887 8889 
3	8889 6632 6629 
3	6632 8889 6633 
3	8889 8890 6633 
3	8887 8888 8889 
3	8888 8891 8889 
3	8889 8891 8890 
3	8891 8892 8890 
3	8872 8873 8893 
3	8893 8885 8872 
3	8885 8893 8894 
3	8894 8886 8885 
3	8873 8874 8893 
3	8874 8895 8893 
3	8893 8895 8894 
3	8895 8896 8894 
3	8886 8894 8897 
3	8897 8888 8886 
3	8894 8896 8897 
3	8896 8898 8897 
3	8888 8897 8891 
3	8897 8899 8891 
3	8891 8899 8900 
3	8900 8892 8891 
3	8897 8898 8899 
3	8898 8901 8899 
3	8899 8901 8902 
3	8902 8900 8899 
3	6633 8890 8903 
3	8903 6644 6633 
3	6644 8903 8905 
3	8903 8904 8905 
3	8905 6650 6644 
3	6650 6645 6644 
3	8890 8892 8906 
3	8906 8903 8890 
3	8903 8906 8907 
3	8907 8904 8903 
3	8892 8900 8908 
3	8908 8906 8892 
3	8906 8908 8907 
3	8908 8909 8907 
3	8900 8902 8908 
3	8902 8910 8908 
3	8908 8910 8909 
3	8910 8911 8909 
3	8905 8904 8912 
3	8912 6650 8905 
3	8904 8907 8913 
3	8913 8912 8904 
3	6650 8912 8914 
3	8914 6653 6650 
3	6653 8914 8915 
3	8915 6654 6653 
3	8912 8913 8914 
3	8913 8916 8914 
3	8914 8916 8915 
3	8916 8917 8915 
3	8907 8909 8913 
3	8909 8918 8913 
3	8909 8911 8918 
3	8911 8919 8918 
3	8913 8918 8920 
3	8920 8916 8913 
3	8916 8920 8921 
3	8921 8917 8916 
3	8918 8919 8922 
3	8922 8920 8918 
3	8920 8922 8923 
3	8923 8921 8920 
3	8874 8875 8895 
3	8875 8924 8895 
3	8895 8924 8896 
3	8924 8925 8896 
3	8875 8876 8924 
3	8876 8879 8924 
3	8924 8879 8925 
3	8879 8926 8925 
3	8896 8925 8898 
3	8925 8927 8898 
3	8925 8926 8928 
3	8928 8927 8925 
3	8898 8927 8901 
3	8927 8929 8901 
3	8901 8929 8930 
3	8930 8902 8901 
3	8927 8928 8929 
3	8928 8931 8929 
3	8929 8931 8932 
3	8932 8930 8929 
3	8879 8880 8926 
3	8880 8933 8926 
3	8880 8882 8933 
3	8882 8934 8933 
3	8926 8933 8936 
3	8933 8935 8936 
3	8926 8936 8928 
3	8936 8931 8928 
3	8936 8935 8937 
3	8937 8931 8936 
3	8933 8934 8935 
3	8934 8938 8935 
3	8935 8938 8939 
3	8939 8937 8935 
3	8931 8937 8932 
3	8937 8940 8932 
3	8937 8939 8940 
3	8939 8941 8940 
3	8902 8930 8910 
3	8930 8942 8910 
3	8910 8942 8943 
3	8943 8911 8910 
3	8930 8932 8944 
3	8944 8942 8930 
3	8942 8944 8946 
3	8944 8945 8946 
3	8942 8946 8943 
3	8946 8947 8943 
3	8946 8945 8948 
3	8948 8947 8946 
3	8932 8940 8949 
3	8949 8944 8932 
3	8944 8949 8950 
3	8950 8945 8944 
3	8940 8941 8951 
3	8951 8949 8940 
3	8949 8951 8952 
3	8952 8950 8949 
3	8945 8950 8954 
3	8950 8953 8954 
3	8945 8954 8948 
3	8954 8955 8948 
3	8954 8953 8956 
3	8956 8955 8954 
3	8950 8952 8957 
3	8957 8953 8950 
3	8953 8957 8959 
3	8957 8958 8959 
3	8953 8959 8956 
3	8959 8960 8956 
3	8911 8943 8919 
3	8943 8947 8919 
3	8919 8947 8922 
3	8947 8961 8922 
3	8922 8961 8923 
3	8961 8962 8923 
3	8947 8948 8961 
3	8948 8955 8961 
3	8961 8955 8962 
3	8955 8963 8962 
3	8955 8956 8963 
3	8956 8960 8963 
3	8756 8757 8965 
3	8757 8964 8965 
3	8756 8965 8854 
3	8965 8856 8854 
3	8757 8759 8964 
3	8759 8765 8964 
3	8965 8964 8966 
3	8966 8856 8965 
3	8964 8765 8967 
3	8967 8966 8964 
3	8856 8966 8969 
3	8966 8968 8969 
3	8856 8969 8858 
3	8969 8867 8858 
3	8969 8968 8970 
3	8970 8867 8969 
3	8966 8967 8968 
3	8967 8971 8968 
3	8968 8971 8972 
3	8972 8970 8968 
3	8765 8767 8973 
3	8973 8967 8765 
3	8767 8768 8974 
3	8768 8795 8974 
3	8767 8974 8973 
3	8974 8975 8973 
3	8974 8795 8976 
3	8976 8975 8974 
3	8967 8973 8971 
3	8973 8975 8971 
3	8971 8975 8978 
3	8975 8977 8978 
3	8971 8978 8972 
3	8978 8979 8972 
3	8975 8976 8977 
3	8976 8980 8977 
3	8867 8970 8982 
3	8970 8981 8982 
3	8867 8982 8868 
3	8982 8870 8868 
3	8970 8972 8981 
3	8972 8979 8981 
3	8795 8796 8983 
3	8796 8799 8983 
3	8795 8983 8976 
3	8983 8980 8976 
3	8978 8977 8984 
3	8984 8979 8978 
3	8977 8980 8985 
3	8985 8984 8977 
3	8982 8981 8986 
3	8986 8870 8982 
3	8981 8979 8987 
3	8987 8986 8981 
3	8870 8986 8881 
3	8986 8988 8881 
3	8881 8988 8989 
3	8989 8882 8881 
3	8986 8987 8988 
3	8987 8990 8988 
3	8988 8990 8992 
3	8990 8991 8992 
3	8988 8992 8989 
3	8992 8993 8989 
3	8992 8991 8994 
3	8994 8993 8992 
3	8979 8984 8996 
3	8984 8995 8996 
3	8979 8996 8987 
3	8996 8990 8987 
3	8996 8995 8997 
3	8997 8990 8996 
3	8984 8985 8995 
3	8985 8998 8995 
3	8995 8998 9000 
3	8998 8999 9000 
3	8995 9000 8997 
3	9000 9001 8997 
3	8990 8997 8991 
3	8997 9001 8991 
3	9000 8999 9002 
3	9002 9001 9000 
3	8991 9001 9004 
3	9001 9003 9004 
3	8991 9004 8994 
3	9004 9005 8994 
3	9004 9003 9006 
3	9006 9005 9004 
3	9001 9002 9003 
3	9002 9007 9003 
3	9003 9007 9009 
3	9007 9008 9009 
3	9003 9009 9006 
3	9009 9010 9006 
3	9009 9008 9012 
3	9008 9011 9012 
3	9009 9012 9010 
3	9012 9013 9010 
3	9012 9011 9014 
3	9014 9013 9012 
3	8983 8799 9015 
3	9015 8980 8983 
3	8799 8802 9016 
3	8802 8809 9016 
3	8799 9016 9015 
3	9016 9017 9015 
3	9016 8809 9018 
3	9018 9017 9016 
3	8980 9015 9019 
3	9015 9017 9019 
3	8980 9019 8985 
3	9019 8998 8985 
3	9019 9017 9020 
3	9020 8998 9019 
3	9017 9018 9022 
3	9018 9021 9022 
3	9017 9022 9020 
3	9022 9023 9020 
3	9022 9021 9025 
3	9021 9024 9025 
3	9022 9025 9023 
3	9025 9026 9023 
3	9025 9024 9027 
3	9027 9026 9025 
3	8809 8810 9028 
3	8810 8813 9028 
3	8809 9028 9018 
3	9028 9021 9018 
3	9028 8813 9029 
3	9029 9021 9028 
3	8813 8814 9031 
3	8814 9030 9031 
3	8813 9031 9029 
3	9031 9032 9029 
3	9031 9030 9034 
3	9030 9033 9034 
3	9031 9034 9032 
3	9034 9035 9032 
3	9021 9029 9024 
3	9029 9032 9024 
3	9024 9032 9036 
3	9032 9035 9036 
3	9024 9036 9027 
3	9036 9037 9027 
3	8998 9020 8999 
3	9020 9023 8999 
3	8999 9023 9038 
3	9023 9026 9038 
3	8999 9038 9002 
3	9038 9007 9002 
3	9038 9026 9039 
3	9039 9007 9038 
3	9026 9027 9040 
3	9027 9037 9040 
3	9026 9040 9039 
3	9040 9041 9039 
3	9007 9039 9008 
3	9039 9041 9008 
3	9034 9033 9042 
3	9042 9035 9034 
3	9036 9035 9044 
3	9035 9043 9044 
3	9036 9044 9037 
3	9044 9045 9037 
3	9044 9043 9046 
3	9046 9045 9044 
3	9035 9042 9043 
3	9042 9047 9043 
3	9043 9047 9049 
3	9047 9048 9049 
3	9043 9049 9046 
3	9049 9050 9046 
3	9049 9048 9051 
3	9051 9052 9049 
3	9049 9052 9050 
3	9052 9053 9050 
3	9052 9051 9054 
3	9054 9055 9052 
3	9052 9055 9053 
3	9055 9056 9053 
3	9040 9037 9057 
3	9037 9045 9057 
3	9040 9057 9058 
3	9058 9041 9040 
3	9057 9045 9060 
3	9045 9059 9060 
3	9057 9060 9058 
3	9060 9061 9058 
3	9008 9041 9058 
3	9058 9011 9008 
3	9011 9058 9062 
3	9058 9061 9062 
3	9011 9062 9014 
3	9062 9063 9014 
3	9060 9059 9064 
3	9064 9061 9060 
3	9062 9061 9065 
3	9065 9066 9062 
3	9062 9066 9067 
3	9067 9063 9062 
3	9066 9065 9068 
3	9068 9069 9066 
3	9066 9069 9070 
3	9070 9067 9066 
3	9061 9064 9065 
3	9064 9071 9065 
3	9065 9071 9072 
3	9072 9068 9065 
3	9045 9046 9059 
3	9046 9050 9059 
3	9059 9050 9073 
3	9050 9053 9073 
3	9059 9073 9064 
3	9073 9071 9064 
3	9073 9053 9074 
3	9053 9056 9074 
3	9073 9074 9072 
3	9072 9071 9073 
3	8882 8989 8934 
3	8989 8993 8934 
3	8934 8993 9075 
3	9075 8938 8934 
3	8938 9075 9077 
3	9075 9076 9077 
3	8938 9077 8939 
3	9077 8941 8939 
3	8993 8994 9075 
3	8994 9005 9075 
3	9075 9005 9078 
3	9078 9076 9075 
3	9005 9006 9078 
3	9006 9010 9078 
3	9077 9076 9079 
3	9079 8941 9077 
3	9076 9078 9081 
3	9078 9080 9081 
3	9076 9081 9079 
3	9081 9082 9079 
3	9081 9080 9084 
3	9080 9083 9084 
3	9081 9084 9082 
3	9084 9085 9082 
3	8941 9079 8951 
3	9079 9082 8951 
3	8951 9082 8952 
3	9082 9085 8952 
3	9084 9083 9086 
3	9086 9085 9084 
3	8952 9085 9087 
3	9087 8957 8952 
3	8957 9087 9088 
3	9088 8958 8957 
3	9085 9086 9087 
3	9086 9089 9087 
3	9087 9089 9088 
3	9089 9090 9088 
3	9078 9010 9080 
3	9010 9013 9080 
3	9080 9013 9091 
3	9091 9083 9080 
3	9013 9014 9091 
3	9014 9063 9091 
3	9083 9091 9093 
3	9091 9092 9093 
3	9083 9093 9086 
3	9093 9089 9086 
3	9093 9092 9095 
3	9092 9094 9095 
3	9093 9095 9090 
3	9090 9089 9093 
3	9091 9063 9067 
3	9067 9092 9091 
3	9092 9067 9094 
3	9067 9070 9094 
3	8322 8481 8717 
3	8481 9096 8717 
3	8717 9096 8721 
3	9096 8730 8721 
3	8481 8485 9096 
3	8485 9097 9096 
3	8485 8486 9097 
3	8486 9098 9097 
3	8486 8487 9099 
3	9099 9098 8486 
3	9096 9097 9100 
3	9100 8730 9096 
3	9097 9098 9100 
3	9098 9101 9100 
3	9098 9099 9103 
3	9099 9102 9103 
3	9098 9103 9101 
3	9103 9104 9101 
3	8487 8489 9099 
3	8489 9102 9099 
3	8730 9100 9105 
3	9100 9101 9105 
3	8730 9105 8735 
3	9105 9106 8735 
3	9105 9101 9107 
3	9107 9106 9105 
3	9101 9104 9107 
3	9104 9108 9107 
3	8735 9106 8736 
3	9106 8779 8736 
3	9106 9107 9109 
3	9109 8779 9106 
3	9107 9108 9109 
3	9108 9110 9109 
3	8779 9109 9111 
3	9109 9110 9111 
3	8779 9111 8782 
3	9111 8786 8782 
3	9103 9102 9112 
3	9112 9104 9103 
3	8489 8552 9113 
3	8552 8553 9113 
3	8489 9113 9102 
3	9113 9114 9102 
3	9113 8553 9115 
3	9115 9114 9113 
3	8553 8554 9115 
3	8554 9116 9115 
3	9102 9114 9112 
3	9114 9117 9112 
3	9114 9115 9118 
3	9118 9117 9114 
3	9115 9116 9118 
3	9116 9119 9118 
3	8554 8556 9120 
3	8556 8563 9120 
3	8554 9120 9116 
3	9120 9121 9116 
3	9120 8563 9122 
3	9122 9121 9120 
3	9116 9121 9123 
3	9123 9119 9116 
3	9121 9122 9125 
3	9122 9124 9125 
3	9121 9125 9123 
3	9125 9126 9123 
3	9104 9112 9127 
3	9127 9108 9104 
3	9108 9127 9129 
3	9127 9128 9129 
3	9108 9129 9110 
3	9129 9130 9110 
3	9129 9128 9131 
3	9131 9130 9129 
3	9112 9117 9127 
3	9117 9128 9127 
3	9117 9118 9132 
3	9118 9119 9132 
3	9117 9132 9128 
3	9132 9133 9128 
3	9128 9133 9131 
3	9133 9134 9131 
3	9132 9119 9135 
3	9135 9133 9132 
3	9119 9123 9135 
3	9123 9136 9135 
3	9123 9126 9137 
3	9137 9136 9123 
3	9133 9135 9138 
3	9135 9136 9138 
3	9133 9138 9134 
3	9138 9139 9134 
3	9138 9136 9140 
3	9140 9139 9138 
3	9136 9137 9140 
3	9137 9141 9140 
3	9125 9124 9142 
3	9142 9126 9125 
3	9126 9142 9144 
3	9142 9143 9144 
3	9126 9144 9137 
3	9144 9145 9137 
3	9144 9143 9146 
3	9146 9145 9144 
3	9137 9145 9147 
3	9147 9141 9137 
3	9145 9146 9149 
3	9146 9148 9149 
3	9145 9149 9147 
3	9149 9150 9147 
3	9149 9148 9151 
3	9151 9152 9149 
3	9149 9152 9150 
3	9152 9153 9150 
3	9152 9151 9154 
3	9154 9153 9152 
3	8563 8564 9122 
3	8564 9124 9122 
3	8564 8579 9155 
3	9155 9124 8564 
3	8579 8581 9156 
3	9156 9155 8579 
3	9124 9155 9142 
3	9155 9143 9142 
3	9155 9156 9157 
3	9157 9143 9155 
3	8581 8584 9158 
3	8584 8585 9158 
3	8581 9158 9156 
3	9158 9159 9156 
3	9158 8585 8586 
3	8586 9160 9158 
3	9158 9160 9161 
3	9161 9159 9158 
3	9156 9159 9162 
3	9162 9157 9156 
3	9159 9161 9163 
3	9163 9162 9159 
3	9143 9157 9146 
3	9157 9148 9146 
3	9157 9162 9148 
3	9162 9151 9148 
3	9162 9163 9164 
3	9164 9151 9162 
3	9151 9164 9154 
3	9164 9165 9154 
3	9111 9110 9166 
3	9166 8786 9111 
3	9110 9130 9166 
3	9130 9167 9166 
3	9130 9131 9168 
3	9131 9134 9168 
3	9130 9168 9167 
3	9168 9169 9167 
3	8786 9166 9170 
3	9166 9167 9170 
3	8786 9170 8801 
3	9170 8804 8801 
3	9170 9167 9171 
3	9171 8804 9170 
3	9167 9169 9171 
3	9169 9172 9171 
3	9168 9134 9173 
3	9173 9169 9168 
3	9169 9173 9175 
3	9173 9174 9175 
3	9169 9175 9172 
3	9175 9176 9172 
3	9175 9174 9177 
3	9177 9176 9175 
3	9134 9139 9173 
3	9139 9174 9173 
3	9139 9140 9178 
3	9140 9141 9178 
3	9139 9178 9174 
3	9178 9179 9174 
3	9174 9179 9177 
3	9179 9180 9177 
3	8804 9171 9181 
3	9171 9172 9181 
3	8804 9181 8807 
3	9181 8811 8807 
3	9181 9172 9182 
3	9182 8811 9181 
3	9172 9176 9182 
3	9176 9183 9182 
3	9176 9177 9184 
3	9177 9180 9184 
3	9176 9184 9183 
3	9184 9185 9183 
3	8811 9182 9186 
3	9182 9183 9186 
3	8811 9186 8814 
3	9186 9030 8814 
3	9186 9183 9187 
3	9183 9185 9187 
3	9186 9187 9030 
3	9187 9033 9030 
3	9178 9141 9188 
3	9188 9179 9178 
3	9141 9147 9188 
3	9147 9189 9188 
3	9147 9150 9189 
3	9150 9190 9189 
3	9179 9188 9191 
3	9188 9189 9191 
3	9179 9191 9180 
3	9191 9192 9180 
3	9191 9189 9190 
3	9190 9193 9191 
3	9191 9193 9194 
3	9194 9192 9191 
3	9150 9153 9190 
3	9153 9195 9190 
3	9153 9154 9196 
3	9154 9165 9196 
3	9153 9196 9197 
3	9197 9195 9153 
3	9193 9190 9195 
3	9195 9198 9193 
3	9193 9198 9194 
3	9198 9199 9194 
3	9198 9195 9200 
3	9200 9199 9198 
3	9195 9197 9200 
3	9197 9201 9200 
3	9184 9180 9202 
3	9180 9192 9202 
3	9184 9202 9185 
3	9202 9203 9185 
3	9202 9192 9204 
3	9204 9203 9202 
3	9187 9185 9205 
3	9205 9033 9187 
3	9185 9203 9205 
3	9203 9206 9205 
3	9203 9204 9208 
3	9204 9207 9208 
3	9203 9208 9206 
3	9208 9209 9206 
3	9208 9207 9210 
3	9210 9211 9208 
3	9208 9211 9209 
3	9211 9212 9209 
3	9211 9210 9214 
3	9210 9213 9214 
3	9211 9214 9215 
3	9215 9212 9211 
3	9192 9194 9204 
3	9194 9207 9204 
3	9194 9199 9210 
3	9210 9207 9194 
3	9199 9200 9216 
3	9200 9201 9216 
3	9199 9216 9213 
3	9213 9210 9199 
3	9033 9205 9217 
3	9205 9206 9217 
3	9033 9217 9042 
3	9217 9047 9042 
3	9217 9206 9209 
3	9209 9218 9217 
3	9217 9218 9047 
3	9218 9048 9047 
3	9218 9209 9212 
3	9212 9219 9218 
3	9218 9219 9048 
3	9219 9051 9048 
3	9219 9212 9215 
3	9215 9220 9219 
3	9219 9220 9051 
3	9220 9054 9051 
3	7107 9221 5120 
3	5120 2149 7107 
3	9223 9222 5124 
3	9222 5123 5124 
3	5124 5120 9223 
3	5120 9221 9223 
3	7109 9224 9221 
3	9221 7107 7109 
3	9226 9225 9222 
3	9222 9223 9226 
3	9223 9221 9226 
3	9221 9224 9226 
3	9222 9227 5129 
3	5129 5123 9222 
3	9227 9228 5129 
3	9228 5130 5129 
3	9225 9229 9222 
3	9229 9227 9222 
3	9231 9230 9228 
3	9228 9227 9231 
3	9229 9232 9231 
3	9231 9227 9229 
3	9232 9233 9231 
3	9233 9230 9231 
3	7115 9234 7109 
3	9234 9224 7109 
3	9224 9235 9225 
3	9225 9226 9224 
3	9234 9236 9235 
3	9235 9224 9234 
3	7117 9237 9234 
3	9234 7115 7117 
3	9237 9238 9234 
3	9238 9236 9234 
3	9235 9232 9229 
3	9229 9225 9235 
3	9236 9239 9232 
3	9232 9235 9236 
3	9239 9240 9232 
3	9240 9233 9232 
3	9238 9241 9236 
3	9241 9239 9236 
3	9243 9242 9240 
3	9240 9239 9243 
3	9241 9244 9243 
3	9243 9239 9241 
3	5148 9245 5147 
3	9245 5146 5147 
3	9247 9246 5148 
3	5148 5130 9247 
3	9228 9230 9247 
3	9247 5130 9228 
3	9249 9248 9246 
3	9246 9247 9249 
3	9230 9250 9249 
3	9249 9247 9230 
3	9252 9251 9245 
3	9245 5148 9252 
3	5148 9246 9252 
3	9246 9253 9252 
3	9246 9248 9253 
3	9248 9254 9253 
3	9233 9255 9250 
3	9250 9230 9233 
3	9253 9256 9252 
3	9256 9251 9252 
3	9258 9257 9256 
3	9256 9253 9258 
3	9253 9254 9258 
3	9254 9259 9258 
3	9261 9260 5153 
3	5153 5146 9261 
3	5146 9245 9261 
3	9245 9251 9261 
3	9260 9262 5153 
3	9262 5155 5153 
3	9251 9263 9261 
3	9263 9260 9261 
3	9265 9264 9262 
3	9262 9260 9265 
3	9260 9263 9265 
3	9263 9266 9265 
3	9267 9266 9263 
3	9263 9251 9267 
3	9251 9256 9267 
3	9256 9257 9267 
3	9240 9242 9255 
3	9255 9233 9240 
3	9259 9268 9258 
3	9268 9257 9258 
3	9266 9269 9265 
3	9269 9264 9265 
3	9271 9270 9266 
3	9266 9267 9271 
3	9267 9257 9272 
3	9272 9271 9267 
3	9257 9268 9273 
3	9273 9272 9257 
3	9270 9274 9269 
3	9269 9266 9270 
3	9272 9275 9271 
3	9275 9270 9271 
3	9277 9276 9275 
3	9275 9272 9277 
3	9272 9273 9277 
3	9273 9278 9277 
3	9280 9279 9274 
3	9274 9270 9280 
3	9270 9275 9280 
3	9275 9276 9280 
3	9282 9281 9237 
3	9237 7117 9282 
3	7139 9283 7117 
3	9283 9282 7117 
3	9285 9284 9237 
3	9284 9238 9237 
3	9237 9281 9286 
3	9286 9285 9237 
3	7139 9285 9283 
3	9285 9286 9283 
3	7141 9287 9285 
3	9285 7139 7141 
3	9286 9288 9284 
3	9284 9285 9286 
3	9287 9289 9286 
3	9286 9285 9287 
3	9284 9290 9238 
3	9290 9241 9238 
3	9290 9291 9241 
3	9291 9244 9241 
3	9288 9291 9290 
3	9290 9284 9288 
3	7147 9292 9287 
3	9287 7141 7147 
3	9292 9293 9289 
3	9289 9287 9292 
3	7149 9294 7147 
3	9294 9292 7147 
3	9292 9295 9293 
3	9295 9296 9293 
3	9294 9297 9295 
3	9295 9292 9294 
3	9295 9298 9299 
3	9299 9296 9295 
3	9297 9300 9298 
3	9298 9295 9297 
3	9300 9301 9298 
3	9301 9299 9298 
3	9303 9302 9277 
3	9302 9276 9277 
3	9277 9278 9304 
3	9304 9303 9277 
3	9276 9305 9280 
3	9305 9279 9280 
3	9302 9306 9305 
3	9305 9276 9302 
3	9308 9307 9303 
3	9307 9302 9303 
3	9303 9304 9309 
3	9309 9308 9303 
3	9307 9310 9306 
3	9306 9302 9307 
3	9312 9308 9309 
3	9309 9311 9312 
3	9314 9313 9312 
3	9313 9308 9312 
3	9312 9311 9315 
3	9315 9314 9312 
3	9317 9316 9313 
3	9313 9314 9317 
3	9314 9315 9317 
3	9315 9318 9317 
3	9313 9319 9307 
3	9307 9308 9313 
3	9319 9320 9307 
3	9320 9310 9307 
3	9316 9321 9313 
3	9321 9319 9313 
3	9321 9322 9320 
3	9320 9319 9321 
3	5189 9323 5188 
3	9323 5187 5188 
3	5248 9324 5247 
3	9324 5246 5247 
3	9326 9325 5249 
3	5249 5246 9326 
3	5246 9324 9326 
3	9324 9327 9326 
3	9327 9328 9326 
3	9328 9325 9326 
3	5155 9329 5252 
3	9329 5251 5252 
3	9262 9330 9329 
3	9329 5155 9262 
3	9332 9331 5248 
3	5248 5251 9332 
3	5251 9329 9332 
3	9329 9330 9332 
3	9264 9333 9330 
3	9330 9262 9264 
3	9330 9334 9332 
3	9334 9331 9332 
3	9333 9335 9334 
3	9334 9330 9333 
3	9331 9327 9324 
3	9324 5248 9331 
3	9337 9336 9327 
3	9327 9331 9337 
3	9331 9334 9337 
3	9334 9335 9337 
3	9336 9338 9328 
3	9328 9327 9336 
3	9340 9339 9333 
3	9333 9264 9340 
3	9264 9269 9340 
3	9269 9274 9340 
3	9339 9341 9335 
3	9335 9333 9339 
3	9274 9342 9340 
3	9342 9339 9340 
3	9344 9343 9341 
3	9341 9339 9344 
3	9339 9342 9344 
3	9342 9345 9344 
3	9279 9345 9342 
3	9342 9274 9279 
3	9347 9346 9336 
3	9336 9337 9347 
3	9337 9335 9347 
3	9335 9341 9347 
3	9346 9348 9338 
3	9338 9336 9346 
3	9341 9349 9347 
3	9349 9346 9347 
3	9343 9350 9349 
3	9349 9341 9343 
3	9352 9351 9348 
3	9348 9346 9352 
3	9346 9349 9352 
3	9349 9350 9352 
3	5267 9353 5266 
3	9353 5265 5266 
3	5249 9354 5269 
3	9354 5267 5269 
3	9325 9355 9354 
3	9354 5249 9325 
3	9357 9356 9353 
3	9353 5267 9357 
3	5267 9354 9357 
3	9354 9355 9357 
3	9359 9358 9355 
3	9355 9325 9359 
3	9325 9328 9359 
3	9328 9338 9359 
3	9361 9360 9356 
3	9356 9357 9361 
3	9357 9355 9361 
3	9355 9358 9361 
3	5265 9362 5271 
3	9362 5189 5271 
3	9364 9363 9362 
3	9362 5265 9364 
3	5265 9353 9364 
3	9353 9356 9364 
3	9366 9365 9323 
3	9323 5189 9366 
3	5189 9362 9366 
3	9362 9363 9366 
3	9368 9367 9363 
3	9363 9364 9368 
3	9364 9356 9368 
3	9356 9360 9368 
3	9370 9369 9365 
3	9365 9366 9370 
3	9366 9363 9370 
3	9363 9367 9370 
3	9372 9371 9358 
3	9358 9359 9372 
3	9359 9338 9372 
3	9338 9348 9372 
3	9358 9373 9361 
3	9373 9360 9361 
3	9371 9374 9373 
3	9373 9358 9371 
3	9348 9375 9372 
3	9375 9371 9372 
3	9377 9376 9374 
3	9374 9371 9377 
3	9371 9375 9377 
3	9375 9378 9377 
3	9360 9379 9368 
3	9379 9367 9368 
3	9367 9380 9370 
3	9380 9369 9370 
3	9382 9381 9380 
3	9380 9367 9382 
3	9367 9379 9382 
3	9379 9383 9382 
3	9385 9384 9381 
3	9381 9382 9385 
3	9382 9383 9385 
3	9383 9386 9385 
3	9387 9383 9379 
3	9379 9360 9387 
3	9360 9373 9387 
3	9373 9374 9387 
3	9388 9386 9383 
3	9383 9387 9388 
3	9387 9374 9388 
3	9374 9376 9388 
3	9351 9378 9375 
3	9375 9348 9351 
3	9345 9389 9344 
3	9389 9343 9344 
3	9391 9390 9345 
3	9345 9279 9391 
3	9279 9305 9391 
3	9305 9306 9391 
3	9390 9392 9389 
3	9389 9345 9390 
3	9394 9393 9390 
3	9390 9391 9394 
3	9391 9306 9394 
3	9306 9310 9394 
3	9393 9395 9390 
3	9395 9392 9390 
3	9397 9396 9350 
3	9350 9343 9397 
3	9343 9389 9397 
3	9389 9392 9397 
3	9350 9398 9352 
3	9398 9351 9352 
3	9396 9399 9398 
3	9398 9350 9396 
3	9392 9400 9397 
3	9400 9396 9397 
3	9402 9401 9399 
3	9399 9396 9402 
3	9396 9400 9402 
3	9400 9403 9402 
3	9395 9403 9400 
3	9400 9392 9395 
3	9310 9404 9394 
3	9404 9393 9394 
3	9320 9405 9404 
3	9404 9310 9320 
3	9407 9406 9395 
3	9395 9393 9407 
3	9393 9404 9407 
3	9404 9405 9407 
3	9322 9408 9320 
3	9408 9405 9320 
3	9405 9409 9407 
3	9409 9406 9407 
3	9408 9410 9409 
3	9409 9405 9408 
3	9412 9411 9401 
3	9401 9402 9412 
3	9402 9403 9412 
3	9403 9413 9412 
3	9413 9414 9412 
3	9414 9411 9412 
3	9406 9413 9403 
3	9403 9395 9406 
3	9416 9415 9413 
3	9413 9406 9416 
3	9406 9409 9416 
3	9409 9410 9416 
3	9415 9417 9414 
3	9414 9413 9415 
3	9419 9418 9376 
3	9376 9377 9419 
3	9377 9378 9419 
3	9378 9420 9419 
3	9420 9421 9419 
3	9421 9418 9419 
3	9386 9422 9385 
3	9422 9384 9385 
3	9376 9423 9388 
3	9423 9386 9388 
3	9418 9424 9423 
3	9423 9376 9418 
3	9426 9425 9422 
3	9422 9386 9426 
3	9386 9423 9426 
3	9423 9424 9426 
3	9428 9427 9424 
3	9424 9418 9428 
3	9418 9421 9428 
3	9421 9429 9428 
3	9431 9430 9426 
3	9430 9425 9426 
3	9426 9424 9427 
3	9427 9431 9426 
3	9433 9432 9427 
3	9427 9428 9433 
3	9428 9429 9433 
3	9429 9434 9433 
3	9436 9435 9430 
3	9430 9431 9436 
3	9431 9427 9436 
3	9427 9432 9436 
3	9434 9437 9433 
3	9437 9432 9433 
3	9432 9438 9436 
3	9438 9435 9436 
3	9440 9439 9438 
3	9438 9432 9440 
3	9432 9437 9440 
3	9437 9441 9440 
3	9442 9420 9378 
3	9378 9351 9442 
3	9351 9398 9442 
3	9398 9399 9442 
3	9444 9443 9420 
3	9420 9442 9444 
3	9442 9399 9444 
3	9399 9401 9444 
3	9443 9429 9421 
3	9421 9420 9443 
3	9401 9445 9444 
3	9445 9443 9444 
3	9411 9446 9445 
3	9445 9401 9411 
3	9447 9434 9429 
3	9429 9443 9447 
3	9443 9445 9447 
3	9445 9446 9447 
3	9449 9448 9446 
3	9446 9411 9449 
3	9411 9414 9449 
3	9414 9417 9449 
3	9451 9450 9434 
3	9434 9447 9451 
3	9447 9446 9451 
3	9446 9448 9451 
3	9450 9441 9437 
3	9437 9434 9450 
3	7272 9452 7149 
3	9452 9294 7149 
3	9452 9453 9294 
3	9453 9297 9294 
3	7274 9454 9452 
3	9452 7272 7274 
3	9454 9455 9453 
3	9453 9452 9454 
3	9456 9301 9300 
3	9300 9297 9456 
3	9453 9457 9456 
3	9456 9297 9453 
3	9453 9458 9457 
3	9458 9459 9457 
3	9455 9460 9458 
3	9458 9453 9455 
3	9460 9461 9458 
3	9461 9459 9458 
3	7280 9462 9454 
3	9454 7274 7280 
3	9462 9463 9455 
3	9455 9454 9462 
3	7282 9464 7280 
3	9464 9462 7280 
3	9464 9465 9463 
3	9463 9462 9464 
3	9463 9466 9460 
3	9460 9455 9463 
3	9466 9467 9461 
3	9461 9460 9466 
3	9465 9468 9466 
3	9466 9463 9465 
3	9468 9469 9467 
3	9467 9466 9468 
3	9318 9470 9317 
3	9470 9316 9317 
3	9472 9471 9321 
3	9321 9316 9472 
3	9316 9470 9472 
3	9470 9473 9472 
3	9471 9474 9321 
3	9474 9322 9321 
3	9473 9475 9471 
3	9471 9472 9473 
3	9477 9476 9474 
3	9474 9471 9477 
3	9471 9475 9478 
3	9478 9477 9471 
3	9480 9479 9476 
3	9476 9477 9480 
3	9477 9478 9480 
3	9478 9481 9480 
3	9481 9482 9480 
3	9482 9479 9480 
3	7311 9483 7282 
3	9483 9464 7282 
3	9483 9484 9464 
3	9484 9465 9464 
3	7313 9485 7311 
3	9485 9483 7311 
3	9485 9486 9483 
3	9486 9484 9483 
3	9484 9487 9468 
3	9468 9465 9484 
3	9487 9488 9469 
3	9469 9468 9487 
3	9486 9489 9487 
3	9487 9484 9486 
3	9489 9490 9487 
3	9490 9488 9487 
3	7320 9491 7313 
3	9491 9485 7313 
3	9491 9492 9485 
3	9492 9486 9485 
3	7322 9493 9491 
3	9491 7320 7322 
3	9493 9494 9491 
3	9494 9492 9491 
3	9492 9495 9486 
3	9495 9489 9486 
3	9489 9496 9490 
3	9496 9497 9490 
3	9495 9498 9496 
3	9496 9489 9495 
3	9494 9499 9492 
3	9499 9495 9492 
3	9499 9500 9495 
3	9500 9498 9495 
3	9498 9501 9496 
3	9501 9497 9496 
3	9498 9502 9503 
3	9503 9501 9498 
3	9500 9504 9502 
3	9502 9498 9500 
3	9504 9505 9502 
3	9505 9503 9502 
3	9509 9506 9507 
3	9507 9508 9509 
3	9511 9510 9509 
3	9510 9506 9509 
3	9509 9508 9512 
3	9512 9511 9509 
3	9514 9511 9513 
3	9511 9512 9513 
3	9516 9515 9514 
3	9515 9511 9514 
3	9514 9513 9517 
3	9517 9516 9514 
3	9515 9518 9510 
3	9510 9511 9515 
3	9474 9519 9322 
3	9519 9408 9322 
3	9519 9520 9410 
3	9410 9408 9519 
3	9476 9521 9474 
3	9521 9519 9474 
3	9521 9522 9520 
3	9520 9519 9521 
3	9524 9523 9415 
3	9415 9416 9524 
3	9416 9410 9524 
3	9410 9520 9524 
3	9523 9525 9417 
3	9417 9415 9523 
3	9520 9526 9524 
3	9526 9523 9524 
3	9522 9527 9526 
3	9526 9520 9522 
3	9529 9528 9525 
3	9525 9523 9529 
3	9523 9526 9529 
3	9526 9527 9529 
3	9479 9530 9476 
3	9530 9521 9476 
3	9530 9531 9521 
3	9531 9522 9521 
3	9533 9532 9530 
3	9530 9479 9533 
3	9479 9482 9533 
3	9482 9534 9533 
3	9532 9535 9530 
3	9535 9531 9530 
3	9531 9536 9527 
3	9527 9522 9531 
3	9538 9537 9528 
3	9528 9529 9538 
3	9529 9527 9536 
3	9536 9538 9529 
3	9535 9539 9536 
3	9536 9531 9535 
3	9541 9540 9537 
3	9537 9538 9541 
3	9538 9536 9539 
3	9539 9541 9538 
3	9543 9542 9439 
3	9439 9440 9543 
3	9440 9441 9544 
3	9544 9543 9440 
3	9546 9545 9542 
3	9542 9543 9546 
3	9543 9544 9547 
3	9547 9546 9543 
3	9549 9548 9545 
3	9545 9546 9549 
3	9546 9547 9549 
3	9547 9550 9549 
3	9550 9551 9549 
3	9551 9548 9549 
3	9553 9552 9448 
3	9448 9449 9553 
3	9449 9417 9553 
3	9417 9525 9553 
3	9448 9554 9451 
3	9554 9450 9451 
3	9552 9555 9554 
3	9554 9448 9552 
3	9525 9556 9553 
3	9556 9552 9553 
3	9558 9557 9555 
3	9555 9552 9558 
3	9552 9556 9558 
3	9556 9559 9558 
3	9528 9559 9556 
3	9556 9525 9528 
3	9560 9544 9441 
3	9441 9450 9560 
3	9450 9554 9560 
3	9554 9555 9560 
3	9561 9547 9544 
3	9544 9560 9561 
3	9560 9555 9557 
3	9557 9561 9560 
3	9563 9562 9557 
3	9557 9558 9563 
3	9558 9559 9564 
3	9564 9563 9558 
3	9566 9565 9562 
3	9562 9563 9566 
3	9563 9564 9567 
3	9567 9566 9563 
3	9537 9564 9559 
3	9559 9528 9537 
3	9540 9567 9564 
3	9564 9537 9540 
3	9568 9550 9547 
3	9547 9561 9568 
3	9561 9557 9562 
3	9562 9568 9561 
3	9570 9569 9550 
3	9550 9568 9570 
3	9568 9562 9570 
3	9562 9565 9570 
3	9569 9571 9551 
3	9551 9550 9569 
3	9573 9572 9533 
3	9572 9532 9533 
3	9533 9534 9573 
3	9534 9574 9573 
3	9572 9575 9532 
3	9575 9535 9532 
3	9506 9576 9573 
3	9576 9572 9573 
3	9573 9574 9507 
3	9507 9506 9573 
3	9576 9577 9572 
3	9577 9575 9572 
3	9575 9578 9535 
3	9578 9539 9535 
3	9580 9579 9541 
3	9579 9540 9541 
3	9541 9539 9578 
3	9578 9580 9541 
3	9577 9581 9575 
3	9581 9578 9575 
3	9583 9582 9580 
3	9582 9579 9580 
3	9580 9578 9583 
3	9578 9581 9583 
3	9510 9584 9576 
3	9576 9506 9510 
3	9584 9585 9577 
3	9577 9576 9584 
3	9518 9586 9584 
3	9584 9510 9518 
3	9586 9587 9585 
3	9585 9584 9586 
3	9585 9588 9577 
3	9588 9581 9577 
3	9590 9589 9583 
3	9589 9582 9583 
3	9583 9581 9590 
3	9581 9588 9590 
3	9587 9591 9585 
3	9591 9588 9585 
3	9593 9592 9590 
3	9592 9589 9590 
3	9590 9588 9593 
3	9588 9591 9593 
3	9595 9594 9566 
3	9594 9565 9566 
3	9566 9567 9595 
3	9567 9596 9595 
3	9598 9597 9595 
3	9597 9594 9595 
3	9595 9596 9598 
3	9596 9599 9598 
3	9579 9596 9567 
3	9567 9540 9579 
3	9582 9599 9579 
3	9599 9596 9579 
3	9565 9600 9570 
3	9600 9569 9570 
3	9594 9601 9600 
3	9600 9565 9594 
3	9603 9602 9571 
3	9571 9569 9603 
3	9569 9600 9603 
3	9600 9601 9603 
3	9597 9604 9594 
3	9604 9601 9594 
3	9606 9605 9603 
3	9605 9602 9603 
3	9603 9601 9606 
3	9601 9604 9606 
3	9608 9607 9597 
3	9597 9598 9608 
3	9598 9599 9608 
3	9599 9609 9608 
3	9611 9610 9608 
3	9610 9607 9608 
3	9608 9609 9611 
3	9609 9612 9611 
3	9589 9609 9582 
3	9609 9599 9582 
3	9592 9612 9589 
3	9612 9609 9589 
3	9607 9613 9597 
3	9613 9604 9597 
3	9615 9614 9606 
3	9614 9605 9606 
3	9606 9604 9613 
3	9613 9615 9606 
3	9616 9615 9613 
3	9613 9607 9616 
3	9618 9617 9616 
3	9617 9615 9616 
3	9616 9607 9610 
3	9610 9618 9616 
3	9617 9619 9615 
3	9619 9614 9615 
3	9244 9620 9243 
3	9620 9242 9243 
3	9250 9254 9249 
3	9254 9248 9249 
3	9623 9622 9621 
3	9621 9248 9623 
3	9248 9621 9254 
3	9621 9624 9254 
3	9254 9625 9623 
3	9623 9248 9254 
3	9625 9626 9623 
3	9626 9622 9623 
3	9255 9259 9250 
3	9259 9254 9250 
3	9254 9624 9259 
3	9624 9268 9259 
3	9259 9627 9625 
3	9625 9254 9259 
3	9627 9628 9625 
3	9628 9626 9625 
3	9621 9622 9624 
3	9622 9626 9624 
3	9624 9626 9628 
3	9628 9268 9624 
3	9629 9627 9259 
3	9259 9255 9629 
3	9242 9630 9629 
3	9629 9255 9242 
3	9630 9631 9629 
3	9631 9627 9629 
3	9631 9632 9628 
3	9628 9627 9631 
3	9620 9633 9630 
3	9630 9242 9620 
3	9633 9634 9631 
3	9631 9630 9633 
3	9634 9635 9631 
3	9635 9632 9631 
3	9268 9628 9632 
3	9632 9273 9268 
3	9273 9632 9635 
3	9635 9278 9273 
3	9283 9286 9281 
3	9281 9282 9283 
3	9289 9636 9288 
3	9288 9286 9289 
3	9291 9637 9620 
3	9620 9244 9291 
3	9636 9638 9288 
3	9638 9291 9288 
3	9640 9639 9637 
3	9637 9291 9640 
3	9638 9641 9291 
3	9641 9640 9291 
3	9641 9642 9640 
3	9642 9639 9640 
3	9293 9296 9636 
3	9636 9289 9293 
3	9296 9299 9636 
3	9299 9638 9636 
3	9638 9643 9641 
3	9643 9642 9641 
3	9299 9644 9638 
3	9644 9643 9638 
3	9301 9645 9644 
3	9644 9299 9301 
3	9637 9639 9620 
3	9639 9633 9620 
3	9639 9646 9633 
3	9646 9634 9633 
3	9647 9278 9635 
3	9635 9634 9647 
3	9648 9304 9647 
3	9304 9278 9647 
3	9647 9634 9646 
3	9646 9648 9647 
3	9637 9648 9646 
3	9646 9639 9637 
3	9643 9311 9648 
3	9648 9637 9643 
3	9637 9639 9642 
3	9642 9643 9637 
3	9311 9309 9648 
3	9309 9304 9648 
3	9644 9315 9643 
3	9315 9311 9643 
3	9645 9318 9315 
3	9315 9644 9645 
3	9457 9459 9456 
3	9459 9301 9456 
3	9459 9649 9301 
3	9649 9645 9301 
3	9461 9650 9459 
3	9650 9649 9459 
3	9467 9651 9461 
3	9651 9650 9461 
3	9469 9652 9651 
3	9651 9467 9469 
3	9649 9653 9318 
3	9318 9645 9649 
3	9653 9473 9470 
3	9470 9318 9653 
3	9650 9654 9649 
3	9654 9653 9649 
3	9654 9655 9653 
3	9655 9473 9653 
3	9655 9478 9475 
3	9475 9473 9655 
3	9651 9656 9650 
3	9656 9654 9650 
3	9656 9657 9654 
3	9657 9655 9654 
3	9652 9658 9651 
3	9658 9656 9651 
3	9658 9659 9656 
3	9659 9657 9656 
3	9657 9481 9478 
3	9478 9655 9657 
3	9659 9660 9481 
3	9481 9657 9659 
3	9660 9534 9482 
3	9482 9481 9660 
3	9488 9661 9652 
3	9652 9469 9488 
3	9490 9497 9661 
3	9661 9488 9490 
3	9661 9662 9658 
3	9658 9652 9661 
3	9662 9663 9658 
3	9663 9659 9658 
3	9497 9664 9662 
3	9662 9661 9497 
3	9664 9665 9663 
3	9663 9662 9664 
3	9663 9666 9659 
3	9666 9660 9659 
3	9666 9574 9660 
3	9574 9534 9660 
3	9665 9508 9663 
3	9508 9666 9663 
3	9508 9507 9666 
3	9507 9574 9666 
3	9501 9503 9664 
3	9664 9497 9501 
3	9503 9513 9664 
3	9513 9665 9664 
3	9505 9517 9503 
3	9517 9513 9503 
3	9513 9512 9665 
3	9512 9508 9665 
3	5396 9667 5395 
3	9667 5394 5395 
3	3827 5398 9668 
3	9668 8379 3827 
3	5398 5399 9669 
3	9669 9668 5398 
3	8379 9668 9670 
3	9670 8381 8379 
3	9668 9669 9670 
3	9669 9671 9670 
3	5399 5394 9672 
3	9672 9669 5399 
3	5394 9667 9672 
3	9667 9673 9672 
3	9669 9672 9674 
3	9674 9671 9669 
3	9672 9673 9674 
3	9673 9675 9674 
3	9670 9676 8392 
3	8392 8381 9670 
3	9671 9677 9670 
3	9677 9676 9670 
3	8392 9676 8394 
3	9676 9678 8394 
3	9676 9677 9678 
3	9677 9679 9678 
3	8394 9678 9680 
3	9680 8396 8394 
3	9678 9679 9681 
3	9681 9680 9678 
3	9682 9679 9677 
3	9677 9671 9682 
3	9671 9674 9682 
3	9674 9683 9682 
3	9674 9675 9683 
3	9675 9684 9683 
3	9683 9685 9682 
3	9685 9679 9682 
3	9684 9686 9683 
3	9686 9685 9683 
3	9679 9685 9681 
3	9685 9687 9681 
3	9685 9686 9687 
3	9686 9688 9687 
3	9689 9673 9667 
3	9667 5396 9689 
3	5396 5410 9689 
3	5410 9690 9689 
3	5410 5411 9690 
3	5411 9691 9690 
3	9690 9692 9689 
3	9692 9673 9689 
3	9694 9693 9690 
3	9693 9692 9690 
3	9690 9691 9694 
3	9691 9695 9694 
3	9696 9691 5411 
3	5411 5412 9696 
3	5412 5187 9696 
3	5187 9697 9696 
3	5187 9323 9697 
3	9323 9365 9697 
3	9697 9698 9696 
3	9698 9691 9696 
3	9700 9699 9698 
3	9698 9697 9700 
3	9697 9365 9700 
3	9365 9369 9700 
3	9691 9698 9695 
3	9698 9699 9695 
3	9673 9692 9675 
3	9692 9693 9675 
3	9702 9701 9693 
3	9693 9694 9702 
3	9694 9695 9702 
3	9695 9703 9702 
3	9703 9704 9702 
3	9704 9701 9702 
3	9706 9705 9699 
3	9699 9700 9706 
3	9700 9369 9706 
3	9369 9707 9706 
3	9695 9699 9703 
3	9699 9705 9703 
3	9707 9708 9706 
3	9708 9705 9706 
3	9710 9709 9704 
3	9704 9703 9710 
3	9703 9705 9710 
3	9705 9711 9710 
3	9705 9708 9711 
3	9708 9712 9711 
3	9675 9693 9684 
3	9693 9701 9684 
3	9713 9688 9686 
3	9686 9684 9713 
3	9684 9701 9713 
3	9701 9714 9713 
3	9701 9704 9714 
3	9704 9709 9714 
3	8396 9680 8432 
3	9680 9715 8432 
3	9680 9681 9715 
3	9681 9716 9715 
3	9715 9717 8434 
3	8434 8432 9715 
3	9716 9718 9715 
3	9718 9717 9715 
3	9681 9687 9719 
3	9719 9716 9681 
3	9687 9688 9719 
3	9688 9720 9719 
3	9722 9721 9718 
3	9718 9716 9722 
3	9716 9719 9722 
3	9719 9723 9722 
3	9719 9720 9723 
3	9720 9724 9723 
3	9723 9725 9722 
3	9725 9721 9722 
3	9724 9726 9725 
3	9725 9723 9724 
3	9711 9727 9710 
3	9727 9709 9710 
3	9729 9728 9727 
3	9727 9711 9729 
3	9711 9712 9729 
3	9712 9730 9729 
3	9732 9731 9728 
3	9728 9729 9732 
3	9729 9730 9732 
3	9730 9733 9732 
3	9714 9734 9713 
3	9734 9688 9713 
3	9736 9735 9714 
3	9735 9734 9714 
3	9714 9709 9736 
3	9709 9737 9736 
3	9688 9734 9720 
3	9734 9735 9720 
3	9739 9738 9735 
3	9735 9736 9739 
3	9736 9737 9739 
3	9737 9740 9739 
3	9720 9735 9738 
3	9738 9724 9720 
3	9709 9727 9737 
3	9727 9728 9737 
3	9737 9728 9740 
3	9728 9731 9740 
3	9733 9741 9732 
3	9741 9731 9732 
3	9740 9742 9739 
3	9742 9738 9739 
3	9744 9743 9724 
3	9743 9726 9724 
3	9724 9738 9744 
3	9738 9745 9744 
3	9738 9742 9745 
3	9742 9746 9745 
3	9748 9747 9743 
3	9743 9744 9748 
3	9744 9745 9748 
3	9745 9749 9748 
3	9745 9746 9750 
3	9750 9749 9745 
3	9751 9746 9742 
3	9742 9740 9751 
3	9740 9731 9751 
3	9731 9752 9751 
3	9731 9741 9752 
3	9741 9753 9752 
3	9752 9754 9751 
3	9754 9746 9751 
3	9756 9755 9754 
3	9754 9752 9756 
3	9752 9753 9756 
3	9753 9757 9756 
3	9746 9754 9750 
3	9754 9755 9750 
3	8434 9717 8439 
3	9717 9758 8439 
3	9717 9718 9758 
3	9718 9721 9758 
3	8439 9758 9759 
3	9759 8445 8439 
3	9758 9721 9760 
3	9760 9759 9758 
3	8445 9759 8447 
3	9759 9761 8447 
3	9759 9760 9762 
3	9762 9761 9759 
3	9721 9725 9760 
3	9725 9763 9760 
3	9725 9726 9763 
3	9726 9743 9763 
3	9760 9763 9764 
3	9764 9762 9760 
3	9763 9743 9764 
3	9743 9747 9764 
3	9369 9380 9707 
3	9380 9381 9707 
3	9765 9712 9708 
3	9708 9707 9765 
3	9707 9381 9765 
3	9381 9384 9765 
3	9766 9730 9712 
3	9712 9765 9766 
3	9765 9384 9766 
3	9384 9767 9766 
3	9384 9422 9767 
3	9422 9425 9767 
3	9767 9768 9766 
3	9768 9730 9766 
3	9770 9769 9768 
3	9768 9767 9770 
3	9767 9425 9770 
3	9425 9430 9770 
3	9730 9768 9733 
3	9768 9769 9733 
3	9772 9771 9769 
3	9769 9770 9772 
3	9770 9430 9772 
3	9430 9435 9772 
3	9773 9753 9741 
3	9741 9733 9773 
3	9733 9769 9773 
3	9769 9771 9773 
3	9435 9774 9772 
3	9774 9771 9772 
3	9775 9757 9753 
3	9753 9773 9775 
3	9773 9771 9775 
3	9771 9776 9775 
3	9771 9774 9776 
3	9774 9777 9776 
3	9778 9777 9774 
3	9774 9435 9778 
3	9435 9438 9778 
3	9438 9439 9778 
3	9749 9779 9748 
3	9779 9747 9748 
3	9781 9780 9779 
3	9779 9749 9781 
3	9749 9750 9781 
3	9750 9782 9781 
3	9784 9783 9780 
3	9780 9781 9784 
3	9781 9782 9784 
3	9782 9785 9784 
3	9787 9786 9756 
3	9786 9755 9756 
3	9756 9757 9788 
3	9788 9787 9756 
3	9750 9755 9782 
3	9755 9786 9782 
3	9790 9789 9786 
3	9786 9787 9790 
3	9787 9788 9790 
3	9788 9791 9790 
3	9782 9786 9785 
3	9786 9789 9785 
3	9785 9792 9784 
3	9792 9783 9784 
3	9791 9793 9790 
3	9793 9789 9790 
3	9795 9794 9792 
3	9792 9785 9795 
3	9785 9789 9796 
3	9796 9795 9785 
3	9789 9793 9796 
3	9793 9797 9796 
3	9799 9798 9795 
3	9798 9794 9795 
3	9795 9796 9799 
3	9796 9800 9799 
3	9796 9797 9801 
3	9801 9800 9796 
3	9761 9802 8447 
3	9802 8525 8447 
3	9804 9803 9802 
3	9802 9761 9804 
3	9761 9762 9804 
3	9762 9805 9804 
3	8525 9802 8527 
3	9802 9803 8527 
3	9805 9806 9804 
3	9806 9803 9804 
3	8527 9803 8529 
3	9803 9807 8529 
3	9803 9806 9807 
3	9806 9808 9807 
3	9762 9764 9809 
3	9809 9805 9762 
3	9764 9747 9810 
3	9810 9809 9764 
3	9811 9808 9806 
3	9806 9805 9811 
3	9805 9809 9811 
3	9809 9812 9811 
3	9809 9810 9813 
3	9813 9812 9809 
3	8529 9807 8538 
3	9807 9814 8538 
3	9807 9808 9814 
3	9808 9815 9814 
3	8538 9814 9816 
3	9816 8540 8538 
3	9814 9815 9817 
3	9817 9816 9814 
3	9812 9818 9811 
3	9818 9808 9811 
3	9820 9819 9818 
3	9818 9812 9820 
3	9812 9813 9820 
3	9813 9821 9820 
3	9808 9818 9815 
3	9818 9819 9815 
3	9823 9822 9820 
3	9822 9819 9820 
3	9820 9821 9823 
3	9821 9824 9823 
3	9815 9819 9817 
3	9819 9822 9817 
3	9747 9779 9810 
3	9779 9780 9810 
3	9810 9780 9813 
3	9780 9783 9813 
3	9813 9783 9825 
3	9825 9821 9813 
3	9783 9792 9825 
3	9792 9794 9825 
3	9821 9825 9824 
3	9825 9826 9824 
3	9825 9794 9826 
3	9794 9798 9826 
3	9828 9827 9798 
3	9798 9799 9828 
3	9799 9800 9829 
3	9829 9828 9799 
3	9800 9801 9829 
3	9801 9830 9829 
3	9832 9831 9827 
3	9827 9828 9832 
3	9828 9829 9833 
3	9833 9832 9828 
3	9829 9830 9834 
3	9834 9833 9829 
3	9836 9835 9832 
3	9835 9831 9832 
3	9832 9833 9837 
3	9837 9836 9832 
3	9833 9834 9837 
3	9834 9838 9837 
3	9840 9839 9836 
3	9839 9835 9836 
3	9836 9837 9841 
3	9841 9840 9836 
3	9837 9838 9841 
3	9838 9842 9841 
3	8540 9816 9843 
3	9843 8573 8540 
3	9816 9817 9844 
3	9844 9843 9816 
3	8573 9843 8575 
3	9843 9845 8575 
3	9843 9844 9845 
3	9844 9846 9845 
3	9848 9847 9822 
3	9822 9823 9848 
3	9823 9824 9849 
3	9849 9848 9823 
3	9817 9822 9844 
3	9822 9847 9844 
3	9851 9850 9847 
3	9847 9848 9851 
3	9848 9849 9852 
3	9852 9851 9848 
3	9844 9847 9850 
3	9850 9846 9844 
3	8575 9845 8583 
3	9845 9853 8583 
3	9845 9846 9854 
3	9854 9853 9845 
3	8583 9853 9855 
3	9855 8586 8583 
3	9853 9854 9856 
3	9856 9855 9853 
3	9858 9857 9850 
3	9850 9851 9858 
3	9851 9852 9859 
3	9859 9858 9851 
3	9846 9850 9857 
3	9857 9854 9846 
3	9860 9854 9857 
3	9857 9858 9860 
3	9861 9856 9860 
3	9856 9854 9860 
3	9860 9858 9862 
3	9862 9861 9860 
3	9858 9859 9862 
3	9859 9863 9862 
3	9824 9826 9864 
3	9864 9849 9824 
3	9826 9798 9827 
3	9827 9864 9826 
3	9849 9864 9865 
3	9865 9852 9849 
3	9864 9827 9831 
3	9831 9865 9864 
3	9852 9865 9859 
3	9865 9866 9859 
3	9865 9831 9866 
3	9831 9835 9866 
3	9859 9866 9863 
3	9866 9867 9863 
3	9866 9835 9839 
3	9839 9867 9866 
3	9776 9868 9775 
3	9868 9757 9775 
3	9870 9869 9868 
3	9868 9776 9870 
3	9776 9777 9870 
3	9777 9871 9870 
3	9873 9872 9870 
3	9872 9869 9870 
3	9870 9871 9873 
3	9871 9874 9873 
3	9875 9871 9778 
3	9871 9777 9778 
3	9778 9439 9875 
3	9439 9542 9875 
3	9876 9874 9875 
3	9874 9871 9875 
3	9875 9542 9876 
3	9542 9545 9876 
3	9757 9868 9788 
3	9868 9869 9788 
3	9788 9869 9872 
3	9872 9791 9788 
3	9878 9877 9873 
3	9877 9872 9873 
3	9873 9874 9878 
3	9874 9879 9878 
3	9881 9880 9878 
3	9880 9877 9878 
3	9878 9879 9881 
3	9879 9882 9881 
3	9883 9879 9876 
3	9879 9874 9876 
3	9876 9545 9883 
3	9545 9548 9883 
3	9884 9882 9879 
3	9879 9883 9884 
3	9883 9548 9884 
3	9548 9885 9884 
3	9548 9551 9885 
3	9551 9571 9885 
3	9886 9797 9793 
3	9793 9791 9886 
3	9791 9872 9886 
3	9872 9877 9886 
3	9887 9801 9886 
3	9801 9797 9886 
3	9886 9877 9887 
3	9877 9880 9887 
3	9889 9888 9881 
3	9888 9880 9881 
3	9881 9882 9890 
3	9890 9889 9881 
3	9892 9891 9888 
3	9888 9889 9892 
3	9889 9890 9892 
3	9890 9893 9892 
3	9885 9894 9884 
3	9894 9882 9884 
3	9896 9895 9894 
3	9894 9885 9896 
3	9885 9571 9602 
3	9602 9896 9885 
3	9882 9894 9890 
3	9894 9895 9890 
3	9898 9897 9896 
3	9897 9895 9896 
3	9896 9602 9898 
3	9602 9605 9898 
3	9890 9895 9893 
3	9895 9897 9893 
3	9899 9830 9887 
3	9830 9801 9887 
3	9887 9880 9899 
3	9880 9888 9899 
3	9900 9834 9830 
3	9830 9899 9900 
3	9899 9888 9891 
3	9891 9900 9899 
3	9902 9901 9891 
3	9891 9892 9902 
3	9892 9893 9902 
3	9893 9903 9902 
3	9905 9904 9901 
3	9901 9902 9905 
3	9902 9903 9905 
3	9903 9906 9905 
3	9908 9907 9898 
3	9907 9897 9898 
3	9898 9605 9908 
3	9605 9614 9908 
3	9893 9897 9903 
3	9897 9907 9903 
3	9910 9909 9908 
3	9909 9907 9908 
3	9908 9614 9619 
3	9619 9910 9908 
3	9903 9907 9909 
3	9909 9906 9903 
3	9911 9838 9834 
3	9834 9900 9911 
3	9900 9891 9901 
3	9901 9911 9900 
3	9912 9842 9838 
3	9838 9911 9912 
3	9911 9901 9904 
3	9904 9912 9911 
3	7592 9913 9493 
3	9493 7322 7592 
3	9913 9914 9493 
3	9914 9494 9493 
3	7595 9915 7592 
3	9915 9913 7592 
3	9915 9916 9913 
3	9916 9914 9913 
3	9914 9917 9494 
3	9917 9499 9494 
3	9917 9918 9499 
3	9918 9500 9499 
3	9916 9919 9914 
3	9919 9917 9914 
3	9919 9920 9917 
3	9920 9918 9917 
3	7603 9921 9915 
3	9915 7595 7603 
3	9921 9922 9915 
3	9922 9916 9915 
3	7605 9923 7603 
3	9923 9921 7603 
3	7606 9924 9923 
3	9923 7605 7606 
3	9924 9925 9923 
3	9925 9921 9923 
3	9925 9926 9922 
3	9922 9921 9925 
3	9922 9927 9916 
3	9927 9919 9916 
3	9927 9928 9919 
3	9928 9920 9919 
3	9926 9929 9927 
3	9927 9922 9926 
3	9929 9930 9927 
3	9930 9928 9927 
3	9918 9931 9504 
3	9504 9500 9918 
3	9504 9516 9517 
3	9517 9505 9504 
3	9931 9932 9516 
3	9516 9504 9931 
3	9920 9933 9931 
3	9931 9918 9920 
3	9933 9934 9932 
3	9932 9931 9933 
3	9932 9935 9515 
3	9515 9516 9932 
3	9935 9936 9518 
3	9518 9515 9935 
3	9934 9937 9932 
3	9937 9935 9932 
3	9937 9938 9936 
3	9936 9935 9937 
3	9928 9939 9933 
3	9933 9920 9928 
3	9939 9940 9934 
3	9934 9933 9939 
3	9930 9941 9939 
3	9939 9928 9930 
3	9941 9942 9939 
3	9942 9940 9939 
3	9940 9943 9937 
3	9937 9934 9940 
3	9943 9944 9937 
3	9944 9938 9937 
3	9942 9945 9940 
3	9945 9943 9940 
3	9945 9946 9943 
3	9946 9944 9943 
3	7641 9947 7606 
3	9947 9924 7606 
3	9924 9948 9925 
3	9948 9926 9925 
3	9947 9949 9948 
3	9948 9924 9947 
3	7643 9950 9947 
3	9947 7641 7643 
3	9950 9951 9947 
3	9951 9949 9947 
3	9948 9952 9929 
3	9929 9926 9948 
3	9949 9953 9952 
3	9952 9948 9949 
3	9952 9954 9930 
3	9930 9929 9952 
3	9953 9955 9954 
3	9954 9952 9953 
3	9951 9956 9949 
3	9956 9953 9949 
3	9956 9957 9955 
3	9955 9953 9956 
3	7653 9958 7643 
3	9958 9950 7643 
3	7654 9959 9958 
3	9958 7653 7654 
3	9959 9960 9958 
3	9960 9950 9958 
3	7657 9961 7654 
3	9961 9959 7654 
3	9959 9962 9960 
3	9962 9963 9960 
3	9961 9964 9962 
3	9962 9959 9961 
3	9960 9963 9951 
3	9951 9950 9960 
3	9962 9965 9963 
3	9965 9966 9963 
3	9964 9967 9965 
3	9965 9962 9964 
3	9965 9968 9969 
3	9969 9966 9965 
3	9967 9970 9968 
3	9968 9965 9967 
3	9963 9966 9951 
3	9966 9956 9951 
3	9966 9969 9957 
3	9957 9956 9966 
3	9954 9971 9941 
3	9941 9930 9954 
3	9955 9972 9971 
3	9971 9954 9955 
3	9971 9973 9941 
3	9973 9942 9941 
3	9972 9974 9971 
3	9974 9973 9971 
3	9957 9975 9972 
3	9972 9955 9957 
3	9975 9976 9974 
3	9974 9972 9975 
3	9973 9977 9942 
3	9977 9945 9942 
3	9974 9978 9973 
3	9978 9977 9973 
3	9977 9979 9946 
3	9946 9945 9977 
3	9978 9980 9977 
3	9980 9979 9977 
3	9976 9981 9974 
3	9981 9978 9974 
3	9981 9982 9978 
3	9982 9980 9978 
3	9968 9983 9984 
3	9984 9969 9968 
3	9970 9985 9983 
3	9983 9968 9970 
3	9983 9986 9987 
3	9987 9984 9983 
3	9985 9988 9983 
3	9988 9986 9983 
3	9969 9984 9975 
3	9975 9957 9969 
3	9984 9987 9975 
3	9987 9976 9975 
3	9990 9989 9981 
3	9981 9976 9990 
3	9986 9991 9990 
3	9991 9989 9990 
3	9990 9976 9987 
3	9987 9986 9990 
3	9989 9992 9981 
3	9992 9982 9981 
3	9991 9993 9992 
3	9992 9989 9991 
3	9988 9994 9991 
3	9991 9986 9988 
3	9994 9995 9991 
3	9995 9993 9991 
3	9999 9996 9997 
3	9997 9998 9999 
3	10001 10000 9999 
3	10000 9996 9999 
3	9999 9998 10002 
3	10002 10001 9999 
3	9936 10003 9586 
3	9586 9518 9936 
3	10003 10004 9586 
3	10004 9587 9586 
3	9938 10005 10003 
3	10003 9936 9938 
3	10005 10006 10003 
3	10006 10004 10003 
3	10004 10007 9587 
3	10007 9591 9587 
3	10009 10008 9593 
3	10008 9592 9593 
3	9593 9591 10007 
3	10007 10009 9593 
3	10010 10009 10007 
3	10007 10004 10010 
3	10012 10011 10010 
3	10011 10009 10010 
3	10010 10004 10006 
3	10006 10012 10010 
3	10011 10013 10009 
3	10013 10008 10009 
3	9944 10014 9938 
3	10014 10005 9938 
3	10015 10012 10006 
3	10006 10005 10015 
3	10017 10016 10015 
3	10016 10012 10015 
3	10015 10005 10014 
3	10014 10017 10015 
3	10018 10017 10014 
3	10014 9944 10018 
3	9979 10019 10018 
3	10019 10017 10018 
3	10018 9944 9946 
3	9946 9979 10018 
3	10019 10020 10016 
3	10016 10017 10019 
3	10024 10021 10022 
3	10022 10023 10024 
3	10026 10025 10024 
3	10025 10021 10024 
3	10024 10023 10027 
3	10027 10026 10024 
3	10016 10023 10011 
3	10011 10012 10016 
3	10023 10022 10011 
3	10022 10013 10011 
3	10020 10027 10016 
3	10027 10023 10016 
3	10028 9910 9619 
3	9619 9617 10028 
3	10030 10029 10028 
3	10029 9910 10028 
3	10028 9617 10031 
3	10031 10030 10028 
3	10033 10032 10030 
3	10032 10029 10030 
3	10030 10031 10033 
3	10031 10034 10033 
3	10036 10035 10033 
3	10035 10032 10033 
3	10033 10034 10037 
3	10037 10036 10033 
3	10039 10036 10037 
3	10037 10038 10039 
3	10041 10040 10039 
3	10040 10036 10039 
3	10039 10038 10042 
3	10042 10041 10039 
3	10044 10043 10035 
3	10035 10036 10044 
3	10046 10045 10044 
3	10045 10043 10044 
3	10044 10036 10040 
3	10040 10046 10044 
3	10048 10047 9611 
3	10047 9610 9611 
3	9611 9612 10049 
3	10049 10048 9611 
3	10050 10048 10049 
3	10049 10008 10050 
3	10052 10051 10050 
3	10051 10048 10050 
3	10050 10008 10013 
3	10013 10052 10050 
3	10051 10053 10048 
3	10053 10047 10048 
3	10008 10049 9592 
3	10049 9612 9592 
3	10054 10031 9618 
3	10031 9617 9618 
3	9618 9610 10054 
3	9610 10047 10054 
3	10055 10034 10054 
3	10034 10031 10054 
3	10054 10047 10053 
3	10053 10055 10054 
3	10021 10056 10052 
3	10056 10051 10052 
3	10052 10013 10022 
3	10022 10021 10052 
3	10057 10055 10053 
3	10053 10051 10057 
3	10058 10038 10057 
3	10038 10055 10057 
3	10057 10051 10056 
3	10056 10058 10057 
3	10025 10059 10021 
3	10059 10056 10021 
3	10060 10042 10058 
3	10042 10038 10058 
3	10058 10056 10059 
3	10059 10060 10058 
3	10038 10037 10055 
3	10037 10034 10055 
3	10064 10061 10062 
3	10062 10063 10064 
3	10066 10065 10064 
3	10065 10061 10064 
3	10064 10063 10067 
3	10067 10066 10064 
3	10061 10068 10069 
3	10069 10062 10061 
3	10065 10070 10061 
3	10070 10068 10061 
3	10074 10071 10072 
3	10072 10073 10074 
3	10076 10075 10074 
3	10075 10071 10074 
3	10074 10073 10077 
3	10077 10076 10074 
3	9980 10073 10019 
3	10019 9979 9980 
3	10073 10072 10019 
3	10072 10020 10019 
3	9982 10077 9980 
3	10077 10073 9980 
3	10078 10026 10027 
3	10027 10020 10078 
3	10071 10079 10078 
3	10079 10026 10078 
3	10078 10020 10072 
3	10072 10071 10078 
3	10079 10080 10026 
3	10080 10025 10026 
3	10075 10081 10071 
3	10081 10079 10071 
3	10083 10082 10080 
3	10080 10079 10083 
3	10085 10084 10083 
3	10084 10082 10083 
3	10083 10079 10081 
3	10081 10085 10083 
3	9992 10076 10077 
3	10077 9982 9992 
3	9993 10086 9992 
3	10086 10076 9992 
3	10086 10087 10076 
3	10087 10075 10076 
3	10089 10088 10086 
3	10086 9993 10089 
3	10091 10090 10089 
3	10090 10088 10089 
3	10089 9993 9995 
3	9995 10091 10089 
3	10088 10063 10087 
3	10087 10086 10088 
3	10090 10067 10088 
3	10067 10063 10088 
3	10092 10085 10081 
3	10081 10075 10092 
3	10063 10062 10092 
3	10062 10085 10092 
3	10092 10075 10087 
3	10087 10063 10092 
3	10062 10069 10085 
3	10069 10084 10085 
3	10096 10093 10094 
3	10094 10095 10096 
3	10098 10097 10096 
3	10097 10093 10096 
3	10096 10095 10099 
3	10099 10098 10096 
3	10103 10100 10101 
3	10101 10102 10103 
3	10105 10104 10103 
3	10104 10100 10103 
3	10103 10102 10106 
3	10106 10105 10103 
3	10093 10107 10041 
3	10107 10040 10041 
3	10041 10042 10094 
3	10094 10093 10041 
3	10102 10101 10046 
3	10101 10045 10046 
3	10046 10040 10107 
3	10107 10102 10046 
3	10108 10102 10107 
3	10107 10093 10108 
3	10109 10106 10108 
3	10106 10102 10108 
3	10108 10093 10097 
3	10097 10109 10108 
3	10113 10110 10111 
3	10111 10112 10113 
3	10115 10114 10113 
3	10114 10110 10113 
3	10113 10112 10116 
3	10116 10115 10113 
3	10117 10098 10099 
3	10099 10084 10117 
3	10068 10118 10117 
3	10118 10098 10117 
3	10117 10084 10069 
3	10069 10068 10117 
3	10119 10109 10097 
3	10097 10098 10119 
3	10112 10111 10119 
3	10111 10109 10119 
3	10119 10098 10118 
3	10118 10112 10119 
3	10120 10112 10118 
3	10118 10068 10120 
3	10121 10116 10120 
3	10116 10112 10120 
3	10120 10068 10070 
3	10070 10121 10120 
3	10122 10105 10106 
3	10106 10109 10122 
3	10110 10123 10122 
3	10123 10105 10122 
3	10122 10109 10111 
3	10111 10110 10122 
3	10125 10124 10104 
3	10104 10105 10125 
3	9998 9997 10125 
3	9997 10124 10125 
3	10125 10105 10123 
3	10123 9998 10125 
3	10126 9998 10123 
3	10123 10110 10126 
3	10127 10002 10126 
3	10002 9998 10126 
3	10126 10110 10114 
3	10114 10127 10126 
3	10128 10060 10059 
3	10059 10025 10128 
3	10082 10095 10128 
3	10095 10060 10128 
3	10128 10025 10080 
3	10080 10082 10128 
3	10095 10094 10060 
3	10094 10042 10060 
3	10084 10099 10082 
3	10099 10095 10082 
3	7823 10129 7824 
3	10129 10130 7824 
3	7825 10131 7823 
3	10131 10129 7823 
3	10129 10132 10130 
3	10132 10133 10130 
3	10131 10134 10132 
3	10132 10129 10131 
3	10134 10135 10132 
3	10135 10133 10132 
3	6654 8915 10136 
3	10136 7826 6654 
3	7826 10136 7827 
3	10136 10137 7827 
3	8915 8917 10138 
3	10138 10136 8915 
3	10136 10138 10137 
3	10138 10139 10137 
3	7827 10137 7825 
3	10137 10131 7825 
3	10137 10139 10131 
3	10139 10134 10131 
3	8917 8921 10140 
3	10140 10138 8917 
3	10138 10140 10139 
3	10140 10141 10139 
3	8921 8923 10142 
3	10142 10140 8921 
3	10140 10142 10143 
3	10143 10141 10140 
3	10139 10141 10144 
3	10144 10134 10139 
3	10134 10144 10135 
3	10144 10145 10135 
3	10141 10143 10144 
3	10143 10146 10144 
3	10144 10146 10145 
3	10146 10147 10145 
3	7824 10130 10148 
3	10148 7841 7824 
3	7841 10148 10149 
3	10149 7842 7841 
3	10130 10133 10150 
3	10150 10148 10130 
3	10148 10150 10149 
3	10150 10151 10149 
3	7842 10152 7846 
3	10152 7847 7846 
3	7847 10153 7848 
3	10153 10154 7848 
3	10152 10155 10153 
3	10153 7847 10152 
3	10153 10156 10157 
3	10157 10154 10153 
3	10155 10158 10153 
3	10158 10156 10153 
3	7842 10149 10152 
3	10149 10155 10152 
3	10149 10151 10155 
3	10151 10158 10155 
3	10133 10159 10150 
3	10159 10160 10150 
3	10135 10145 10159 
3	10159 10133 10135 
3	10150 10160 10151 
3	10160 10161 10151 
3	10159 10162 10163 
3	10163 10160 10159 
3	10145 10147 10162 
3	10162 10159 10145 
3	10160 10163 10164 
3	10164 10161 10160 
3	10156 10165 10166 
3	10166 10157 10156 
3	10158 10167 10156 
3	10167 10165 10156 
3	10165 10168 10166 
3	10168 10169 10166 
3	10167 10170 10165 
3	10170 10168 10165 
3	10151 10161 10158 
3	10161 10167 10158 
3	10161 10164 10170 
3	10170 10167 10161 
3	8959 8958 10171 
3	10171 10172 8959 
3	8959 10172 8960 
3	10172 10173 8960 
3	10172 10171 10174 
3	10174 10175 10172 
3	10172 10175 10176 
3	10176 10173 10172 
3	10179 10175 10177 
3	10177 10178 10179 
3	10180 10176 10179 
3	10176 10175 10179 
3	10179 10178 10181 
3	10181 10180 10179 
3	10178 10177 10182 
3	10182 10183 10178 
3	10178 10183 10181 
3	10183 10184 10181 
3	10175 10174 10177 
3	10174 10185 10177 
3	10177 10185 10182 
3	10185 10186 10182 
3	8923 8962 10187 
3	10187 10142 8923 
3	10142 10187 10188 
3	10188 10143 10142 
3	8962 8963 10189 
3	10189 10187 8962 
3	10187 10189 10180 
3	10180 10188 10187 
3	10143 10188 10190 
3	10190 10146 10143 
3	10146 10190 10191 
3	10191 10147 10146 
3	10188 10180 10181 
3	10181 10190 10188 
3	10190 10181 10184 
3	10184 10191 10190 
3	8963 8960 10173 
3	10173 10189 8963 
3	10189 10173 10176 
3	10176 10180 10189 
3	10162 10192 10193 
3	10193 10163 10162 
3	10147 10191 10192 
3	10192 10162 10147 
3	10163 10193 10194 
3	10194 10164 10163 
3	10192 10183 10195 
3	10195 10193 10192 
3	10191 10184 10192 
3	10184 10183 10192 
3	10193 10195 10194 
3	10195 10196 10194 
3	10168 10197 10169 
3	10197 10198 10169 
3	10170 10199 10197 
3	10197 10168 10170 
3	10197 10200 10201 
3	10201 10198 10197 
3	10199 10202 10200 
3	10200 10197 10199 
3	10164 10194 10199 
3	10199 10170 10164 
3	10194 10196 10202 
3	10202 10199 10194 
3	10183 10182 10195 
3	10182 10203 10195 
3	10195 10203 10196 
3	10203 10204 10196 
3	10182 10186 10203 
3	10186 10205 10203 
3	10203 10205 10206 
3	10206 10204 10203 
3	10200 10207 10208 
3	10208 10201 10200 
3	10202 10209 10200 
3	10209 10207 10200 
3	10212 10210 10211 
3	10211 10207 10212 
3	10204 10206 10212 
3	10206 10210 10212 
3	10212 10207 10209 
3	10209 10204 10212 
3	10207 10211 10213 
3	10213 10208 10207 
3	10196 10204 10209 
3	10209 10202 10196 
3	7886 10214 10215 
3	10215 7887 7886 
3	7888 10216 7886 
3	10216 10214 7886 
3	10214 10217 10215 
3	10217 10218 10215 
3	10216 10219 10214 
3	10219 10217 10214 
3	10217 10220 10218 
3	10220 10221 10218 
3	10219 10222 10217 
3	10222 10220 10217 
3	10220 10223 10221 
3	10223 10224 10221 
3	10222 10225 10223 
3	10223 10220 10222 
3	7901 10226 7902 
3	10226 10227 7902 
3	7848 10154 10226 
3	10226 7901 7848 
3	7902 10227 10228 
3	10228 7903 7902 
3	10154 10229 10226 
3	10229 10227 10226 
3	10227 10230 10228 
3	10230 10231 10228 
3	10229 10232 10230 
3	10230 10227 10229 
3	7905 10233 7888 
3	10233 10216 7888 
3	7903 10228 7905 
3	10228 10233 7905 
3	10233 10234 10216 
3	10234 10219 10216 
3	10228 10231 10233 
3	10231 10234 10233 
3	10230 10235 10236 
3	10236 10231 10230 
3	10232 10237 10235 
3	10235 10230 10232 
3	10235 10238 10236 
3	10238 10239 10236 
3	10237 10240 10235 
3	10240 10238 10235 
3	10234 10241 10219 
3	10241 10222 10219 
3	10231 10236 10234 
3	10236 10241 10234 
3	10241 10242 10225 
3	10225 10222 10241 
3	10236 10239 10242 
3	10242 10241 10236 
3	7907 10243 9961 
3	9961 7657 7907 
3	7887 10215 10243 
3	10243 7907 7887 
3	10243 10244 9964 
3	9964 9961 10243 
3	10215 10218 10244 
3	10244 10243 10215 
3	10244 10245 9967 
3	9967 9964 10244 
3	10218 10221 10245 
3	10245 10244 10218 
3	10245 10246 9970 
3	9970 9967 10245 
3	10221 10224 10245 
3	10224 10246 10245 
3	10223 10247 10224 
3	10247 10248 10224 
3	10225 10249 10247 
3	10247 10223 10225 
3	10247 10250 10251 
3	10251 10248 10247 
3	10249 10252 10250 
3	10250 10247 10249 
3	10250 10253 10254 
3	10254 10251 10250 
3	10252 10255 10253 
3	10253 10250 10252 
3	10253 10256 10254 
3	10256 10257 10254 
3	10255 10258 10256 
3	10256 10253 10255 
3	10238 10259 10239 
3	10259 10260 10239 
3	10240 10261 10238 
3	10261 10259 10238 
3	10259 10262 10263 
3	10263 10260 10259 
3	10261 10264 10262 
3	10262 10259 10261 
3	10242 10265 10249 
3	10249 10225 10242 
3	10239 10260 10265 
3	10265 10242 10239 
3	10265 10266 10252 
3	10252 10249 10265 
3	10260 10263 10266 
3	10266 10265 10260 
3	10262 10267 10268 
3	10268 10263 10262 
3	10264 10269 10262 
3	10269 10267 10262 
3	10272 10270 10271 
3	10271 10267 10272 
3	10208 10213 10272 
3	10213 10270 10272 
3	10272 10267 10269 
3	10269 10208 10272 
3	10267 10271 10273 
3	10273 10268 10267 
3	10266 10274 10255 
3	10255 10252 10266 
3	10263 10268 10274 
3	10274 10266 10263 
3	10274 10275 10258 
3	10258 10255 10274 
3	10268 10273 10274 
3	10273 10275 10274 
3	10246 10276 9970 
3	10276 9985 9970 
3	10224 10248 10246 
3	10248 10276 10246 
3	10276 10277 9985 
3	10277 9988 9985 
3	10248 10251 10276 
3	10251 10277 10276 
3	10277 10278 9988 
3	10278 9994 9988 
3	10251 10254 10277 
3	10254 10278 10277 
3	10278 10091 9995 
3	9995 9994 10278 
3	10254 10257 10278 
3	10257 10091 10278 
3	10154 10157 10229 
3	10157 10232 10229 
3	10157 10166 10237 
3	10237 10232 10157 
3	10166 10169 10237 
3	10169 10240 10237 
3	10169 10198 10240 
3	10198 10261 10240 
3	10198 10201 10264 
3	10264 10261 10198 
3	10201 10208 10269 
3	10269 10264 10201 
3	10282 10279 10280 
3	10280 10281 10282 
3	10284 10283 10282 
3	10283 10279 10282 
3	10282 10281 10285 
3	10285 10284 10282 
3	10289 10286 10287 
3	10287 10288 10289 
3	10291 10290 10289 
3	10290 10286 10289 
3	10289 10288 10292 
3	10292 10291 10289 
3	10296 10293 10294 
3	10294 10295 10296 
3	10298 10297 10296 
3	10297 10293 10296 
3	10296 10295 10299 
3	10299 10298 10296 
3	10300 10288 10298 
3	10298 10279 10300 
3	10301 10292 10300 
3	10292 10288 10300 
3	10300 10279 10283 
3	10283 10301 10300 
3	10279 10298 10299 
3	10299 10280 10279 
3	10288 10287 10297 
3	10297 10298 10288 
3	9055 9054 10303 
3	9054 10302 10303 
3	9055 10303 10304 
3	10304 9056 9055 
3	10303 10302 10306 
3	10302 10305 10306 
3	10303 10306 10307 
3	10307 10304 10303 
3	10306 10305 10308 
3	10308 10309 10306 
3	10306 10309 10307 
3	10309 10310 10307 
3	10309 10308 10311 
3	10311 10312 10309 
3	10309 10312 10310 
3	10312 10313 10310 
3	9069 9068 10315 
3	9068 10314 10315 
3	9069 10315 10316 
3	10316 9070 9069 
3	10315 10314 10318 
3	10314 10317 10318 
3	10315 10318 10319 
3	10319 10316 10315 
3	9068 9072 10314 
3	9072 10320 10314 
3	10314 10320 10317 
3	10320 10321 10317 
3	10318 10317 10322 
3	10322 10323 10318 
3	10318 10323 10319 
3	10323 10324 10319 
3	10323 10322 10326 
3	10322 10325 10326 
3	10323 10326 10324 
3	10326 10327 10324 
3	10317 10321 10328 
3	10328 10322 10317 
3	10322 10328 10329 
3	10329 10325 10322 
3	9074 9056 10330 
3	9056 10304 10330 
3	9074 10330 10320 
3	10320 9072 9074 
3	10330 10304 10331 
3	10304 10307 10331 
3	10330 10331 10321 
3	10321 10320 10330 
3	10331 10307 10310 
3	10310 10332 10331 
3	10331 10332 10321 
3	10332 10328 10321 
3	10332 10310 10313 
3	10313 10333 10332 
3	10332 10333 10329 
3	10329 10328 10332 
3	10337 10334 10335 
3	10335 10336 10337 
3	10339 10338 10337 
3	10338 10334 10337 
3	10337 10336 10340 
3	10340 10339 10337 
3	10336 10335 10341 
3	10341 10342 10336 
3	10336 10342 10343 
3	10343 10340 10336 
3	10347 10344 10345 
3	10345 10346 10347 
3	10349 10348 10347 
3	10348 10344 10347 
3	10347 10346 10350 
3	10350 10349 10347 
3	10351 10349 10350 
3	10350 10334 10351 
3	10353 10352 10351 
3	10352 10349 10351 
3	10351 10334 10338 
3	10338 10353 10351 
3	10312 10311 10348 
3	10348 10349 10312 
3	10312 10349 10352 
3	10352 10313 10312 
3	10354 10001 10002 
3	10002 10127 10354 
3	10335 10355 10354 
3	10355 10001 10354 
3	10354 10127 10341 
3	10341 10335 10354 
3	10346 10345 10000 
3	10000 10001 10346 
3	10346 10001 10355 
3	10355 10350 10346 
3	10334 10350 10355 
3	10355 10335 10334 
3	10357 10333 10353 
3	10353 10356 10357 
3	10325 10329 10357 
3	10329 10333 10357 
3	10357 10356 10358 
3	10358 10325 10357 
3	10356 10353 10338 
3	10338 10339 10356 
3	10356 10339 10359 
3	10359 10358 10356 
3	10326 10325 10358 
3	10358 10286 10326 
3	10326 10286 10290 
3	10290 10327 10326 
3	10286 10358 10359 
3	10359 10287 10286 
3	10360 10339 10340 
3	10340 10293 10360 
3	10287 10359 10360 
3	10359 10339 10360 
3	10360 10293 10297 
3	10297 10287 10360 
3	10293 10340 10343 
3	10343 10294 10293 
3	10333 10313 10352 
3	10352 10353 10333 
3	8958 9088 10361 
3	10361 10171 8958 
3	10171 10361 10362 
3	10362 10174 10171 
3	9088 9090 10363 
3	10363 10361 9088 
3	10361 10363 10364 
3	10364 10362 10361 
3	10174 10362 10185 
3	10362 10365 10185 
3	10185 10365 10186 
3	10365 10366 10186 
3	10362 10364 10367 
3	10367 10365 10362 
3	10365 10367 10368 
3	10368 10366 10365 
3	9095 9094 10370 
3	9094 10369 10370 
3	9095 10370 10363 
3	10363 9090 9095 
3	10370 10369 10372 
3	10369 10371 10372 
3	10370 10372 10364 
3	10364 10363 10370 
3	9094 9070 10369 
3	9070 10316 10369 
3	10369 10316 10371 
3	10316 10319 10371 
3	10372 10371 10373 
3	10373 10374 10372 
3	10372 10374 10364 
3	10374 10367 10364 
3	10374 10373 10375 
3	10375 10376 10374 
3	10374 10376 10368 
3	10368 10367 10374 
3	10371 10319 10324 
3	10324 10373 10371 
3	10373 10324 10327 
3	10327 10375 10373 
3	10379 10376 10377 
3	10377 10378 10379 
3	10366 10368 10379 
3	10368 10376 10379 
3	10379 10378 10380 
3	10380 10366 10379 
3	10378 10377 10301 
3	10301 10381 10378 
3	10378 10381 10380 
3	10381 10382 10380 
3	10186 10366 10380 
3	10380 10205 10186 
3	10205 10380 10382 
3	10382 10206 10205 
3	10210 10381 10284 
3	10284 10211 10210 
3	10206 10382 10381 
3	10381 10210 10206 
3	10211 10284 10285 
3	10285 10213 10211 
3	10381 10301 10283 
3	10283 10284 10381 
3	10376 10375 10377 
3	10375 10291 10377 
3	10377 10291 10292 
3	10292 10301 10377 
3	10375 10327 10290 
3	10290 10291 10375 
3	10383 10066 10067 
3	10067 10090 10383 
3	10385 10384 10383 
3	10384 10066 10383 
3	10383 10090 10386 
3	10386 10385 10383 
3	10256 10385 10386 
3	10386 10257 10256 
3	10258 10387 10256 
3	10387 10385 10256 
3	10389 10388 10384 
3	10384 10385 10389 
3	10391 10390 10389 
3	10390 10388 10389 
3	10389 10385 10387 
3	10387 10391 10389 
3	10395 10392 10393 
3	10393 10394 10395 
3	10397 10396 10395 
3	10396 10392 10395 
3	10395 10394 10398 
3	10398 10397 10395 
3	10384 10399 10066 
3	10399 10065 10066 
3	10400 10121 10070 
3	10070 10065 10400 
3	10394 10393 10400 
3	10393 10121 10400 
3	10400 10065 10399 
3	10399 10394 10400 
3	10388 10394 10399 
3	10399 10384 10388 
3	10390 10398 10388 
3	10398 10394 10388 
3	10402 10401 10391 
3	10391 10275 10402 
3	10271 10403 10402 
3	10403 10401 10402 
3	10402 10275 10273 
3	10273 10271 10402 
3	10401 10404 10390 
3	10390 10391 10401 
3	10403 10405 10401 
3	10405 10404 10401 
3	10270 10281 10403 
3	10403 10271 10270 
3	10213 10285 10270 
3	10285 10281 10270 
3	10281 10280 10405 
3	10405 10403 10281 
3	10275 10391 10387 
3	10387 10258 10275 
3	10406 10295 10397 
3	10397 10404 10406 
3	10280 10299 10406 
3	10299 10295 10406 
3	10406 10404 10405 
3	10405 10280 10406 
3	10404 10397 10398 
3	10398 10390 10404 
3	10295 10294 10396 
3	10396 10397 10295 
3	10257 10386 10091 
3	10386 10090 10091 
3	10407 10115 10116 
3	10116 10121 10407 
3	10392 10408 10407 
3	10408 10115 10407 
3	10407 10121 10393 
3	10393 10392 10407 
3	10409 10127 10114 
3	10114 10115 10409 
3	10342 10341 10409 
3	10341 10127 10409 
3	10409 10115 10408 
3	10408 10342 10409 
3	10410 10342 10408 
3	10408 10392 10410 
3	10294 10343 10410 
3	10343 10342 10410 
3	10410 10392 10396 
3	10396 10294 10410 
3	10414 10411 10412 
3	10412 10413 10414 
3	10416 10415 10414 
3	10415 10411 10414 
3	10414 10413 10417 
3	10417 10416 10414 
3	10421 10418 10419 
3	10419 10420 10421 
3	10423 10422 10421 
3	10422 10418 10421 
3	10421 10420 10424 
3	10424 10423 10421 
3	10413 10412 10422 
3	10422 10423 10413 
3	10413 10423 10425 
3	10425 10417 10413 
3	10423 10424 10425 
3	10424 10426 10425 
3	10427 9867 9839 
3	9839 9840 10427 
3	10429 10428 10427 
3	10428 9867 10427 
3	10427 9840 10430 
3	10430 10429 10427 
3	10432 10431 10428 
3	10428 10429 10432 
3	10420 10419 10432 
3	10419 10431 10432 
3	10432 10429 10433 
3	10433 10420 10432 
3	10429 10430 10433 
3	10430 10434 10433 
3	9840 9841 10430 
3	9841 10435 10430 
3	9841 9842 10436 
3	10436 10435 9841 
3	10438 10435 10436 
3	10436 10437 10438 
3	10440 10439 10438 
3	10439 10435 10438 
3	10438 10437 10441 
3	10441 10440 10438 
3	10430 10435 10439 
3	10439 10434 10430 
3	10420 10433 10424 
3	10433 10442 10424 
3	10433 10434 10443 
3	10443 10442 10433 
3	10424 10442 10444 
3	10444 10426 10424 
3	10442 10443 10445 
3	10445 10444 10442 
3	10447 10446 10440 
3	10446 10439 10440 
3	10440 10441 10448 
3	10448 10447 10440 
3	10434 10439 10446 
3	10446 10443 10434 
3	10449 10443 10446 
3	10446 10447 10449 
3	10450 10445 10449 
3	10445 10443 10449 
3	10449 10447 10451 
3	10451 10450 10449 
3	10447 10448 10452 
3	10452 10451 10447 
3	9160 8586 10453 
3	8586 9855 10453 
3	9160 10453 10454 
3	10454 9161 9160 
3	10453 9855 9861 
3	9855 9856 9861 
3	10453 9861 10455 
3	10455 10454 10453 
3	9161 10454 10456 
3	10456 9163 9161 
3	10454 10455 10456 
3	10455 10457 10456 
3	9861 9862 10455 
3	9862 10458 10455 
3	9862 9863 10458 
3	9863 10431 10458 
3	10455 10458 10457 
3	10458 10418 10457 
3	10458 10431 10419 
3	10419 10418 10458 
3	9163 10456 9164 
3	10456 10411 9164 
3	10456 10457 10412 
3	10412 10411 10456 
3	9164 10411 10415 
3	10415 9165 9164 
3	10457 10418 10422 
3	10422 10412 10457 
3	9863 9867 10428 
3	10428 10431 9863 
3	9196 9165 10415 
3	10415 10416 9196 
3	9196 10416 10459 
3	10459 9197 9196 
3	10416 10417 10459 
3	10417 10460 10459 
3	10462 10459 10460 
3	10460 10461 10462 
3	10464 10463 10462 
3	10463 10459 10462 
3	10462 10461 10465 
3	10465 10464 10462 
3	9197 10459 10463 
3	10463 9201 9197 
3	10417 10425 10466 
3	10466 10460 10417 
3	10425 10426 10467 
3	10467 10466 10425 
3	10461 10460 10468 
3	10460 10466 10468 
3	10461 10468 10465 
3	10468 10469 10465 
3	10468 10466 10467 
3	10467 10470 10468 
3	10468 10470 10471 
3	10471 10469 10468 
3	9214 9213 10473 
3	9213 10472 10473 
3	9214 10473 10474 
3	10474 9215 9214 
3	10473 10472 10475 
3	10475 10476 10473 
3	10473 10476 10474 
3	10476 10477 10474 
3	10476 10475 10478 
3	10478 10479 10476 
3	10476 10479 10477 
3	10479 10480 10477 
3	10479 10478 10481 
3	10481 10482 10479 
3	10479 10482 10483 
3	10483 10480 10479 
3	9216 9201 10463 
3	10463 10464 9216 
3	9216 10464 10472 
3	10472 9213 9216 
3	10464 10465 10472 
3	10465 10475 10472 
3	10465 10469 10475 
3	10469 10478 10475 
3	10469 10471 10481 
3	10481 10478 10469 
3	10485 10451 10452 
3	10452 10484 10485 
3	10487 10486 10485 
3	10486 10451 10485 
3	10485 10484 10488 
3	10488 10487 10485 
3	10490 10489 10486 
3	10486 10487 10490 
3	10492 10491 10490 
3	10491 10489 10490 
3	10490 10487 10493 
3	10493 10492 10490 
3	10487 10488 10494 
3	10494 10493 10487 
3	10496 10426 10444 
3	10444 10495 10496 
3	10470 10467 10496 
3	10467 10426 10496 
3	10496 10495 10497 
3	10497 10470 10496 
3	10495 10444 10445 
3	10445 10450 10495 
3	10495 10450 10489 
3	10489 10497 10495 
3	10470 10497 10498 
3	10498 10471 10470 
3	10497 10489 10491 
3	10491 10498 10497 
3	10450 10451 10486 
3	10486 10489 10450 
3	10500 10471 10498 
3	10498 10499 10500 
3	10482 10481 10500 
3	10481 10471 10500 
3	10500 10499 10501 
3	10501 10482 10500 
3	10499 10498 10491 
3	10491 10492 10499 
3	10499 10492 10502 
3	10502 10501 10499 
3	10504 10501 10502 
3	10502 10503 10504 
3	10344 10505 10504 
3	10505 10501 10504 
3	10504 10503 10345 
3	10345 10344 10504 
3	10482 10501 10505 
3	10505 10483 10482 
3	10506 10493 10494 
3	10494 10124 10506 
3	9996 10507 10506 
3	10507 10493 10506 
3	10506 10124 9997 
3	9997 9996 10506 
3	10492 10493 10507 
3	10507 10502 10492 
3	10503 10502 10507 
3	10507 9996 10503 
3	10503 9996 10000 
3	10000 10345 10503 
3	10509 10508 9904 
3	9904 9905 10509 
3	9905 9906 10510 
3	10510 10509 9905 
3	10512 10511 10509 
3	10511 10508 10509 
3	10509 10510 10513 
3	10513 10512 10509 
3	10514 9906 9909 
3	9909 9910 10514 
3	10515 10510 10514 
3	10510 9906 10514 
3	10514 9910 10029 
3	10029 10515 10514 
3	10516 10513 10510 
3	10510 10515 10516 
3	10515 10029 10032 
3	10032 10516 10515 
3	10437 10436 9912 
3	10436 9842 9912 
3	9912 9904 10508 
3	10508 10437 9912 
3	10437 10508 10511 
3	10511 10441 10437 
3	10517 10441 10511 
3	10511 10512 10517 
3	10518 10448 10517 
3	10448 10441 10517 
3	10517 10512 10519 
3	10519 10518 10517 
3	10512 10513 10520 
3	10520 10519 10512 
3	10521 10519 10520 
3	10520 10043 10521 
3	10523 10522 10521 
3	10522 10519 10521 
3	10521 10043 10045 
3	10045 10523 10521 
3	10484 10452 10518 
3	10452 10448 10518 
3	10518 10519 10522 
3	10522 10484 10518 
3	10043 10520 10516 
3	10520 10513 10516 
3	10516 10032 10035 
3	10035 10043 10516 
3	10100 10524 10523 
3	10524 10522 10523 
3	10523 10045 10101 
3	10101 10100 10523 
3	10484 10522 10524 
3	10524 10488 10484 
3	10525 10488 10524 
3	10524 10100 10525 
3	10124 10494 10525 
3	10494 10488 10525 
3	10525 10100 10104 
3	10104 10124 10525 
3	9220 9215 10526 
3	9215 10474 10526 
3	9220 10526 10302 
3	10302 9054 9220 
3	10526 10474 10477 
3	10477 10527 10526 
3	10526 10527 10305 
3	10305 10302 10526 
3	10527 10477 10480 
3	10480 10528 10527 
3	10527 10528 10305 
3	10528 10308 10305 
3	10528 10480 10483 
3	10483 10529 10528 
3	10528 10529 10308 
3	10529 10311 10308 
3	10529 10483 10505 
3	10505 10344 10529 
3	10529 10344 10348 
3	10348 10311 10529 
