OFF
10530 21076 0
29.8041 16.2024 13.9306 30.221 16.0955 13.7437 30.2791 15.6334 13.9024 29.9871 15.9864 13.9936 29.2167 16.2259 14.1318 29.4825 15.4557 14.341 30.264 15.148 14.1108 31.2055 15.1581 13.7937 32.0014 15.1207 13.6642 32.0019 14.8497 13.9098 31.5726 14.918 13.9475 31.0811 15.0509 14.0282 31.251 14.31 14.2626 32.0011 14.2255 14.2248 31.1527 16.024 13.5806 32.0052 16.0009 13.5094 32.0002 13.9065 14.8479 31.7479 13.9538 14.9242 31.1007 14.0544 15.0856 31.2092 13.8318 15.1672 32.0055 13.6429 15.1192 30.3882 14.2543 15.1664 30.8959 13.9461 15.6685 30.2819 14.2177 16.0012 30.843 13.9145 16.0027 31.1621 13.6566 16.0014 32.0087 13.4726 16.0078 30.2696 14.667 14.507 29.923 14.935 14.8993 29.2596 15.2497 15.1353 29.7677 14.8102 15.1152 28.6579 16.3396 14.5576 28.9398 15.93 14.9131 28.2429 16.4123 15.1528 28.7947 15.7641 15.1666 29.1656 15.1482 16.0268 29.642 14.7221 16.0084 28.1513 16.1583 16.141 28.6349 15.6315 16.0974 23.4054 32.2992 2.70988 24.214 32.1103 2.59296 24.3882 31.5805 2.73753 23.8312 31.8818 2.8544 23.2866 32.225 3.001 23.7883 31.8558 3.00031 24.4581 31.4006 3.0006 23.3177 32.2492 4.98069 23.8379 31.8855 4.99061 24.4486 31.4213 4.97271 23.377 32.3255 5.37853 23.9152 31.9337 5.36586 24.4374 31.5057 5.36835 23.4149 32.3823 6.29699 23.9683 31.9738 6.30982 24.4286 31.5659 6.30932 23.5317 32.3293 7.36278 23.9921 31.9934 7.12107 24.3395 31.6755 7.3764 24.0113 32.0091 7.76108 27.371 30.1219 2.60622 28.2551 30.0739 2.53844 28.3142 29.805 2.74827 27.7523 29.9364 2.88846 27.1739 30.0677 3.002 27.6439 29.9028 3.00364 28.3817 29.6787 3.01024 27.1959 30.0698 4.74881 27.6796 29.9061 4.50094 28.4163 29.6795 4.1106 25.2375 31.1343 2.63808 26.17 31.0711 2.5112 26.3026 30.4754 2.64339 25.6105 30.8016 2.76539 25.0646 31.0491 3.00093 25.4961 30.7626 3.00213 26.375 30.3324 3.00297 25.2625 32.0977 2.51678 26.1704 32.0555 2.45966 25.0823 31.0488 4.94501 25.5212 30.7742 4.86432 26.3944 30.3459 4.74202 27.1723 31.0381 2.45537 28.3635 31.0252 2.43852 27.1303 32.0584 2.43107 28.3898 32.3491 2.41904 29.2308 30.0623 2.49442 29.2899 29.6275 2.65598 29.3539 29.4656 3.02525 30.1079 30.0444 2.46167 30.2374 29.4895 2.61838 30.3559 29.3075 3.05039 29.4208 29.4303 4.19545 30.4304 29.2233 4.39992 31.8307 30.0309 2.45809 31.3235 29.3952 2.61384 31.2006 29.1838 3.08535 32.4765 30.0374 2.5018 32.7181 29.4587 2.69293 32.4513 29.1466 3.12813 31.2622 29.0589 4.35068 32.0025 29.0123 4.0542 29.2417 31.0171 2.42152 30.3084 31.0124 2.41231 29.3096 32.6367 2.40897 30.6978 32.6777 2.40421 31.8112 31.0247 2.42795 32.0946 31.0261 2.45182 31.7313 32.3317 2.41804 32.019 32.5324 2.44048 27.2429 30.0925 5.07629 27.7478 29.9185 5.20112 28.444 29.689 5.89735 27.2467 30.1007 6.82637 27.7512 29.9097 6.90507 28.4673 29.6472 6.75859 25.1472 31.0904 5.33318 25.6121 30.8024 5.33205 26.4023 30.3947 5.27233 25.1863 31.1156 6.26934 25.6689 30.8254 6.22258 26.4161 30.4238 6.20406 27.2192 30.0974 7.74657 27.7184 29.8838 7.68422 28.4852 29.5633 7.61176 27.171 30.0847 8.67705 27.6679 29.8443 8.66483 28.4944 29.4511 8.63528 25.2071 31.131 7.32527 25.6992 30.8367 7.20837 26.4356 30.4313 7.67265 25.2211 31.144 8.31601 25.7192 30.8407 8.248 26.4557 30.4229 8.73901 24.0287 32.0238 8.33864 24.4641 31.6206 8.33803 29.4692 29.4073 5.87393 30.5097 29.1267 5.66549 29.4861 29.311 6.68357 30.192 29.0727 6.58616 32.0457 28.9058 4.53594 31.706 28.9603 4.70412 31.1082 29.0285 5.2107 31.363 28.8915 5.60828 32.0799 28.683 5.57659 30.9103 28.9743 5.87201 30.6837 28.9039 6.56527 31.3781 28.6547 6.56317 32.0877 28.4065 6.52945 29.5037 29.1546 7.46234 30.048 29.0182 7.09143 30.3956 28.7951 7.49493 29.876 28.9506 7.7653 29.2108 29.1052 8.57427 29.7066 28.8691 8.57334 30.4437 28.5105 8.58183 31.3654 28.385 7.5246 32.1342 28.1186 7.51028 31.3465 28.1269 8.48037 32.0733 28.0242 8.07783 27.364 18.3648 14.6447 28.2621 18.0941 14.1595 28.2753 17.1652 14.2625 27.7639 17.522 14.7379 27.1168 18.1446 15.1133 27.4611 17.4101 15.2497 28.0121 17.0179 15.0216 27.8409 16.7891 15.4054 27.2047 17.24 16.2256 27.6995 16.6445 16.1943 26.7263 18.3966 15.2884 26.9294 17.8986 15.8229 26.2694 18.4605 16.2771 26.8098 17.7415 16.2504 25.6346 20.2678 15.5587 26.1832 20.0959 15.1337 26.2449 19.2507 15.2962 25.8503 19.6313 15.7394 25.1624 20.284 16.2607 25.6723 19.3676 16.2865 26.042 19.0684 16.0841 26.8283 19.1864 14.8697 27.3052 19.0947 14.4823 26.9473 18.8791 14.9506 28.3506 19.3051 14.1047 26.6631 20.0574 14.8271 27.3227 20.2449 14.4726 28.3144 20.6876 14.16 29.3348 17.2458 13.8947 30.214 17.0715 13.677 29.1097 17.0812 14.0455 28.9632 18.0034 13.9864 29.2504 18.1794 13.8623 28.9905 17.9685 13.9962 30.2221 18.8087 13.6999 31.1629 17.6758 13.563 32.0212 17.9921 13.512 31.1877 18.6482 13.6132 32.0492 18.5598 13.5714 28.9451 19.8679 13.9861 29.21 19.7597 13.9136 30.2553 19.4681 13.7578 29.0091 19.9707 14.0016 29.4572 20.344 13.9326 30.312 20.1509 13.811 29.0854 20.4944 14.0175 31.2277 19.2861 13.6793 32.0613 19.1857 13.6364 31.2525 20.1743 13.7188 32.0529 20.5341 13.6657 25.3153 21.2706 15.5628 26.1638 21.1055 15.0952 25.0523 21.1056 16.0679 24.9121 22.0088 15.9243 25.3641 22.1899 15.4995 24.9555 21.7565 15.9541 24.2943 22.2489 16.4077 24.6877 21.3379 16.2915 26.2131 22.8319 15.1106 26.6279 21.6568 14.8449 27.3619 21.6709 14.5202 28.3606 21.3582 14.2174 26.7089 22.5895 14.8819 27.4068 22.3385 14.5839 28.4076 22.5024 14.2571 24.91 23.9646 15.9375 25.4025 23.7118 15.5693 24.3347 23.1368 16.2967 26.2916 23.4088 15.1479 24.9571 24.3658 15.9716 25.3588 24.599 15.7233 24.4949 24.7954 16.254 26.3361 24.3065 15.1874 26.8109 23.122 14.9159 27.445 23.6081 14.6235 28.4381 23.9028 14.2374 26.8509 24.835 14.9227 27.4656 24.8742 14.5976 28.4422 24.605 14.1401 29.6949 21.2178 13.9495 30.3533 21.8653 13.8272 29.2078 21.0771 14.0447 29.6951 22.9636 13.9361 30.3664 22.8813 13.7764 29.2059 22.9606 14.0551 31.2676 21.9597 13.704 32.0364 21.9222 13.6303 31.2685 22.8146 13.6122 32.0158 22.7746 13.5116 29.5088 23.7871 13.873 30.3575 23.7559 13.6237 29.074 23.8328 14.0287 29.327 24.6634 13.7589 30.4499 24.7593 13.2821 29.0043 24.0072 14.0015 31.2551 23.7224 13.4161 32.0051 23.712 13.2948 31.2336 24.4567 13.1479 32.0039 24.2138 13.0788 23.5801 32.3736 14.5645 24.0062 32.0065 14.046 24.3329 31.6171 14.6186 23.9584 31.9531 14.8471 23.3921 32.5077 15.6161 23.8809 31.8502 15.6662 24.221 31.376 15.597 23.2226 32.6149 16.5686 23.7948 31.5968 16.6129 24.0841 31.1748 16.2533 32.1182 27.8283 8.46865 31.7088 27.9192 8.76068 31.1008 28.0464 9.14892 31.3209 27.7868 9.57672 32.0496 27.4856 9.61583 30.4499 28.2108 9.57493 30.837 27.9285 9.83305 30.1623 28.1 10.2771 30.4131 27.7752 10.6521 31.3482 27.2969 10.6941 32.0406 27.1657 10.408 29.5019 28.36 10.6664 29.9095 27.9392 10.897 29.2133 28.1917 11.3466 29.4659 27.7575 11.6598 30.2954 27.2432 11.5683 28.5053 28.6051 11.7015 28.9409 27.9455 11.9348 28.247 28.3385 12.3957 28.5353 27.6723 12.6781 29.3989 27.2282 12.2332 30.0177 27.0104 12.0102 32.0276 26.9056 10.8533 31.8732 26.9649 10.9414 31.1486 27.0832 11.1295 31.3445 26.7344 11.5931 32.0658 26.4101 11.7096 30.5557 26.8253 11.8246 30.2701 26.5438 12.2874 31.2509 26.123 12.1073 32.0658 26.0173 12.0157 27.11 30.0615 9.7009 27.6093 29.7868 9.67804 28.56 29.2588 9.62936 27.0512 30.0324 10.4011 27.4279 29.7576 10.7283 28.2912 29.2005 10.6664 25.2325 31.1544 9.29681 25.7345 30.8415 9.84867 26.4759 30.4019 9.75469 24.0458 32.0383 9.50468 24.4892 31.633 9.45726 25.2359 31.1628 10.8767 25.7391 30.8332 10.92 26.588 30.2901 10.7714 24.063 32.0533 10.2988 24.518 31.6444 10.2734 26.9839 29.989 10.9289 26.4113 30.3059 11.7494 26.9078 29.9343 11.7526 27.565 29.4358 11.714 28.1235 29.1007 11.3181 27.9429 28.9465 11.9105 27.2326 29.2774 12.6485 27.7649 28.6675 12.7134 26.2419 30.2239 12.7081 26.7408 29.7801 12.7067 25.2192 31.1641 11.9075 25.7216 30.7993 11.8483 24.0759 32.0659 11.2676 24.5457 31.6493 11.9133 25.1586 31.1365 12.8138 25.6633 30.7263 12.7815 24.07 32.0623 12.9643 24.5559 31.629 12.8796 29.0799 29.0439 9.23616 29.4147 28.7667 9.6302 28.9436 28.9671 9.87983 28.7905 28.8686 10.6715 27.9766 27.9663 12.9726 27.2498 28.618 13.372 27.5327 27.7181 13.6297 28.2038 27.3491 13.2109 28.4171 26.5708 13.5239 27.815 26.7742 13.8686 27.1516 27.4285 14.1599 27.453 26.5006 14.2421 28.0143 26.023 14.0091 26.852 28.6469 13.8606 26.9982 27.9959 13.998 26.291 28.5975 14.5606 26.6827 27.7663 14.5219 25.0127 24.9326 16.008 25.5515 25.3153 15.7082 26.3206 25.8341 15.2125 25.0655 25.3815 16.0435 25.6209 26.753 15.7006 26.2432 26.802 15.2007 25.1211 26.0849 16.095 26.8252 25.8844 14.8902 27.4687 25.7666 14.4757 28.1244 25.6745 14.0845 26.7409 26.7448 14.7997 25.6153 27.8196 15.6329 26.1172 27.7183 15.1256 25.1168 27.9317 16.1143 25.5776 28.6108 15.4349 26.034 28.1081 15.0392 25.0534 28.8644 16.0716 29.4389 26.6003 12.7654 30.4153 25.6307 12.8514 29.876 25.9011 12.9402 29.1769 26.2368 13.1292 29.4499 25.6554 13.3108 30.19 25.2668 13.1139 28.5967 25.6602 13.7968 28.8303 24.8404 13.928 31.257 25.6518 12.5842 31.2371 24.8764 12.9344 30.9783 24.9829 12.9925 32.0811 25.7068 12.3425 32.0053 24.761 12.8586 28.8981 26.8887 12.9252 25.5022 30.602 13.6892 26.0951 30.1086 13.2521 26.4434 29.5535 13.5299 25.9312 29.9119 13.8866 25.2519 30.443 14.6155 25.7458 29.6721 14.6008 26.1486 29.306 14.2461 27.0544 29.0655 13.0792 25.0742 31.0772 13.5421 24.0347 32.0346 13.8025 24.6306 31.4709 13.8414 24.9966 30.996 13.9855 24.9027 30.8959 14.6831 25.9134 28.8438 14.8915 25.1919 29.6435 15.5452 25.0788 30.1631 15.1588 25.0069 29.022 16.0097 24.7114 30.5957 15.5312 24.8941 29.8628 15.845 24.2202 30.6867 16.5545 24.622 29.6297 16.3987 27.4835 16.4865 19.7385 28.0424 16.0377 19.6527 28.4136 15.6635 19.8674 27.9971 15.9974 19.9793 27.4184 16.3959 20.6241 27.9326 15.9379 20.6076 28.5566 15.3714 20.4659 30.2932 14.2208 17.75 30.8537 13.9204 17.7422 31.1809 13.6619 17.9045 32.004 13.4607 17.802 30.2866 14.221 18.9952 30.838 13.9123 18.9921 31.187 13.6435 18.9882 32.0035 13.4325 18.9723 29.1565 15.1299 17.0052 29.6348 14.7278 17.0176 28.0906 16.0876 17.1109 28.5665 15.6127 17.0903 29.1627 15.1318 18.9992 29.6459 14.7304 18.9996 28.0708 16.0635 18.7485 28.5515 15.6209 18.9037 30.1929 14.1619 19.8107 30.6649 13.82 19.8145 31.1652 13.4561 19.8329 32.0045 13.2551 19.839 30.0801 14.0717 20.1647 30.4093 13.5442 20.6464 31.1387 13.1516 20.2958 32.003 13.0498 20.0931 29.103 15.0886 19.8452 29.5806 14.6624 19.8371 29.0348 15.0308 20.099 29.4593 14.5054 20.4664 31.1919 12.2677 21.1066 32.0085 12.1605 21.137 32.0071 11.8892 21.6051 31.6322 11.911 21.6014 31.1906 12.1729 22.5291 31.6476 11.914 22.2393 32.0293 11.8943 22.4033 32.0585 12.0478 22.8269 31.1721 12.1512 23.8756 32.0669 12.0486 23.1672 32.0576 11.748 23.8882 31.529 11.8723 23.9332 31.0427 12.0293 24.0231 31.3528 11.687 24.0149 32.034 11.3021 24.009 27.2951 16.2854 21.4545 27.8035 15.8188 21.3423 28.3939 15.3308 21.1597 27.1814 16.1715 22.4373 27.6634 15.7447 22.6455 28.4497 15.2709 22.8774 27.0968 16.0959 23.2393 27.6536 15.4998 23.5648 28.3229 15.1833 23.3134 28.6309 14.7042 23.7593 27.9999 14.9999 23.9998 27.6379 15.4235 24.0522 27.9999 14.9999 24.0011 28.5201 14.5247 24.0604 27.0565 16.0575 24.3116 29.9226 13.9272 20.8373 29.3364 14.3917 21.0209 29.8251 13.8054 21.0073 30.2309 13.2929 21.004 29.406 14.474 22.9643 29.8641 13.8318 22.9675 30.2457 13.3154 22.9488 31.1366 12.8323 20.7929 30.9562 12.9645 20.9512 30.7274 12.7649 21.0111 32.0065 12.7215 20.6914 30.7231 12.7094 22.6945 28.9292 14.9317 20.7499 28.8827 14.8771 21.0198 28.9217 14.9278 22.9858 29.358 14.3865 23.5986 29.6706 13.6316 23.8962 30.2308 13.283 23.7836 30.5016 12.7138 23.9513 29.9915 12.9917 23.9907 29.3907 13.5818 24.0851 29.9896 12.9898 24.092 30.4288 12.4659 24.0605 28.9711 13.9695 23.9703 28.9723 13.9702 24 31.0774 12.0704 25.9416 31.4353 11.6222 25.9158 32.0135 11.2254 25.7551 31.218 12.2123 26.4221 31.6853 11.7171 26.5137 32.006 11.2527 26.7123 31.383 12.3285 27.215 31.8757 11.8688 27.3765 32.1089 11.2188 27.3563 31.6264 12.2593 28.8979 31.97 11.9727 28.0055 32.2164 11.5482 28.9245 28.0399 15.0394 24.0999 27.0343 16.0294 25.6066 27.4496 15.6729 25.8121 28.0751 15.0718 25.3332 26.6036 16.3576 25.669 26.9979 15.9984 25.9827 26.4519 16.3109 26.6476 26.949 15.9606 26.7363 27.5296 15.552 26.7311 28.1035 15.0832 26.7086 26.2918 16.1741 27.6108 26.7944 15.8699 27.6629 27.5315 15.4242 27.7005 28.0771 15.0499 27.8937 26.1196 16.0677 28.2227 26.4644 15.7711 28.5612 27.5807 15.2078 28.5374 28.0202 15.0126 28.074 29.6515 13.4561 25.6773 29.9946 12.9945 25.0197 30.4303 12.6336 25.7902 29.0092 14.0098 25 29.0714 14.0748 25.6836 30.0942 13.0951 25.8871 29.1796 14.1645 26.1609 29.6806 13.7061 26.2293 30.2106 13.2026 26.2817 30.7079 12.7183 26.3466 28.5853 14.5885 25.6221 28.6218 14.6761 26.1444 29.2421 14.1942 27.4221 29.7429 13.7792 27.1609 30.3037 13.2742 27.1147 29.2225 14.1627 28.8175 29.7406 13.7783 28.9102 30.2581 13.2578 28.9453 30.8005 12.8213 27.0735 30.7252 12.7669 28.9772 28.6138 14.7031 27.8786 28.4776 14.7111 28.5552 31.9566 9.0472 29.9718 32.0728 9.60435 29.6493 32.0226 8.15159 29.7998 31.9566 8.86574 29.9703 31.5965 9.24424 30.067 31.7862 8.46646 30.012 32.0586 8.08289 30.0357 32.0604 9.28638 30.0585 32.0358 12.0353 28.9959 30.5605 12.4593 29.6343 31.5667 12.1485 29.427 31.5581 11.8797 29.9002 30.8943 11.9367 29.9287 30.4487 12.5472 30.1196 30.8243 11.7294 30.1231 31.4318 11.5 30.1406 32.0385 12.0351 29.1211 32.2119 11.642 29.7801 32.0839 11.2304 30.0842 31.4738 9.26485 31.9901 31.8005 8.61003 31.9635 32.0542 8.16133 31.8429 31.3016 10.674 30.2686 32.1067 10.9993 30.1014 31.1756 10.4726 31.9549 31.8516 9.37698 32.4832 31.9557 8.92753 32.0956 32.048 8.6997 32.5843 31.5805 10.4032 32.5635 30.9428 10.8415 30.7618 30.8636 11.5797 31.8263 30.9452 10.809 31.3729 30.6929 12.6466 31.9127 31.0667 11.6102 31.9688 31.3148 11.6404 32.5258 31.0003 12.0006 31.9993 31.0895 12.2751 32.487 25.5023 16.2882 28.5158 25.9319 15.9614 28.8802 25.2398 16.1542 29.3939 25.7447 15.8654 29.3857 26.4692 15.4834 29.3667 25.0869 16.0527 30.106 25.39 15.7843 30.208 26.5544 15.2234 30.0771 27.9139 14.9517 28.8098 27.2659 15.121 29.386 27.7674 14.8795 29.3945 28.5937 14.4927 29.3471 27.0958 15.0416 30.0265 27.4824 14.8468 30.0575 28.6036 14.3799 30.0112 24.4954 16.31 30.2794 24.9747 15.984 30.8895 24.3729 16.2799 31.1297 24.957 15.9743 31.3415 25.416 15.689 31.6364 26.566 15.1898 31.9029 24.4765 16.2451 32.8205 24.9665 15.9819 32.1824 25.3747 15.8207 32.7888 26.4862 15.3943 32.7863 26.9931 14.997 30.969 26.993 14.997 31.0029 27.453 14.8423 31.9778 28.5982 14.3761 31.9943 27.0487 15.0207 31.9992 27.2527 15.1002 32.7894 27.7523 14.8863 32.8023 28.5925 14.5335 32.8127 29.1485 14.1006 29.3054 29.7262 13.7487 29.1889 30.1389 13.1862 29.1236 29.0922 14.058 30.0362 29.7213 13.7463 30.5084 30.1223 13.1654 30.6689 29.1046 14.0626 31.9906 29.7162 13.7635 31.8656 30.198 13.2346 31.8045 29.2486 14.142 32.8092 29.7729 13.8246 32.7553 30.3566 13.3639 32.6729 30.8261 12.813 32.5379 23.7241 22.3365 17.301 24.0427 22.0982 17.073 24.1801 21.3604 17.2983 23.8837 21.7339 17.646 23.2355 22.4442 18.3899 23.7708 21.4067 18.3949 24.0648 21.1076 18.1654 23.8565 23.0437 16.8411 23.9324 22.6781 16.9081 23.3015 23.3226 17.4136 23.8237 24.8166 16.8427 23.287 24.1294 17.3023 23.0748 23.1363 18.1354 22.915 24.0341 17.8736 22.9678 23.872 17.945 22.5588 24.2168 18.3195 22.8399 23.3692 18.3437 24.3026 20.529 18.4311 23.9673 20.9465 18.8726 23.478 21.4347 19.4017 23.8913 20.8263 19.4078 24.2205 20.3135 19.4183 23.0949 22.1707 19.3721 23.2268 21.4934 20.4248 23.7741 20.6532 20.4858 24.1219 20.1678 20.5069 23.0212 22.041 20.0937 22.9511 22.8816 18.8385 22.5143 23.4013 19.3592 22.8559 22.6499 19.3657 22.1609 24.3459 19.3606 22.2182 23.4985 20.4915 22.7506 22.36 20.4107 22.0576 24.141 20.2017 23.7074 20.398 21.532 24.0475 20.0647 21.2148 24.3422 19.5465 21.5492 23.972 19.9626 21.8773 23.4478 20.4456 22.5245 23.9011 19.8677 22.5225 24.2911 19.3501 22.5251 23.2186 20.4867 23.4752 23.7775 19.7042 23.5673 24.1804 19.2125 23.5736 23.1454 20.2059 24.5838 23.6839 19.4111 24.6207 24.0809 19.0936 24.3041 23.1669 21.2611 21.4991 22.95 21.9095 20.7396 22.4926 22.4326 21.4809 22.8728 21.7684 21.4914 23.0618 21.0993 22.5237 22.2413 22.5259 22.5664 22.7662 21.5656 22.5254 21.8732 24.4062 20.4541 21.9799 23.9492 20.9093 21.6505 24.4134 21.4679 21.9138 23.7699 21.4662 22.1238 23.2592 21.4649 21.4289 24.4218 22.4998 21.8299 23.407 22.5502 22.0483 23.104 22.2502 23.0053 21.0089 23.0228 22.1618 22.3021 23.5603 22.6778 21.3536 23.474 22.9265 20.8816 23.7365 22.2917 21.53 24.6283 22.8178 20.6991 24.5853 22.071 22.1348 24.3129 21.9823 22.9633 22.9127 21.6044 23.4295 23.5432 21.9146 22.8175 23.5547 21.1821 24.4898 23.5511 21.3645 23.4349 24.5447 21.8196 22.4468 24.6157 21.0761 24.1861 24.5316 27.1042 17.1147 17.237 27.5868 16.5636 17.2082 26.1736 18.2139 17.2958 26.6661 17.5931 17.2794 27.0444 17.0449 18.4402 27.5207 16.5404 18.5245 26.0818 18.0956 18.3747 26.5608 17.512 18.4022 25.909 18.86 16.6551 25.2539 19.4768 17.3229 25.7961 18.709 17.3087 25.0355 20.0622 17.0942 25.1814 19.2428 18.3607 25.6734 18.5688 18.3713 24.7112 20.3865 17.3332 24.9307 19.8859 17.699 24.8334 19.7454 18.3634 25.6439 18.3845 19.5011 26.0281 18.0321 19.1944 26.4697 17.46 19.5447 25.9794 17.9769 19.8599 25.3444 18.5504 20.5562 25.9256 17.9178 20.576 26.3854 17.3968 20.6023 27.0135 17.0132 19.1139 26.9683 16.9693 19.832 26.9042 16.906 20.633 25.0917 19.1178 19.4527 24.7178 19.5987 19.4403 25.0329 19.0416 20.1951 24.6715 19.3951 20.5335 24.8558 20.6435 16.6153 25.3251 18.3725 21.5227 25.8326 17.8152 21.5169 26.2925 17.309 21.5018 25.2341 18.2603 22.5032 25.7354 17.7105 22.4695 26.1972 17.2119 22.414 26.7966 16.7929 21.4956 26.6903 16.6707 22.3916 24.9735 18.9674 20.8583 24.9074 18.8873 21.5308 24.7977 18.7606 22.5199 25.1363 18.1431 23.5649 25.6355 17.6168 23.5442 26.1188 17.1225 23.4867 25.0564 18.0562 24.2368 25.5149 17.4909 24.6327 26.0561 17.0531 24.3587 26.617 16.595 23.3776 26.4506 16.6478 24.6663 24.6749 18.6276 23.5699 24.4972 18.4756 24.6299 23.8895 25.7572 16.9092 24.4507 25.6199 16.4319 23.341 25.8648 17.3314 23.9616 26.148 16.9678 24.4194 26.4389 16.6437 23.4509 26.6582 17.4494 22.887 25.9045 17.8728 22.404 25.2336 18.3427 22.934 26.4491 17.9327 22.543 26.8415 18.3163 24.0519 26.8136 17.0447 23.0214 26.9312 18.022 23.6164 27.4154 17.6075 24.1265 27.2431 17.1226 23.1218 27.5156 18.1223 23.7623 28.1403 17.6993 24.1579 28.1913 17.2008 23.2619 28.3412 18.3091 21.8597 25.1345 19.5115 22.0552 25.0094 19.1045 21.947 24.7952 19.791 21.5893 25.2952 20.383 21.7781 26.593 19.4943 22.0514 26.9854 19.0868 21.3951 26.1077 20.3625 21.8194 27.833 19.7092 22.1644 27.7243 19.2206 21.3837 27.9193 20.3834 21.9261 28.2043 19.8933 22.312 28.4934 19.506 21.666 28.6248 20.3894 22.6477 27.6278 18.5853 22.8562 28.4108 18.8101 23.8144 29.7293 17.7068 24.1221 29.9418 17.2029 23.2807 29.2501 18.5726 23.8072 30.7968 17.5297 24.0644 30.3549 17.1346 23.351 30.8445 18.5403 23.9601 30.9091 16.904 23.5081 31.6649 17.5568 23.1582 32.3789 17.6191 23.1659 31.7689 18.6216 23.0652 32.2022 18.3279 22.0563 28.8602 20.082 22.9638 29.1017 18.9475 22.7166 29.2838 19.4238 23.0382 29.6913 19.0585 23.057 30.3523 19.1033 22.1675 29.3605 20.244 22.7772 30.1035 19.6163 22.2478 30.2997 20.5469 23.0381 31.4749 19.0903 22.8634 32.6372 18.6898 22.9773 31.9245 18.9267 22.6359 32.7168 19.586 22.8265 31.8313 19.5172 22.3851 31.2885 20.521 22.3497 32.8535 20.5536 21.3314 25.3759 21.4396 21.0993 26.1491 21.3807 21.1128 25.4089 22.4348 21.0208 26.0735 22.0869 21.072 27.7556 21.1834 21.1544 28.7687 21.2861 20.9002 27.389 21.6574 20.9438 26.5283 21.7523 20.6702 27.0759 22.4121 20.8495 26.2505 22.4154 20.9288 28.8532 21.8227 20.6891 28.9488 22.3896 21.0478 25.1371 23.2182 20.9438 25.7903 22.7435 20.5925 26.2788 23.4912 20.8673 25.4182 23.5345 20.9721 24.9177 23.881 20.6321 25.4029 24.5103 20.8948 24.672 24.5231 20.36 26.285 24.4939 20.4223 27.0296 23.4574 20.3929 28.9389 23.422 20.1922 27.0742 24.4749 20.1424 28.6624 24.4435 21.8343 29.4327 20.7364 21.3043 29.4529 21.5059 21.9509 30.1333 20.9195 21.7368 30.408 21.4096 20.9855 29.0508 21.9703 20.8537 29.524 22.4479 21.0841 29.7616 22.1643 21.1766 30.539 22.4634 22.0415 30.7959 21.0725 21.8485 31.2597 21.67 22.084 31.1481 21.1726 21.4561 31.3563 22.4807 21.9321 32.0262 21.7971 22.0988 32.5532 21.3076 21.6639 32.1575 22.5276 20.4965 29.7651 23.4031 20.9234 30.2812 22.8286 20.7525 30.6393 23.353 20.2021 29.8503 24.4182 20.3561 30.664 24.4085 21.0218 30.9281 23.0482 21.1082 31.4399 23.2213 21.2211 32.3094 23.5508 20.8861 31.494 23.7089 20.5875 31.5514 24.4178 20.973 32.095 23.9363 20.8497 32.4132 24.4428 24.6247 27.2393 16.6096 24.6534 28.8676 16.5735 23.9755 18.972 24.926 23.307 19.4936 25.5322 23.8704 18.852 25.5532 24.3337 18.3297 25.5653 23.0496 20.0718 25.1545 23.1776 19.2175 26.5003 23.6629 18.6246 26.516 24.1535 18.1481 26.5375 22.6827 20.3945 25.5373 22.934 19.9067 25.8262 22.2669 20.4801 26.486 22.8009 19.7147 26.4954 23.4358 18.4315 27.4468 24.0354 18.0341 27.0803 24.429 17.4444 27.4824 23.89 17.8913 27.748 23.2252 18.2572 28.4801 23.72 17.7184 28.4698 24.2492 17.2207 28.4709 23.0575 19.0717 27.1557 22.1249 20.1815 27.4528 22.6471 19.3995 27.47 22.9388 18.9232 27.8226 22.2596 19.4927 28.4469 22.8155 18.7647 28.4904 22.029 20.0439 28.091 21.9824 21.9674 24.9369 21.5465 22.4454 25.5597 21.8936 21.7867 25.5675 22.1643 21.2764 25.569 21.2132 22.4837 26.5252 21.7351 21.406 26.4958 22.0543 21.0955 26.1495 21.1299 23.4459 25.4771 21.01 24.0266 25.0386 21.0576 23.1358 26.1907 20.7675 24.3523 25.4407 20.9226 23.7962 25.7367 20.4576 24.4306 26.5083 20.8193 23.4454 26.5289 21.9319 20.8824 26.8134 21.2969 21.5065 27.5151 21.8091 20.6663 27.4431 21.0933 22.1966 27.2517 21.1571 21.2776 28.4329 21.67 20.3711 28.4197 20.8685 22.476 27.5243 20.9848 21.9681 27.9519 20.6248 22.4199 28.4028 20.9112 21.7984 28.4156 20.9514 22.8808 26.8527 20.522 23.4367 27.4438 20.1711 24.483 27.5043 20.2137 23.5303 28.502 20.0705 24.208 28.2615 23.0912 18.1061 29.2304 23.4802 17.4791 29.5295 24.0987 17.0862 29.2048 24.3941 16.6824 29.4613 23.968 16.9716 29.9102 23.3424 17.3401 30.3339 23.8753 16.891 30.2922 22.6854 18.4215 29.5111 22.9766 17.9735 29.9292 22.3137 18.503 30.4001 22.8887 17.8743 30.3653 21.9245 19.8843 28.7506 21.274 20.5126 29.5047 21.8071 19.6927 29.4635 22.1462 19.2023 29.461 21.1706 20.2951 30.4029 21.6953 19.3821 30.4075 22.0447 19.0641 30.1382 23.2481 17.2334 31.1175 23.7508 16.7956 31.0415 22.25 18.2984 31.2372 22.7536 17.734 31.188 23.2144 17.1867 32.6174 23.7068 16.7895 32.9314 22.1885 18.2202 32.0155 22.6726 17.6711 32.1816 21.9506 18.9306 30.7936 21.4276 19.4212 31.2837 21.8757 18.823 31.2629 21.0673 20.1241 31.3035 21.2361 19.5037 32.2076 21.7981 18.718 32.0391 21.015 20.0291 32.1101 19.92 24.4712 28.5342 19.9951 23.9852 28.9781 19.742 24.3884 29.3908 19.943 23.8159 29.4115 20.1103 23.2985 29.4232 19.5768 24.3789 30.3692 19.8746 23.4271 30.4727 20.0412 23.1182 30.2076 20.1796 22.5145 30.467 19.9845 22.9539 30.9032 19.7258 23.4181 31.4123 19.9407 22.8204 31.4006 20.1157 22.3011 31.3877 19.4528 24.3712 31.4354 19.6029 23.4012 32.4309 19.8754 22.6109 32.3928 20.0536 22.1405 32.3754 19.3431 24.3565 32.4807 21.0612 21.1167 29.2242 20.4037 22.4274 29.4293 20.8181 21.415 29.5072 20.9779 20.9571 29.9079 20.6033 21.4221 30.4001 20.9117 20.8176 30.4066 20.4328 21.4284 31.3547 20.8158 20.5848 31.3228 20.3061 21.4313 32.3367 20.7882 20.3454 32.2945 25.9899 16.9909 24.9514 25.409 17.3496 25.5988 25.9215 16.9309 25.6294 24.9623 17.964 24.8802 24.8525 17.8615 25.5769 25.2455 17.1917 26.5847 25.7473 16.8106 26.6105 24.6341 17.6787 26.5532 25.0976 17.0738 27.2101 25.4245 16.6947 27.5638 24.9322 16.9485 27.867 24.7561 16.8238 28.4722 19.9331 27.1094 25.6689 20.0395 27.0978 25.1794 20.1222 26.3408 25.5125 19.972 26.8285 25.8693 19.7676 27.1271 26.4565 19.9047 26.3504 26.4986 20.042 26.144 26.186 19.9052 28.3243 25.5279 20.0132 28.4416 25.0603 19.7128 28.1309 26.4463 20.1406 25.4353 26.5124 19.9665 25.8611 26.8533 19.7057 26.269 27.4591 19.8997 25.4354 27.5276 20.0557 25.1774 27.2232 19.9736 24.9046 27.891 19.6962 25.3374 28.4469 19.5187 26.2487 28.453 19.5813 27.1459 27.4394 19.5299 28.032 27.4263 19.4182 27.1551 28.442 19.3742 28.0632 28.4193 20.3903 25.3942 25.499 19.9175 29.9005 25.6319 20.0375 29.8798 25.15 19.7317 29.9459 26.4532 19.9553 30.428 25.8259 20.086 30.7169 25.4675 19.8529 30.7606 26.4163 20.0077 30.9542 26.029 19.5359 29.9644 27.4505 19.5786 30.7511 27.553 19.3647 29.9514 28.4038 19.3307 30.9356 28.3862 19.9165 31.6531 26.7501 20.06 31.6103 26.2463 19.6564 31.7467 27.6901 19.973 32.1247 26.9151 20.1706 32.5408 26.5843 19.8425 32.7465 27.6808 19.213 31.2291 28.384 19.3576 32.9324 28.441 20.2621 31.6044 25.4433 20.5032 32.5066 25.4471 19.5002 25.2992 29.3815 19.3478 26.206 29.3981 19.349 25.2865 30.3322 19.2091 26.1734 30.3394 19.2728 27.1395 29.4207 19.243 28.2717 29.4254 19.1484 27.1101 30.4025 19.13 28.5771 30.4895 19.2458 25.2981 31.4453 19.1124 26.2019 31.4497 19.1535 25.3113 32.5333 19.0355 26.2661 32.496 19.0427 27.2588 31.5416 19.0388 28.5583 31.3358 19.0084 27.1203 32.0864 18.9782 28.5382 31.826 18.9923 27.7663 31.9224 18.8931 28.532 32.5304 18.9536 27.349 32.4911 19.2235 29.9548 29.3901 19.1127 30.8852 29.3316 19.1057 29.9394 30.5184 19.0434 30.5671 30.504 19.0417 31.0779 29.0949 18.5331 32.4716 28.8244 18.8436 31.7964 28.7537 18.217 32.2057 29.0063 18.7913 31.6487 29.1117 18.9882 30.9477 29.9016 18.6519 31.6829 30.3561 18.9571 30.8972 30.4502 18.1651 32.1897 30.8639 19.0251 29.8972 31.1838 19.0085 30.0737 31.0606 18.9535 29.8427 31.7008 18.8346 29.7499 32.5302 18.896 30.807 31.4838 18.7349 30.8334 32.5769 18.5779 31.5681 31.5779 18.305 32.0758 31.0304 18.4965 31.4925 32.7106 18.2906 32.2544 32.9266 33.9983 15.1239 13.6622 33.9977 14.8438 13.9083 33.9988 14.2204 14.2165 34.8324 15.1465 13.7917 34.5215 14.91 13.9454 34.7708 14.2902 14.229 33.994 16.0023 13.5043 34.8757 16.0294 13.5723 34.9345 15.0397 14.0202 35.7912 16.1006 13.7507 35.7361 15.5918 13.9044 35.7489 15.129 14.0987 36.1354 16.1801 13.9435 36.0057 15.9933 13.997 36.5231 15.4257 14.3361 33.9998 13.9052 14.84 33.9953 13.6548 15.1146 34.2798 13.9518 14.9132 34.7751 13.8561 15.1549 33.9931 13.4946 16.0242 34.7991 13.7069 16.0338 34.9022 14.0491 15.0807 35.6087 14.2474 15.15 35.0642 13.9681 15.7491 35.1114 13.9424 16.0313 35.7048 14.2304 16.0315 35.7416 14.6381 14.4562 36.0893 14.9231 14.8754 36.2272 14.811 15.089 36.3263 14.7416 16.0481 36.7608 16.2133 14.1622 36.7379 15.2425 15.1056 37.2812 16.3012 14.6415 37.0584 15.9247 14.9164 37.2008 15.7583 15.1451 37.7269 16.3879 15.2179 36.8092 15.1694 16.0716 37.348 15.6551 16.1199 37.8349 16.1717 16.1404 33.178 30.0496 2.53212 33.2745 29.6061 2.75643 33.6593 29.1847 3.15064 34.864 30.0604 2.52011 34.8402 29.6834 2.76201 34.8404 29.2667 3.14271 33.9977 29.0089 4.03641 34.8531 29.0484 4.2701 35.8473 30.074 2.51632 35.7865 29.7764 2.78831 35.7086 29.4574 3.11297 36.8586 30.0623 2.5699 36.5321 29.899 2.85572 36.6765 29.804 3.05652 35.6693 29.2692 4.34397 36.5833 29.6438 4.2683 33.861 31.026 2.45404 34.3456 31.0179 2.43024 33.984 32.4399 2.43782 34.3103 32.2128 2.41301 35.6524 31.0077 2.40612 36.8537 31.0148 2.39943 35.1291 32.284 2.39736 36.8358 32.1281 2.38913 36.9969 30.0015 3.00681 37.5604 30.1413 3.01636 37.1173 29.9558 3.07807 37.1482 29.9316 4.1276 37.6718 30.1715 4.21513 37.8571 31.042 2.40854 37.6278 30.3143 2.56047 38.8257 31.0839 2.46065 38.6954 30.7069 2.65493 38.5911 30.5727 3.01026 37.8815 32.0181 2.37431 38.8642 32.0615 2.37373 38.5569 30.6192 4.80621 39.5819 31.2243 2.57172 39.1725 30.9168 2.83616 39.1795 30.9055 3.02728 39.687 31.197 3.05346 39.7969 32.0941 2.41144 40.8194 32.1102 2.46139 40.6685 31.761 2.65982 40.6037 31.7359 3.13689 39.0706 30.9557 4.78193 39.5966 31.2694 4.75388 40.3157 31.7727 4.68291 33.8214 28.09 7.3004 33.8366 27.9396 7.80067 32.4654 27.95 7.84326 33.867 27.7314 8.52112 34.768 28.1761 7.52712 34.1551 27.9688 7.88827 34.7663 27.8926 8.56637 34.8929 28.0721 8.27478 33.9396 28.8842 4.48202 33.8603 28.6249 5.55111 34.5596 28.9317 4.58398 34.8233 28.8132 5.51203 33.8163 28.329 6.50976 34.8403 28.4852 6.50662 34.9439 29.0166 5.06252 35.6426 29.1291 5.47565 36.5721 29.5562 5.68036 35.2256 28.9246 5.76395 35.4936 28.8125 6.49523 35.9051 29.0608 6.5161 36.5701 29.4118 6.59285 35.7258 28.6839 7.43236 35.9936 29.0035 7.01456 36.5363 29.2213 7.37566 35.5666 28.2855 8.59775 36.1247 28.9238 7.67512 36.264 28.8212 8.51798 37.1684 29.9086 5.81849 37.6859 30.1913 5.61063 37.2197 29.8588 6.66268 37.7255 30.1978 6.71338 38.589 30.7439 5.20698 38.4103 30.6946 6.21524 39.0075 30.9949 5.03535 39.435 31.3228 5.35109 40.1384 31.8915 5.3946 38.9396 31.0418 5.55419 38.895 31.0812 6.12621 39.6047 31.6296 6.36996 40.0418 31.9644 6.15087 37.2845 29.7863 7.57677 37.7796 30.181 7.64188 36.7618 29.1998 8.5262 37.3567 29.6994 8.57956 37.8431 30.1421 8.62573 38.3882 30.6777 7.73405 38.3949 30.6382 8.72619 38.8781 31.1057 7.11545 39.4447 31.5972 7.11777 39.9767 32.0203 6.8533 40.4402 32.3396 6.37315 39.9344 32.0595 7.15217 38.8869 31.1069 8.94797 39.4099 31.6024 8.58696 39.9045 32.0932 8.09817 41.5168 32.366 2.5877 41.0481 31.9655 2.93547 41.0447 31.9674 3.02112 41.4562 32.3254 3.26761 40.9309 32.0491 3.90413 40.8081 32.1434 4.65416 40.6501 32.2848 5.40993 33.9725 17.978 13.504 34.8943 17.5899 13.5482 33.92 18.5618 13.5615 34.9068 18.6537 13.5933 35.8031 17.0662 13.6808 36.4137 17.1398 13.8847 35.8069 18.7749 13.6939 36.6033 18.1429 13.8792 33.8786 19.1759 13.625 34.9009 19.2574 13.6541 33.8915 20.5929 13.653 34.8791 20.3001 13.6882 35.7947 19.4421 13.7427 36.6021 19.7002 13.9007 35.756 20.1173 13.7856 36.4449 20.2862 13.925 36.8484 17.1578 14.0718 36.9251 18.0188 14.0237 36.9276 19.8396 14.0196 36.8596 20.4982 14.0379 37.6988 17.2945 14.4835 37.937 17.1017 15.08 37.7058 18.1576 14.2725 38.2804 18.2803 14.765 38.1066 17.7204 14.8843 38.476 17.4942 15.3592 38.131 16.7977 15.6181 38.2707 16.6526 16.1936 38.7744 18.2967 15.1906 38.7634 17.2912 16.2214 39.1518 18.3531 15.702 39.0019 17.997 15.997 39.1125 17.8142 16.2544 39.6149 18.5145 16.3828 37.7072 19.1033 14.2289 38.6267 19.3654 14.7508 37.6819 20.4154 14.2434 38.6424 20.0987 14.6663 38.9026 19.1218 15.077 39.0318 20.1179 14.9765 39.0008 19.9971 14.9994 39.5115 19.459 15.3916 39.6402 20.2025 15.2966 39.8643 19.1826 16.1495 40.1134 20.2746 15.8647 40.0211 19.9515 15.9737 40.1692 19.4338 16.3544 33.9341 21.9101 13.6147 34.8419 21.9376 13.6672 33.9764 22.7736 13.4991 34.799 22.8082 13.5797 35.7106 21.9329 13.7932 36.31 21.5324 13.9368 35.6877 22.8623 13.7401 36.3279 22.9315 13.9198 33.9935 23.7218 13.2881 34.7872 23.742 13.395 33.9953 24.1976 13.0757 34.807 24.424 13.1386 35.6758 23.7678 13.5975 36.4845 23.7877 13.8608 35.5724 24.7527 13.2746 36.6681 24.6653 13.7631 36.7963 21.1106 14.0577 36.8076 22.9728 14.0619 36.915 23.8226 14.0354 36.983 24.0366 14.0067 37.6409 21.3047 14.2768 38.6305 21.2276 14.6657 37.6001 22.8321 14.2974 38.6029 22.5903 14.6931 39.0765 21.023 14.9552 39.6609 21.0784 15.2536 39.0672 22.9398 14.9633 39.6375 22.3697 15.2442 40.2739 21.1731 15.7651 40.3676 22.0396 15.7442 37.5733 23.8874 14.2734 38.5692 23.7775 14.7164 37.5386 24.5713 14.1703 38.5441 24.824 14.6999 39.0308 23.2085 14.9823 39.5877 23.6883 15.2646 39.0103 24.4955 14.9936 39.5451 24.5472 15.301 40.3628 23.9057 15.7674 40.2905 24.6297 15.8065 40.6459 20.4378 16.402 40.7738 21.2091 16.2138 40.8417 22.0395 16.1345 40.8421 23.7589 16.1187 40.7875 24.7409 16.1536 33.905 27.4243 9.61485 34.8278 27.6149 9.61628 33.9335 27.1338 10.3389 34.7671 27.2208 10.6576 35.031 27.9838 8.94109 35.2367 27.8953 9.5991 35.7628 28.1837 9.59811 35.6674 27.7136 10.6549 35.8936 28.0805 10.2518 33.9506 26.3924 11.7143 33.8275 25.9676 11.9692 32.3871 25.9675 11.9694 33.9509 25.7076 12.3306 33.9609 26.0051 12.0048 33.96 26.8926 10.8161 34.2664 26.9446 10.8963 34.7458 26.7073 11.5948 34.805 26.0959 12.0916 34.8918 27.0576 11.089 35.7446 27.2164 11.5627 36.5893 28.4769 10.6098 36.0726 27.9389 10.8866 36.3439 27.7293 11.6482 35.496 26.805 11.8104 35.7644 26.5169 12.2951 35.9876 27.0095 12.0093 36.683 27.4027 12.2859 36.813 28.2289 11.6483 36.9667 28.0415 12.046 36.4351 28.6782 9.61167 36.8892 29.1022 9.61199 37.4427 29.5918 9.63213 37.9202 30.0805 9.64077 36.9692 29.0287 10.0919 37.5559 29.4813 10.5475 37.9738 30.0277 10.1596 38.4263 30.5793 9.69444 38.5057 30.5128 10.6214 38.9217 31.0786 9.77266 39.4218 31.5756 9.82742 39.9179 32.0841 9.93278 38.9647 31.037 10.3491 39.372 31.4244 10.7032 39.9545 32.0489 10.7099 37.0877 28.9135 10.8234 37.2429 28.7393 11.6742 37.7391 29.3395 11.6651 38.0405 29.9558 10.852 38.1383 29.842 11.6841 37.5776 28.4787 12.526 37.8883 29.1617 12.277 38.2835 29.5423 12.6464 38.6362 30.4455 11.6684 38.8035 30.2926 12.6538 39.0115 30.9876 10.9258 39.0623 30.9308 11.6875 39.6385 31.5914 11.6283 39.9843 32.0173 11.1412 39.1718 30.7912 12.6748 39.6695 31.4192 12.6517 40.3905 32.3967 11.5853 40.0281 31.9686 11.8403 40.0835 31.9031 12.6663 33.9938 24.7545 12.8512 34.7946 25.6561 12.5614 34.8058 24.8586 12.9225 35.6178 25.6324 12.8503 35.0384 24.9697 12.9867 35.8278 25.2707 13.1127 36.5652 26.6311 12.8109 36.0877 25.9083 12.9486 36.5279 25.6545 13.3407 36.8133 26.3496 13.1753 37.3034 25.6293 13.8327 37.1283 24.8302 13.941 37.7973 25.6049 14.1427 37.496 26.7059 13.6034 37.921 26.2602 14.0654 37.1846 27.5717 12.8441 37.0111 26.9821 12.9884 37.6927 27.5585 13.3897 37.8742 28.2714 13.1926 38.1308 27.634 13.8723 38.033 26.9033 13.9691 38.4288 26.6505 14.4186 38.2781 28.6426 13.5795 38.6318 27.6262 14.4079 38.7995 28.6582 14.2791 38.5274 25.7024 14.6286 39.0169 25.9044 14.9884 39.5297 25.5279 15.3437 39.0505 26.7824 14.9596 39.551 26.6227 15.3808 40.2055 25.4189 15.8478 40.1421 26.2465 15.8801 39.1098 27.7417 14.8937 39.6075 27.7164 15.4001 39.1934 28.7286 14.7779 39.6931 28.7581 15.3834 40.1087 27.2534 15.8937 40.1097 28.9615 15.8731 38.0588 28.904 12.8998 38.7555 29.5813 13.5947 38.9286 30.1171 13.1884 38.9264 29.1932 14.1195 39.297 30.5398 13.6027 39.0806 29.8643 13.8631 39.3032 29.6209 14.5336 39.7599 30.6235 14.6063 39.8117 31.2821 13.6667 40.1766 31.779 13.6781 39.9239 31.1263 14.2237 40.2755 31.5461 14.6212 39.8174 29.7418 15.2885 39.9261 30.2346 15.1378 40.1542 29.8332 15.7862 40.2489 30.6639 15.5407 40.0639 30.8808 14.8776 40.6631 32.5812 12.6271 40.7097 25.528 16.2157 40.643 26.4752 16.2883 40.6053 27.3989 16.37 40.6047 28.3871 16.451 40.6798 32.4273 13.6467 40.7982 32.3149 14.6575 40.6514 29.8589 16.4808 40.7618 30.7681 16.4145 40.7202 31.6695 15.6338 40.9097 32.1713 15.3819 40.8886 31.4502 16.2602 41.1973 32.5724 15.7164 41.0182 31.9568 15.9468 41.1446 31.7917 16.623 41.4928 32.612 16.5716 33.9962 13.4661 17.7958 34.8042 13.6756 17.8753 33.9954 13.4171 18.9333 34.8294 13.6021 18.9083 35.1366 13.9283 17.9226 35.7082 14.2224 17.9312 35.243 13.8831 18.8998 35.761 14.1751 18.8878 36.3508 14.7306 17.885 36.4235 14.6705 18.8667 33.9901 13.2461 19.8324 34.8743 13.377 19.8005 33.988 13.0508 20.0926 34.9165 13.0981 20.1718 35.6844 13.7556 19.7445 35.8791 14.0906 19.3483 35.7652 13.2651 20.4938 36.5715 14.4908 19.6759 36.0535 13.9572 19.9117 36.2743 13.7714 20.4676 36.8292 15.1444 17.7603 37.4101 15.6321 17.5123 37.8923 16.102 17.3554 36.8839 15.1005 18.8437 37.4607 15.591 18.7936 37.9427 16.0537 18.6921 36.7688 14.2745 20.3951 36.9517 15.0442 19.172 37.5393 15.4989 19.5894 37.981 16.0182 19.1133 37.0678 14.9326 19.8555 37.1949 14.7879 20.4146 37.6955 15.3593 20.4234 38.5324 16.4811 19.5032 38.0461 15.9534 19.837 38.1306 15.8568 20.4952 38.6299 16.4004 20.5326 33.9249 12.1462 21.1407 33.9238 11.8941 21.5971 33.8518 11.9049 22.5678 34.9605 12.1844 21.1138 34.9711 11.9102 21.6141 34.8542 11.9157 22.5361 35.7253 12.44 21.0897 35.0779 11.9605 21.8069 35.0752 11.9607 22.0687 35.7312 12.4091 22.4511 33.0811 12.0283 22.8796 33.0644 12.0286 23.0956 33.8634 11.7541 23.879 34.6941 11.8405 23.9352 33.9361 11.2206 24.0041 34.8523 11.6183 24.0156 34.9297 12.1058 22.8453 34.9578 12.0891 23.9634 34.997 12.0015 24.0056 33.963 12.7058 20.6896 34.9351 12.7411 20.7139 35.4342 12.8421 20.8102 35.9298 13.06 21.0678 36.4228 13.4094 21.1035 36.0811 12.8997 21.4243 36.0779 12.9004 22.3461 35.7317 12.5332 23.9496 35.9742 13.0285 22.9204 36.4034 13.386 22.9014 35.9738 13.0281 23.1014 36.5461 13.399 23.6539 35.5673 12.2182 24.1253 36.1552 12.8546 23.9429 36.2231 12.7954 24.362 36.9195 14.103 21.0101 36.9239 14.0918 22.9715 37.3108 14.6143 21.0369 37.8122 15.2266 21.1147 38.2348 15.7275 21.3021 37.3236 14.6065 22.9463 37.8295 15.1874 22.9072 38.3389 15.6842 22.7807 38.7369 16.2948 21.4892 38.8424 16.1635 22.6316 36.9176 14.0894 23.1707 36.7256 13.2682 24.3485 37.5034 14.4839 23.5201 37.1472 13.8256 23.8176 37.1992 13.7759 24.3079 37.699 14.3376 24.2601 37.8714 15.133 23.1877 38.5333 15.554 23.4159 38.1081 14.8652 23.8127 38.1265 14.8412 24.211 38.9356 16.0644 23.1382 38.6224 15.4714 24.1484 39.3421 16.4483 23.3805 39.021 15.9739 23.8832 39.0343 15.9602 24.0229 39.596 16.5933 24.3243 33.9558 8.21479 29.8059 33.2006 7.96525 29.9579 32.7903 7.96521 29.959 32.5495 7.93983 30.061 33.2399 7.94013 30.0662 33.9203 8.16304 30.0364 32.5389 7.95522 31.2157 33.2311 7.95544 31.212 33.948 8.2788 31.8426 33.9786 11.1738 25.9131 34.7882 11.5693 25.8842 33.9928 11.2159 26.6159 34.4082 11.6513 26.4212 35.1264 11.9124 24.1391 35.1092 11.9067 25.5986 35.5757 12.4296 25.8537 34.9653 12.031 25.9366 34.8412 12.1398 26.3826 33.9344 11.1906 27.3501 34.1607 11.8129 27.026 33.3429 10.8964 27.8985 32.6849 10.8943 27.883 32.7206 10.7835 28.9238 33.3569 10.794 28.9256 33.9123 11.2575 28.9732 34.1893 11.8249 28.9973 34.6445 12.2865 27.0694 34.6856 12.2475 28.9892 36.1381 12.8685 25.5943 35.4197 12.6389 26.3473 35.999 13.0009 25.9975 36.5049 13.3069 25.7871 35.9123 13.0804 26.2879 36.5827 13.6491 26.2322 35.2805 12.7802 27.0969 35.7822 13.1755 27.0577 36.3955 13.6785 27.0505 35.3399 12.7489 28.9773 35.8107 13.1721 28.9646 36.3699 13.6963 28.9585 37.1032 13.8953 25.6506 37.6088 14.4329 25.6019 37.0161 13.9841 26.0615 37.4934 14.5371 26.1653 38.0624 14.9337 25.4289 38.0176 14.9835 26.0188 38.5408 15.4725 25.5483 39.0539 15.9485 25.9345 39.5312 16.3998 25.6632 38.3779 15.3551 26.6524 39.1102 15.9144 26.8364 39.5989 16.2818 26.6813 36.9403 14.056 26.4877 36.8965 14.0851 27.1157 36.9084 14.0689 28.8827 37.5702 14.6623 27.6328 37.9879 15.0102 26.8577 37.9873 15.0099 27.2027 38.3779 15.287 27.7248 37.4534 14.5028 28.6445 38.0355 14.9737 27.9458 38.1183 14.9209 28.6115 39.2402 15.839 27.6758 39.7438 16.1492 27.6092 38.5935 15.2308 28.5581 39.5217 15.7545 28.528 39.904 16.0537 28.1878 33.9857 9.61898 29.5516 34.0659 9.56174 29.9782 34.0023 8.99577 29.9987 34.1014 8.79264 30.0123 32.4236 10.5492 29.44 33.9286 10.5937 29.2538 34.5441 10.5956 29.7994 34.4149 9.49024 30.0169 34.8354 10.2061 30.0503 33.9626 11.1413 29.1316 34.6062 11.5226 29.2822 34.9088 12.081 29.0725 35.4013 11.4778 29.5843 35.2191 10.7549 29.8484 35.1927 10.6432 30.1627 35.4927 11.3746 30.3476 35.5859 12.5324 29.1688 35.7647 12.7422 30.5212 34.1127 8.80721 31.7952 33.8517 8.68887 32.6553 33.9852 9.02561 31.9673 34.3354 9.3211 31.9188 33.9537 9.13994 32.6467 34.1193 9.66767 32.5606 34.8209 10.4183 31.7886 34.4405 10.4329 32.5519 35.0855 10.7769 31.319 35.212 11.4565 31.6907 35.5855 12.7169 31.7451 34.9487 11.133 31.8966 34.824 11.5147 32.54 35.0757 11.8169 32.205 35.244 12.6303 32.5772 35.9361 13.0907 29.1311 36.4488 13.7659 29.2135 35.9733 13.0367 30.7201 36.3301 13.7029 30.7159 35.9051 13.1364 31.7683 36.4065 13.7981 31.7599 35.7409 13.3323 32.6086 36.2262 13.8125 32.6254 36.9559 14.0327 29.1263 37.3299 14.317 29.3248 37.0015 13.999 29.9898 37.0029 13.998 30.6829 37.3992 14.3277 30.3216 38.2562 14.8496 29.3715 38.3773 14.8078 30.1083 38.7645 15.1176 29.3839 39.4883 15.484 29.3702 40.4817 16.2548 28.4939 40.0821 15.9557 28.851 40.269 15.8663 29.3919 38.9201 15.034 30.1331 39.5062 15.2972 30.1744 40.5958 15.7914 30.2968 37.0024 13.9984 31.0099 37.2836 14.3009 31.8073 36.9186 14.0536 31.9232 36.7605 14.1384 32.669 38.4359 14.811 31.8545 37.3729 14.5085 32.7126 38.3549 14.8636 32.8238 38.9895 15.0042 31.6346 39.5277 15.2155 31.3365 40.5561 15.6496 31.0438 38.8831 15.042 32.8765 39.5342 15.2709 32.9015 40.5683 15.665 32.9676 40.7699 16.1256 29.3898 40.9308 16.0357 30.1272 41.5129 16.2444 30.3063 41.0478 15.9747 30.8044 41.1139 15.9413 31.0049 41.6681 16.2087 31.0387 41.1289 15.9391 32.9928 41.6792 16.1927 32.894 38.3973 16.5721 17.3039 38.4769 16.5311 18.5415 38.8775 17.1386 17.2702 39.2931 17.6151 17.2896 39.7885 18.2768 17.2991 38.9553 17.0457 18.4118 39.4232 17.507 18.3641 39.9026 18.1199 18.3289 40.0282 18.9537 16.9341 40.1264 18.7911 17.3165 40.2815 18.5924 18.3456 38.9947 17.0054 19.0399 39.5263 17.4615 19.4517 39.9678 18.0378 19.1806 39.0386 16.9602 19.7391 39.0998 16.895 20.5913 39.6102 17.4189 20.5843 40.3375 18.3811 19.429 40.0168 17.9809 19.8731 40.0603 17.9317 20.5787 39.1906 16.7925 21.578 39.6937 17.3328 21.6051 40.1479 17.8349 21.6183 39.3054 16.662 22.5653 39.8031 17.2121 22.5351 40.2636 17.7094 22.5393 39.9205 17.0834 23.3932 40.3904 17.5755 23.463 39.9849 17.0157 24.0885 40.5101 17.4593 24.4564 40.6369 19.5428 17.4314 40.8865 20.173 17.1705 40.7763 19.3185 18.3576 41.1681 20.4478 17.3729 41.014 19.9769 17.9602 41.0968 19.8357 18.3692 41.4888 20.4558 18.3758 40.6383 18.5561 20.5716 40.8891 19.1486 19.3776 41.2397 19.6282 19.3945 41.779 20.492 19.3779 40.9588 19.0527 20.2281 41.3072 19.3853 20.5056 41.8545 20.2165 20.4441 41.185 21.2875 16.7189 41.0551 20.8748 16.9093 41.6782 21.46 17.394 41.3805 22.1692 16.5842 41.8492 22.1941 17.1706 41.8887 21.1787 18.3378 42.1675 22.2687 17.6414 42.0403 21.9125 17.9135 42.1534 21.6691 18.3282 42.5279 22.372 18.3309 41.4905 23.1056 16.5737 41.9306 23.0053 17.0745 41.4729 24.8753 16.6294 41.9256 24.9822 17.07 42.3538 23.1367 17.4773 42.4466 24.2997 17.4952 42.8536 23.1686 18.3178 42.8979 24.0106 18.1395 41.9776 21.0394 19.0784 42.295 21.3845 19.3794 42.0679 20.8802 19.7078 42.1669 20.7113 20.4369 42.8437 22.4116 19.3146 42.691 21.5599 20.5336 42.922 22.1445 20.2595 42.9854 23.0377 19.0454 43.2088 24.0898 18.5821 43.1041 23.4975 18.7223 43.247 23.2976 19.3124 43.6057 24.2203 19.3399 43.0848 22.7966 19.6131 43.1545 22.4434 20.4987 43.5909 23.3883 20.382 43.9072 24.2485 20.2937 40.6566 18.3877 21.5965 40.7658 18.263 22.5446 41.0177 18.9784 20.8997 41.0795 18.9033 21.577 41.6453 19.5426 21.61 41.9387 20.0881 21.2859 41.198 18.7627 22.5472 41.7084 19.363 22.5433 42.2421 20.4035 21.5531 42.0109 19.985 21.9499 42.0758 19.8927 22.5327 42.4764 20.4361 22.5215 40.8886 18.1221 23.511 40.968 18.0346 24.1197 41.3364 18.6009 23.5259 41.8291 19.2149 23.5408 42.2011 19.7066 23.5414 41.5215 18.4564 24.5681 41.9286 19.0903 24.2844 42.2925 19.3987 24.6045 42.7424 20.5115 23.5462 42.8269 20.2781 24.5683 42.7845 21.373 21.467 43.0002 21.9996 20.999 43.0516 21.8994 21.4644 43.3598 22.4497 21.455 42.8869 21.201 22.5131 43.1563 21.6969 22.5142 43.5652 22.4525 22.512 43.8331 23.4511 21.4144 43.9767 24.0669 21.1061 43.9065 23.195 22.5059 44.1657 24.3051 21.4009 44.0438 23.8838 21.7513 44.1174 23.6799 22.5039 42.9585 21.0747 23.1983 43.2334 21.4185 23.5445 43.7964 22.5073 23.5088 43.0331 20.9405 23.8603 43.1134 20.7919 24.5661 43.4963 21.4657 24.5524 43.8802 22.2323 24.544 43.9708 23.0659 23.1402 44.2061 23.3657 23.4911 44.0422 22.9102 23.8113 44.1198 22.7298 24.5359 44.3969 24.3442 22.4942 44.6042 24.3473 23.496 44.4473 23.4119 24.5187 44.8344 24.423 24.5333 41.3764 25.6446 16.7063 41.8584 25.7333 17.125 41.252 26.54 16.7856 41.7552 26.5986 17.2187 42.412 25.8559 17.5886 42.2855 26.6603 17.7115 42.8786 25.9861 18.1446 42.7823 26.7258 18.2406 41.1318 27.4134 16.869 41.6422 27.496 17.3423 41.0476 28.0591 16.944 41.6113 28.299 17.55 42.1294 27.5271 17.8575 42.0344 28.1097 17.9599 42.6991 27.6133 18.4915 42.3191 28.3865 18.4014 43.2687 25.7208 18.5969 43.8046 25.1968 19.4213 43.2082 26.82 18.7378 43.7819 26.919 19.4757 43.9812 25.0653 20.0545 44.0243 26.8913 19.9555 44.0233 25.4636 19.9472 44.1483 25.1353 20.2877 43.0919 27.314 18.8843 43.4155 27.6967 19.3554 42.8638 28.4566 19.177 42.9712 27.9243 19.0376 43.9183 27.7439 20.1318 43.9973 26.9732 20.0052 44.2017 26.8252 20.2452 43.2256 28.5062 19.6606 43.7581 28.5688 20.4545 41.0302 29.8821 16.9624 41.4316 29.2343 17.4761 41.0697 30.8681 16.8941 41.4507 30.8466 17.4834 41.8953 29.1393 18.1467 41.9458 28.7305 18.067 41.876 30.3448 18.2155 41.5751 31.7947 17.4987 41.839 32.6599 17.5321 41.9059 31.9489 18.2089 41.9544 32.202 18.1199 42.2246 29.2363 18.6308 42.147 30.0463 18.7123 42.7574 29.4263 19.4993 42.5452 30.1739 19.4738 43.0759 29.1858 19.8792 43.3019 29.4637 20.3958 42.8993 30.281 20.193 42.9671 29.8864 20.0594 42.1297 31.9726 18.7059 42.1905 32.7057 18.4688 42.4654 31.4674 19.4697 42.5342 32.8677 19.4726 42.8347 31.078 20.3995 42.8447 32.9053 20.4823 44.0795 24.5967 20.6047 44.185 27.803 20.5646 44.0824 28.2544 20.8409 44.4401 25.1939 21.3909 44.5657 26.2061 21.3558 44.6586 25.2369 22.4699 44.8025 26.0146 22.4322 44.5249 27.9315 21.3496 44.2633 28.6598 21.3617 44.8098 27.9874 22.3946 44.667 28.7611 22.3799 44.8783 25.3123 23.5221 44.9549 26.0169 23.2126 44.9538 25.136 24.2175 45.0546 26.0301 23.7058 45.0225 25.8559 23.888 45.08 25.3138 24.5126 45.2058 26.0476 24.4627 44.9654 27.9704 23.1593 44.928 28.8422 23.4276 45.0699 27.9275 23.6409 45.2378 27.8415 24.4475 45.0435 28.6775 23.8005 45.1367 28.9022 24.3229 43.8522 29.576 21.4098 43.9519 28.8882 21.0881 43.1384 30.31 20.6871 43.5209 30.3541 21.4641 44.1243 29.3363 21.7206 43.9046 30.5638 22.3245 43.9887 29.9722 22.0247 44.3137 29.6843 22.3144 43.0328 31.0857 20.9063 43.2596 31.1756 21.4694 43.0056 32.6932 20.9852 43.1587 32.214 21.4546 43.634 31.2819 22.4242 43.4377 32.0808 22.4275 44.1375 30.3268 22.6031 43.9077 31.4675 23.2535 43.9964 30.9912 23.0107 44.2963 30.6295 23.2863 43.6769 32.1528 23.3855 44.105 31.2199 23.5242 43.8747 32.2378 24.4105 43.9714 31.9228 24.1342 44.1854 31.4769 24.4107 44.7254 29.6984 23.376 44.9418 29.7638 24.3371 44.9989 28.992 24.005 44.646 30.6021 24.4088 40.0424 16.959 24.744 40.1264 16.8893 25.6538 40.2985 16.7748 26.6353 40.5868 16.6563 27.507 40.6374 17.3125 25.6132 41.0627 17.9359 24.799 41.1836 17.8198 25.5925 41.6996 18.315 25.5885 40.7978 17.1555 26.6049 41.4121 17.6276 26.5838 41.8808 18.1175 26.5783 42.0244 18.9702 24.919 42.127 18.8399 25.5773 42.3429 18.5695 26.5633 42.679 19.4979 25.6016 42.9269 20.1221 25.2699 42.8224 19.2499 26.5663 43.2214 20.4432 25.5955 43.0297 19.9518 25.9088 43.1344 19.7625 26.5616 43.5372 20.4539 26.5478 40.9339 17.0485 27.1304 41.6126 17.3922 27.413 41.9936 18.0065 27.0121 41.1135 16.9197 27.8033 41.3398 16.781 28.4741 41.8228 17.1383 28.4649 42.6054 18.3581 27.4247 42.176 17.8269 27.6933 42.4275 17.5939 28.4518 42.8796 18.1398 28.4558 42.9439 19.0854 27.1364 43.3151 19.393 27.4908 43.8434 20.4549 27.4518 43.0864 18.868 27.8044 43.2459 18.5953 28.4563 43.7554 19.4753 28.4816 43.9365 20.1276 28.1783 43.7782 21.5159 25.5359 43.9606 22.0807 25.1625 43.8984 21.1996 26.5553 44.2188 22.4071 25.5269 44.0461 21.9056 25.8325 44.1418 21.6928 26.5557 43.9841 21.0329 27.0474 44.2919 21.3837 27.4418 44.0968 20.7923 27.7302 44.2163 20.451 28.501 44.5016 22.4459 26.541 44.6677 23.4084 25.5365 44.9298 24.1759 25.5396 44.8819 23.4189 26.4739 44.9893 24.036 26.0468 44.8005 22.4917 27.5384 44.73 21.5449 28.5737 44.9086 22.2104 28.3078 44.9467 23.1337 27.203 45.1819 24.2882 26.4579 45.0665 23.7898 26.742 45.1553 23.4103 27.55 45.4443 24.34 27.5421 45.0406 22.8926 27.8628 45.1146 22.4939 28.599 45.4235 23.3838 28.5231 45.6894 24.3341 28.5344 41.6548 16.6191 29.3431 41.9638 17.0273 29.0695 42.638 17.3665 29.3018 42.1235 16.9064 29.6755 42.2857 16.792 30.2902 42.9922 18.0095 29.0185 42.7849 17.1938 30.3166 43.4407 18.2969 29.3489 43.1243 17.8518 29.607 43.2759 17.6763 30.3591 43.8179 18.4045 30.3187 43.9109 19.1577 29.4562 44.0529 19.891 28.8452 44.1649 19.6378 29.4672 43.9945 19.0104 30.0169 44.3267 19.3414 30.3689 42.4426 16.6968 31.1266 42.5188 16.6774 32.3141 42.8899 17.0923 31.1776 43.4442 17.5247 31.2747 43.8917 18.1377 31.3192 42.944 17.0423 32.0058 43.6615 17.546 32.2455 43.9657 18.0416 32.1074 44.1041 18.8113 30.6219 44.2309 18.5929 31.3528 44.3056 18.3246 32.2997 44.5538 20.4602 29.4776 44.8452 20.46 30.4165 44.7411 19.5003 31.4713 44.9315 20.1433 31.2101 44.8352 19.2749 32.3183 45.1712 20.4513 31.4927 45.0258 19.9467 31.9029 45.0994 19.7951 32.3519 45.4305 20.4458 32.3919 44.8893 21.2495 29.491 45.0113 21.9725 28.9637 45.0942 21.7509 29.4979 45.3745 22.4282 29.5032 44.9784 21.0519 30.07 45.2472 21.3918 30.4304 45.6739 22.4244 30.4961 45.7038 23.3749 29.5199 45.9239 24.2714 29.4941 45.9385 23.2875 30.4081 45.9963 24.018 30.0126 45.0799 20.81 30.7242 45.5899 21.4505 31.4615 45.9169 22.3679 31.3688 45.8514 21.4562 32.367 45.9787 22.0567 32.0757 45.9994 23.0019 31.0019 46.1937 24.248 30.4153 46.0962 23.5486 30.6813 46.2339 23.2826 31.382 46.0988 22.6733 31.6424 46.2145 22.3658 32.3909 46.5323 24.2948 31.4761 46.5746 23.3581 32.4408 46.8436 24.3484 32.5241 45.0221 24.9224 24.8913 45.0794 24.6478 25.529 45.2535 25.2418 25.5046 45.3869 26.0537 25.4936 45.4401 25.2479 26.5445 45.5662 26.0465 26.5437 45.4192 27.7883 25.478 45.3595 28.8767 25.4693 45.5928 27.81 26.5476 45.5364 28.8597 26.5484 45.6477 25.2478 27.5438 45.762 26.0427 27.5467 45.8872 25.3014 28.5875 45.9315 26.048 28.3237 45.7851 27.8302 27.5534 45.7316 28.8276 27.5547 45.9436 27.8209 28.2588 45.9183 28.7788 28.3775 44.033 32.0925 24.7901 45.0736 29.4956 24.6035 45.1634 29.7981 25.4158 44.8621 30.5983 25.4797 44.9897 29.9622 25.0477 45.396 29.767 26.563 45.0623 30.1892 25.7299 45.1424 30.6121 26.6708 44.4174 31.4421 25.5987 44.0913 32.1874 25.6077 44.7276 31.4295 26.7301 44.927 30.8492 26.3465 44.1991 32.3485 26.7114 45.6146 29.7075 27.5568 45.4362 30.6553 27.6042 45.8818 29.4854 28.5833 45.78 30.6324 28.4166 45.0283 31.059 26.9215 45.2012 31.4195 27.7141 44.6687 32.4241 27.7259 44.8591 31.7168 27.3442 45.7971 31.4968 28.3484 45.1184 32.2194 27.9079 45.4125 32.7044 28.3183 45.9745 25.1282 29.1017 46.0455 26.0486 28.8122 46.0194 25.8 28.9185 46.1129 25.3033 29.5003 46.0633 24.5353 29.7856 46.216 26.0368 29.543 46.3988 25.2053 30.5129 46.4795 26.0133 30.5134 46.0573 27.8222 28.7587 46.0333 28.741 28.8621 46.2351 27.8702 29.5317 46.1889 28.7177 29.5186 46.4863 27.9655 30.5097 46.4376 28.6508 30.5017 46.6852 25.1647 31.4702 46.7508 26.0191 31.4719 46.9131 25.1428 32.3202 46.9416 26.0567 32.2298 46.7428 27.9719 31.4801 46.6873 28.5891 31.4876 46.9342 27.9421 32.2647 46.9055 28.5579 32.3803 46.0092 29.0888 28.9629 45.972 30.9225 29.0935 45.9819 29.6386 29.0702 46.1034 29.2043 29.4404 46.1158 30.9682 29.5312 46.3708 29.0668 30.4894 46.3541 30.9904 30.4679 45.9806 31.055 29.0553 46.5194 32.4473 28.6794 46.1383 31.8779 28.7037 46.2491 31.8036 29.2165 46.7733 32.3151 29.0836 46.5466 31.8213 30.4604 46.8763 32.2727 30.4849 46.6219 29.0804 31.4892 46.6007 30.9859 31.4938 46.8904 29.1436 32.5688 46.8462 30.9772 32.4813 46.806 31.8273 31.5711 46.9447 32.1342 31.399 46.9268 31.5555 32.5159 47.1193 32.2539 31.8338 47.0105 31.9709 31.9501 47.0652 31.9001 32.5023 47.2881 32.3868 32.3682 15.4945 41.3141 2.68403 16.0814 41.1133 2.6323 16.1182 40.1763 2.65229 15.8111 40.5507 2.72967 15.694 41.3952 3.86646 15.8467 40.6091 3.33436 16.2209 40.3105 3.83279 15.1261 42.2871 2.67717 16.0857 42.1435 2.63141 15.2884 42.3258 3.92545 16.0959 41.1672 3.94043 15.8957 42.3132 4.10913 15.9767 41.9326 4.02511 16.5106 41.4387 4.52118 14.8373 43.0663 2.78954 15.0764 43.0405 2.68556 14.925 42.6585 2.84053 14.8671 43.0997 3.21944 14.9316 42.6781 3.06622 16.101 43.0371 2.63714 14.7905 44.022 2.78433 15.0723 44.0964 2.69274 14.8414 44.0131 3.21682 16.1034 44.7032 2.64392 15.2371 43.1466 3.94441 15.7873 43.2133 4.22111 15.1944 44.0096 3.92577 15.7304 44.0079 4.28481 14.7794 45.993 2.77286 15.0748 45.9835 2.69881 14.8353 45.9942 3.24267 16.1172 45.9496 2.65439 14.8425 46.915 2.79194 15.0977 46.9194 2.72054 14.8729 46.8994 3.21737 16.1253 46.8708 2.67288 15.1926 45.9945 3.91791 15.7253 45.9938 4.29338 15.2483 46.8788 3.94333 15.7899 46.8472 4.23026 14.9452 47.1371 2.91266 15.2728 47.5186 2.7931 14.9498 47.1346 3.00082 16.1117 47.7321 2.70706 15.4892 47.5947 3.73921 15.7838 48.6789 2.84658 16.1151 48.7992 2.74967 15.8373 48.6383 3.35409 15.894 47.4333 4.11957 16.1462 48.6566 3.95477 16.0189 47.9536 3.95816 16.3952 47.7945 4.64631 16.3448 42.3064 4.64844 16.2524 43.2405 4.74419 16.199 44.0096 4.79499 16.1922 45.9917 4.80214 16.241 46.8453 4.75831 19.298 36.299 2.71084 20.1766 36.1814 2.61387 20.258 35.291 2.73183 19.7642 35.7315 2.84496 19.264 36.2809 3.21288 19.7677 35.7102 3.12293 20.175 35.2069 3.0999 19.4876 36.4457 4.66488 19.8662 35.8159 4.50601 20.2526 35.4659 4.79546 21.2218 34.2419 2.67579 22.1159 34.113 2.55555 22.223 33.1806 2.65798 21.6511 33.6121 2.74585 21.1438 34.1555 3.05185 21.6205 33.6132 3.04032 22.1551 33.1416 3.02462 21.2335 34.255 4.80112 21.7297 33.7172 4.80783 22.2265 33.2192 4.84634 23.1833 33.1039 2.56842 22.6548 32.791 2.7927 22.6332 32.7268 3.00903 24.2482 33.0961 2.51356 23.1988 34.0603 2.51027 24.1583 34.0909 2.47933 22.7223 32.751 4.90188 21.1447 35.1715 2.59142 20.7008 34.7087 2.80629 20.6694 34.653 3.07223 22.0941 35.1022 2.52207 21.1235 36.1501 2.54703 22.0252 36.1626 2.51798 20.801 34.7582 4.77795 23.1045 35.2657 2.49956 24.0236 35.7039 2.49394 23.0563 36.5469 2.51715 24.5686 36.3865 2.51957 17.3201 38.3924 2.70165 18.1314 38.1369 2.61075 18.2726 37.3252 2.6837 17.8045 37.7716 2.78471 17.4755 38.4178 3.71018 17.846 37.8029 3.27423 18.2484 37.4465 3.53831 18.0203 38.0306 3.96581 19.1313 37.1182 2.59398 18.7307 36.7239 2.76821 18.8016 36.7722 3.33731 20.1302 37.0595 2.54872 19.0932 38.0926 2.55991 20.0234 38.1296 2.54622 18.7114 37.4475 4.58358 18.9322 36.9164 4.13836 18.175 38.3331 4.66282 16.5585 39.3712 2.70857 17.1192 39.1606 2.63331 16.8827 38.8322 2.809 16.709 39.4584 3.82163 16.9 38.8498 3.05294 18.1151 39.1074 2.5813 17.0997 40.129 2.60375 18.0789 40.1035 2.58582 17.1298 39.1831 3.98086 17.5025 39.4395 4.55759 17.8019 38.6344 4.34004 16.7791 40.381 4.28346 16.9386 39.8892 4.07534 19.0386 39.1281 2.5642 20.0053 39.6964 2.56336 19.0089 40.6731 2.58476 20.2549 40.5509 2.58336 21.0282 37.0583 2.53159 22.0699 37.5706 2.53305 21.0136 38.6853 2.54639 22.8689 38.5271 2.54731 23.6325 37.3634 2.53592 24.4125 37.3233 2.53894 23.5561 38.4946 2.54964 24.3811 38.3926 2.55265 21.3443 39.5847 2.56262 22.789 39.5704 2.56231 21.4936 40.5451 2.5817 22.9356 40.5462 2.5803 23.8236 39.4669 2.56361 24.7646 39.2418 2.5636 23.7443 40.5205 2.57629 24.4781 40.4501 2.56809 20.0182 36.0239 4.96366 21.3175 34.5201 5.43269 21.8838 33.861 5.38579 22.3243 33.3357 5.39178 21.6574 34.3744 6.39857 21.9625 33.9538 6.16208 22.3216 33.5201 6.39721 22.8404 32.847 5.37508 22.9238 32.9217 6.28553 20.6651 35.4032 5.4352 20.9457 34.9295 5.16718 20.1226 36.1614 5.45123 21.0353 35.0491 5.85063 21.1144 35.1586 6.40648 20.2598 36.491 6.44583 20.7842 35.6458 6.40893 22.0202 34.0264 6.86279 22.493 33.4381 7.32634 22.9698 32.9675 7.34261 22.0567 34.0759 7.34034 22.6453 33.3462 8.44593 22.9915 32.9907 8.135 23.3445 32.554 8.41963 22.1015 34.1437 8.46136 21.2063 35.3179 7.39126 21.6999 34.5377 7.35132 20.5582 36.4524 7.38528 20.9129 35.8403 7.394 21.234 35.5187 8.42771 21.7689 34.6165 8.44916 20.797 36.3892 8.42043 20.9772 35.9564 8.12826 19.1111 37.1565 4.84632 19.2719 37.4599 5.48266 19.7854 36.6451 5.45641 18.7185 38.4236 5.47307 18.9019 37.8327 5.18246 19.7357 37.4123 6.44184 19.9317 36.8808 6.16544 19.0694 38.1271 5.85453 19.2187 38.4175 6.46723 18.0386 39.0719 4.9471 17.1965 40.3771 4.78789 17.7628 40.4516 5.47946 17.875 39.6935 5.17786 18.2365 39.3675 5.48255 18.0988 40.2032 5.84854 18.7799 39.4294 6.46393 18.9082 38.778 6.17562 18.3499 40.4649 6.362 20.0533 37.0965 6.83842 19.6162 38.4235 7.41465 19.9115 37.7789 7.43304 20.1469 37.2678 7.43319 19.9042 38.4506 8.38692 19.9942 37.9866 8.02089 20.2641 37.5308 8.32629 19.0698 39.156 6.84886 19.2242 39.4203 7.41791 18.8492 40.3615 7.28112 18.947 39.8292 7.11219 19.6272 39.3905 8.42395 19.0864 40.3565 7.80099 19.3737 40.3732 8.42124 25.2135 33.0522 2.46927 26.0865 33.3758 2.44698 25.0598 34.6604 2.46941 26.0363 34.6224 2.47027 27.1253 33.803 2.44302 28.8762 33.5768 2.44147 27.96 34.5059 2.4703 28.8776 34.4925 2.4658 25.323 35.5299 2.49576 26.045 35.4898 2.49715 25.3423 36.3641 2.52183 26.6144 36.3374 2.52372 27.9985 35.4695 2.49722 28.7967 35.451 2.4897 27.9643 36.2923 2.5224 28.7178 36.3001 2.51125 29.6467 33.5117 2.43179 30.2077 33.6506 2.4165 29.6241 34.4997 2.45309 30.3684 34.5382 2.43657 31.7754 33.722 2.41479 32.0813 33.1702 2.42667 31.2222 34.6656 2.42357 32.1405 34.7587 2.41955 29.5548 35.4391 2.47434 30.5027 35.4304 2.45729 29.5245 36.3638 2.49324 30.5197 36.4054 2.4747 31.2579 35.5104 2.4395 32.0036 35.7154 2.42811 31.2438 36.4436 2.45541 32.0066 36.4792 2.44436 25.2278 37.2514 2.5418 26.9427 37.141 2.54289 25.8294 38.2197 2.55354 26.7916 38.0632 2.55 27.8446 37.0596 2.53796 28.6453 37.0753 2.5251 27.6841 38.0404 2.54115 28.5679 38.0626 2.52855 25.6538 39.0478 2.55877 26.6602 39.085 2.55082 25.4736 40.2741 2.55894 26.6097 40.6338 2.55016 27.6066 39.5787 2.5402 28.5112 39.4393 2.52732 27.5781 40.3615 2.53925 28.4203 40.9156 2.52608 29.5379 37.1782 2.50786 30.5188 37.3171 2.48907 29.5393 38.0212 2.51441 30.4977 38.2002 2.49872 31.2031 37.4251 2.46955 32.0086 37.3891 2.46025 31.248 38.4373 2.48244 32.2226 38.4408 2.47344 29.4472 39.8528 2.514 30.3592 39.7656 2.50178 29.2813 40.944 2.51448 30.2315 40.7861 2.50902 31.4854 39.6698 2.49424 32.6551 39.6859 2.48553 31.8197 40.6397 2.51097 32.8327 40.6244 2.50315 17.0964 41.0539 2.60562 18.0361 41.4258 2.60635 17.0726 42.2261 2.61911 18.0124 42.4403 2.62309 19.0134 41.4997 2.60551 20.6866 41.4931 2.60432 19.158 42.3873 2.62501 20.4478 42.4241 2.62516 17.0418 43.319 2.62905 18.0837 43.3572 2.63457 17.0217 44.6721 2.6377 18.2261 44.4249 2.64325 19.363 43.289 2.63963 20.1087 43.2753 2.64308 19.4169 44.2961 2.6488 20.1268 44.1355 2.65396 21.796 41.4908 2.60276 22.9292 41.4644 2.60023 21.9671 42.4561 2.62381 22.867 42.446 2.61803 23.706 41.4974 2.58913 24.3841 41.722 2.57151 23.6369 42.461 2.60214 24.4339 42.6178 2.58027 21.9816 43.3082 2.64354 22.8194 43.4282 2.63369 21.9573 44.1058 2.65612 22.8336 44.3539 2.64748 23.5582 43.5871 2.61365 24.4854 43.6416 2.59201 23.5723 44.5343 2.62835 24.503 44.5846 2.60709 17.0178 45.8279 2.64482 18.1818 45.4682 2.65039 17.0389 46.8292 2.65168 18.0171 46.548 2.65584 19.3396 45.1969 2.65507 20.1525 45.0515 2.65795 19.1468 46.0459 2.6577 20.1654 46.313 2.65816 17.088 47.8245 2.6631 18.0146 47.9455 2.65745 17.1487 48.8157 2.69428 18.1103 48.879 2.66521 16.6375 48.6607 4.44565 19.0003 47.9758 2.6574 20.9428 47.531 2.65738 19.0186 48.9805 2.65659 20.0112 48.9675 2.65666 21.8976 45.0094 2.65913 22.9039 45.167 2.65656 21.6238 46.7258 2.65842 22.9876 46.0206 2.65909 23.7021 45.3528 2.64481 24.5524 45.4606 2.62526 23.87 46.1828 2.65593 24.6797 46.3722 2.64265 21.7921 47.4677 2.65775 22.4536 47.4621 2.65848 21.731 48.4673 2.65712 22.5444 48.3083 2.65787 23.9886 47.0207 2.65922 24.8531 47.1926 2.65528 23.545 48.2024 2.65861 24.9843 48.1018 2.65933 17.0605 41.1402 4.93326 17.3771 41.386 5.39615 16.8689 42.3023 5.15286 16.9491 41.8148 5.06084 17.8991 41.3386 6.14857 17.977 40.9336 6.03592 17.29 42.2956 5.6353 17.7872 42.286 6.29425 16.7779 43.2556 5.25085 16.7229 44.0062 5.30879 17.2054 43.2512 5.751 17.7158 43.2148 6.37768 17.1559 44.0014 5.81648 17.6727 44.0534 6.41185 18.2213 41.3329 6.6251 18.1204 42.2798 6.81064 18.7549 41.3297 7.50483 18.5344 42.2743 7.42082 19.0179 41.0843 7.96281 19.1693 41.3174 8.4033 18.9029 42.2407 8.19858 18.9545 41.6732 8.09715 18.0567 43.1667 6.91629 18.0312 44.1727 6.95573 18.4285 43.1299 7.42173 18.3921 44.607 7.42784 18.8586 43.0386 8.27233 18.8473 44.9546 8.2753 16.7153 45.9954 5.31315 16.7685 46.83 5.24698 17.153 45.9992 5.82031 17.6669 45.9827 6.4063 17.22 46.8218 5.74585 17.7247 46.8135 6.33467 16.8714 47.5481 5.13232 17.1282 48.6623 4.89312 17.0008 47.998 4.99918 17.301 47.7779 5.46553 17.7014 48.5483 5.48467 17.8637 47.692 6.16018 17.9757 48.0477 6.02808 18.0451 45.9672 6.93942 18.1172 46.8064 6.84955 18.439 45.9092 7.43461 18.6665 46.7557 7.52632 18.8788 45.8495 8.20373 18.937 46.3637 8.09979 18.2797 47.6815 6.64842 18.543 48.5151 6.42321 18.779 47.6593 7.27459 18.9224 48.1534 7.09843 19.1447 47.6426 7.78302 19.0267 46.918 7.96051 19.2391 46.706 8.41496 19.6609 47.6324 8.50126 19.4742 48.6329 7.50257 19.8352 48.3709 8.22707 25.3438 41.9612 2.5586 26.5446 41.1604 2.54936 25.3395 42.8264 2.56137 26.313 42.9963 2.5485 27.4813 41.9641 2.53817 28.2572 41.924 2.52717 27.2642 42.7727 2.53987 28.3238 42.4833 2.53684 25.3951 43.7376 2.57052 26.1805 43.8591 2.55304 25.4289 44.5909 2.58598 26.2367 44.6319 2.56735 27.0026 43.7094 2.54589 28.9898 43.2656 2.54782 27.2068 44.6991 2.55699 28.2313 44.7909 2.55305 29.2907 41.7583 2.52293 30.6286 41.5774 2.52646 29.6655 42.2899 2.54099 30.4242 42.184 2.547 31.7067 41.457 2.53245 32.8684 41.4317 2.52471 31.7711 42.1442 2.55138 32.8575 42.1484 2.54304 29.5074 43.0215 2.55249 30.3365 43.0145 2.5563 29.3499 44.9449 2.55258 30.5096 44.8209 2.555 31.8861 43.0232 2.55891 32.8519 43.0127 2.5506 31.9136 44.3699 2.55747 32.8694 44.6438 2.55054 25.4262 45.4964 2.60415 26.2948 45.5103 2.58608 25.4445 46.4775 2.62233 26.3018 46.4998 2.60481 27.334 45.5733 2.57401 28.3622 45.7077 2.56492 27.3842 46.5 2.59331 28.4765 46.5113 2.58421 25.5463 47.3731 2.64046 26.3184 47.4761 2.62355 25.7301 48.2412 2.65391 26.4423 48.3179 2.64225 27.4137 47.4814 2.6126 28.5107 47.4542 2.60351 27.4691 48.3728 2.63127 28.5174 48.4012 2.62106 29.3534 45.8499 2.55867 30.1852 45.9537 2.55583 29.4566 46.5775 2.57512 30.376 46.7074 2.56655 31.8799 45.9775 2.55593 32.8647 45.9512 2.55038 31.5423 46.8375 2.56087 32.7056 46.8564 2.55432 29.5205 47.4314 2.59418 30.4888 47.443 2.58429 29.5222 48.4133 2.61061 30.4893 48.4394 2.5996 31.3909 47.5334 2.57407 32.3828 47.5971 2.56595 31.3213 48.487 2.58866 32.2511 48.4999 2.58127 23.0118 33.0133 8.79433 23.0325 33.0381 9.37839 23.4683 32.4758 9.40807 22.1401 34.2046 9.45714 22.6162 33.4759 9.40933 23.0542 33.0643 10.2084 23.4955 32.4935 10.2493 22.1721 34.2652 10.2897 22.6529 33.5011 10.2275 21.4111 35.4339 9.44411 21.8302 34.6961 9.46514 21.032 36.0638 8.78386 21.083 36.1708 9.45993 21.5322 35.4316 10.3212 21.8856 34.783 10.3128 21.1485 36.3187 10.3715 23.0633 33.0751 11.0027 23.5113 32.512 11.0854 22.1883 34.3045 11.0716 22.6701 33.5053 11.0224 23.0641 33.0763 12.9955 23.5182 32.5123 12.9764 22.1891 34.311 12.1139 22.6706 33.5018 12.8617 21.6125 35.4277 11.1938 21.9222 34.845 11.0963 21.167 36.4967 11.2796 21.6474 35.4136 12.1652 21.9331 34.861 12.0093 21.2689 36.3874 12.2877 20.0846 38.1977 8.6588 19.9177 39.4475 9.39729 19.9781 38.9246 9.07648 20.1889 38.4752 9.36828 19.7316 40.3685 9.41068 20.0695 39.2098 9.71545 19.9456 40.3406 10.1868 19.9923 39.965 10.0297 20.171 39.4846 10.328 20.0767 40.3302 10.6691 20.5467 37.4147 9.41113 20.864 36.6523 9.4453 20.7299 37.3998 10.381 20.9495 36.8568 10.3814 20.4372 38.3888 10.3958 20.8836 37.3487 11.3458 20.9923 36.9789 11.0733 20.6123 38.3735 11.3778 21.0238 37.0749 11.6592 21.0525 37.1719 12.3528 20.7486 38.3668 12.3396 20.9222 37.6411 12.349 20.4162 39.3774 11.3818 20.2639 40.3392 11.3905 20.5783 39.3573 12.3621 20.4511 40.2787 12.3889 23.0555 33.0674 13.8042 23.5194 32.4909 13.8223 22.1853 34.3098 13.768 22.6673 33.4907 13.7925 23.0374 33.049 14.7017 22.1811 34.3073 14.4426 22.6657 33.4747 14.7001 21.6607 35.3922 13.0893 21.9352 34.8625 13.8778 21.3093 36.3753 13.1824 21.6611 35.3754 14.2635 21.9338 34.8564 14.2984 21.3243 36.3537 14.3013 23.0157 33.0232 15.7301 22.1788 34.3109 15.7968 22.6682 33.4589 15.7484 23.0034 33.005 16.0343 22.1728 34.3133 16.8421 22.7128 33.3594 16.5716 21.6592 35.3617 15.6456 21.9305 34.8527 15.7718 21.3344 36.3328 15.4985 21.6588 35.3553 16.8247 21.9282 34.8467 16.8845 21.3462 36.3185 16.4086 21.0801 37.2731 13.2945 20.8435 38.3526 13.3377 20.9638 37.818 13.3242 21.0744 37.4137 14.506 20.9276 38.2626 14.4338 20.9882 37.9372 14.2165 20.6976 39.3192 13.3772 20.5982 40.1736 13.4058 20.7891 39.2531 14.3971 20.7199 40.0705 14.4132 21.1133 37.3243 15.4214 21.0013 38.0098 14.9649 21.0126 38.0752 15.4611 21.1392 37.2998 16.3889 21.0284 38.1805 16.4694 20.863 39.167 15.4513 20.9495 38.4382 15.4564 20.821 40.2342 15.4549 20.9301 39.0663 16.4356 20.9762 38.675 16.464 20.9141 40.8508 16.4465 19.5646 41.3227 9.41697 19.1306 42.2217 8.68729 19.4497 42.189 9.42459 19.8927 41.3364 10.4883 19.7969 42.0974 10.4399 19.0951 43.0066 8.78776 19.3927 43.2411 9.43752 19.0986 44.9963 8.79106 19.4163 44.9457 9.44985 19.7705 43.8434 10.4558 19.8473 44.7571 10.5087 20.0255 41.1384 10.9047 19.9777 42.0043 11.0779 19.9935 41.9185 11.0248 20.127 41.3101 11.3339 20.1195 42.1859 11.5282 19.9742 43.997 11.0748 19.9891 44.1076 11.0304 20.1377 43.9417 11.5297 20.1819 44.7214 11.3646 20.374 41.0973 12.4108 20.3556 42.8377 12.4266 20.4119 43.8479 12.4273 20.5564 44.7217 12.4221 19.1531 45.8195 8.69788 19.5496 45.7738 9.45134 19.8009 46.5934 9.46244 19.8956 45.7156 10.2171 19.968 46.1079 10.0666 19.9027 47.2586 9.16453 20.1866 48.6551 8.5139 20.0534 47.8939 8.91166 20.2243 47.6105 9.46454 20.0817 46.8223 9.83228 20.2662 46.585 10.3946 20.1145 45.6975 10.7117 20.0345 44.8834 10.9118 20.7159 48.5655 9.45318 20.7383 47.5868 10.4662 20.9066 48.1792 10.1713 20.4277 45.686 11.4383 20.7688 46.6271 11.4745 20.811 45.6501 12.4707 20.9197 46.2497 12.197 20.9128 47.2087 11.1876 21.2654 48.5696 10.4682 21.0732 47.8656 10.8423 21.2012 47.5843 11.475 21.7328 48.5758 11.4186 21.051 46.8877 11.8679 21.1545 46.615 12.4769 21.6545 47.6705 12.5197 21.8848 48.1989 12.2528 20.5556 41.2882 13.4178 20.5784 42.9087 13.4224 20.7092 41.9015 14.4242 20.768 42.8088 14.4249 20.6701 43.7637 13.4235 20.8543 44.6734 13.4756 20.8971 43.667 14.475 20.9511 44.2752 14.1958 20.842 41.9279 15.4495 20.9285 42.6631 15.4551 20.9558 41.7352 16.4308 20.9794 42.1881 16.1437 20.9686 43.2387 15.161 21.0966 44.6463 14.4782 21.0242 43.8802 14.8799 21.0849 43.6349 15.4517 21.3064 44.6459 15.4518 21.0255 42.8615 15.8322 21.0739 42.6459 16.4402 21.2592 43.6467 16.4444 21.5077 44.6335 16.4488 20.9359 45.2627 13.1981 21.0375 45.893 12.8843 21.1193 45.6298 13.4751 21.4623 46.6162 13.4418 21.0283 44.8964 13.889 21.3694 45.6312 14.4552 21.7753 46.6302 14.48 21.8347 47.3529 13.4456 22.2047 48.5799 12.5275 22.0172 47.97 12.9559 22.1094 47.8298 13.4523 21.945 47.1089 14.1738 22.2352 47.5503 14.4888 22.6039 48.64 13.4893 22.7684 48.3176 14.475 21.6138 45.6252 15.4623 21.8967 46.2487 15.4582 21.8417 45.6085 16.4167 21.9747 46.0536 16.1016 22.0449 46.9115 14.8431 22.1353 46.7599 15.462 22.2428 46.5294 16.4343 22.6286 47.6679 15.5362 22.9085 48.1179 15.2404 22.7667 47.3783 16.4565 23.3873 48.6256 15.5944 23.0312 47.9594 15.917 23.1241 47.8442 16.4532 23.5823 48.4494 16.46 15.9265 49.1187 2.89273 16.3385 49.6112 2.80779 15.935 49.106 3.00104 16.5024 49.5523 3.68925 17.1425 49.8464 2.74381 18.2029 49.8368 2.69948 16.8641 50.1514 2.87641 17.3877 50.6301 2.8314 16.8923 50.1264 3.00721 18.2001 50.8519 2.76772 16.8675 49.2072 4.15515 17.4854 50.5539 3.5088 17.1133 49.8728 3.9943 17.4559 49.5968 4.61126 17.7785 50.2716 4.29524 19.1282 49.9099 2.66651 20.0232 49.9892 2.65595 19.2037 50.8125 2.71605 20.1301 50.8773 2.67303 17.8917 51.0714 2.93522 18.4964 51.5365 2.86683 17.9156 51.0603 3.00473 18.5167 51.487 3.38467 18.0924 50.9105 3.9904 18.4011 50.6364 4.69461 19.1858 51.835 2.78347 20.1946 51.8265 2.72221 18.9233 52.07 2.93057 19.503 52.5963 2.86851 18.9352 52.0585 3.00887 20.1865 52.8728 2.77598 18.7456 51.2501 4.36221 19.5141 52.4639 3.37718 19.1168 51.8966 3.97855 19.4017 51.6123 4.70026 19.7771 52.1793 4.29286 21.0431 49.9936 2.65651 22.6471 49.9865 2.65744 21.015 50.9713 2.65921 22.1393 50.9373 2.66091 23.5456 49.9911 2.65875 24.4644 49.8263 2.66027 23.4862 50.7638 2.663 24.4065 50.6246 2.66502 21.1161 51.873 2.67961 22.0528 51.9491 2.66994 21.1819 52.8921 2.72401 22.2169 52.9069 2.69653 23.1582 51.9076 2.67062 24.4918 51.5363 2.67094 23.2103 52.949 2.68199 24.1344 52.9811 2.67449 19.9758 53.0189 2.97914 20.3143 53.166 2.86981 19.9769 53.018 3.02565 20.4861 53.146 3.32252 20.212 52.839 3.76207 20.478 52.5382 4.63145 21.4135 53.7212 2.81925 22.2702 53.8861 2.76737 21.5173 53.7326 3.29941 21.8401 54.0719 2.92738 22.4344 54.2778 2.88543 21.8761 54.0581 3.00045 20.8947 53.0719 4.11504 21.5021 53.274 4.63044 22.4246 54.2313 3.24798 22.078 53.9549 3.9992 22.4155 53.7912 4.69422 23.2755 53.8865 2.72679 24.1582 53.9101 2.6892 23.3203 54.7905 2.81524 24.2045 54.9222 2.73054 22.7294 54.1481 4.32467 23.443 54.8082 3.29374 23.6873 55.1045 2.88503 24.3834 55.2907 2.83041 23.7458 55.0821 3.0583 24.3809 55.2234 3.28518 23.4282 54.3616 4.69819 24.0508 54.9765 3.96708 24.3841 54.831 4.67013 17.8514 49.2369 5.15726 18.0957 49.8859 4.9104 18.4607 49.6198 5.53137 18.1551 48.7886 5.82314 18.7627 50.2902 5.25122 18.8233 49.2893 6.19533 19.3902 50.6544 5.59508 19.0686 49.9158 5.92154 19.4177 49.6818 6.56983 19.7287 50.3322 6.29801 19.0729 50.9261 4.931 19.7328 51.2569 5.27414 20.1123 51.908 4.90433 20.3955 51.6078 5.57955 20.048 50.9536 5.94764 20.2201 50.6299 6.57192 19.1099 48.8342 6.86326 19.7741 49.3881 7.28921 20.0161 49.9799 6.98036 20.173 49.6674 7.56589 20.0179 48.9695 7.97544 20.7789 52.1702 5.21731 20.7774 51.2089 6.46997 21.4775 52.5181 5.48416 21.1021 51.9179 5.88914 21.4351 51.7452 6.52863 21.7615 52.1733 6.23957 20.75 50.504 7.38742 20.7048 49.5483 8.4299 20.9321 50.0795 8.09537 20.9928 51.0067 7.00942 21.5275 51.2343 7.37538 22.46 52.5252 6.49158 22.0701 51.9476 6.91996 22.4109 51.8166 7.55901 21.2359 50.7787 7.65718 21.5066 50.5193 8.41902 21.9192 51.0697 8.10871 22.4568 51.338 8.44683 22.7212 52.1904 7.28892 23.4177 52.5403 7.52056 23.0188 51.9873 7.97842 23.2116 51.8484 8.4773 23.7095 52.1747 8.47642 21.2168 52.8447 4.84505 21.9048 53.0632 5.09119 22.5287 53.2397 5.44249 22.2347 52.8395 5.75003 23.1129 53.9355 4.91438 23.4414 53.7523 5.50877 23.7739 54.1165 5.19105 22.9113 53.0571 6.09114 23.5122 53.2251 6.43967 24.4548 54.2901 5.51562 24.1502 53.9186 5.86049 24.4527 53.7324 6.48281 23.2211 52.855 6.74909 23.9009 53.0582 7.09994 24.4982 53.2126 7.44295 24.2117 52.8717 7.75787 24.4888 52.6757 8.44776 25.9526 49.2473 2.66033 26.6751 49.1413 2.65509 25.9292 50.4056 2.66447 26.6883 50.1888 2.65969 27.535 49.1834 2.64582 28.5389 49.2666 2.63555 27.5692 50.1218 2.65254 28.5462 50.1379 2.64416 25.7268 51.2921 2.66758 26.6129 51.4601 2.66188 25.3248 52.9791 2.66956 26.4808 52.7469 2.66408 27.5519 51.4706 2.65495 28.5058 51.3393 2.6474 27.5531 52.5207 2.65736 28.4697 52.5954 2.64981 29.5088 49.3688 2.62433 30.4445 49.4547 2.613 29.5024 50.1952 2.63484 30.4201 50.2608 2.6254 31.2925 49.4883 2.60306 32.2857 49.4745 2.59687 31.3285 50.2984 2.61738 32.4045 50.303 2.61177 29.4749 51.2453 2.63985 30.4058 51.2103 2.63271 29.4449 52.6225 2.64271 30.3913 52.5629 2.63649 31.4156 51.2082 2.62685 32.5073 51.2382 2.62164 31.4444 52.4863 2.63158 32.5606 52.463 2.62712 25.1885 53.9677 2.67454 26.2436 53.9949 2.66627 25.269 54.931 2.70447 26.2497 54.9298 2.68643 27.4406 53.9928 2.65979 28.3594 53.9535 2.65272 27.3152 54.9559 2.67102 28.2147 54.9838 2.65977 25.4249 55.7741 2.79246 26.1805 55.9202 2.74161 25.4749 55.7463 3.27957 25.7951 56.0742 2.89641 26.2247 56.1491 2.85791 25.8219 56.0625 3.00216 24.6873 55.1287 4.30152 25.4322 55.2831 4.69258 26.4171 56.1006 3.29652 26.1991 55.9175 3.99554 26.4765 55.7271 4.60423 27.3191 55.9369 2.72044 28.1663 55.9402 2.70457 27.3935 56.2643 2.83749 28.184 56.3984 2.82323 26.9212 56.0244 4.0526 29.3869 53.7188 2.64655 30.3991 53.5274 2.64088 29.1076 54.9959 2.6515 30.3732 54.9979 2.64533 31.4192 53.4943 2.63612 32.5621 53.4687 2.63212 31.5807 54.9981 2.64063 32.3883 54.998 2.63676 29.0294 55.9401 2.69807 30.5081 55.9312 2.70623 29.0815 56.4944 2.82363 30.1207 56.5153 2.84639 31.4666 55.9255 2.70899 32.7384 55.9287 2.7001 31.7682 56.483 2.85752 32.7107 56.4536 2.84822 24.8143 54.0872 6.15439 25.1363 54.94 4.90919 25.4403 54.7583 5.48539 25.7996 55.076 5.14171 26.5062 55.1738 5.49231 25.4783 54.2257 6.48607 26.2365 54.8996 5.80973 26.4937 54.6825 6.41574 27.3959 56.1008 4.28582 27.3934 55.8641 4.79538 27.388 55.4653 5.51762 28.3927 56.1897 4.76048 28.1664 55.9522 4.91582 28.392 55.761 5.44364 26.9442 55.0192 6.03701 27.3955 55.1048 6.20108 28.4012 55.2033 6.54175 25.1915 53.9029 6.82043 25.4704 53.7065 7.44718 25.8719 54.0536 7.1015 24.8947 53.055 8.10541 25.4862 53.1911 8.45357 26.5112 54.1467 7.45353 26.2474 53.8814 7.76433 26.4957 53.6671 8.40131 26.9723 54.0104 8.02089 27.3959 54.8461 6.69874 27.3901 54.4399 7.49116 28.1678 54.9476 6.89757 28.4051 54.7534 7.42473 27.3911 54.0944 8.18642 28.4072 54.2022 8.53169 28.8837 56.021 5.04342 29.2155 56.0648 5.13588 29.2236 55.8246 5.64557 29.2381 55.4003 6.50466 30.0311 56.1077 5.23096 30.0366 55.8709 5.73272 30.0487 55.5017 6.50526 31.8447 56.1143 5.24807 31.8251 55.8802 5.74804 31.7814 55.5245 6.50453 32.8068 56.0962 5.20805 32.8134 55.8603 5.71089 32.8135 55.4806 6.49975 28.8722 55.0257 7.05127 29.2532 55.0763 7.15498 30.0626 55.1309 7.27068 29.2582 54.8307 7.65336 29.2684 54.416 8.49089 30.072 54.8883 7.76978 30.0954 54.5349 8.48745 31.7161 55.1445 7.30161 32.8236 55.1208 7.25384 31.6471 54.9039 7.80068 31.4963 54.5726 8.4852 32.8462 54.8833 7.75319 32.8749 54.5345 8.4841 27.4001 56.2719 3.19394 28.2779 56.4513 3.12954 29.1925 56.5814 3.09746 30.0204 56.6414 3.07578 29.2132 56.3641 4.81363 30.0222 56.4467 4.83272 31.9061 56.6407 3.06489 32.6339 56.6112 3.06729 31.8848 56.4619 4.84508 32.7432 56.4307 4.84393 20.908 49.1391 9.14643 21.1529 49.8215 8.7512 21.439 49.6119 9.51841 21.8185 50.2042 9.259 21.1044 48.8469 9.80928 21.7828 49.3072 10.4507 22.3787 50.622 9.57812 22.0349 49.9601 9.94433 22.1829 49.7992 10.4561 22.6658 50.32 10.4624 22.1518 50.8638 8.76949 22.8169 51.1413 9.2374 23.4546 51.5188 9.46797 23.9604 52.0252 9.04869 23.0615 50.9522 9.9146 23.2357 50.805 10.4686 23.7445 51.1654 10.4708 24.4994 52.1812 9.41475 24.2168 51.8573 9.70372 24.4822 51.6756 10.4428 21.9496 49.068 11.1026 22.4527 49.5674 11.4547 22.1047 48.8604 11.7526 22.8923 50.103 11.1859 22.7518 49.2912 12.4591 23.4475 50.525 11.434 23.0746 49.9291 11.8592 23.2219 49.7861 12.4651 23.7242 50.2058 12.4697 23.9633 51.0256 11.0547 24.4612 51.2073 11.4081 24.1772 50.8735 11.7033 24.4488 50.7366 12.4878 22.9178 49.0922 13.1862 23.42 49.5599 13.4762 23.9261 50.0572 13.131 23.0589 48.9333 13.8572 23.1811 48.8039 14.4735 23.6617 49.2993 14.4731 24.4002 50.3043 13.457 24.108 49.9165 13.7922 24.2653 49.7894 14.468 23.8645 49.122 15.2903 24.3948 49.5568 15.4973 24.0095 48.9917 15.9796 24.1125 48.8984 16.4617 24.9066 52.0516 10.1044 25.4666 52.1975 10.4467 25.1879 51.894 10.7643 25.4582 51.737 11.4519 25.8734 52.0576 11.1261 24.8565 51.0804 12.1801 25.3964 51.2698 12.4864 26.454 52.178 11.452 26.184 51.9133 11.787 26.4487 51.7656 12.4409 26.8722 52.0465 12.1117 25.2073 52.8859 8.768 25.4769 52.6963 9.44359 25.897 53.0463 9.09302 26.4913 53.146 9.45193 26.2323 52.8837 9.75734 26.4868 52.6814 10.3978 27.3907 53.8466 8.68387 27.3876 53.4514 9.4909 28.1643 53.9492 8.8956 28.412 53.7642 9.429 26.9565 53.0165 10.0345 27.3903 53.1049 10.2108 28.3861 53.222 10.5343 27.3924 52.8665 10.7068 27.3905 52.5151 11.4639 28.127 52.9633 10.9207 28.3875 52.81 11.4392 27.4628 52.1312 12.4457 28.3736 52.38 12.468 28.8561 54.03 9.06195 29.287 54.086 9.17924 29.3 53.8477 9.67646 29.3136 53.4628 10.4786 30.1275 54.1475 9.31388 30.1429 53.9162 9.81708 30.1692 53.6051 10.481 31.3065 54.1695 9.36756 31.2086 53.9434 9.87431 31.1002 53.6678 10.4815 32.9072 54.1519 9.33413 32.9262 53.9297 9.84044 32.9523 53.6473 10.4797 28.7739 53.047 11.105 29.33 53.116 11.2565 30.2969 53.1525 11.5261 29.3383 52.8988 11.7577 29.3513 52.5939 12.4697 30.1319 52.9626 11.9114 30.3111 52.7978 12.3783 31.0158 53.2397 11.4774 32.9876 53.2331 11.4783 30.9722 53.0031 12.0079 31.0001 53.0154 12.0388 32.9999 53.0155 12.0407 24.7878 50.1304 14.4675 25.105 50.9403 12.8509 25.393 50.8511 13.5521 25.7446 51.1141 13.2768 26.3249 51.2951 13.546 25.3971 50.5384 14.4685 26.0284 50.9877 13.9667 26.191 50.8978 14.4722 27.2081 51.9132 12.7704 27.4539 51.7612 13.4005 27.9329 52.0199 13.0522 26.6809 51.1034 14.4705 27.3728 51.3625 14.4632 28.3719 52.0897 13.2267 28.3715 51.9022 13.7246 28.3693 51.6321 14.4579 24.9643 50.0235 15.0684 24.5618 49.3069 16.4624 25.4148 50.2067 15.4175 25.138 49.9116 15.7196 25.4094 49.8363 16.5557 25.7958 50.0987 16.2871 26.4678 50.7342 15.3933 26.2992 50.296 16.5518 26.97 51.0116 15.0364 27.4608 51.084 15.3885 28.3619 51.3065 15.4547 27.2131 50.9077 15.679 27.449 50.7829 16.3896 27.9603 51.0117 16.0409 28.3589 51.0764 16.2448 29.3792 52.1769 13.532 29.1235 51.9737 13.929 29.3831 51.8482 14.4237 29.7674 52.0348 14.0947 29.3683 51.5066 15.4512 30.2933 52.0855 14.2294 30.3038 51.9085 14.7263 30.3112 51.6583 15.45 29.2948 51.1717 16.5476 30.3178 51.36 16.4514 31.0651 52.1356 14.3665 31.0819 51.9606 14.8838 31.1067 51.7606 15.4506 32.836 52.1477 14.407 32.767 51.976 14.9295 32.6654 51.7965 15.4525 31.1387 51.4608 16.4477 32.5173 51.5024 16.4523 30.268 52.3613 13.4745 31.0068 52.8203 12.5142 31.0326 52.4571 13.4771 32.9913 52.8244 12.5161 32.9372 52.4735 13.4783 22.9689 32.9495 16.8452 22.5758 33.4975 17.6301 22.92 32.8529 17.6749 22.1551 34.302 17.6773 22.4738 33.531 18.616 22.127 34.286 18.6547 21.6571 35.3629 17.5439 21.9222 34.8232 17.6488 21.3556 36.3111 17.5844 21.6567 35.3804 18.697 21.9182 34.7947 18.7102 21.3669 36.3049 18.4862 22.3453 33.5841 19.6146 22.0883 34.2477 19.6949 22.1862 33.6908 20.6019 22.0357 34.1417 20.709 21.6542 35.405 19.8326 21.9107 34.7485 19.7901 21.3801 36.3094 19.285 21.6322 35.4339 20.7485 21.8874 34.6632 20.7581 21.3852 36.3265 20.8637 21.1579 37.2686 17.542 21.0369 38.2379 17.4991 21.1807 37.2498 18.4394 21.0738 38.0998 18.4505 20.9813 39.0482 17.34 20.9926 38.8815 17.1648 20.979 40.9599 17.235 21.0074 39.1414 17.8715 21.0391 39.4796 18.467 21.0183 40.939 17.7362 21.0721 40.8898 18.4526 21.2008 37.2302 19.3557 21.103 38.035 19.4711 21.2139 37.1988 20.3266 21.1307 38.0152 20.4285 21.0872 39.8945 19.4781 21.1405 40.824 19.4651 21.1337 39.9798 20.4822 21.2051 40.7634 20.4812 21.9346 33.9868 21.7983 22.0491 33.8889 21.3032 21.7262 33.5455 22.5715 21.8452 34.4853 21.5092 22.0033 34.0125 21.018 21.6535 34.7499 22.623 21.5847 35.4762 21.6993 21.3732 36.3455 21.7706 21.5071 35.5439 22.6835 21.3454 36.3695 22.7742 21.4176 33.1213 23.5292 21.4496 34.6377 23.5742 21.0602 32.7196 24.147 21.1027 33.4252 24.455 21.2059 34.1679 24.5129 21.3866 35.6611 23.6009 21.2878 36.4139 23.6329 21.2393 35.405 24.5492 21.2099 36.5044 24.6041 21.2209 37.1658 21.5993 21.1539 38.1288 21.4085 21.2206 37.1277 22.791 21.1745 38.417 22.1724 21.1784 39.9243 21.3955 21.2689 40.7058 21.4021 21.2147 39.871 22.1776 21.3196 40.683 22.2159 21.2036 37.0821 23.7387 21.181 38.7945 23.8148 21.1684 37.0419 24.6947 21.1626 38.9736 24.8102 21.232 39.8298 23.299 21.3445 40.6832 23.0307 21.2216 39.8073 24.9045 21.3425 40.6822 24.9728 20.9895 41.1493 17.0979 21.0215 41.8757 16.8017 21.0619 41.716 17.4204 21.2108 42.6705 17.4551 21.1697 41.7334 18.437 21.3341 42.6461 18.4253 21.4155 43.6344 17.4507 21.6869 44.6268 17.447 21.5577 43.6272 18.4308 21.8586 44.6297 18.415 21.2585 41.6989 19.4346 21.4403 42.6376 19.4191 21.3366 41.6779 20.4613 21.5278 42.6443 20.4537 21.6813 43.6248 19.4345 21.9094 44.2838 19.432 21.8292 43.7156 20.5606 21.9612 44.1104 20.2709 21.9232 45.2109 17.4331 22.0543 45.8811 16.749 22.1322 45.7375 17.4345 21.9804 45.049 18.11 22.2037 45.5338 18.4293 22.5326 46.6031 17.4461 22.7689 46.6165 18.3776 22.9142 47.1301 17.4389 23.2638 47.6817 17.4475 23.7792 48.2281 17.4572 22.989 47.0161 18.0509 23.43 47.5931 18.4708 23.9133 48.0868 18.2484 22.0368 44.904 18.7577 22.092 44.7812 19.4414 22.1303 44.5461 20.5246 22.4156 45.6082 19.4597 22.828 46.3072 19.4536 22.5766 45.6012 20.4632 22.9206 46.132 20.4565 23.0617 46.9086 18.6822 23.1453 46.7977 19.4544 23.6154 47.46 19.446 24.4019 48.5666 18.4962 24.0172 47.9824 18.9443 24.0938 47.9057 19.4371 23.2444 46.6833 20.4446 23.7494 47.2936 20.4348 24.2137 47.7871 20.4291 21.4082 41.6675 21.4434 21.6078 42.6479 21.4543 21.4729 41.6527 22.2802 21.6826 42.6421 22.3507 21.8611 43.5163 21.4248 22.0008 43.9974 20.993 22.0263 43.9268 21.4228 21.9009 43.3391 22.3732 22.073 43.8142 22.3732 22.2581 44.6029 21.4326 22.3664 44.5979 22.3628 21.5114 41.6447 23.078 21.7378 42.6322 23.162 21.5204 41.6416 24.7523 21.7624 42.6226 24.1756 21.9342 43.208 23.1924 22.111 43.7369 23.2115 21.9509 43.1467 24.0318 22.1313 43.7006 24.0089 22.4499 44.5963 23.2524 22.4975 44.5975 24.0379 22.7645 45.6456 21.4285 22.9757 46.0383 21.1354 22.7934 45.4134 22.3471 23.2772 46.5114 21.423 23.0313 45.9468 21.7907 23.0785 45.8718 22.3529 23.4876 46.5903 22.3767 23.8572 47.1661 21.4135 24.3046 47.6981 21.4133 23.9432 47.0651 22.3902 24.3744 47.6294 22.4021 22.8415 45.3021 23.2787 23.132 45.7933 23.2965 23.6679 46.6559 23.3179 22.8704 45.2368 24.0772 23.1662 45.7477 24.1248 23.6444 46.4907 24.1878 23.9887 47.0129 23.0899 24.4273 47.5607 23.285 24.0271 46.9681 23.6866 24.0613 46.9297 24.2225 24.5378 48.3869 19.4427 24.7056 48.2473 20.4292 24.8387 48.1331 21.4099 24.945 48.0452 22.4116 24.9951 48.0041 23.0299 24.4956 47.4755 24.2344 25.3386 48.2857 23.2972 25.0523 47.9587 23.576 25.1016 47.92 24.2419 25.5372 48.2884 24.2707 20.0562 32.8431 27.1786 19.9258 33.1991 27.8553 20.1645 33.5484 27.5384 19.7653 33.5418 28.7125 20.0653 33.8679 28.2372 20.9353 33.2145 24.8009 20.801 33.478 25.3778 21.0032 33.984 25.0111 21.0382 34.2924 25.1326 20.4519 33.4829 26.5108 20.914 34.3368 25.6217 20.6988 34.3589 26.4809 21.0706 35.3255 25.5309 21.1098 36.1782 25.6087 20.9755 35.135 25.8729 20.898 35.3049 26.4245 21.0074 35.904 26.0441 21.0234 36.2273 26.1585 20.4587 34.3605 27.5466 20.2045 34.3461 28.6486 20.6893 35.2959 27.5344 20.956 36.2431 26.6623 20.8392 36.2482 27.5804 20.4912 35.2973 28.6762 20.6712 36.2818 28.6595 21.1108 37.3252 25.6599 21.1224 38.942 25.6964 21.0304 37.5537 26.5558 21.0612 38.802 26.6462 21.1873 39.7869 25.7285 21.3136 40.6857 25.7903 21.1318 39.7603 26.676 21.2572 40.6929 26.6889 20.9862 37.2058 26.8687 20.9379 37.3535 27.5505 21.0017 37.9607 27.0166 21.0131 38.7314 27.1561 20.7862 37.3059 28.6751 20.9639 38.6558 27.7212 20.8601 38.5467 28.6814 21.0496 39.6885 27.6108 21.174 40.6946 27.6327 20.9848 39.2111 27.8633 20.943 39.6508 28.6226 21.0179 39.8712 28.1772 21.0664 40.6441 28.5973 17.8902 33.2154 28.9406 18.5306 33.159 28.9088 17.9203 32.7292 28.9273 17.5388 33.7037 29.1482 17.8229 32.664 29.007 18.6449 33.8307 29.2309 17.7067 33.1713 30.6363 17.8571 32.6627 30.6844 17.141 34.5062 29.753 18.891 34.2812 29.753 17.5414 34.7471 30.2487 19.4918 33.8267 29.2314 19.9474 34.0979 28.8909 19.8125 34.3595 29.6551 16.9577 35.2489 29.9032 17.081 35.1338 29.928 16.967 34.9615 29.7925 16.9039 35.7401 30.3496 16.971 34.8414 30.0001 17.4849 35.5429 30.5202 18.1482 34.6668 30.3439 20.0957 34.7224 29.2563 19.3909 34.7335 30.1932 19.9303 35.1195 29.8932 20.2087 35.3615 29.6667 19.6981 35.4041 30.5569 20.0694 35.7811 30.1336 18.0898 33.5742 30.8552 18.3403 33.4164 31.0701 18.2496 34.8598 31.0914 18.4273 33.3564 32.6856 18.5305 34.9028 32.5375 18.2499 35.1817 30.7897 17.705 35.8805 31.222 17.9559 34.9188 31.0193 16.6738 36.2242 30.6913 17.011 36.1668 30.7899 16.7919 36.4963 31.7611 16.8531 35.9115 31.0178 17.2954 36.3598 31.637 18.2166 35.6677 31.3425 18.8037 36.2569 31.7181 17.4683 36.4766 32.1968 17.8165 35.9184 32.8555 18.2384 35.4417 32.7862 19.2277 35.8017 31.1746 19.9011 36.1675 30.8285 20.1263 36.473 30.5318 19.6525 36.4765 31.4923 20.4405 36.2771 29.6989 16.9667 37.0367 31.9552 17.0283 37.0316 31.9498 16.1122 37.3429 32.2973 16.1356 36.6368 32.157 17.0693 37.2203 32.5011 18.8493 36.7776 32.2957 20.0014 36.9957 31.0029 19.1505 36.8698 32.1448 19.8569 37.2717 31.7057 20.0553 37.3521 31.1226 19.3921 37.3948 32.503 19.9434 38.1973 31.851 20.1225 38.5171 31.5371 19.7937 38.3097 32.513 20.0115 38.9417 32.0311 20.5835 37.3323 29.6746 20.6875 38.4832 29.6703 20.2908 37.3114 30.6351 20.4344 38.4346 30.6142 20.7889 39.6265 29.6676 20.9776 40.1947 28.8504 20.9225 40.6218 29.6243 20.5672 39.564 30.6118 20.7204 40.6225 30.6123 20.2841 39.5075 31.5695 20.4613 40.5904 31.5694 20.0645 39.5015 32.1869 20.1507 40.5666 32.5674 21.5008 41.6386 25.8652 21.752 42.615 25.9385 21.4476 41.6444 26.7184 21.7083 42.6106 26.7599 21.947 43.1565 25.9773 22.1308 43.7052 25.9904 21.928 43.2143 26.7837 22.1141 43.7379 26.7891 22.5026 44.5991 25.9193 22.4683 44.6016 26.8148 21.3636 41.654 27.6406 21.6295 42.6132 27.6609 21.2514 41.6624 28.6244 21.5169 42.6202 28.6221 21.8897 43.3274 27.6732 22.0812 43.8096 27.6801 21.8332 43.4971 28.6194 22.0311 43.9282 28.6213 22.4004 44.6006 27.6981 22.2969 44.5951 28.6241 22.8773 45.217 25.7142 23.1809 45.734 25.3772 23.6638 46.4483 25.0702 22.8602 45.2403 26.8576 23.1748 45.7501 26.9121 23.6564 46.4505 26.9672 24.0902 46.8994 25.0023 24.09 46.902 26.9979 22.8242 45.3053 27.718 23.1434 45.7954 27.7367 23.6156 46.4936 27.7593 22.7657 45.4176 28.6156 23.0881 45.874 28.6144 23.6168 46.6569 28.6302 24.063 46.9332 27.7851 24.0295 46.9692 28.2694 21.0265 40.8619 29.2036 21.1024 41.6095 29.6047 21.373 42.6287 29.6188 20.9738 41.1463 29.8622 20.9069 41.6036 30.6093 21.0449 41.8428 30.2494 21.1663 42.5643 30.6061 21.7795 43.6828 29.517 22.001 43.9976 29.0064 21.5554 43.5853 30.598 21.9512 44.1107 29.751 22.1591 44.5373 29.4897 21.881 44.2719 30.5891 20.6745 41.6345 31.5685 20.9744 42.0871 30.89 20.8963 42.3972 31.5579 20.3932 41.6162 32.5554 20.7526 42.6982 32.4695 21.0667 42.855 31.5619 21.3433 43.5813 31.5823 21.8094 44.5934 31.6159 21.0038 42.9896 32.0135 21.1247 43.5896 32.4604 21.5631 44.5658 32.575 22.1237 44.7732 30.5827 22.7397 45.6459 29.614 23.037 45.9476 29.2859 23.3217 46.4983 29.6157 22.5382 45.5919 30.5827 22.9871 46.0175 29.9168 22.9323 46.0939 30.5756 23.9833 47.0172 28.8922 24.3433 47.4137 28.6461 23.9332 47.0672 29.5797 24.5063 47.6857 29.6236 23.3101 46.6541 30.5767 23.8414 47.1563 30.5782 24.3606 47.6864 30.5869 22.0537 44.8999 31.2962 21.9836 45.0288 31.9252 22.2816 45.4996 31.6187 21.9122 45.1601 32.5659 22.2107 45.6938 32.5646 22.8268 46.2395 31.5677 22.7009 46.408 32.571 23.2254 46.7509 31.5717 23.7246 47.2639 31.5849 24.2778 47.7648 31.5922 23.1173 46.8702 32.574 23.5765 47.4072 32.5828 24.1576 47.8717 32.594 24.5348 47.4391 25.0401 25.1354 47.8943 25.081 25.5892 48.2508 25.0984 24.5354 47.4264 26.9347 25.1484 47.8855 26.7474 25.609 48.2383 26.5662 24.4997 47.4448 27.8161 25.1328 47.8995 27.8629 25.5861 48.2483 27.8824 25.0877 47.9361 28.6637 25.5207 48.2787 28.6885 25.0402 47.9715 29.3117 25.3385 48.2705 29.6604 24.9853 48.0109 29.9149 24.9222 48.0556 30.5993 24.7998 48.141 31.5908 24.6306 48.2424 32.6056 24.2843 48.7396 17.4577 24.8133 49.1342 17.4615 25.3879 49.5762 17.4595 26.0105 49.9951 16.9839 26.1394 49.9242 17.459 24.9491 49.0378 18.1255 25.3626 49.2737 18.442 26.4287 49.8211 18.4939 26.5948 50.1489 17.4596 26.867 50.0528 18.1982 27.3653 50.4605 17.4593 28.3539 50.9357 16.7471 28.3473 50.7417 17.4551 27.3475 50.1833 18.4953 28.3494 50.4958 18.4565 25.0818 48.9414 18.7819 25.196 48.8573 19.4478 25.6822 49.1727 19.4507 26.3772 49.5742 19.4519 25.3224 48.7545 20.4327 25.8946 49.0567 20.4336 26.3789 49.3562 20.4276 27.0802 49.9698 18.8734 27.2348 49.8986 19.4537 27.7463 50.0698 19.4535 27.47 49.8007 20.3597 27.9724 50.009 20.0442 28.3566 50.2708 19.4571 28.4207 50.0842 20.3548 29.0258 50.9955 16.9838 29.2926 50.9225 17.4791 29.5759 51.0519 17.1842 30.4046 51.0931 17.4744 29.3466 50.7032 18.4469 30.1796 50.9657 17.859 30.3981 50.8765 18.376 31.15 51.1945 17.4445 32.4759 51.2383 17.4495 30.9195 51.0093 18.0412 31.1474 51.0347 18.148 32.4899 51.0575 18.2415 29.3377 50.4895 19.4598 30.3002 50.6427 19.4545 29.3359 50.2906 20.4214 30.2802 50.4514 20.4275 31.141 50.9226 18.6282 31.1305 50.7424 19.447 32.506 50.9433 18.7416 32.5245 50.7806 19.4452 31.115 50.5505 20.4313 32.5915 50.5865 20.439 25.477 48.7019 21.3254 25.9935 49.0038 21.0211 26.3762 49.1674 21.3244 25.3845 48.4585 22.3979 26.1032 48.9438 21.6077 26.2102 48.8821 22.3834 27.3839 49.5751 21.3958 28.1715 49.9431 20.6531 28.42 49.8916 21.4381 26.7048 49.1242 22.3812 27.3845 49.429 22.3827 28.3677 49.7496 22.4022 26.2987 48.8242 23.3674 26.3552 48.7809 24.3045 26.8539 49.0637 23.3683 27.3798 49.3156 23.3739 28.3664 49.6345 23.3831 26.9568 49.0189 24.3168 27.3739 49.2289 24.3222 28.3649 49.5449 24.3162 28.8644 50.0317 21.1775 29.3115 50.1085 21.4441 29.0739 49.9835 21.8719 29.1931 49.945 22.4214 29.6884 50.0447 22.4197 30.2653 50.2861 21.4154 30.2416 50.1486 22.4141 31.0929 50.384 21.4391 32.7062 50.4153 21.4478 31.0675 50.2368 22.4084 32.8154 50.2602 22.4057 29.3936 49.8943 23.3665 29.9469 50.0096 23.0857 29.3159 49.7817 24.3168 30.2909 50.0414 23.3626 30.1265 49.9749 23.7063 30.287 49.9455 24.3446 30.8533 50.0119 24.1217 31.0475 50.1148 23.3675 32.9011 50.1336 23.3806 31.0512 50.0271 24.3627 32.9452 50.0339 24.4027 26.4765 48.7935 25.0879 26.376 48.7158 26.2787 26.9996 49.0002 25.0039 27.316 49.1433 25.1217 28.3626 49.4844 25.2052 27.0408 48.9838 25.2613 27.0623 48.9758 26.1047 27.4645 49.1622 26.0392 28.365 49.4526 26.0139 26.3739 48.7301 27.9137 26.4667 48.8162 28.6958 27.0495 48.9814 27.9534 27.4448 49.1611 27.9768 28.3732 49.4478 27.9873 27.0239 48.9914 28.2497 27.3063 49.1477 28.7353 28.3723 49.4801 28.8161 29.3209 49.7188 25.2191 30.2153 49.8785 25.2294 29.3249 49.6855 26.0136 30.2043 49.8452 26.0091 31.0298 49.9864 24.7716 31.0322 49.9674 25.2366 31.8214 50.0036 25.059 31.0001 49.9256 26.034 32.2201 50.0036 25.0565 32.981 49.9692 25.2175 32.9999 49.9249 26.0405 29.3277 49.6816 27.9834 30.1885 49.8435 27.987 29.3257 49.7113 28.8249 30.1903 49.8716 28.8113 31.0018 49.919 27.9446 32.998 49.9158 27.9277 31.0018 49.9475 28.811 32.9978 49.9437 28.83 26.3358 48.8113 29.6571 25.3994 48.4319 30.6137 26.2663 48.859 30.637 26.9804 49.0085 28.885 26.92 49.0335 29.6778 27.3828 49.2441 29.6837 28.3665 49.5489 29.6882 26.7941 49.0843 30.6401 27.3856 49.3445 30.6437 28.3635 49.6504 30.6498 25.3995 48.5822 31.6046 26.1444 48.9267 31.6271 25.4663 48.7847 32.5496 26.0452 48.9785 32.1103 26.6074 49.1539 31.6352 27.3881 49.481 31.6387 28.4615 49.8318 31.7299 26.3459 49.2285 32.5586 27.3914 49.6632 32.6214 28.2172 49.9192 32.6142 29.313 49.7774 29.7046 30.2781 49.9392 29.7319 29.3884 49.8968 30.6791 30.1242 49.9712 30.3481 31.0003 49.9847 29.3198 32.9997 49.9848 29.2578 30.923 50.0066 29.9196 31.0046 50.0194 29.8135 30.2929 50.0382 30.6971 32.9941 50.0234 29.7886 31.0134 50.1034 30.6933 32.981 50.1126 30.6898 29.1725 49.9479 31.4682 29.9427 50.0094 30.9254 29.3926 50.0445 31.727 29 50 31.9999 28.7259 50.0543 32.615 30.2389 50.1703 31.6489 29.3229 50.2083 32.6188 30.2469 50.369 32.6105 31.0238 50.2558 31.6402 32.9576 50.2691 31.637 31.0383 50.4598 32.6048 32.916 50.4773 32.6051 33.9401 33.1626 2.42198 34.1259 33.5674 2.40734 33.7984 34.7787 2.41732 34.3542 34.701 2.41682 35.3909 33.709 2.40634 36.9497 33.6052 2.40266 35.6305 34.548 2.42172 36.9421 34.5832 2.41619 33.9733 35.684 2.42798 34.5718 35.5509 2.43253 33.9447 36.4584 2.44517 34.3416 36.3612 2.44935 35.6042 35.471 2.43718 36.9119 35.4631 2.4319 35.7952 36.2276 2.45128 36.8465 36.1622 2.44634 37.5124 33.6829 2.38042 38.5179 33.1032 2.3531 37.5365 34.6688 2.39449 38.2413 34.7517 2.37185 39.8871 33.0259 2.35061 40.8453 33.0599 2.37653 39.6174 34.6749 2.35601 40.9276 34.0924 2.35499 37.51 35.4469 2.41511 38.4335 35.3856 2.39861 37.5931 36.2015 2.43455 38.5282 36.2593 2.41962 39.4125 35.3901 2.38377 40.6029 35.4905 2.36883 39.5091 36.3092 2.40368 40.4343 36.3932 2.38765 33.9108 37.2623 2.46147 34.6426 37.1349 2.46171 33.5113 38.2453 2.47067 34.586 38.0706 2.46566 35.7045 37.0398 2.45827 36.6819 37.0311 2.45224 35.5326 38.1989 2.45934 36.5248 38.3029 2.45304 33.3462 39.8147 2.47422 34.3857 39.9367 2.46646 33.4071 40.7433 2.4847 34.3338 40.8781 2.47033 35.4591 39.7537 2.46014 36.4947 39.5023 2.45384 35.3198 40.9673 2.46095 36.4489 40.9267 2.45464 37.6562 37.1285 2.44401 38.5923 37.2811 2.43205 37.6048 38.0729 2.44681 38.639 38.1297 2.43933 39.5453 37.4192 2.41718 40.5123 37.4911 2.40113 39.6097 38.3055 2.4288 40.551 38.5148 2.41456 37.5108 39.3889 2.44759 38.5162 39.216 2.44141 37.442 40.7231 2.44838 38.2701 40.8346 2.44236 39.6082 39.3476 2.43525 40.6347 39.4538 2.42813 39.3375 40.5796 2.43922 40.7802 40.3602 2.43977 40.5822 32.6308 7.17875 40.4243 32.582 8.05013 41.8574 33.0878 2.44355 42.6138 33.3099 2.57198 42.1656 32.8704 2.74415 42.1309 32.8938 3.31742 41.8601 34.1195 2.38673 42.8402 34.1455 2.46066 41.5523 32.6839 4.56627 42.036 32.9699 4.08657 42.6431 33.3153 3.35006 43.6595 34.3002 2.55467 43.2268 33.7973 2.68536 43.1905 33.826 3.37013 43.6919 34.2881 3.43494 42.498 33.4896 4.56387 43.0723 33.9301 4.18408 43.5002 34.4787 4.57219 41.9324 35.0816 2.36607 42.8131 35.1283 2.39467 41.4731 36.3697 2.3715 42.9152 36.0415 2.36322 43.845 35.1117 2.44237 44.7562 35.2475 2.51307 44.3003 34.7477 2.60473 44.223 34.7897 3.5412 43.8926 36.1304 2.37898 44.8779 36.1563 2.44231 44.0722 34.9243 4.16237 44.725 35.2736 3.64892 45.7207 36.299 2.53683 45.2728 35.7044 2.60398 45.1992 35.7792 3.6895 45.7004 36.3045 3.75627 44.4737 35.4953 4.52212 45.0496 35.9446 4.09359 45.4203 36.5383 4.44492 41.449 37.5926 2.38487 42.3738 37.5951 2.36836 41.4983 38.6176 2.3989 42.4235 38.6826 2.38397 43.9643 37.072 2.35951 44.8633 37.1678 2.38739 43.6198 38.693 2.36939 44.9402 38.0663 2.36303 41.5883 39.5254 2.41742 42.5108 39.5438 2.40429 41.8129 40.358 2.437 42.6209 40.4377 2.42699 43.5059 39.5813 2.39135 44.7642 39.6214 2.3757 43.6167 40.4904 2.41405 44.301 40.5553 2.39816 45.8608 37.1463 2.44962 46.7082 37.3921 2.53647 46.2221 36.73 2.6192 46.1385 36.8151 3.80674 45.8735 38.1194 2.39012 46.9002 38.1269 2.45663 46.002 36.9976 4.00299 46.6711 37.4646 3.82144 47.4595 38.3288 2.5297 47.1309 37.8351 2.686 47.1147 37.8483 3.31817 47.33 38.3981 3.90061 46.1873 37.3989 4.32908 46.9073 38.1275 3.95002 46.5445 38.3279 4.60554 45.9353 39.1393 2.37392 46.8984 39.1552 2.41014 45.9551 40.3421 2.38027 46.9191 40.2657 2.39165 47.8854 39.2224 2.48319 47.8015 39.3152 3.89223 47.9079 40.2242 2.46233 48.4602 40.3884 2.53551 48.1803 39.6134 2.61151 48.153 39.6462 3.57152 47.1029 38.7928 4.13282 47.2546 39.3639 4.33361 47.9062 40.1851 3.93188 48.2975 40.4464 3.93004 47.4731 40.4547 4.50147 41.2366 32.7903 5.41174 41.8855 33.0978 4.81259 41.7376 33.2366 5.41625 42.2731 33.735 5.42514 41.0748 32.9288 6.33866 41.5891 33.3949 6.35386 42.0848 33.9128 6.36097 42.9167 34.0814 4.85726 42.7726 34.2256 5.43635 42.67 34.506 6.4499 43.2458 34.7236 5.43838 43.9059 35.1024 4.8442 43.7468 35.2804 5.44728 44.1588 35.7902 5.44275 43.087 34.8977 6.19736 43.5011 35.4557 6.38593 44.0244 35.9678 6.05989 41.0064 32.9939 7.03694 41.4873 33.4967 7.19906 42.0054 33.9944 7.02484 40.9524 33.0469 7.47856 40.9143 33.0892 8.06794 41.3876 33.5732 8.14158 41.9357 34.0689 7.51411 42.3395 34.4062 7.27168 41.8777 34.1374 8.19906 42.306 34.6172 8.25235 42.9733 35.0326 6.91442 42.8975 35.1239 7.35192 43.2817 35.5957 7.36506 43.8959 36.1395 6.66972 44.2407 36.4369 6.3623 43.7796 36.3052 7.39234 42.8013 35.2566 8.31653 43.1564 35.7617 8.3446 43.6904 36.5112 8.2896 44.8623 36.1586 4.80639 44.6855 36.4554 5.4766 44.0876 36.8351 7.39593 44.0059 36.9897 8.0247 45.114 36.8305 5.18447 45.8375 37.3887 4.81392 45.3313 37.3989 5.46762 45.9965 38.0066 4.99484 45.8205 38.2803 5.51155 44.9249 37.1143 5.85706 44.8015 37.3893 6.49012 45.1165 37.7522 6.21731 45.279 38.3436 6.47678 46.1654 38.5506 5.22155 45.9324 39.1591 5.89781 46.2906 39.4034 5.49899 45.7167 39.3983 6.38513 46.0461 39.846 6.07306 46.8517 39.349 4.82646 46.9626 40.1158 4.95345 46.6684 40.3517 5.40309 46.1326 40.3031 6.20316 44.4373 37.3875 7.39336 44.9626 38.0829 6.91419 44.8401 38.3161 7.47904 44.1473 37.3768 8.36788 44.5007 38.3229 8.42134 45.0938 38.6708 7.19063 45.1788 39.3686 7.47811 45.828 40.2861 6.69302 45.3971 40.2723 7.43891 44.9431 39.1507 7.86731 44.788 39.3631 8.38206 45.0263 39.8711 8.05965 45.0735 40.216 8.15954 33.4751 41.4879 2.50413 34.4179 41.6196 2.48406 33.5004 42.1681 2.5227 34.4853 42.1922 2.50237 35.3482 41.7753 2.46756 36.302 41.9027 2.45656 35.4164 42.2877 2.48204 36.2596 42.5871 2.46416 33.5148 43.0198 2.53111 34.4853 43.0922 2.51102 33.5196 44.9028 2.53234 34.4136 44.9099 2.51297 35.399 43.3981 2.49094 36.2293 43.6213 2.47434 35.3089 44.7977 2.49716 36.1905 44.6487 2.4877 37.2261 41.9393 2.44918 38.118 41.7755 2.44514 37.0525 42.841 2.45349 38.4208 42.7904 2.45148 39.7311 41.5992 2.44568 40.3388 41.4428 2.4486 39.6696 42.7033 2.45385 40.4757 42.6617 2.45672 37.0335 43.6687 2.46568 38.5397 43.6619 2.46416 37.0846 44.5487 2.48336 38.2227 44.5272 2.48185 39.6528 43.651 2.46593 40.5173 43.6481 2.46834 39.8055 44.5293 2.48238 40.5441 44.5216 2.48406 33.4807 45.8865 2.53507 34.3122 45.7554 2.52077 33.4174 46.714 2.54445 34.3404 46.583 2.53656 35.3057 45.6057 2.51209 36.2882 45.5177 2.50626 35.4597 46.5127 2.53073 36.3127 46.5 2.52489 33.4615 47.5238 2.56052 34.5064 47.4853 2.55519 33.5211 48.4755 2.57724 34.5702 48.4627 2.57292 35.5075 47.4923 2.54936 36.2966 47.4991 2.54353 35.5388 48.4711 2.56779 36.3609 48.4722 2.56216 37.1366 45.5019 2.50216 38.1245 45.5108 2.50046 37.1313 46.5 2.52096 38.4253 46.4937 2.51943 39.6834 45.5194 2.49989 40.8257 45.474 2.50061 39.8338 46.4494 2.51841 40.8814 46.3377 2.5169 37.1939 47.4879 2.53976 38.8393 47.4172 2.5384 37.6243 48.3955 2.55856 38.7835 48.2411 2.55467 39.8141 47.2775 2.53551 40.7119 47.1284 2.52763 39.6595 48.0926 2.54511 40.5785 48.0073 2.53034 41.8758 41.3279 2.45049 42.8099 41.3611 2.44707 41.2833 42.5685 2.45965 42.9106 42.4174 2.46122 43.7141 41.4407 2.43674 44.5644 41.4945 2.42063 43.8813 42.3654 2.45715 44.7073 42.3707 2.44258 41.3976 43.6354 2.47079 42.5891 43.5155 2.47324 41.5194 44.4769 2.48604 42.9458 44.3419 2.48654 43.9709 43.2515 2.47234 44.7551 43.114 2.45918 43.8034 44.1193 2.48018 44.6681 44.0983 2.4641 45.5478 41.5655 2.40022 46.9573 41.1802 2.38725 45.073 42.452 2.41944 46.9829 42.2467 2.39228 47.9144 41.2448 2.41524 48.8478 41.4061 2.47985 47.9336 42.1504 2.39013 48.9372 42.1621 2.45898 48.0258 40.9278 4.026 45.1336 43.1953 2.43411 46.8803 43.4045 2.40566 45.1169 44.0815 2.44112 46.8213 44.464 2.41508 47.9519 43.0656 2.38621 48.9537 43.0483 2.42511 47.9641 44.8287 2.38884 48.9624 44.7512 2.41219 41.938 45.3245 2.5011 42.7836 45.1278 2.49513 41.7655 46.1796 2.51031 42.6122 46.0424 2.49529 43.6111 45.4755 2.48008 44.5447 45.7029 2.46133 43.5158 46.1379 2.47648 44.397 46.1952 2.45773 41.6229 47.0355 2.51304 42.5316 47.7373 2.49443 41.5336 48.0236 2.51337 42.5026 48.695 2.49573 43.4757 47.8509 2.47531 44.1641 47.9843 2.45609 43.3358 48.9293 2.47697 44.6713 48.8757 2.45747 45.0428 45.7823 2.44102 46.9706 45.7486 2.41793 45.2588 46.9019 2.43867 46.9624 46.8773 2.41753 47.9554 45.8257 2.39499 48.9568 45.8298 2.43388 47.9278 46.8545 2.40847 48.9416 46.824 2.46994 45.9272 47.8608 2.43687 46.9092 47.8217 2.42417 45.9236 48.8301 2.44098 46.8849 48.791 2.45043 47.9004 47.7801 2.44837 48.9008 47.7551 2.50821 47.8834 48.8259 2.51047 48.71 48.5831 2.58194 47.7982 48.6798 3.88887 48.5899 48.5792 3.65244 48.5782 47.6896 3.86583 47.9437 47.8916 3.94541 47.2621 48.6134 4.19484 47.4864 47.5755 4.47951 48.079 47.2539 4.06426 47.0531 40.7524 5.06826 47.6342 41.3295 4.61899 48.1123 41.3462 4.11251 47.1312 41.317 5.16236 47.73 42.2353 4.72835 48.2353 42.2545 4.22122 47.2165 42.1982 5.24932 46.7327 41.2856 5.64748 46.2327 41.2404 6.33056 46.8012 42.1268 5.75236 46.2926 42.066 6.39037 47.7856 43.0064 4.7895 48.3026 43.0214 4.27798 47.267 43.0812 5.28427 47.7902 44.9929 4.79922 48.3101 44.9575 4.28549 47.2718 44.9612 5.26919 46.8224 43.4323 5.79242 46.3118 43.8848 6.38955 46.7926 44.9023 5.77214 46.2854 44.8074 6.33055 45.9098 41.1888 6.85573 45.5288 41.1409 7.44476 45.9485 42.0094 6.92519 45.5773 42.3986 7.44656 45.1271 41.0273 8.24363 45.1387 42.9463 8.23983 45.9435 43.9939 6.92177 45.5359 43.8802 7.44671 45.885 44.7657 6.85096 45.3289 44.7951 7.54812 45.1054 43.7985 8.1713 45.0538 44.4948 8.08343 43.7216 48.607 7.49922 44.1738 48.2968 7.20358 44.4602 47.5171 7.41201 43.9096 47.8548 7.88078 43.1585 48.4584 8.37947 43.6646 47.5723 8.43963 44.0895 47.1922 8.12178 47.7337 45.7881 4.75577 48.2678 45.7921 4.24265 47.2157 45.7586 5.20268 47.6195 46.7019 4.6654 48.178 46.7119 4.15274 47.1003 46.6898 5.08827 46.7074 45.7369 5.69406 46.2115 45.7117 6.23236 46.4483 46.7478 5.63985 46.1083 46.4541 6.11436 45.863 47.6241 5.86104 46.5012 47.5561 5.27867 45.9922 46.9789 5.99209 45.2823 47.517 6.46016 45.6763 46.7109 6.43356 45.5402 48.642 5.51768 46.1882 48.3401 5.15783 45.1523 48.2612 6.15093 47.0152 47.0339 5.01339 46.5339 48.6562 4.74662 46.8632 47.8063 4.88749 45.7796 45.6953 6.7307 45.2754 45.6717 7.35214 45.1236 46.6302 7.14499 44.9197 45.6631 7.8798 44.9952 44.9742 7.9931 44.5085 45.6596 8.44722 44.7768 44.7417 8.40264 44.7354 46.6181 7.6262 44.1912 46.4979 8.43591 45.0146 47.0292 7.01773 44.5376 48.6282 6.51579 44.8419 47.7673 6.81521 40.4108 32.5728 9.87798 40.4286 32.5357 10.7501 40.9014 33.1079 9.5006 41.3521 33.5921 9.10714 41.8443 34.1866 9.09106 40.9181 33.094 10.846 41.3493 33.5734 10.8801 41.8403 34.2053 10.4841 42.2438 34.6742 9.18107 42.2137 34.6963 10.0565 42.7471 35.3506 9.28024 43.0693 35.8865 9.3055 43.4255 36.395 9.34764 42.723 35.3994 10.1996 43.0184 35.9663 10.2311 43.2924 36.3777 10.322 40.9528 33.0568 11.6714 41.3673 33.5286 11.7207 41.8555 34.1966 11.8545 40.982 33.0221 12.2132 41.3318 33.3812 12.619 41.8849 34.164 12.6863 42.2083 34.6853 11.9172 42.2239 34.6422 12.7406 42.772 35.5071 11.2413 43.0024 35.9956 11.0563 43.1745 36.2814 11.2755 42.7136 35.3891 12.6794 42.9901 36.0224 11.4822 42.9812 36.0455 12.1033 43.928 37.1295 8.63273 43.87 37.3459 9.51697 44.0679 37.7794 9.23401 43.6983 37.2986 10.3887 43.9847 38.0603 9.9365 44.1696 38.2676 9.47904 43.9283 38.196 10.516 44.057 38.5329 10.2155 43.551 37.2627 11.349 43.7504 38.1881 11.3756 43.176 36.3947 12.1656 43.4467 37.2228 12.2437 43.5938 38.1343 12.293 43.9774 39.1224 10.9165 44.1138 39.1736 10.353 43.8434 39.1001 11.3849 43.997 40.0134 10.9903 44.1247 40.0693 10.5077 43.8932 40.6574 11.3131 43.6502 39.1046 12.336 43.641 40.94 12.3662 44.3951 39.2461 9.42555 44.8486 40.1767 8.64025 44.5042 40.129 9.42717 41.0165 32.9795 12.8677 41.0604 32.9227 13.6503 41.5006 33.4694 13.6274 41.9279 34.108 13.6472 41.1359 32.809 14.6744 41.6995 33.5745 14.6654 41.9693 34.0485 14.3652 42.2513 34.5677 13.6821 42.2391 34.3707 14.6898 42.7988 35.4657 13.7924 42.9849 36.0399 13.8971 42.791 35.3463 14.6618 43.1286 36.2515 13.717 43.0004 35.999 13.9906 43.0125 35.9718 14.7089 43.1706 36.2436 14.7399 41.7395 33.4252 15.6459 42.0059 33.9908 14.9479 42.047 33.9255 15.6462 41.8636 33.2748 16.6276 42.1287 33.7736 16.6496 42.3876 34.4316 15.6054 42.5218 34.4435 16.597 42.8361 35.3003 15.6075 43.0424 35.8882 15.6322 43.2134 36.2087 15.6721 42.8881 35.236 16.5902 43.0815 35.7541 16.5862 43.279 36.1923 16.5742 43.3904 37.1767 13.2173 43.4969 38.0551 13.2729 43.3647 37.1301 14.302 43.4375 38.0477 14.1436 43.5162 39.7812 13.3078 43.469 40.8386 13.3319 43.4283 39.9573 14.2538 43.3472 40.7544 14.2862 43.3749 37.0725 15.8388 43.4178 38.4679 15.5015 43.4222 37.0218 16.6311 43.437 38.9065 16.7529 43.3776 39.8613 15.0601 43.2696 40.6953 15.1319 43.3689 39.7811 16.8113 43.2413 40.6727 16.2221 44.0025 40.9427 11.0089 43.9455 42.7495 10.8481 44.1397 42.782 10.3202 44.1309 41.8779 10.4942 43.9852 41.9557 10.9555 43.7157 42.7133 11.42 43.8616 41.8444 11.3315 44.0025 41.0778 11.0085 43.5605 41.7756 12.3771 43.4056 42.6623 12.381 43.8603 43.6734 10.6508 44.0798 43.6977 10.1673 43.5277 43.6535 11.4206 43.7503 44.5896 10.3845 44.0252 44.1107 10.0524 43.2317 44.6365 11.4843 43.1672 43.6154 12.4399 43.0732 44.2709 12.1826 44.8797 41.0311 8.74456 44.5412 41.433 9.42798 44.8682 42.9763 8.74026 44.5058 42.8898 9.43592 44.8179 43.7681 8.65439 44.3966 43.7439 9.44426 44.1993 44.5886 9.48349 43.813 45.614 9.6342 44.0971 45.6253 9.15286 43.9376 44.8242 9.87654 43.3158 45.6557 10.5134 43.5059 46.5962 9.44668 44.0066 46.0155 9.01097 43.1472 46.3741 10.241 43.8605 46.7513 8.77595 43.1527 47.572 9.21492 43.006 48.0091 9.00935 42.8445 47.5672 9.71035 42.9901 46.98 9.98335 42.3663 47.6151 10.4885 42.8669 46.6483 10.5079 42.4606 48.4856 9.3793 42.1313 48.2048 10.2178 43.1081 45.3228 11.2146 42.973 45.9372 10.9445 42.475 46.5813 11.4221 42.8638 45.631 11.4825 42.967 44.905 11.9153 42.5293 45.5894 12.4062 42.8722 44.6065 12.4415 42.1366 46.5165 12.3359 41.7568 48.5637 10.5002 41.955 47.9272 10.9079 41.3018 48.5674 11.4216 41.8217 47.7367 11.4327 42.1165 47.2253 11.4282 41.1042 48.1588 12.4301 41.6243 47.4768 12.3467 42.0068 47.0114 12.0177 43.3522 41.7116 13.3425 43.1443 42.6643 13.42 43.203 41.6773 14.2952 43.0582 42.2797 14.2857 43.0545 43.2346 13.1753 42.9663 43.8842 12.8805 42.6028 44.5905 13.3738 42.899 43.5869 13.409 42.9819 42.9276 13.9044 42.7149 43.5903 14.3214 42.9331 42.7787 14.2939 42.3797 44.5877 14.3491 43.0924 41.699 15.2709 43.0171 42.0672 15.1207 43.0829 41.4713 16.0199 42.8905 42.5363 15.2742 42.9892 41.949 15.811 42.8134 42.6083 16.1351 42.9753 41.8923 16.0371 42.5807 43.5947 15.2586 42.1892 44.6418 15.3633 42.5046 43.6077 16.2868 42.168 44.411 16.3356 41.7692 46.5205 13.4304 42.0489 46.1036 13.1456 42.2049 45.5981 13.4131 41.9509 45.8969 13.8075 41.4635 46.566 14.4011 41.8663 45.7395 14.3696 42.0963 45.229 14.3571 41.8797 46.7938 12.6198 41.2018 47.5485 13.332 41.0022 48.003 13.0064 41.0893 47.148 14.4106 40.5124 48.5342 13.389 40.8908 47.8466 13.6066 40.2679 48.3487 14.434 40.767 47.6769 14.4203 41.221 46.584 15.3203 41.7991 45.4941 15.3885 42.0279 45.0602 15.1436 41.9775 44.95 15.8158 41.621 45.5605 16.3982 41.9384 44.8711 16.3587 41.1777 46.3034 16.4078 41.0112 47.0176 15.049 40.1153 48.1443 15.4334 40.6766 47.4732 15.3635 40.9386 46.9041 15.6375 40.3315 47.6116 16.4252 40.865 46.796 16.4224 40.0313 48.038 16.12 48.707 41.3982 3.92785 49.2616 42.2065 2.5854 49.1027 41.7784 2.693 49.0956 41.7735 3.31336 49.219 42.2305 3.4961 48.7805 42.2324 3.85922 49.4543 43.07 2.4928 49.3458 43.0636 3.63022 49.5208 44.6133 2.46746 49.3887 44.7051 3.65318 48.8313 43.0349 3.85822 48.8364 44.8882 3.86174 49.452 45.8296 2.51513 49.3453 45.8048 3.56565 49.3164 46.7943 2.59323 49.2611 46.7633 3.42507 48.8044 45.7869 3.84217 48.7476 46.7421 3.82976 49.1267 47.7367 2.67123 49.119 47.7182 3.27015 49.0167 48.0376 2.99828 49.0168 48.0382 3.02167 33.5059 49.4418 2.59305 34.54 49.399 2.58923 33.5 50.293 2.60716 34.5048 50.2778 2.60254 35.5787 49.3469 2.58511 36.68 49.2645 2.58043 35.6946 50.2338 2.59793 36.7618 50.1358 2.59153 33.5043 51.2828 2.61623 34.5246 51.3056 2.61082 33.5266 52.482 2.62198 34.6518 52.4706 2.61657 35.7906 51.2573 2.60541 36.7246 51.1746 2.59471 35.7948 52.389 2.60964 36.6598 52.2269 2.59527 37.7022 49.1515 2.57386 38.6237 49.029 2.56259 37.6064 50.1036 2.5791 38.5096 50.7953 2.56281 39.5543 49.0063 2.54698 40.5127 49.2962 2.53012 39.5169 50.9906 2.54659 40.4736 50.9802 2.52991 37.5044 51.547 2.57696 38.4455 51.6439 2.55947 37.4175 52.4406 2.57469 38.3455 52.9467 2.55532 39.4427 51.6305 2.54393 40.3599 51.989 2.52817 39.4615 52.9935 2.5389 40.8937 52.961 2.52632 33.5506 53.4777 2.62754 34.712 53.7098 2.62232 33.5013 54.9978 2.63268 34.8788 54.9959 2.62664 35.7376 53.9777 2.61203 36.592 53.9995 2.59401 35.8351 54.9797 2.62233 36.7097 54.9391 2.62341 33.9035 55.9299 2.69863 34.6586 55.927 2.70282 33.8652 56.4117 2.85167 34.6841 56.3295 2.86933 35.6713 55.9209 2.70768 36.7517 55.9092 2.71794 35.6266 56.2315 2.87932 36.6727 56.1648 2.87972 37.3611 53.9993 2.57313 38.7867 53.9775 2.56044 37.5806 54.9052 2.62587 38.6713 54.891 2.62747 39.7852 53.9276 2.55774 40.7987 53.8972 2.5593 39.8375 54.8896 2.62776 40.832 54.8883 2.63728 37.6554 55.8916 2.7385 38.7223 55.8746 2.75838 37.6262 56.0969 2.90208 38.3713 56.0426 2.94182 37.5131 56.0815 3.22813 38.2774 56.0369 3.01262 38.5827 55.8438 3.44661 37.8162 55.9438 3.96741 37.1465 56.0381 4.0816 37.5492 55.7483 4.65511 38.5801 55.3349 4.70556 39.6663 55.5547 2.72919 40.7086 55.2122 2.76019 39.5959 55.491 3.5465 40.5095 55.1478 3.69237 39.561 55.1433 4.24406 40.0341 55.0166 4.02406 33.6302 56.0576 5.11934 33.6529 55.8177 5.62353 33.677 55.3897 6.49659 34.2966 56.022 5.04438 34.6395 55.7991 5.42821 34.6161 55.2198 6.5583 34.6964 56.2465 4.8629 35.7011 56.2139 4.67771 35.73 55.9576 4.92749 34.9186 55.992 4.98421 35.6868 55.6267 5.51029 36.636 56.1133 4.3502 36.6497 55.8618 4.82376 36.6947 55.3339 5.59622 35.6336 55.1658 6.30434 36.3684 55.0784 6.13716 33.6765 55.0728 7.14989 34.2198 55.0294 7.05929 33.6819 54.8317 7.64511 33.7002 54.432 8.47978 34.6245 54.7877 7.42331 34.6668 54.2307 8.55622 35.6279 54.9046 6.81043 34.8692 54.974 6.94808 35.6396 54.5558 7.48236 36.665 54.8071 6.46327 36.6095 54.254 7.52344 35.6294 54.1515 8.30043 36.2274 54.0622 8.12022 39.4961 54.2663 5.47468 40.1927 54.1084 5.13943 40.5927 53.5659 5.52876 39.7813 53.8626 5.80334 39.0931 54.0494 6.07289 39.5553 53.5255 6.48166 40.2868 53.1982 6.2415 37.5762 55.1972 5.32176 38.2067 55.0754 5.11901 37.5886 54.8928 5.81905 36.9536 54.9866 5.97703 37.6906 54.396 6.57562 38.5753 54.7219 5.46649 38.5674 54.1919 6.27976 39.561 54.8056 4.76135 38.8677 54.9413 4.92123 40.4974 54.5186 4.5538 38.5717 53.8713 6.78238 37.987 53.9947 6.99119 37.3944 54.1299 7.22308 37.6659 53.8502 7.51217 38.6183 53.3844 7.52173 36.8738 53.9509 7.90422 36.6129 53.7776 8.45428 37.6407 53.3267 8.52985 38.2799 53.1372 8.23777 40.586 52.7629 6.52733 39.9168 52.9432 6.92245 39.2696 53.1614 7.22986 39.5848 52.7728 7.51486 40.4518 52.2151 7.3779 38.9156 52.9486 7.91556 38.6088 52.8075 8.52102 39.4991 52.2593 8.40131 40.0529 52.0422 8.062 41.4838 49.9857 2.51322 42.3504 49.9601 2.4961 41.3288 50.9896 2.51305 42.7269 50.9422 2.496 43.6572 49.9019 2.47838 44.9172 49.8697 2.46014 43.9175 50.8699 2.48109 44.848 50.8177 2.48898 41.8669 51.954 2.51225 42.8622 51.9047 2.50194 41.8916 52.8781 2.52398 42.8013 52.8666 2.54813 43.8005 51.8765 2.51074 44.8444 51.8531 2.55094 43.7616 52.8668 2.5921 44.6039 52.7055 2.62915 45.8458 49.8481 2.46306 46.8778 49.8488 2.50245 45.8263 50.8371 2.52912 46.7623 50.7642 2.56792 47.745 49.6641 2.56451 48.207 49.2389 2.67133 47.2883 50.3376 2.58635 47.2415 50.2936 3.55861 47.5562 49.5672 3.85186 48.1836 49.2204 3.38384 47.0652 49.0883 4.04858 46.5782 50.6197 3.85498 46.8233 49.8127 3.9107 46.1307 50.1465 4.09492 46.487 49.5189 4.27318 45.7245 51.7296 2.6009 46.3184 51.289 2.63515 45.3023 52.2302 2.63611 45.2488 52.1968 3.50021 45.5622 51.5862 3.85876 46.2625 51.2484 3.54916 45.831 50.8394 3.91752 45.1463 51.1458 4.11 45.4214 50.4616 4.45911 44.4924 52.5529 3.87721 44.8114 51.8373 3.9215 44.1233 52.1127 4.09746 44.4337 51.4782 4.4699 41.8778 53.8866 2.5717 42.8273 53.8591 2.61594 41.5926 54.7475 2.65906 42.4297 54.2542 2.6687 41.5773 54.5715 3.8353 42.3471 54.2071 3.5655 42.627 53.8178 3.85621 41.9469 53.9637 3.9552 41.3048 54.1898 4.24962 41.6659 53.645 4.67111 42.5308 53.2874 4.33772 43.5627 53.3896 2.69982 44.1546 53.1004 2.79978 43.4543 53.2882 3.86576 44.1336 53.0924 3.12198 43.7522 52.818 3.97651 43.0658 53.0518 4.05328 43.3976 52.4533 4.45498 41.1369 55.0605 2.8778 41.1231 55.0556 3.00026 40.7563 54.8583 3.99986 43.7705 50.5293 5.76666 44.4234 50.4481 5.21757 44.5431 49.6425 5.744 43.9982 49.9977 5.99817 43.2205 50.4247 6.38253 43.7739 49.6367 6.53364 44.2505 49.3688 6.25096 43.723 51.7623 4.79159 43.0495 52.0448 5.04586 43.3603 51.4063 5.35837 44.0591 51.0598 5.05037 43.0269 51.0293 6.02718 42.4223 52.2509 5.4062 42.7036 51.7249 5.69767 42.023 52.0198 6.02163 42.3777 51.3997 6.32693 43.9482 48.9287 6.93954 43.1854 49.4535 7.37442 43.0113 50.0126 7.01347 43.0145 49.0193 8.0197 42.3977 50.4074 7.33172 42.7486 49.7224 7.64723 42.0784 50.0898 8.10219 42.4371 49.4555 8.36384 41.4221 52.2088 6.37999 41.7044 51.7333 6.65879 41.0223 52.0191 7.02473 41.4162 51.4268 7.34152 42.0429 51.0438 7.05161 41.7733 50.7693 7.6932 41.0994 51.0928 8.12244 41.4836 50.4957 8.42012 40.7349 51.7711 7.66037 40.4745 51.4782 8.39804 42.7132 50.6978 6.66396 45.7519 49.5713 4.81277 45.9627 48.9488 4.96971 45.2388 49.5479 5.19722 45.0254 50.028 5.02081 44.923 48.8994 5.92681 44.7353 50.7344 4.80038 42.5323 52.8068 4.8205 41.9906 52.9927 4.99242 41.3423 53.2497 5.25961 41.6078 52.7934 5.54189 40.86 53.9086 4.8996 40.9369 52.9527 5.94228 33.7877 56.5727 3.07958 34.7372 56.5002 3.08486 33.6765 56.3757 4.82862 35.6603 56.376 3.08845 36.6332 56.2337 3.13549 39.7901 51.826 8.70268 39.1152 52.0852 9.14077 39.5684 51.5458 9.50362 40.1811 51.1569 9.23037 40.5914 50.5989 9.55542 39.9474 50.9532 9.92015 39.2819 51.222 10.4549 39.7794 50.7979 10.4559 40.298 50.3045 10.4521 38.5754 52.3152 9.46328 38.8605 51.8963 9.80328 38.2033 52.122 10.2327 38.5714 51.7631 10.5163 39.5386 50.5296 11.4488 40.0931 50.0956 11.1629 40.519 49.5334 11.4409 39.9192 49.9174 11.8326 39.2797 50.2487 12.4444 39.7769 49.7718 12.4441 40.2363 49.2717 12.4375 37.6585 52.3375 10.5199 37.9348 51.9609 10.916 37.3285 52.1395 11.2891 37.6468 51.8672 11.5541 38.5842 51.3164 11.4398 36.7078 52.325 11.557 36.9871 51.9945 11.987 36.3361 52.1006 12.47 36.8209 51.8994 12.4648 37.6199 51.5295 12.4531 38.176 51.1141 12.4495 39.0722 51.0582 11.1172 38.8781 50.9004 11.7738 38.7029 50.753 12.4469 33.7175 54.1013 9.22522 33.7332 53.8811 9.72375 33.7562 53.5533 10.4755 34.3231 54.0463 9.1027 34.6738 53.8274 9.44353 34.6737 53.3855 10.4697 35.6275 53.9093 8.80554 34.9173 53.9823 8.96133 35.6334 53.5886 9.47343 36.6205 53.2528 9.51815 35.557 53.1569 10.4758 36.2489 53.0754 10.1635 33.7166 53.1394 11.5278 34.6831 53.088 11.2158 34.6948 52.8949 11.7113 33.8845 52.9642 11.9073 33.0312 53.0033 12.0087 33.737 52.8098 12.3783 34.7104 52.6068 12.4763 36.6196 52.8139 10.4738 35.808 52.9309 10.8311 35.0898 53.0226 11.0569 35.573 52.7752 11.4055 35.6456 52.354 12.4731 37.9245 52.9614 8.92371 37.3095 53.1159 9.22354 37.6408 52.8263 9.51922 36.8871 52.9527 9.89908 34.7558 52.2058 13.5596 35.6456 52.0838 13.2213 35.6477 51.9108 13.7173 34.9573 51.9903 13.972 34.4685 52.0599 14.1727 34.7633 51.8928 14.4841 35.6534 51.6591 14.4664 36.0062 52.0024 13.0069 36.537 51.7137 13.3702 36.6753 51.2595 14.5235 33.8675 52.1161 14.3288 33.8815 51.9486 14.8415 33.9002 51.7478 15.4542 34.7352 51.5995 15.4572 33.9253 51.4621 16.4636 34.7401 51.3143 16.4686 35.6552 51.3484 15.4628 36.3021 51.0975 15.4723 35.578 51.094 16.4072 36.0375 51.0145 16.0506 39.0988 50.086 13.2025 39.5751 49.5727 13.5121 40.079 49.0925 13.1916 39.9562 48.9487 13.8729 39.3819 49.3789 14.4549 39.8549 48.832 14.445 38.5547 50.5213 13.4073 38.9521 49.9578 13.8844 38.3632 50.2656 14.4671 38.836 49.854 14.4635 37.5854 51.1876 13.3806 38.0075 51.0053 13.0151 37.8469 50.8923 13.6475 37.1762 51.0862 14.242 37.5915 50.8002 14.5322 39.1929 49.1858 15.4613 39.7094 48.6732 15.4492 38.1286 50.093 15.4716 38.6708 49.7049 15.4672 39.0699 49.0655 16.2036 39.5582 48.5553 16.4798 38.0135 50.0102 16.0347 38.5646 49.5285 16.4233 36.9449 50.9746 14.9223 36.7977 50.889 15.4738 37.6283 50.5024 15.4677 36.5485 50.7527 16.4014 37.6182 50.2151 16.4032 33.8429 52.4064 13.4784 41.8386 49.8212 8.75585 41.1715 50.1894 9.2352 41.5502 49.5872 9.51233 42.1121 49.1491 9.16037 41.8992 48.8647 9.82722 41.2225 49.284 10.4457 40.9534 49.9491 9.92458 40.7923 49.7794 10.4487 42.7818 48.7223 8.65662 40.8469 50.8536 8.77886 41.0566 49.069 11.1104 40.8936 48.8692 11.7615 40.7415 48.6848 12.4317 41.9531 33.1069 17.1535 42.221 33.5106 17.5266 42.0629 32.8789 17.8375 42.6837 34.459 17.5364 42.5043 33.5811 18.4821 42.8648 34.5385 18.4797 42.9517 35.1243 17.5519 43.1252 35.5511 17.5521 43.3563 36.1893 17.4706 42.9912 35.0268 18.0707 43.1543 35.2918 18.4265 43.4242 36.2031 18.5158 42.747 33.627 19.4821 42.9411 34.2255 19.5341 42.9313 33.7499 20.3174 42.9946 34.0238 20.0307 43.0328 34.9067 18.7579 43.0787 34.7278 19.5703 43.2862 35.3868 19.5033 43.4952 36.2179 19.526 43.1447 34.4275 20.3967 43.3887 35.4273 20.5008 43.573 36.2272 20.4849 43.4843 37.0016 17.5014 43.4777 38.996 17.6575 43.5436 37.0016 18.5215 43.539 38.9971 18.5402 43.3957 39.7463 17.7845 43.2568 40.6696 17.8604 43.4493 39.7448 18.58 43.2963 40.6665 18.6249 43.6048 37.0001 19.5263 43.6048 38.9999 19.5025 43.6705 37.0001 20.4907 43.6694 38.9999 20.5117 43.5129 39.7586 19.5153 43.3483 40.671 19.5369 43.5786 39.7789 20.5221 43.4053 40.6793 20.5339 43.046 33.8429 20.8191 43.201 33.845 21.4464 43.3303 34.6043 21.4433 43.3984 33.6381 22.4263 43.4668 34.7381 22.45 43.492 35.4703 21.468 43.6463 36.2503 21.4917 43.5901 35.5103 22.4862 43.7191 36.2774 22.5163 43.565 33.0691 23.4321 43.5892 34.911 23.4756 43.7149 33.009 24.421 43.7089 34.9616 24.4502 43.6867 35.5536 23.4865 43.7944 36.31 23.5272 43.7791 35.6333 24.5118 43.8752 36.3484 24.5539 43.7351 37.0005 21.4924 43.7361 38.9995 21.499 43.7979 37.005 22.5406 43.8027 38.9957 22.5476 43.6472 39.8008 21.4991 43.4672 40.688 21.4887 43.716 39.8228 22.5483 43.5265 40.6912 22.5643 43.8665 37.0178 23.5597 43.8763 38.9867 23.5567 43.9541 37.0809 24.6388 43.9649 38.9338 24.6252 43.7917 39.8399 23.5524 43.5945 40.6926 23.5605 43.8753 39.848 24.5161 43.6721 40.6919 24.4849 39.9495 47.9392 16.7733 39.3995 48.4151 17.4408 39.8707 47.8491 17.4337 40.2855 47.3715 17.4292 39.2729 48.2711 18.4407 39.7705 47.7463 18.4342 40.1946 47.2419 18.4217 39.1626 48.1542 19.4218 39.6831 47.6648 19.4225 40.1178 47.1394 19.4216 39.0689 48.0625 20.3664 39.6094 47.5989 20.3755 40.0503 47.0566 20.3846 39.0176 48.0157 21.1264 39.5488 47.5463 21.3612 40.0127 47.0141 21.1072 40.3628 46.6312 21.3195 39.9795 46.9775 21.7196 39.4984 47.4928 22.2915 39.9555 46.9524 22.214 40.4153 46.4921 22.1789 38.6578 48.3614 21.3661 38.9789 47.9814 21.7724 38.5188 48.3767 22.3863 38.9471 47.9536 22.3433 39.4768 47.4555 23.4358 39.9372 46.9348 23.2872 40.4078 46.4699 23.2403 38.4715 48.3244 23.4553 38.9098 47.9232 23.4843 39.4634 47.4201 24.3154 39.9256 46.9257 24.0211 40.4139 46.46 24.6427 38.417 48.279 24.4539 38.8715 47.8941 24.4024 43.086 41.4367 17.9371 42.7918 42.6098 17.2325 42.9684 41.875 17.6715 43.1021 41.4866 18.6583 42.7943 42.6151 18.5761 42.9754 41.9089 18.7011 42.4571 43.6116 17.3455 42.1323 44.2901 17.3652 42.425 43.6049 18.3284 42.1032 44.2107 18.3462 43.1245 41.5498 19.5488 42.806 42.6145 19.5848 42.9861 41.9519 19.547 43.1249 41.7006 20.5325 42.8488 42.5119 20.4998 42.9942 41.9811 20.1629 42.4068 43.5958 19.4019 42.0832 44.1592 19.3632 42.3843 43.5816 20.1544 42.0672 44.1235 20.1724 41.4988 45.556 17.4143 41.8872 44.7825 17.3829 41.1038 46.1662 17.4118 41.3966 45.5536 18.4031 41.8455 44.7217 18.3795 41.0422 46.0629 18.3948 40.7803 46.6882 17.4251 40.7053 46.6068 18.4105 41.2629 45.6269 19.37 41.811 44.6805 19.3522 41.0094 46.0136 19.1012 41.2913 45.4617 20.314 41.7867 44.6547 20.243 40.7049 46.4637 19.4097 40.9801 45.9702 19.7355 40.5246 46.554 20.3845 40.9468 45.9245 20.35 43.1962 41.6289 21.5068 43.0066 42.0172 20.8317 43.0166 42.0426 21.5771 43.2383 41.6227 22.6068 43.0327 42.0815 22.6503 42.3751 43.5714 21.7246 42.812 42.6176 21.6544 42.0602 44.1079 21.0638 42.3907 43.568 22.7596 42.8232 42.6385 22.6654 42.0638 44.1121 22.9583 43.2928 41.618 23.5757 43.0568 42.1373 23.5798 43.3581 41.6145 24.5125 43.0858 42.2021 24.5557 42.4186 43.565 23.6637 42.8385 42.6745 23.5976 42.0756 44.1295 23.733 42.4569 43.563 24.6558 42.8585 42.7185 24.5973 42.093 44.1558 24.6957 41.2751 45.4091 21.2168 41.7733 44.646 21.1321 40.911 45.8806 21.2482 41.2679 45.3828 22.0588 41.7675 44.6503 22.6393 40.8916 45.8592 22.0786 41.2715 45.3802 23.8905 41.7702 44.6632 23.7976 40.8853 45.8565 23.428 41.2846 45.3936 24.8172 41.7806 44.6829 24.7405 40.8894 45.8664 24.9112 43.8417 33.0215 25.6308 43.9399 32.7019 25.6077 43.8166 34.8213 25.6382 43.9477 33.0646 26.3594 43.9825 32.9358 26.0882 43.9337 34.4448 26.5227 43.8758 35.6903 25.6536 43.9609 36.3733 25.6102 43.9654 35.7388 26.3162 43.9907 36.1016 26.0687 44.0606 33.0979 26.8413 44.0259 34.1732 26.883 44.0457 35.8184 26.808 44.0771 36.3896 26.612 44.3313 33.2269 27.7669 44.219 34.1055 27.7779 44.7937 33.378 28.2171 44.9341 32.86 28.0702 44.6596 34.3485 28.4629 44.2238 35.4536 27.7612 44.2762 36.3889 27.715 44.6632 35.2714 28.744 44.5657 36.2281 28.6776 43.987 37.052 25.1511 44.0035 38.4364 24.9566 44.0035 37.8667 24.9569 44.0383 37.0863 25.5682 44.0197 36.7349 25.844 43.9495 39.7887 25.4658 43.9971 38.9554 25.0296 44.0445 38.941 25.5003 43.7443 40.6791 25.5831 44.0303 39.3063 25.7396 43.8595 40.575 26.6463 43.9709 39.9007 26.297 44.0669 39.7793 26.6147 44.0094 40.0342 26.9235 44.1555 37.0236 26.6505 44.166 38.9913 26.6075 44.3141 37.2743 27.6766 44.3024 38.9637 27.6497 44.5416 37.548 28.6574 44.4872 38.8335 28.6438 44.1871 39.8028 27.6236 44.0455 40.1854 27.6079 44.3431 39.7491 28.6388 44.0986 40.609 28.6981 45.283 33.62 28.723 46.5882 33.4794 28.8225 45.0936 34.3432 28.8759 45.5008 34.4684 29.2375 45.8585 33.9059 29.0601 46.4434 33.8825 29.1047 46.3867 34.6505 29.5837 47.2024 33.2057 28.8451 47.1376 32.804 28.7715 47.1322 32.8068 29.0146 47.3929 33.5165 29.12 47.0742 32.8103 30.5824 47.2934 33.1528 30.7539 47.7843 34.7697 29.6584 47.5423 34.9227 30.2315 45.0261 35.075 28.9708 45.2928 35.3176 29.5499 44.8762 36.3417 29.2429 44.9337 35.6735 29.0907 46.1205 35.0695 29.9403 45.1359 36.2887 29.7543 45.628 36.3792 30.5125 45.7954 35.6913 30.1736 46.6202 35.4292 30.3298 46.9084 34.9354 30.0475 47.8998 35.064 29.932 48.0722 35.0993 29.8564 48.0577 34.9996 29.8451 47.4545 35.1521 30.3258 48.0493 34.9976 30.0693 48.0594 35.163 30.0615 47.1508 33.6843 31.3953 47.089 34.3632 31.1498 47.2314 33.3883 32.0418 46.7912 34.1028 31.6764 46.9278 33.8979 31.8 46.4685 34.0289 32.0665 46.8175 33.7808 32.0238 46.1933 36.1229 30.8583 47.0617 35.5276 31.0688 46.4628 36.4965 31.4086 46.8002 35.8047 31.2199 46.5675 35.9663 32.3209 46.8437 36.5602 32.3648 44.8631 37.5978 29.585 44.7414 38.6701 29.6195 45.0501 37.2309 29.886 45.2239 37.3641 30.4762 44.9464 38.6355 30.144 44.9928 37.9557 30.018 44.555 39.6837 29.6269 44.2751 40.6075 29.6239 44.8405 39.622 30.5627 44.5261 40.5839 30.5935 45.7681 37.4357 31.487 45.8967 36.7974 31.1585 45.132 38.5505 30.6709 45.4634 38.4228 31.5346 46.1339 37.1698 31.8342 45.8505 38.4884 32.449 45.9429 37.8793 32.1134 46.3882 37.5173 32.4812 45.0524 39.2121 30.857 45.1768 39.5761 31.5041 44.8304 40.5693 31.5153 44.9508 39.8642 31.1408 45.5581 39.526 32.5219 45.0692 40.1995 31.8129 45.1945 40.562 32.5193 39.4649 47.3948 25.4767 39.9248 46.9282 25.9926 40.4337 46.4654 25.865 38.3637 48.2366 25.0945 38.8347 47.8721 25.0475 39.4959 47.4089 26.8315 39.9455 46.9493 26.7782 40.4714 46.4918 26.7207 38.3662 48.2194 26.741 38.8367 47.8819 26.9521 39.6442 47.3672 27.7291 39.973 46.9752 27.3314 40.5371 46.5404 27.7309 38.4115 48.2314 27.8549 38.8676 47.9079 27.799 40.0133 47.0122 27.9066 38.5118 48.2719 28.7503 38.9351 47.9559 28.7399 39.5741 47.5487 28.6948 40.0615 47.056 28.6616 38.6969 48.3063 29.4862 38.9928 47.9953 29.0256 39.5129 47.7408 29.4857 40.1597 47.1453 29.5875 39.0788 48.0555 29.7356 39.1887 48.1271 30.571 39.7122 47.7614 30.5663 40.2842 47.2559 30.5793 39.3501 48.2332 31.5918 39.8285 47.8651 31.6017 40.4519 47.3887 31.5991 39.6129 48.323 32.569 39.9325 47.9486 32.1875 40.5916 47.5703 32.4899 43.4229 41.6082 25.5778 43.1163 42.2751 25.5911 43.4989 41.5981 26.6296 43.1543 42.3707 26.636 42.5103 43.5624 25.6397 42.8864 42.7722 25.6097 42.1182 44.1974 25.6632 42.5846 43.5646 26.6385 42.9239 42.8446 26.6349 42.1547 44.2566 26.6443 43.5985 41.5876 27.6482 43.8953 40.7347 27.6189 43.1668 42.6132 27.7212 43.7882 41.4828 28.7133 43.9489 40.8636 28.4301 43.3172 42.5728 28.6282 42.7473 43.4665 27.7278 42.9636 42.925 27.4504 42.2049 44.3401 27.6563 43.0018 43.0034 27.9844 43.0418 43.0829 28.6213 42.2758 44.4595 28.6218 42.7729 43.6266 28.6241 41.3108 45.4202 25.7286 41.8021 44.7147 25.6807 40.904 45.8866 25.7914 41.3495 45.4682 26.6677 41.8335 44.7599 26.6535 40.9343 45.9235 26.683 41.3328 45.6366 27.7147 41.8784 44.8249 27.6631 40.9686 45.9639 27.4255 41.5247 45.5678 28.6234 41.944 44.9196 28.6143 41.0051 46.0056 27.9555 41.0485 46.0534 28.6315 40.601 46.595 28.6456 44.0023 41.006 28.9861 43.4946 42.5706 29.6052 43.862 41.6933 29.6024 44.0558 41.1629 29.6088 43.7577 42.4905 30.6193 43.9407 41.8643 30.2738 44.1577 41.5652 30.609 43.1303 43.2566 29.5995 42.326 44.6438 29.5392 42.8551 43.7588 29.6003 43.2046 43.5779 30.6391 42.6819 44.471 30.6451 42.9343 43.8897 30.3254 44.025 42.0549 30.908 43.4763 43.5598 31.5763 43.8741 42.7665 31.5651 44.1131 42.2642 31.5641 43.0158 44.0257 30.9378 43.0956 44.1608 31.576 43.7867 43.5296 32.4965 43.9668 42.9341 32.1048 44.2671 42.5995 32.4969 43.2156 44.5444 32.6252 44.4386 41.5504 31.5664 44.7819 41.5122 32.5311 44.9373 40.8575 32.177 41.7266 45.4966 29.5318 41.9879 44.9823 29.0695 41.1392 46.1552 29.6013 42.0497 45.0691 29.7908 41.2583 46.2847 30.6021 41.7594 45.7108 30.6023 42.1374 45.1941 30.6003 40.6793 46.676 29.5937 40.7797 46.7801 30.5953 41.4148 46.4526 31.5846 41.8886 45.8673 31.5791 42.2807 45.3931 31.579 41.58 46.5973 32.4418 41.9741 45.9687 32.074 42.5167 45.5457 32.5762 42.7761 44.6827 31.5779 42.8966 44.8512 32.3425 40.9142 46.9162 31.5925 40.9963 46.9964 32.0102 48.9767 37.072 30.9233 49.0859 37.1005 30.9154 49.0425 36.9882 30.8974 48.9944 36.9936 30.9087 48.9868 37.044 31.0003 48.9953 36.9969 31.0005 49.0378 36.9959 31.0006 49.0688 37.0532 31.0004 33.9286 51.198 17.4527 34.6572 51.0752 17.4182 33.9248 51.0361 18.1487 34.0436 51.0081 18.0349 35.815 50.9202 16.6996 35.0848 51.0234 17.0883 35.5798 50.8169 17.4123 36.6348 50.4289 17.4445 34.8499 50.9385 17.7357 34.6634 50.8417 18.3682 35.6484 50.5472 18.434 36.6386 50.1779 18.417 33.9249 50.9216 18.6279 33.9279 50.7412 19.4549 34.7483 50.5948 19.4616 33.9204 50.5448 20.4486 34.7455 50.3978 20.4519 35.6467 50.3354 19.4593 36.2562 50.0896 19.4645 35.6488 50.1353 20.4539 36.0716 50.0264 20.1363 37.8795 49.9125 16.6849 37.215 50.1084 17.4463 37.7418 49.8086 17.4409 38.4181 49.3181 17.4406 37.0515 50.0281 18.1108 37.5445 49.7313 18.4165 38.241 49.1797 18.4447 38.9633 48.9662 16.8828 38.8766 48.8858 17.4451 38.7467 48.7716 18.4446 36.8976 49.9492 18.7584 36.772 49.8798 19.465 37.6225 49.4706 19.4549 38.0925 49.0684 19.4534 36.5714 49.8115 20.452 37.6506 49.252 20.3823 38.0169 49.0127 20.0618 38.6386 48.6771 19.4387 38.4788 48.6507 20.3239 35.899 49.9637 20.7979 35.2426 50.0592 21.4468 35.7637 49.9044 21.441 36.6351 49.6046 21.419 35.0415 50.0121 22.0757 35.5547 49.8382 22.381 36.623 49.4524 22.3985 33.9027 50.3667 21.4402 34.7448 50.2206 21.4397 33.8941 50.211 22.4174 34.6894 50.0751 22.3906 33.8351 50.0698 23.4733 34.2045 50.0317 23.2138 34.6726 49.9219 23.4786 33.9237 49.9897 23.9125 33.4532 50.0234 24.1706 33.801 49.961 24.3946 34.7062 49.8094 24.3393 34.8727 49.961 22.709 35.6266 49.6687 23.4009 36.6206 49.3321 23.3896 35.6185 49.5584 24.3541 36.6239 49.2391 24.4076 37.9256 48.9474 20.6625 37.3954 49.2016 21.4004 37.8504 48.8995 21.38 37.268 49.1254 22.4045 37.7735 48.8526 22.4192 37.1499 49.0695 23.3988 37.7099 48.8121 23.4207 37.0606 49.0275 24.4613 37.6692 48.7786 24.4673 32.9822 49.9914 24.8931 33.8192 49.8882 25.2101 34.6938 49.7265 25.205 33.8126 49.8469 26.0177 34.6891 49.6846 26.0035 35.62 49.4786 25.2176 36.6675 49.1415 25.2424 35.6282 49.4373 26.0252 36.4695 49.1492 26.0351 33.8184 49.8416 27.9729 34.6885 49.6833 27.9958 33.8254 49.8741 28.8064 34.694 49.7213 28.7831 35.6367 49.4448 27.9757 36.4817 49.1567 27.9691 35.6389 49.4875 28.7694 36.6655 49.1475 28.7896 37.0114 49.0054 25.0594 37.5415 48.7844 25.2234 36.944 48.9775 25.5825 36.899 48.9594 26.0245 37.6164 48.6828 26.1403 36.9068 48.9618 27.979 37.6003 48.6929 27.9372 36.9531 48.9809 28.5029 37.4983 48.802 28.7767 33.7548 49.9455 29.6868 34.6976 49.7939 29.7075 33.1607 50.012 29.8883 33.7454 50.0518 30.6617 33.8846 49.9755 30.2473 34.63 49.9119 30.652 35.6401 49.5653 29.7172 36.6079 49.2552 29.7094 35.6436 49.6905 30.6534 36.6109 49.3944 30.6414 34.1326 50.0198 30.8811 34.6197 50.0775 31.6336 34.8412 49.96 31.2565 35.5836 49.8724 31.622 36.6176 49.5788 31.6023 35.1204 50.0256 31.8872 35.5813 50.0988 32.5827 35.825 49.9448 32.2366 36.5643 49.8288 32.5588 33.8237 50.2059 31.6378 33.8328 50.4181 32.6009 34.6915 50.2854 32.5861 37.0079 49.0034 28.9537 37.0899 49.037 29.695 37.6498 48.8204 29.6588 37.2953 49.111 30.6369 37.7884 48.8967 30.6287 38.607 48.536 30.5981 37.6336 49.1943 31.5641 37.9144 48.9606 31.1839 38.5346 48.7679 31.5548 38.0779 49.0398 31.8467 37.6144 49.4472 32.5251 38.2372 49.1174 32.5372 38.7504 48.8446 32.5624 32.0349 9.12235 32.8099 31.8925 10.4086 33.2087 31.9805 9.94536 33.0445 32.1086 9.35363 33.461 32.0617 10.2865 33.7683 31.7388 11.498 33.5372 31.2625 12.6922 33.4885 32.0065 11.0199 33.9824 31.5955 12.6668 34.4718 31.9066 11.7574 34.4444 32.0631 11.1886 34.5436 31.8551 12.5925 35.4891 31.9789 11.9389 35.0753 32.1276 11.3398 35.6349 32.0667 12.1661 35.8066 25.0806 16.0378 32.9108 25.3397 16.0953 33.7283 25.693 15.9029 33.4223 26.4123 15.7549 33.6505 26.0108 16.0032 33.9892 27.6266 15.2851 33.53 27.9347 14.9707 33.0752 28.6149 14.8376 33.5804 28.2941 15.1196 33.8048 26.2956 16.0813 34.5319 26.6211 15.9051 34.2419 27.5442 15.7931 34.5176 28.6754 15.3515 34.4655 27.1146 16.0257 34.9299 27.3789 16.1148 35.2218 27.7749 15.9495 35.1105 28.6844 15.8473 35.2759 28.7098 16.0676 35.832 29.6175 14.3039 33.6479 29.8897 13.916 33.2514 30.5958 13.5834 33.5884 30.0727 14.0603 33.885 30.9314 12.9076 33.1912 31.0522 13.0691 33.8595 31.1774 13.25 34.5273 30.2893 14.2408 34.5715 30.789 13.7624 34.542 28.9181 14.9549 34.0826 29.6382 14.7728 34.5159 31.3453 13.6058 35.5338 30.6401 14.5708 35.5105 30.924 13.9058 35.1668 31.7841 13.4972 36.4889 31.9351 12.8501 36.1898 32.1254 12.3415 36.6255 31.0919 14.1364 35.8436 31.31 14.548 36.4702 29.2978 15.16 34.775 29.6767 15.5869 35.4951 29.9067 14.9235 35.1095 30.2355 15.2261 35.7848 29.0652 16.0198 35.9623 29.7023 16.1189 36.38 29.8711 15.892 36.1602 30.6479 15.6521 36.4026 30.8767 14.8262 36.163 25.187 16.246 37.5264 26.1371 16.0634 37.4278 26.0358 15.9958 37.9749 25.9899 15.9957 37.9775 25.1195 16.1774 38.826 25.7362 15.9435 38.7618 26.4855 15.9481 38.6951 26.8374 16.01 38.1608 25.0849 16.0835 39.1628 25.1397 15.7661 39.5892 26.783 15.704 39.6975 24.3997 16.3932 39.5209 24.813 15.86 39.8285 24.1607 16.1386 40.2939 24.4008 15.738 40.6156 25.0114 15.379 40.5762 26.9417 15.3638 40.6217 27.5344 16.1099 38.8668 27.0576 15.9849 38.9115 27.5314 15.8617 39.7069 27.7449 16.0874 39.2629 27.5908 15.5336 40.6744 28.1687 16.1574 39.7269 28.0998 15.9204 39.8887 28.2214 15.792 40.6935 32.0426 13.1038 36.8747 31.8093 14.6247 37.1991 31.9227 13.7598 37.1111 32.1036 13.2784 37.348 32.0305 14.1179 37.8598 30.1661 16.0687 36.8264 31.1347 15.2163 36.8009 31.3761 15.5093 37.1099 30.4144 16.1484 37.0505 30.8511 15.8848 37.0769 31.5603 15.6719 38.5554 31.9032 14.7569 38.582 32.0371 14.1488 38.6352 30.5742 16.1576 38.7723 30.8934 15.943 38.62 31.7882 14.5966 39.828 32.019 14.0865 39.0583 32.0988 13.1293 39.7369 31.8597 13.3987 39.8998 31.2685 14.6627 40.3305 31.4732 13.138 40.6225 32.0593 13.0454 40.0712 28.7422 16.0455 40.134 31.3972 15.5446 39.9108 30.3915 16.0897 39.8983 30.8608 15.8947 39.9198 31.1329 15.2198 40.1608 30.0933 16.0339 40.0626 30.6453 15.6847 40.6384 23.4984 16.4567 40.5397 23.9256 15.9569 40.9291 23.1808 16.1511 41.0777 23.404 15.7342 41.2597 24.2475 15.2378 41.3703 22.6678 16.4346 41.147 22.9693 15.9663 41.9094 22.6533 16.3291 42.5993 22.971 15.9653 42.0295 23.4125 15.422 42.1783 24.0313 15.0199 42.0069 24.3129 14.7065 42.0203 23.9905 14.9915 42.9448 23.6293 15.4022 43.6894 23.9908 14.9913 43.0352 24.4038 14.6793 43.8869 23.0156 16.0196 42.9832 23.0938 16.1122 43.5611 24.0995 15.0923 43.9328 23.2064 16.2312 44.2428 23.6985 15.6947 44.2868 24.2167 15.2018 44.3544 23.2668 16.2808 45.3149 23.7773 15.7963 45.3297 24.3332 15.285 45.3739 23.3079 16.3076 46.6364 23.8357 15.8595 46.5844 24.502 15.2826 46.5135 23.3577 16.3455 47.7197 23.9107 15.9277 47.6772 24.4137 15.4862 47.6109 23.425 16.4425 48.6217 23.971 15.9768 48.1228 24.3683 15.7084 48.5741 27.4471 14.5766 41.8162 28.8528 14.6603 41.6688 28.8007 13.7445 41.9227 27.8415 13.9577 41.9797 27.1206 14.0194 42.0092 27.4139 13.255 42.0859 28.6788 13.16 42.1077 25.013 15.1122 41.164 26.9187 15.1009 41.1799 25.1326 14.7108 41.7161 24.5456 14.8404 41.7897 25.1894 14.158 42.059 26.298 14.6673 41.7467 26.138 14.0522 42.0357 27.3383 15.2269 41.2973 28.6967 15.3345 41.2752 26.2885 13.5378 42.1161 25.5809 13.8111 42.1948 25.1872 14.1361 43.9558 25.6608 13.8044 43.8422 26.3459 13.3946 43.6278 25.4482 14.2251 44.5487 25.8567 13.9144 44.2864 26.3043 13.6958 44.6307 28.512 12.8447 42.4506 27.7535 12.9436 42.8018 27.2374 13.0926 43.4731 27.7671 12.9427 43.4065 28.3351 12.7857 43.4302 27.395 13.1944 44.5966 27.9226 12.9774 44.0989 28.3548 12.9305 44.6224 24.7114 14.7784 44.4085 29.6375 13.2562 41.7563 30.5789 13.1591 41.2407 30.5073 12.7399 41.5842 29.8016 12.8765 41.8863 29.1213 13.0827 42.0633 29.4204 12.7149 42.1043 30.259 12.5317 42.0088 29.7874 14.6452 41.4145 30.2405 14.6672 41.1138 32.1199 12.7956 40.4741 31.6322 12.8744 40.8344 31.0216 13.0242 41.0131 31.163 12.661 41.1366 32.0614 12.5352 41.1985 30.7926 14.6896 40.8091 30.8757 13.3621 40.8954 31.2129 12.4538 42.0206 32.1414 12.4079 42.1297 29.9397 16.0599 40.1367 29.9577 15.8147 40.8064 29.8902 15.2449 41.1174 30.0152 15.0138 41.0077 29.2778 12.6338 43.667 30.2327 12.5474 43.9508 29.2211 12.8101 44.6799 30.2177 12.7324 44.639 31.2463 12.4974 43.9653 32.2825 12.4673 43.92 31.253 12.6911 44.6134 32.402 12.6673 44.6003 26.0331 14.0185 44.9407 28.1528 13.0647 44.8354 26.1502 14.0908 45.4414 26.6054 13.8396 45.466 27.3291 13.5082 45.479 28.3451 13.1857 45.41 26.4313 14.1718 46.5248 26.8596 13.9429 46.2251 27.312 13.8067 46.4951 28.2858 13.4961 46.4363 24.8706 14.9079 45.3852 25.4136 14.484 45.3971 24.9602 14.9728 46.163 25.3513 14.7366 46.4784 27.0594 14.0213 46.9056 27.2044 14.0896 47.4623 27.695 13.9228 47.4469 28.3172 13.7289 47.4272 27.4609 14.1868 48.4538 27.9518 13.9847 48.0781 28.3984 13.9134 48.4461 25.0442 15.0275 46.8306 25.1363 15.0834 47.5799 25.5985 14.8044 47.5418 26.3993 14.394 47.4859 25.287 15.174 48.5838 25.8153 14.9128 48.556 26.4089 14.6079 48.5253 28.9726 12.9946 45.0193 29.2215 12.9646 45.1285 30.2079 12.9254 45.2876 29.2349 13.1008 45.6289 30.2125 13.054 45.7885 29.2561 13.3235 46.4222 30.2457 13.2237 46.402 31.2598 12.9067 45.358 32.39 12.8958 45.3957 31.2575 13.031 45.8723 32.3501 13.0175 45.9268 31.2404 13.1675 46.3853 32.2567 13.1359 46.3811 29.294 13.5413 47.4107 30.2754 13.4217 47.3987 29.3212 13.722 48.5217 30.2708 13.5799 48.5506 31.2157 13.3467 47.4056 32.1027 13.307 47.4246 31.184 13.4937 48.5752 32.01 13.4533 48.575 23.2657 17.2154 33.851 23.7902 16.8714 33.771 24.3764 16.4795 33.6628 22.1957 18.2146 33.9857 22.681 17.7097 33.9278 23.4667 17.2707 34.5927 23.9195 16.9528 34.1936 24.3405 16.76 34.5118 22.2721 18.2723 34.7313 22.7899 17.8293 34.687 21.2653 19.3708 33.3585 21.7739 18.7095 33.9015 20.9858 19.9749 32.7397 20.6712 20.4173 33.1967 20.967 19.9428 33.027 21.2848 19.3609 34.8533 21.8057 18.7837 34.7759 20.631 20.4087 34.3302 20.9576 19.9335 34.9118 24.0743 17.0424 34.8529 22.4932 18.3222 35.6314 22.9151 17.9345 35.2516 23.3889 17.6499 35.5365 24.2142 17.1298 35.2842 23.0594 18.0423 35.8808 23.2419 18.1864 36.2853 23.728 17.7561 36.2074 24.2889 17.2374 36.1868 21.3295 19.3753 35.722 21.8842 18.8941 35.6763 20.6226 20.3957 35.7533 20.9705 19.9596 35.7901 21.3853 19.4331 36.4003 21.9606 18.967 36.1174 22.4256 18.7232 36.3719 20.6916 20.3092 36.4404 20.9874 19.9842 36.1365 19.8498 22.3629 33.3935 20.0164 22.0443 33.1482 20.177 21.5164 33.3644 19.9883 21.9714 33.8284 19.7488 22.4262 34.3367 19.9682 21.923 34.2959 20.183 21.3678 34.2391 19.4974 23.3944 33.4077 19.2374 24.3445 33.4619 19.4089 23.3949 34.3605 19.1157 24.43 34.4575 19.6936 22.4223 35.3242 19.9436 21.8689 35.3243 20.1698 21.3232 35.2669 19.6538 22.4133 36.293 19.9251 21.8284 36.4172 20.162 21.2878 36.4501 19.3432 23.3993 35.2823 19.0914 24.2889 35.2423 19.3022 23.4017 36.1247 19.0718 24.2433 36.0472 23.3979 18.3565 37.2254 23.849 17.8311 37.3881 24.2797 17.3045 37.7317 23.3138 18.2869 38.9565 23.7899 17.7722 38.9516 24.2183 17.2555 38.9233 22.0836 19.0542 36.7633 21.0183 20.0218 36.7994 21.041 20.0445 37.2857 21.4348 19.5375 37.1783 22.185 19.1043 37.1628 21.0355 20.0392 38.7133 21.3162 19.5852 38.9456 22.1146 19.0726 38.9569 22.7041 18.8276 37.1734 22.6216 18.7736 38.9552 23.1225 18.0992 39.1236 23.5002 17.4741 39.5165 24.1008 17.1197 39.1413 23.8246 16.8136 39.8136 23.1454 17.136 40.1446 22.3577 18.485 39.4522 22.7427 17.8058 39.7829 22.0908 18.1051 40.1237 22.3842 17.4923 40.3758 20.663 20.32 38.8829 20.993 19.992 38.9526 20.5211 20.3853 39.4649 20.9358 19.9199 39.5524 21.3874 19.2812 39.3318 22.0021 19.0014 39.0025 21.7779 18.794 39.7053 21.1565 19.2577 40.167 21.6625 18.4499 40.3041 20.4489 20.4025 40.0904 20.8554 19.7619 40.1589 19.6282 22.4027 37.2564 19.9085 21.7885 37.4324 20.1519 21.2559 37.7066 19.6196 22.3965 38.5704 19.8967 21.7506 38.3502 20.1352 21.2326 38.6791 19.2889 23.4056 37.4295 19.0678 24.2385 37.8195 19.3016 23.4123 38.8497 19.078 24.2852 38.8055 19.6322 22.401 39.7454 19.8969 21.7289 39.3732 20.1131 21.223 39.2437 19.6619 22.409 40.5757 19.9096 21.7444 40.8076 20.1031 21.2379 40.3717 19.3337 23.4187 39.6227 19.0979 24.3665 39.5953 19.3747 23.4197 40.4844 19.1064 24.5227 40.4074 20.614 20.4349 37.4198 25.3634 16.3276 34.4409 24.7068 16.8699 35.0727 25.3196 16.5714 35.02 26.3083 16.2938 35.0071 24.8123 16.8803 36.6785 25.2307 16.5465 36.9672 26.1256 16.2663 36.9854 27.4578 16.1833 36.3743 28.7443 16.1869 36.1784 24.7779 16.7978 37.6826 24.6835 16.6819 38.882 27.7354 16.1395 37.2249 28.0386 16.2961 37.041 28.0144 16.3343 38.979 29.9903 16.3239 37.0223 29.9913 16.3478 38.9422 29.9443 16.2136 39.8551 19.0572 25.3539 33.4669 19.0111 26.0916 33.1059 19.0254 25.1293 34.1997 18.9352 26.3371 33.4968 18.9754 25.7882 33.7821 18.8167 26.3728 34.445 18.9436 25.3543 34.4714 18.9767 26.6659 32.7802 18.8356 27.3889 33.5318 18.7618 28.5282 33.5083 18.7143 27.414 34.4473 18.6287 28.5413 34.45 18.9914 24.9607 34.9081 18.8586 25.3361 35.254 18.9707 24.8594 35.2364 18.7172 26.3829 35.286 18.8073 25.3536 36.0602 18.9472 24.7597 36.0369 18.6549 26.3961 36.1421 18.6056 27.435 35.3209 18.5079 28.5372 35.3381 18.531 27.4384 36.2049 18.4205 28.5094 36.2081 18.6848 29.6763 33.5048 18.5746 30.7637 33.5364 18.5349 29.6547 34.4407 18.4035 30.6964 34.4287 18.3696 31.5247 33.594 18.1534 32.2565 33.6267 18.1657 31.6722 34.6046 18.0458 32.1148 34.2372 18.4007 29.6296 35.3234 18.2593 30.6762 35.2885 18.307 29.5946 36.1647 18.1685 30.6779 36.0783 17.9438 32.0574 34.7849 17.9999 31.9994 34.9991 17.7529 32.0907 35.4139 17.9642 31.874 35.2744 18.0901 31.4281 35.2548 17.5565 32.3069 36.0617 17.9191 31.7877 36.0139 18.0453 31.2235 36.0076 18.7966 25.3813 37.6996 18.9434 24.7458 37.8697 18.6309 26.408 37.153 18.8183 25.4059 38.8306 18.9579 24.811 38.7912 18.6394 26.4074 38.9358 18.4919 27.4204 37.0064 18.3744 28.4727 37.0071 18.4921 27.4132 38.9935 18.3699 28.452 38.9853 18.864 25.4206 39.6272 18.9825 24.9193 39.5926 18.6807 26.4105 39.6756 18.9288 25.3894 40.4361 18.9971 24.9873 40.0508 18.7428 26.432 40.4963 18.5304 27.4283 39.6818 18.4003 28.457 39.691 18.5861 27.4438 40.5039 18.4463 28.4688 40.5271 18.264 29.5471 37.0084 18.1438 30.6698 37.2855 18.2606 29.5001 38.9718 18.1531 30.628 38.5381 17.5953 32.5675 37.9022 17.93 31.7969 37.9692 18.0399 31.2289 37.9606 17.7792 32.688 38.4257 17.9635 31.83 38.3257 18.0492 31.3626 38.3966 18.2816 29.4843 39.7044 18.1676 30.5633 39.5943 18.315 29.4912 40.5714 18.1867 30.5186 40.6108 17.8775 32.6182 39.1201 17.9833 31.8869 39.1901 18.055 31.4487 39.2716 17.9143 32.4969 40.1131 17.9934 31.9511 40.2773 18.0612 31.479 40.4455 21.9304 17.8929 40.7776 21.4538 18.476 41.0058 21.8625 17.7537 41.0132 22.1502 17.2429 41.0211 21.4518 18.4762 42.9642 21.8549 17.7187 42.9167 22.1297 17.218 42.8535 22.8015 16.8191 40.7876 21.0947 19.1769 41.0107 20.441 20.4253 41.5043 20.8317 19.6656 41.1044 21.0973 19.1934 42.9571 20.4807 20.4458 42.5253 20.8518 19.6858 42.7784 21.5289 18.4658 43.3985 21.9057 17.8386 43.4053 22.2071 17.315 43.4437 21.5895 18.4574 44.2045 21.9489 17.9223 44.2041 22.2788 17.3815 44.2122 22.6973 16.5746 43.503 22.7856 16.7299 44.2156 21.1275 19.2414 43.2887 20.5149 20.4492 43.1065 20.8729 19.7414 43.1943 21.1477 19.2634 44.1373 20.5207 20.4391 44.0717 20.8812 19.7679 44.0581 19.6946 22.4078 41.3983 19.926 21.7894 41.5425 20.1122 21.2745 41.7672 19.7181 22.3992 42.2303 19.9394 21.8332 42.2512 20.1302 21.3074 42.3276 19.4137 23.4121 41.34 19.1805 24.4256 41.3407 19.44 23.4013 42.1932 19.2159 24.4268 42.1679 19.7306 22.3938 43.1491 19.946 21.8552 43.0472 20.143 21.32 43.0165 19.7384 22.398 44.2116 19.9482 21.8577 44.096 20.1415 21.3172 44.5584 19.4529 23.3973 43.1586 19.2313 24.4239 43.0759 19.4594 23.3999 44.2668 19.235 24.419 44.2161 21.6216 18.4543 45.2724 21.9729 17.9605 45.2424 22.315 17.4098 45.2523 21.6414 18.4513 46.8467 21.9872 17.9816 46.8027 22.3335 17.422 46.7501 22.8299 16.7959 45.2665 22.8551 16.8339 46.6966 21.1572 19.2685 45.4728 20.5158 20.4281 45.9452 20.8812 19.7748 45.8275 21.1636 19.2767 46.9146 20.5301 20.4251 46.9209 20.8875 19.7862 46.9271 21.7375 18.3755 47.7374 21.9961 17.9944 47.0569 22.3021 17.5298 47.742 22.0241 18.0351 47.8882 22.8975 16.8876 47.7709 22.5943 17.3577 48.7094 22.9519 16.948 48.3199 22.0744 18.1051 48.738 21.1857 19.3091 47.8181 20.5789 20.4251 47.7794 20.9104 19.8291 47.8069 21.2344 19.3784 48.7177 21.7325 18.5724 48.7312 20.6701 20.4257 48.6975 20.9576 19.9213 48.7035 19.7428 22.4037 45.961 19.9501 21.859 45.9944 20.1378 21.3157 45.9578 19.7573 22.4073 46.9047 19.9579 21.8821 46.9066 20.1458 21.3318 46.9106 19.4636 23.4045 45.9331 19.2367 24.4186 45.9448 19.4774 23.4107 46.8965 19.2467 24.4247 46.9005 19.843 22.3207 47.8057 19.9769 21.9355 47.5651 20.1365 21.4859 47.8063 20.0006 22.0017 47.9922 19.5176 23.4202 47.7508 19.2755 24.4283 47.7845 19.5873 23.4293 48.6991 19.8613 22.5164 48.68 20.025 22.0724 48.6775 19.3314 24.4323 48.7302 20.2403 21.4148 48.6856 19.0159 25.0801 40.7169 19.0369 25.1865 41.3492 18.8043 26.4556 41.3525 18.9442 25.6727 41.3483 19.0563 25.2911 42.1743 18.8493 26.4687 42.204 18.9662 25.804 42.1814 18.6421 27.4535 41.3769 18.4948 28.4761 41.4033 18.6859 27.4632 42.2541 18.5346 28.4783 42.2934 19.0649 25.3367 43.0652 18.8715 26.4702 43.0658 18.9763 25.862 43.0593 19.0675 25.3476 44.0348 18.8771 26.4686 44.0351 18.9786 25.8762 44.0292 18.7119 27.4724 43.0811 18.5606 28.4825 43.0928 18.7196 27.477 44.1248 18.5689 28.4837 44.2354 18.3546 29.5041 41.4484 18.2126 30.5054 41.5333 18.3902 29.5114 42.3214 18.2419 30.5099 42.3816 17.9434 32.3589 41.4476 17.9982 31.9864 41.2221 18.0573 31.5887 41.5868 18.0011 32.0084 41.8785 18.0903 31.4851 42.483 18.0069 32.0486 42.5578 18.4145 29.5111 43.1078 18.265 30.5138 43.1396 18.4228 29.5085 44.2706 18.2742 30.5121 44.1787 18.1107 31.4873 43.1997 18.0161 32.1103 43.2396 18.1211 31.4922 44.0506 18.0218 32.1468 44.0004 19.0674 25.35 45.96 18.8773 26.4713 45.8815 18.9794 25.8798 45.5639 19.0703 25.3516 46.9508 18.8747 26.4698 46.8981 18.979 25.8821 46.9952 18.7169 27.477 45.8421 18.5642 28.481 45.8448 18.7107 27.4761 46.4497 18.5538 28.4792 46.5472 19.0817 25.3913 47.831 18.881 26.4698 47.9172 18.986 25.9275 47.872 19.0914 25.5398 48.7123 18.922 26.41 48.7461 18.9955 25.9768 48.1328 18.7058 27.4678 47.9022 18.542 28.4733 47.3169 18.722 27.4659 48.9185 18.548 28.4681 48.9744 18.4174 29.5023 45.8766 18.2695 30.5042 45.905 18.4029 29.4888 46.5577 18.2557 30.493 46.599 18.12 31.4978 45.9458 18.0227 32.1513 45.9992 18.1106 31.4997 46.6629 18.0191 32.1291 46.6651 18.3869 29.4765 47.0382 18.2389 30.4809 47.0614 18.3851 29.4632 48.9935 18.2339 30.462 48.9838 18.0963 31.4884 47.0488 18.0131 32.0944 47.0033 18.0932 31.4739 48.9924 18.0125 32.0934 48.9998 24.0664 16.0517 48.8324 28.1587 14.0506 48.7448 25.4895 15.2616 49.539 25.9547 14.9773 49.0976 26.4096 14.8287 49.5214 24.1884 16.1494 49.6247 24.672 15.7917 49.6133 26.1208 15.0592 49.7949 24.4634 16.2623 50.6339 24.8649 15.9106 50.3086 25.3476 15.6582 50.6436 26.4005 15.1308 50.6836 27.3874 14.4375 49.581 28.402 14.1274 49.5669 26.7673 14.909 50.4024 27.3102 14.747 50.6887 28.3604 14.3827 50.6216 25.0443 16.0299 50.9233 25.2013 16.1502 51.6091 25.6913 15.8322 51.6184 26.391 15.4297 51.6291 25.4407 16.4697 52.5559 25.9369 15.9624 52.0716 26.4735 15.8349 52.531 27.0193 15.0073 50.9757 27.3036 15.0895 51.6909 27.584 14.8826 51.3981 28.312 14.7547 51.6862 28.0456 15.0137 51.9663 27.3742 15.4602 52.6053 28.3105 15.1602 52.5811 28.8408 13.9656 49.1773 29.3855 13.9065 49.5855 30.2633 13.7572 49.6353 29.1537 14.0382 49.8475 29.3811 14.1387 50.564 29.839 13.9745 50.1037 30.2705 13.9301 50.3053 31.1765 13.6668 49.6371 32.0075 13.6258 49.6285 31.2794 13.9052 50.653 32.0172 13.8517 50.6379 30.2815 14.0674 50.7953 31.1189 14.0246 50.9181 31.2854 14.168 51.526 31.9842 13.9988 51.0033 32.0214 13.9918 51.0238 32.012 14.1677 51.6351 29.3319 14.4733 51.6218 30.2877 14.3131 51.6199 28.614 14.9189 52.1874 29.3343 14.8265 52.407 30.3078 14.7735 52.6672 31.219 14.6235 52.6008 32.0043 14.5677 52.6074 26.2218 16.148 52.7862 26.4428 16.4829 53.5351 26.9569 15.979 53.0333 27.3733 15.8618 53.2346 28.4069 15.7189 53.6095 27.3781 16.1934 53.7434 28.1607 16.065 53.9104 29.3369 15.0763 52.8641 30.1004 15.0168 52.9675 29.3379 15.4424 53.5808 30.3053 15.2298 53.5015 28.3338 16.4441 54.5778 28.8478 15.9591 54.0569 29.3407 15.8815 54.1665 30.2824 15.7855 54.309 30.698 14.9714 53.0515 31.2103 14.9345 53.1193 32.0092 14.9042 53.1718 31.1792 15.2256 53.6621 32.0355 15.202 53.6997 31.1306 15.724 54.4019 32.1523 15.697 54.4316 29.343 16.2565 54.6869 30.2768 16.161 54.7982 31.0998 16.1007 54.872 32.2886 16.0814 54.8972 23.0259 17.0276 48.9061 23.1168 17.1222 49.6484 23.5767 16.6238 49.6409 22.1775 18.2372 49.6645 22.6615 17.5919 49.659 23.294 17.3035 50.6023 23.8096 16.8305 50.6045 22.2734 18.4956 50.647 22.8457 17.8214 50.6079 21.2783 19.527 49.6034 21.8256 18.7377 49.6643 20.8192 20.4008 49.5861 20.9928 19.9868 49.0463 21.6461 19.3594 50.6739 21.9226 18.8912 50.3277 21.0493 20.0938 49.8154 21.1376 20.2414 50.651 23.504 17.514 51.4704 23.9584 16.9626 51.0785 24.4359 16.6788 51.5308 22.6714 18.4492 51.5177 22.9682 17.9641 51.0706 24.1418 17.1304 51.7854 23.1267 18.1375 51.7785 23.3716 18.3802 52.6905 23.7828 17.7932 52.3669 24.3714 17.4066 52.6612 22.0247 19.0346 50.9277 21.2708 20.4909 51.5669 21.793 19.6677 51.6058 22.1363 19.183 51.6033 21.7152 20.4313 52.5508 21.9306 19.896 52.1601 22.4253 19.4147 52.6148 22.8268 18.797 52.3434 19.6934 23.4359 49.6818 19.9191 22.7335 49.672 20.0851 22.2329 49.6728 19.4252 24.4367 49.6917 19.8598 23.4224 50.5986 19.969 22.904 50.185 20.1588 22.4865 50.6103 19.5655 24.4352 50.6453 20.0351 23.107 50.852 19.8011 24.3498 51.7044 19.9284 23.7601 51.3993 20.0934 23.4251 51.6775 20.0061 24.0204 51.9743 20.3675 21.4167 49.6796 20.5555 21.4209 50.6528 20.884 20.7469 50.6486 20.8136 21.4387 51.5534 20.9638 20.9262 51.1233 20.4096 22.4324 51.6178 21.0728 21.1426 51.817 21.1865 21.4415 52.6052 20.7474 22.3976 52.6236 20.9137 21.8043 52.2696 20.336 23.4294 52.6211 20.0693 24.3485 52.6977 24.0179 18.0162 52.9751 22.0894 20.1308 52.8332 23.0255 19.0299 52.9582 23.1876 19.2144 53.5638 23.6778 18.6847 53.5652 24.1918 18.1943 53.5672 22.2385 20.4322 53.5964 22.7669 19.708 53.5624 23.5189 19.5459 54.4655 23.9244 18.9265 54.094 24.5358 18.5651 54.4555 22.7428 20.498 54.5004 22.9576 19.9485 54.0625 24.2001 19.1975 54.7899 23.1871 20.2213 54.7704 23.5014 20.5273 55.4916 23.873 19.8722 55.1326 24.5118 19.5378 55.4819 24.2037 20.2049 55.8144 21.6499 21.397 53.6096 21.8749 20.7875 53.2678 21.0391 22.0837 52.9046 21.1588 22.3984 53.6162 22.0524 21.0858 53.9075 21.6567 22.4074 54.6102 21.8577 21.7243 54.2677 22.209 21.3973 54.6031 20.7368 23.3987 53.6345 20.8906 22.722 53.2896 20.3619 24.4147 53.6173 21.0406 23.0967 53.9165 21.1998 23.3905 54.5762 20.8071 24.4724 54.5823 20.9082 23.7318 54.1963 22.0599 22.1067 54.9067 22.7614 21.5214 55.516 22.936 20.9127 55.0817 22.2709 22.3996 55.5683 23.2034 21.2602 55.7844 23.474 21.5179 56.2922 23.9016 20.8899 56.0868 24.4735 20.4883 56.3234 22.817 22.411 56.201 22.9868 21.9802 56.0142 21.7564 23.4794 55.5647 21.8849 22.7487 55.179 21.0857 24.2107 54.8586 21.3355 24.4701 55.5024 22.1208 23.2193 55.8478 21.8822 24.3922 56.1522 21.9789 23.9486 56.0267 22.4832 23.5048 56.5229 24.8012 16.8452 52.2803 25.0785 17.0609 52.9103 25.3788 17.2356 53.6072 25.7012 16.8141 53.2913 24.6822 17.7526 53.5669 26.0937 17.0584 53.9227 24.9524 17.9614 54.0476 25.4139 17.7485 54.3211 26.3197 17.4097 54.616 26.7179 16.8683 54.1737 27.3799 16.6862 54.4074 25.4171 18.1867 54.8114 26.0198 18.0125 54.9864 27.3817 17.1072 54.8787 28.0082 17.003 54.9966 26.2779 18.3865 55.628 26.603 17.8044 55.21 27.4716 17.6545 55.5511 28.2945 17.2837 55.5105 27.2251 18.1387 55.8675 27.4845 18.4555 56.323 27.9585 17.9816 56.0179 28.3786 17.877 56.1192 24.8957 18.9189 55.0874 25.4189 18.6792 55.3404 25.4167 19.1846 55.8288 26.0177 19.011 55.9897 24.9035 19.9213 56.0698 25.4169 19.6737 56.2826 26.3325 19.4017 56.5904 26.6092 18.8022 56.1833 28.5601 16.8842 55.133 29.343 16.7615 55.278 30.27 16.6481 55.4113 29.3439 17.214 55.7748 30.266 17.108 55.8863 29.3452 17.7102 56.2826 30.2658 17.5863 56.4052 31.102 16.5779 55.4915 32.2829 16.5571 55.5199 31.1085 17.0429 55.9543 32.2492 17.0176 55.9811 31.1141 17.5095 56.4826 32.1751 17.4799 56.512 19.1905 25.4488 49.717 19.0107 26.0542 48.876 19.0402 26.1932 49.7354 19.3179 25.441 50.6517 19.0951 26.4991 50.63 18.7834 27.4772 49.773 18.9394 26.6869 49.745 18.5968 28.4661 49.8126 18.9036 27.4559 50.6488 18.9752 26.8749 50.2161 18.699 28.4597 50.7242 19.4942 25.4316 51.6517 19.269 26.4554 51.6594 19.7869 25.3472 52.7157 19.9057 24.6328 52.4269 19.5054 26.4415 52.6536 19.0234 27.1122 50.8696 19.0779 27.4359 51.6726 18.882 28.4325 51.6793 18.9541 27.7673 51.318 19.2991 27.4536 52.6545 19.0203 28.1111 51.9118 19.1136 28.4336 52.6035 18.4216 29.4489 49.8649 18.2643 30.4353 49.8954 18.5167 29.4388 50.7569 18.3581 30.42 50.768 18.1276 31.452 49.8839 18.032 32.2258 49.8828 18.223 31.4057 50.7678 18.0932 32.4878 50.666 18.6895 29.4398 51.6739 18.5316 30.4039 51.6812 18.8988 29.4292 52.4487 18.9623 28.7655 52.1591 18.8289 30.2993 52.7174 18.4002 31.3488 51.6887 18.307 32.3043 51.6745 18.6726 31.3059 52.6257 18.5975 32.2122 52.6109 20.0055 25.0212 52.9819 19.8427 26.4791 53.6212 19.9196 25.625 53.2485 20.1139 25.3398 53.6186 20.0514 26.2019 53.8865 19.635 27.4465 53.6226 19.4529 28.4615 53.6191 19.9191 27.445 54.179 19.9781 26.8941 54.047 20.2427 26.4811 54.5192 19.8253 28.4593 54.3998 20.1697 27.4509 54.7109 20.0772 28.4559 54.8621 20.5295 25.4141 54.6008 20.898 25.4061 55.1729 20.9769 24.924 55.038 20.7697 26.4325 55.3837 21.2236 25.4085 55.7025 21.7209 25.4161 56.3547 21.1072 26.4375 55.8521 21.6395 26.4829 56.6174 20.7011 27.4684 55.6363 20.4543 28.4535 55.5764 21.0347 27.1566 55.9507 21.3098 27.4737 56.4884 20.8932 28.4518 56.1483 20.9642 27.8225 56.0492 19.0436 29.4181 52.8814 19.2821 29.4232 53.614 19.0018 30.0136 52.9942 19.1338 30.2663 53.5532 19.7683 29.4117 54.6529 19.5816 30.342 54.5851 18.9178 31.2821 53.2252 18.9596 30.5413 53.1126 18.8833 32.1462 53.3142 19.1179 31.2694 53.74 19.4782 31.249 54.5824 19.0874 32.113 53.8017 19.4187 32.0939 54.5803 20.0194 29.1167 54.963 19.919 30.3429 55.1419 19.9694 29.7631 55.0536 20.2394 29.4058 55.498 20.2205 30.3467 55.6747 19.8652 31.2266 55.2382 19.8362 32.0698 55.2903 20.1688 31.2226 55.7456 20.1396 32.0446 55.7849 20.7963 29.4075 56.2875 20.7162 30.3446 56.4079 20.6536 31.2111 56.4972 20.6183 32.0299 56.5405 24.3343 21.3318 56.8629 23.4062 22.3322 56.7728 24.0165 22.0207 56.9876 22.2939 24.3884 56.6864 23.1141 23.1858 56.8952 23.4079 23.4496 57.352 23.7612 22.614 57.1793 24.3961 22.3916 57.5574 22.8165 24.3903 57.1709 22.9476 23.8846 57.0495 24.1773 23.4019 57.8703 23.4526 24.3373 57.7473 24.0262 24.0476 57.9825 28.3371 18.4993 56.7006 25.3209 20.3995 56.8248 26.1073 20.0732 56.9428 27.4075 19.1554 56.8701 28.0551 19.0247 56.9796 26.477 20.4855 57.5077 26.7501 19.8556 57.1089 27.4117 19.6394 57.2735 28.408 19.4571 57.5297 27.4149 20.3086 57.7724 28.2135 20.1268 57.9113 29.3436 18.2426 56.7792 30.2652 18.1267 56.885 31.1201 18.0544 56.9509 32.0975 18.0268 56.9758 28.6503 18.8831 57.099 29.3388 18.7427 57.2147 30.262 18.6059 57.3261 29.3374 19.3518 57.7217 30.2611 19.2342 57.8171 28.4657 20.4384 58.2409 28.9448 19.9766 58.0166 29.3384 19.878 58.0851 30.2671 19.7332 58.1858 31.1287 18.5213 57.3918 32.0604 18.4882 57.4196 31.1358 19.1625 57.8741 32.0255 19.1324 57.898 31.1318 19.6463 58.2473 32.025 19.6105 58.2705 29.3411 20.4454 58.5046 30.3255 20.5255 58.741 31.135 20.372 58.7489 32.0321 20.3439 58.7685 25.0006 21.0005 56.9996 25.3747 21.3886 57.565 25.5865 20.7128 57.2019 24.6132 21.5981 57.2291 26.2454 21.2035 57.8623 25.1928 22.1973 57.8814 25.4693 22.4697 58.2096 25.8817 21.8944 58.0589 26.5008 21.4814 58.1745 26.9757 20.984 58.0105 27.4146 20.8251 58.1106 24.6612 23.4045 58.1878 24.9122 22.8908 58.0525 24.349 24.3584 58.3709 26.4772 22.4856 58.7073 27.4029 21.4327 58.524 28.3225 21.4556 58.8231 27.3916 22.1751 58.9031 28.0302 22.0173 58.9913 25.5039 23.4883 58.6911 26.2097 23.2262 58.8933 25.2211 24.4186 58.8707 25.7197 24.4181 59.1267 25.9502 23.936 59.0241 26.4769 23.4958 59.1403 26.4222 24.4214 59.472 26.9137 22.9225 59.0341 27.3909 22.6607 59.1424 28.3231 22.3561 59.2897 27.394 23.4353 59.4878 28.4057 23.4822 59.8082 27.3937 24.4107 59.8478 28.1404 24.119 59.9537 29.3466 21.158 58.9071 30.1296 21.0479 58.9723 28.6127 21.8325 59.0835 29.3536 21.6371 59.1817 30.3333 21.3785 59.2362 29.3599 22.4437 59.5944 30.3239 22.5112 59.8058 30.7908 20.9597 59.0241 31.1446 20.9068 59.0555 32.0389 20.8684 59.0795 31.1674 21.4409 59.3901 32.0498 21.4388 59.4429 31.1872 22.3343 59.8296 32.0595 22.2848 59.8572 29.3592 23.1928 59.9119 30.1196 23.054 59.9775 28.3925 24.4157 60.1703 28.803 23.8849 60.0454 29.3477 23.6806 60.1187 30.3266 23.3766 60.178 30.7537 22.9432 60.0254 31.19 22.8668 60.058 32.0655 22.8021 60.0855 29.3318 24.4289 60.4111 30.2822 24.4333 60.5714 31.1833 23.4282 60.3146 32.0865 23.4235 60.366 31.1617 24.4301 60.6723 32.1612 24.42 60.717 22.1519 25.4164 56.8346 22.0563 26.1959 56.9383 22.6287 25.4202 57.3523 22.4663 26.5273 57.5279 23.1929 25.4203 57.8341 23.6803 25.4211 58.2279 23.8571 24.6468 58.0996 23.0763 26.2196 57.9348 23.387 26.4955 58.3209 21.8962 27.4705 57.1126 21.9697 26.8755 57.0323 21.2708 28.4526 56.6768 21.7796 28.4523 57.2422 22.3629 27.4667 57.6426 22.2582 28.4512 57.7464 22.896 27.4606 58.0915 22.9749 26.9099 58.0224 22.7636 28.4497 58.2072 24.4678 25.3961 58.7684 24.2092 26.4382 58.8571 23.5147 27.5076 58.6675 24.0835 27.2167 58.9442 23.3436 28.4385 58.7183 23.8812 28.427 59.0823 23.9701 27.9044 59.021 24.3903 27.4945 59.2473 24.4237 28.423 59.4798 21.1801 29.4071 56.7826 21.6678 29.4015 57.3668 21.1006 30.3366 56.8763 21.5702 30.3314 57.4724 22.1559 29.3945 57.8464 22.0699 30.3287 57.931 22.6348 29.3938 58.3185 22.5288 30.3322 58.4098 21.044 31.2003 56.9457 21.5907 31.2991 57.6366 21.0167 32.027 56.9795 21.4538 32.0623 57.5512 22.022 31.139 57.9785 21.976 32.0919 58.0241 21.9916 31.8792 58.0084 22.3623 31.3357 58.3897 23.2402 29.3989 58.8083 23.7423 29.4038 59.1764 23.1477 30.3366 58.8835 23.6215 30.3496 59.2562 24.5208 29.4853 59.7245 24.373 30.3694 59.7563 22.4427 32.1491 58.5342 23.0807 31.2895 58.936 23.536 31.309 59.3177 23.0382 32.1887 58.9697 23.4835 32.2266 59.3615 24.2977 31.3316 59.8078 24.241 32.2583 59.8449 25.0555 25.0968 58.9694 25.3779 25.3969 59.2742 24.7026 26.4373 59.1645 24.8788 25.7325 59.067 26.4676 25.4321 59.8016 25.435 26.4378 59.5836 26.1703 26.4299 59.9159 27.1191 25.1458 59.9515 27.3969 25.4291 60.1778 27.7613 24.7661 60.073 26.6506 26.4267 60.1368 26.8748 25.8096 60.0502 25.4778 27.3955 59.8179 26.0366 27.0729 59.9834 25.2136 28.4195 59.8839 25.7084 28.4209 60.1341 25.8793 27.7089 60.0566 26.3616 27.3911 60.2375 25.0865 29.2267 59.9536 25.3996 29.4802 60.1857 24.9244 30.3811 60.0418 24.988 29.956 60.0067 24.8208 31.3434 60.0998 24.7444 32.2705 60.1427 28.3612 25.4186 60.5007 27.4001 26.4255 60.4537 28.445 26.502 60.8112 26.4284 28.4193 60.4857 27.3998 27.4203 60.6815 28.186 27.4064 60.9298 27.4408 28.3733 60.8742 28.0417 28.0701 60.9877 29.3207 25.4236 60.7318 30.2515 25.4752 60.8919 29.314 26.2006 60.9394 30.0635 26.0346 60.9911 31.1315 25.2632 60.9176 32.2987 25.2158 60.9376 30.2316 26.3497 61.1331 30.5671 25.8848 61.0316 31.1007 25.7728 61.0614 32.4681 25.7102 61.0735 31.0754 26.4268 61.2445 32.619 26.4369 61.2679 28.6694 27.3977 61.0689 28.9581 26.9546 61.0109 29.3126 26.6901 61.0646 28.3112 28.3652 61.1546 29.3164 27.394 61.2321 30.2313 27.3972 61.3861 29.3257 28.4092 61.4115 30.2405 28.4122 61.5684 31.0614 27.4063 61.4696 32.6787 27.413 61.4911 31.0595 28.4139 61.656 32.6357 28.4201 61.6774 26.422 29.4011 60.6559 25.4315 30.3834 60.3388 26.4969 30.4172 60.8228 27.1792 29.4076 60.9313 27.6551 29.4118 61.1013 27.8568 28.6883 61.0435 27.0624 30.1544 60.9775 27.3538 30.4246 61.1458 28.3743 29.4182 61.3325 28.3823 30.4029 61.46 25.4291 31.3658 60.4496 26.3244 31.3827 60.8463 25.426 32.2905 60.5353 26.2408 32.3012 60.8886 26.8646 31.3847 61.052 26.9517 30.824 61.0191 26.7447 32.3016 61.0962 27.3983 31.3794 61.271 28.3885 31.3625 61.5654 27.3964 32.3044 61.3549 28.3948 32.3043 61.6439 29.3346 29.4278 61.561 30.2448 29.436 61.7203 29.344 30.4029 61.6905 30.2398 30.399 61.8545 31.0688 29.4322 61.8107 32.5442 29.4254 61.8357 31.1296 30.4607 61.9501 32.4907 30.3189 61.955 29.3477 31.3547 61.797 30.275 31.311 61.9556 29.4478 32.3967 61.8989 30.1041 32.178 61.9818 31.0747 31.0559 61.9946 31.1359 31.3273 62.0476 31.479 30.9014 62.0106 32.4652 30.8613 62.0161 30.2815 32.4119 62.0449 30.7046 31.6231 62.0248 32.4023 31.3867 62.0833 31.1035 32.3547 62.1393 32.28 32.3616 62.1726 32.6506 8.92756 33.1142 33.2925 8.92771 33.1171 33.8777 9.3813 33.4611 34.002 9.99569 33.0045 32.1939 10.2091 34.6628 32.4155 9.77547 34.3162 33.5485 9.77929 34.3188 33.9368 10.3152 33.7616 34.1133 10.4336 33.2037 33.7974 10.2257 34.6581 33.9968 11.0084 33.9923 34.3274 11.4409 33.5529 33.936 11.1842 34.5019 34.113 11.736 34.3842 34.9446 12.1327 32.8658 34.8188 12.607 33.5247 34.4669 12.6506 34.3965 32.3425 10.6656 35.5852 33.6469 10.6725 35.5798 33.88 11.3683 35.6149 34.0232 11.9404 35.0897 32.3614 11.4114 36.496 32.7733 10.9308 36.093 33.2307 10.9316 36.0941 33.7022 11.4334 36.4988 33.9444 12.119 35.7781 34.1842 12.5704 35.4152 33.8999 12.2115 36.6548 35.1134 12.844 33.2626 35.4447 13.5952 33.6234 36.115 13.9115 33.3028 34.9758 13.0318 33.9427 34.8717 13.1814 34.4364 35.2593 13.7363 34.4931 35.9668 14.0262 33.9275 36.3741 14.2457 33.6511 35.7992 14.1491 34.5516 36.4256 14.6752 34.6604 34.1089 12.799 36.4582 34.7499 13.5721 35.5673 35.1189 13.8618 35.2796 35.3581 14.368 35.5711 34.4886 13.5707 36.4371 34.9877 14.0153 35.9684 34.8988 14.1341 36.4666 36.1514 14.8739 35.545 35.3501 14.7719 36.344 36.0092 14.9946 36.0103 37.4494 14.7765 33.6584 38.1766 14.9359 33.3311 37.2169 14.8892 34.3949 37.9351 15.0246 33.9185 38.4792 15.129 33.6767 37.4736 15.1073 34.6793 38.4189 15.4006 34.556 39.5275 15.4461 33.6492 40.6404 15.8244 33.6568 39.5229 15.6856 34.4951 40.3576 15.9084 34.4859 36.978 15.0108 34.9719 36.5941 15.1439 35.5353 37.3074 15.4524 35.4706 38.3839 15.7182 35.2897 36.151 15.4497 36.2643 37.1889 15.806 36.1769 38.3681 15.8828 36.3009 39.5807 15.9148 35.097 40.1075 15.9765 35.0406 39.5406 15.9272 36.8738 39.8805 16.023 35.6425 40.655 16.1095 35.207 39.8401 16.0229 36.2808 32.3141 12.3166 37.4614 32.6188 11.848 37.1674 33.4633 11.8543 37.1754 33.9216 12.3853 37.5004 34.0396 12.9262 37.1729 32.1933 13.1523 38.3511 32.459 12.7284 38.0505 33.8882 12.7206 38.0617 33.9869 13.0182 37.9331 34.2474 13.3825 37.3623 33.9694 13.0304 38.1019 34.2445 13.3825 38.3011 34.7906 14.5563 37.4208 34.6289 14.6149 38.2444 35.1172 14.8505 37.1812 35.7462 15.1963 36.6105 35.289 15.3926 37.3254 36.0769 15.8405 37.1539 34.9816 15.024 37.9503 34.9368 15.0856 38.114 35.1791 15.633 38.1398 36.0679 15.9414 38.2972 32.4517 12.8565 39.8965 33.9228 12.8452 39.8044 33.969 13.0218 39.0991 34.3102 13.1942 39.9297 33.9319 12.7004 40.6076 34.0737 12.9368 39.964 34.5565 12.8273 40.7534 34.7535 14.6714 39.8975 34.7502 13.2279 40.4421 34.8805 14.3549 40.2026 34.9339 15.0943 39.6026 35.1633 15.5061 39.9084 36.0574 15.8853 39.91 35.0402 14.9369 39.9323 35.2687 14.7003 40.7057 35.4685 15.3408 40.4228 36.1194 15.4616 40.7738 37.5043 15.9219 37.1245 38.5872 15.8001 37.2917 37.9369 15.9545 38.4206 38.555 15.81 38.7728 39.1228 15.663 37.3084 40.8229 16.0887 36.6849 40.9074 15.9462 36.9251 40.9794 15.7088 37.3004 39.0149 15.4808 38.6018 40.9941 15.4805 38.679 36.7028 16.025 38.883 37.9418 16.0279 38.8911 36.6886 16.0252 39.2017 38.0361 16.012 38.9582 37.957 16.0282 39.1496 37.9894 15.8614 39.8976 37.9051 15.4808 40.7465 38.0351 16.0121 39.0361 38.5449 15.7111 39.8713 38.5498 15.1879 40.6114 39.0596 15.2484 39.8674 40.9749 15.1915 39.8024 40.1051 14.9878 39.9771 39.9259 14.9878 39.9768 39.0429 15.0655 40.1223 39.0768 14.8027 40.4965 40.9587 14.7904 40.3602 41.0657 15.9712 33.2651 41.5357 16.1891 33.6893 40.9479 16.0206 33.8898 40.8359 16.0666 34.4781 41.6488 16.3084 36.8928 41.0313 15.9837 36.9603 41.1915 15.906 37.2576 41.7609 16.2648 37.2587 41.3062 15.7928 38.8113 41.78 16.2391 38.9029 41.6762 15.5607 39.6474 41.862 16.1569 39.2249 40.9855 15.0151 40.03 41.8541 15.0758 40.2527 42.5525 16.4955 39.5766 42.2334 15.7731 39.8403 42.6601 15.565 40.3171 42.8892 16.1247 40.1269 33.857 12.4953 41.1991 34.8938 12.52 41.1773 33.3732 12.382 42.1777 34.9532 12.3776 42.0411 35.1579 13.2615 40.8576 35.054 12.953 40.9514 35.3967 12.6817 41.4037 35.6459 13.2806 41.2244 35.8257 14.2437 41.1003 35.8152 12.4154 42.0073 36.2993 13.2751 41.6966 36.1924 12.8035 41.8511 36.6089 12.5883 42.0429 36.1812 14.6657 41.2365 36.0791 14.8989 40.925 33.3117 12.4472 43.9094 34.5756 12.4316 43.9495 33.406 12.6463 44.6042 34.404 12.6266 44.6257 35.962 12.4344 43.9682 36.7597 12.4963 43.8119 35.9611 12.6371 44.6427 36.8181 12.7038 44.6572 36.9588 13.0369 42.0244 37.3698 14.6595 41.4634 37.0694 13.5856 41.8393 37.2086 13.1127 42.0777 38.4859 14.6137 41.4164 38.4975 13.7522 41.8693 38.6993 13.1796 42.1161 39.2357 14.2869 41.4509 39.8828 13.8378 41.866 39.634 13.2579 42.0753 40.9025 14.2229 41.558 40.5745 13.9199 41.8958 40.6997 13.7445 42.0294 36.7455 15.0625 41.0465 37.7341 15.0713 41.0665 38.0869 15.0377 41.0421 38.8023 14.8817 40.8302 37.4193 12.7021 42.2141 37.6698 12.6302 43.7183 38.7109 12.8491 42.4323 38.6628 12.8539 43.7896 37.6792 12.8623 44.6349 38.2706 12.9378 44.239 39.1632 12.9505 42.6864 39.1449 12.9516 43.2999 39.5912 13.1724 43.9347 40.6422 13.6992 43.9041 38.8915 13.0371 43.9608 38.6498 13.129 44.5575 39.6268 13.4913 44.4917 40.2807 13.8585 44.4566 33.224 12.8858 45.4261 34.8687 12.876 45.4275 33.0033 13.0082 45.9662 34.999 13.0108 45.9592 33.2235 13.1161 46.3968 34.9581 13.1246 46.4075 35.8876 12.885 45.379 36.7893 12.9228 45.2506 35.8497 13.0286 45.8954 36.7709 13.0713 45.7501 35.7969 13.1713 46.421 36.7413 13.2664 46.4324 33.7937 13.2948 47.4423 34.882 13.3173 47.4582 33.9915 13.4533 48.5524 34.8146 13.4967 48.5353 35.7285 13.3868 47.4641 36.6885 13.5028 47.4719 35.6857 13.589 48.529 36.648 13.7263 48.5323 37.2376 12.9648 45.1125 37.8782 13.0343 44.8905 37.6807 13.1417 45.447 38.6585 13.4154 45.4496 37.6927 13.433 46.4367 38.6492 13.6856 46.4518 39.6332 13.8064 45.426 40.0693 13.9641 45.1315 39.2489 13.9183 46.4843 39.9062 14.0449 45.7866 40.5236 14.2432 45.411 39.7622 14.1209 46.4957 40.5943 14.4977 46.4947 37.665 13.6777 47.4866 38.5879 13.9041 47.4454 37.577 13.9017 48.5065 38.1312 13.9667 48.1395 39.037 13.9862 47.0604 39.5323 14.2197 47.4666 38.8307 14.0631 47.7398 38.5761 14.1564 48.5269 40.6504 14.7507 47.5854 39.6137 14.5127 48.5735 40.3309 14.8549 48.5895 40.9616 14.0102 42.032 41.6023 14.8583 40.5665 41.7862 14.6224 41.3736 41.9797 15.0103 41.0207 42.6571 15.2181 41.0752 41.6319 14.2044 42.1147 42.2293 14.8336 41.3947 42.2532 14.7596 42.4164 43.333 16.4405 40.2941 43.0546 15.9331 40.837 43.1214 15.8385 41.022 43.5891 16.4399 41.0113 42.7583 15.2821 42.693 43.1296 15.8171 42.9034 43.5995 16.4493 42.9374 41.1241 13.9304 42.1819 41.1042 13.9286 43.4543 41.5422 14.2994 43.7796 40.9225 14.0509 43.9218 40.7783 14.1498 44.4265 42.1291 14.8761 43.7045 41.6277 14.6856 44.3697 42.0246 14.9781 44.0771 42.6685 15.3734 43.6348 43.0607 15.9247 43.5173 43.498 16.4547 43.5018 42.5638 15.4751 44.3269 43.011 15.987 44.0814 43.3445 16.3792 44.3266 41.3534 14.7747 45.4111 41.9246 15.0643 44.6827 41.8298 15.1338 45.4209 42.4679 15.6071 45.4472 41.1955 14.8838 46.5315 41.7195 15.2075 46.5711 42.3766 15.6989 46.6201 42.9675 16.0357 44.6871 42.919 16.0823 45.5409 42.8481 16.1473 46.6692 41.0765 14.9551 47.2453 41.5257 15.2475 47.6249 42.2487 15.8054 47.6552 40.9484 15.0282 47.885 40.8138 15.1106 48.5996 41.6697 15.6093 48.6612 42.1141 15.9108 48.3641 42.7542 16.2341 47.6673 42.5288 16.2853 48.677 42.5114 16.7149 33.8501 41.6337 16.3469 34.4264 42.4121 16.7811 34.5398 42.9375 17.0443 33.9939 43.6011 17.4501 33.5709 44.0124 17.9862 32.8694 44.0274 17.9708 33.0448 42.867 17.0888 34.6444 43.5944 17.5251 34.7496 44.0206 17.9812 34.9673 41.6849 16.4529 35.2346 42.282 16.8404 35.0875 42.2176 16.8405 36.7623 42.7754 17.1495 35.327 43.6272 17.6944 35.4681 44.0016 17.9986 35.0098 42.7176 17.2123 36.2085 43.3759 17.7093 36.2721 43.9419 18.0508 35.7867 44.4292 18.3684 35.5041 43.8643 18.1115 36.3013 44.4755 18.5764 36.3586 44.4857 18.392 33.1701 44.5352 18.4051 34.5742 44.911 19.1375 33.203 45.2061 19.6033 33.2682 45.6443 20.4387 33.3401 44.9517 19.0681 34.0215 45.2816 19.5017 34.2143 45.8141 20.4907 34.2698 44.9569 19.0531 35.9134 45.3366 19.4763 35.2898 45.8164 20.2967 35.2481 44.9294 19.0759 36.5803 45.3715 19.5068 36.3799 45.8433 20.2349 36.1429 45.9393 21.1281 33.3535 46.0676 21.8234 32.6975 46.1563 21.6009 33.3664 45.9914 21.0191 34.0562 46.2265 21.3562 34.3083 46.4968 22.4109 33.3875 46.6916 22.4 34.3233 46.8452 23.41 33.4333 46.9526 24.1483 33.1748 46.9391 23.1633 34.3091 47.074 24.3356 33.4333 47.0263 23.8931 33.865 47.0801 23.6191 34.304 47.2457 24.2546 34.2965 46.0389 20.92 34.6136 46.0873 20.8262 35.2901 46.134 20.7425 36.1753 46.409 21.4217 35.2841 46.8494 22.4725 35.2641 46.4954 21.3995 36.1343 46.8593 22.3326 36.0515 46.9869 23.0437 35.0969 47.1272 23.2857 35.2204 47.3664 24.267 35.1774 47.018 22.9476 35.667 47.0327 22.9008 36.0064 47.2025 23.3463 36.003 47.4214 24.288 36.0068 42.207 16.7998 37.6168 42.2448 16.7662 38.96 42.697 17.2627 37.7703 43.2963 17.7597 37.5017 43.8028 18.1582 37.3325 42.7365 17.2245 38.9634 43.3526 17.7202 38.9586 43.8459 18.1344 38.9536 44.4202 18.6379 37.2459 44.4294 18.6196 38.9565 42.8593 17.1128 39.1661 43.5935 17.5219 39.5187 43.9343 18.0651 39.1633 43.1751 16.8042 39.8133 43.8475 17.2467 40.2164 44.4286 18.4387 39.5277 44.076 17.9082 39.8339 44.1694 17.7478 40.2505 44.8924 19.1059 37.1125 45.3822 19.5505 37.105 45.8537 20.2037 37.0497 44.9049 19.0975 38.9598 45.3789 19.5469 38.9607 45.8552 20.1985 38.8073 44.7276 18.5924 40.2438 44.9513 19.0593 39.5802 45.3669 19.5131 39.6156 45.8523 20.2149 39.902 44.9811 19.0258 40.1286 45.2906 19.3816 40.4145 45.8423 20.2569 40.7661 46.16 20.6936 37.0222 46.1653 20.6822 38.9443 46.5315 21.3794 37.1014 46.8709 22.3287 37.6594 46.5287 21.3644 38.9119 46.8639 22.3608 38.8004 47.0326 22.8937 37.9745 47.1976 23.3714 37.9919 47.4207 24.3099 37.9826 47.0159 22.9443 38.7387 47.1611 23.3916 38.7154 47.3847 24.3279 38.7345 46.1489 20.7074 39.8718 46.1094 20.7703 40.6898 46.4942 21.3609 39.8145 46.8663 22.4888 39.6434 46.4184 21.3726 40.6557 46.7585 22.3914 40.6454 47.0034 22.9882 39.0649 47.0939 23.3564 39.6049 47.3251 24.3446 39.6434 46.9836 23.0626 39.8319 46.9521 23.18 40.6336 47.0726 23.6579 40.6184 47.2457 24.3637 40.6045 47.038 25.1361 32.8408 47.0101 24.9318 32.9592 47.1881 25.1311 33.3913 47.0631 26.0825 32.7278 47.2372 26.0789 33.4112 47.3742 25.1542 34.3033 47.4282 26.0257 34.3212 47.054 27.9261 32.7666 47.2205 27.9295 33.4331 47.0255 28.5513 32.8923 47.1647 28.5554 33.4474 47.4216 27.964 34.3412 47.3743 28.5884 34.3672 47.4955 25.1873 35.2058 47.5586 26.0108 35.2149 47.5583 25.1973 36.0231 47.6262 26.0416 36.0453 47.5639 27.9611 35.2288 47.5328 28.6662 35.259 47.6397 27.5982 36.0836 47.6247 28.7694 36.1383 47.0058 29.0724 32.9757 47.091 29.1756 33.3946 46.9841 30.9702 33.0698 46.9861 29.4904 33.0584 47.3179 29.2363 34.3811 47.0962 30.9559 33.5292 47.2874 30.9042 34.3776 46.9928 31.033 33.0336 47.1627 31.6106 33.3933 47.3681 32.6978 33.7258 47.3823 31.7455 34.4068 47.5469 32.6786 34.5217 47.4862 29.4031 35.2935 47.4467 30.8123 35.3142 47.5939 29.5465 36.2185 47.5563 30.7526 36.304 47.5248 31.868 35.3075 47.7345 32.4606 35.4778 47.6121 31.9398 36.2575 47.8588 32.306 36.1722 47.5683 25.1992 37.9028 47.6403 26.0786 37.6916 47.539 25.2136 38.7815 47.6184 26.1127 38.8273 47.6613 27.085 37.2964 47.6597 28.8504 37.0448 47.6462 27.0993 38.8767 47.6544 28.5295 38.9351 47.4832 25.235 39.6314 47.5696 26.1514 39.6304 47.4109 25.2601 40.592 47.5061 26.1953 40.5679 47.6056 27.2186 39.6335 47.624 28.527 39.6628 47.5528 27.2767 40.5546 47.582 28.5261 40.5664 47.6476 29.6173 37.1068 47.6328 30.8398 37.2447 47.6605 29.7966 38.4449 47.676 30.8352 38.0932 47.6724 31.9587 37.2547 47.8808 32.6297 37.658 47.7174 31.8994 38.1319 47.8252 32.7608 38.3362 47.6442 29.7692 39.7774 47.6827 30.699 39.7424 47.6125 29.706 40.5963 47.6616 30.6545 40.7198 47.7399 31.6726 39.4236 47.813 32.7079 39.0157 47.7299 31.5919 40.8979 47.8107 32.5454 40.9519 43.9498 17.0853 41.009 44.2401 17.5747 41.0121 43.9575 17.0712 42.9275 44.2525 17.5535 42.8767 43.9187 17.1216 43.3399 44.2423 17.602 43.2783 43.8912 17.1478 44.3693 44.24 17.6245 44.4416 44.7384 18.4431 41.0134 44.7523 18.42 42.8083 45.0168 18.9741 40.7881 45.0318 18.9462 41.0023 45.3531 19.465 41.3879 45.8203 20.3275 41.6087 45.0327 18.9406 42.9838 45.3262 19.4524 42.5207 45.8282 20.5013 42.5319 44.7447 18.4124 43.2318 44.7437 18.4014 44.7017 45.024 18.9563 43.289 45.2944 19.4329 43.3351 45.7337 20.4322 43.3355 45.018 18.9666 44.7326 45.2711 19.4207 44.5529 45.6865 20.4304 44.4334 46.0593 20.8661 41.557 46.0236 20.9441 42.2126 46.3165 21.3907 41.5404 46.6546 22.3986 41.549 46.1743 21.3386 42.487 46.5399 22.4134 42.4503 46.9194 23.4529 41.615 47.0317 23.8547 41.3264 47.1198 24.3023 41.6108 46.8125 23.4243 42.4457 46.9972 24.0135 41.9732 46.9692 24.1283 42.4282 45.989 21.0283 42.8901 45.9664 21.0888 43.35 46.1453 21.5409 43.3618 45.9376 21.1784 44.4064 46.1039 21.6627 44.3894 46.4343 22.433 43.3533 46.3561 22.4477 44.3928 46.7123 23.4342 43.3617 46.9224 24.2936 43.3976 46.6381 23.4298 44.4464 46.8996 24.4665 44.4924 43.4007 16.5392 45.623 43.8724 17.1657 45.8277 44.2326 17.6436 45.8804 43.3451 16.6211 46.7073 43.8275 17.2146 46.7544 44.195 17.7091 46.7763 43.2459 16.7353 47.6738 43.751 17.3007 47.6796 44.1192 17.8285 47.6845 43.1066 16.8886 48.6373 43.6961 17.4939 48.6302 44.0481 17.9329 48.237 44.7379 18.4025 45.8996 44.751 18.5063 46.7288 45.0078 18.9852 45.8753 45.2431 19.4148 45.8067 45.645 20.4282 45.6945 45.0003 18.9994 46.0041 45.1642 19.3625 46.7032 45.5821 20.428 46.741 44.5518 18.4065 47.6949 44.3025 18.3557 48.6334 44.9719 19.0589 46.8876 44.9166 19.1634 47.6956 45.1465 19.6362 47.6985 45.4751 20.4255 47.7015 44.8235 19.3188 48.6476 45.0572 19.8669 48.6479 45.3092 20.4225 48.6536 45.9142 21.2527 45.6295 46.0736 21.7569 45.5927 45.8825 21.3354 46.7155 46.0409 21.8641 46.7002 46.2949 22.45 45.595 46.2233 22.439 46.6788 46.5729 23.416 45.622 46.8037 24.3733 45.6217 46.4883 23.4047 46.6587 46.7035 24.3699 46.6303 45.8489 21.5118 47.636 46.0143 21.9541 47.1446 45.6647 21.4264 48.6511 45.9739 22.0902 47.8489 46.111 22.392 47.6238 45.9152 22.2544 48.6439 46.0509 22.7727 48.6341 46.3696 23.3979 47.6452 46.5708 24.3858 47.6135 46.2092 23.3962 48.6106 46.4029 24.4134 48.5784 47.3222 25.294 41.524 47.4338 26.2321 41.5319 47.0745 24.5784 42.4182 47.2292 25.3187 42.4372 47.356 26.2667 42.4689 47.4942 27.305 41.5324 47.5336 28.5092 41.5128 47.4314 27.337 42.4945 47.4849 28.4678 42.5204 47.0325 24.8346 43.4311 47.1481 25.3282 43.4741 47.2819 26.3003 43.5238 47.0092 24.9564 44.1302 47.0659 25.3248 44.5445 47.2038 26.3344 44.5959 47.3689 27.3615 43.5611 47.4336 28.455 43.579 47.2973 27.3994 44.6061 47.3729 28.4607 44.6109 47.5748 29.6207 41.5231 47.6277 30.615 41.5493 47.535 29.5522 42.5315 47.5903 30.5703 42.5091 47.6947 31.5977 41.5832 47.7772 32.5615 41.6511 47.6539 31.6007 42.4697 47.732 32.5989 42.4355 47.4922 29.511 43.5732 47.552 30.5305 43.5442 47.4424 29.4869 44.6077 47.5098 30.5108 44.5819 47.6153 31.6006 43.4784 47.6932 32.607 43.4134 47.5784 31.5898 44.5302 47.6617 32.5844 44.4825 46.984 25.0883 44.8143 46.9518 25.2353 45.6263 47.0272 25.7513 45.6186 47.1085 26.3762 45.5957 46.8923 25.4803 46.4872 47.0003 25.9979 46.0024 47.0279 26.4198 46.2594 47.2081 27.44 45.5898 47.2963 28.4743 45.5957 47.0835 27.391 46.6373 47.2032 28.4798 46.5589 46.7287 25.4139 47.5856 46.9648 26.4411 46.7653 46.8603 26.4563 47.5597 46.5657 25.4473 48.5582 46.7113 26.4747 48.55 46.9959 27.0367 46.9671 46.9648 27.4391 47.581 47.0329 27.7134 47.2941 47.0822 28.4012 47.6172 46.8498 27.4798 48.5526 46.9946 28.0458 47.9535 46.966 28.4266 48.6128 47.3799 29.4809 45.6069 47.4597 30.5021 45.6097 47.3015 29.4856 46.5759 47.3972 30.4992 46.6085 47.5401 31.5609 45.6114 47.6317 32.5493 45.631 47.4922 31.5247 46.6396 47.5916 32.5243 46.6478 47.21 29.4825 47.5576 47.3182 30.5032 47.5833 47.0339 28.7129 48.341 47.0877 29.3779 48.6561 47.2246 30.5024 48.5802 47.4273 31.5069 47.6219 47.5369 32.5071 47.6466 47.3425 31.5057 48.5972 47.4621 32.4985 48.6289 33.9962 13.6291 49.62 34.7826 13.6889 49.6003 33.9239 13.8829 50.7065 34.7695 13.8956 50.4575 35.6662 13.8027 49.5789 36.5012 13.9336 49.4919 35.6542 13.9592 50.1651 36.007 13.9986 50.0049 33.6372 13.9902 51.0285 33.9338 14.005 50.9823 34.767 14.0334 50.892 33.9259 14.1383 51.5297 35.6594 14.0989 50.7004 36.5297 14.1913 50.4885 34.7801 14.2375 51.6163 33.9972 14.5718 52.6159 34.7853 14.6389 52.6185 35.6787 14.3714 51.6109 36.6266 14.5671 51.6007 35.6506 14.7976 52.6592 36.6366 14.8742 52.3215 37.124 13.9746 49.0972 37.8219 14.0505 48.8106 37.5648 14.1555 49.506 36.7554 14.0639 49.7769 38.6176 14.4484 49.5647 37.6058 14.474 50.574 38.6126 14.7911 50.5884 39.5985 14.8088 49.5452 40.1034 14.9513 49.163 39.2202 14.9198 50.2471 39.8726 15.0597 49.8347 40.5449 15.2405 49.5561 39.5934 15.1675 50.5916 40.6306 15.675 50.5978 37.5607 14.8253 51.5828 38.2521 14.9238 51.2126 37.1572 14.958 52.0975 37.833 15.0581 51.8687 38.6039 15.1656 51.578 37.571 15.2298 52.5358 38.6345 15.6659 52.6329 38.8924 15.0412 50.8927 39.6712 15.6294 51.6572 40.295 15.8484 51.3617 39.372 15.846 52.3121 39.9706 16.0157 51.97 40.6182 16.1635 51.6452 39.6554 16.1501 52.6151 33.994 14.907 53.1642 34.7793 14.9414 53.1031 33.9808 15.2064 53.6951 34.7698 15.2403 53.6544 33.9384 15.7033 54.4098 34.7526 15.7445 54.3503 35.1914 14.9769 53.0399 35.8644 15.0304 52.9403 36.6454 15.1075 52.8052 35.656 15.257 53.5032 36.6564 15.5154 53.5844 35.7136 15.8159 54.2562 36.6684 15.924 54.1079 33.8991 16.0967 54.8801 34.7409 16.1361 54.8318 35.7215 16.1981 54.7557 36.6771 16.2943 54.6396 37.5248 15.7908 53.5657 38.3093 15.8896 53.1866 37.0173 15.9943 54.0079 37.7735 16.1064 53.8519 38.6367 16.2296 53.5569 37.5508 16.4821 54.529 38.9246 16.0358 52.939 41.3888 15.7589 49.5872 41.9776 16.0172 48.9499 41.8541 16.1182 49.5892 41.1492 15.9042 50.2534 41.5521 16.2764 50.5963 40.9219 16.0504 50.8941 40.5723 16.6524 52.5481 33.8928 16.5772 55.4983 34.7419 16.6229 55.4464 33.8953 17.0312 55.9661 34.7486 17.0712 55.9219 33.9142 17.4958 56.502 34.7736 17.5421 56.464 35.7315 16.6933 55.3654 36.6825 16.8054 55.2308 35.7433 17.1355 55.8513 36.6878 17.2421 55.7363 35.7556 17.6156 56.3905 36.6888 17.7411 56.2604 38.6031 16.766 54.3078 39.5481 16.6889 53.5514 40.1969 16.8789 53.1796 39.1378 16.9274 54.0958 39.8216 17.1205 53.8464 40.6272 17.4177 53.6037 39.563 17.4648 54.5489 40.3494 17.7734 54.2791 37.266 16.9164 55.0985 37.8946 17.0465 54.9466 38.599 17.1793 54.7987 37.6606 17.4313 55.5689 38.5919 17.6684 55.3527 37.3426 17.8802 56.1182 37.9389 18.0292 55.9717 38.5904 18.1661 55.8386 37.6285 18.4243 56.5605 39.2394 17.8696 55.139 39.8848 18.0808 54.916 40.6984 18.3469 54.6612 39.5831 18.44 55.5531 38.5899 18.6471 56.298 40.3761 18.7183 55.262 39.1987 18.8739 56.1045 39.8593 19.1118 55.9069 40.6644 19.3574 55.6202 39.4966 19.4947 56.4925 40.2673 19.7608 56.1646 42.5795 16.6521 49.5162 42.1869 16.8335 50.5779 43.0159 16.9836 49.0409 43.322 17.4233 49.5232 43.9617 18.0538 48.8777 43.8577 18.1886 49.6162 42.8781 17.1248 49.7736 42.7068 17.2977 50.5761 43.1508 17.8193 50.5799 43.6987 18.4654 50.5665 44.1914 18.672 49.6223 44.0699 18.8877 50.1849 41.5457 16.7282 51.491 42.0251 16.9767 51.0412 41.1435 16.8926 52.1778 41.8229 17.1652 51.7526 42.4721 17.5303 51.4255 41.5799 17.4404 52.5664 42.1634 17.8355 52.2469 43.0167 17.9808 51.0309 43.2428 18.4671 51.4764 42.8346 18.1884 51.7428 42.5606 18.4306 52.5614 43.9282 19.1163 50.8485 44.2705 19.4091 50.5678 43.8068 19.419 51.6047 44.1205 19.7684 51.2945 43.0941 18.8716 52.1619 43.3333 19.4428 52.5393 43.9681 20.0599 51.9323 44.3271 20.3737 51.6133 43.8504 20.3884 52.6147 44.709 19.5022 49.5406 45.002 19.9957 49.0076 45.1128 20.4743 49.5156 44.9114 20.1923 49.7693 44.7863 20.467 50.5622 44.1398 20.6934 52.3155 45.4478 21.4221 49.6178 45.806 22.4916 49.5114 45.0482 20.8759 50.161 45.1708 21.4427 50.555 45.4993 22.4065 50.5869 46.0039 22.9856 49.0174 45.9281 23.2545 49.7427 46.0483 23.5108 49.4694 45.8132 23.4964 50.4877 46.0025 23.9885 50.0105 46.2069 24.4332 49.5617 46.0516 24.459 50.2481 44.9373 21.1507 50.8338 44.8137 21.4473 51.5551 45.0657 21.8155 51.191 45.1807 22.4364 51.5559 44.3392 21.3742 52.6266 44.9419 22.1492 51.8531 44.8092 22.4386 52.5449 45.4825 23.4114 51.5751 45.933 24.4578 50.756 45.726 24.4416 51.5771 45.0607 22.8125 52.1671 45.154 23.4747 52.545 45.4157 24.444 52.5794 40.858 17.1101 52.8442 41.2889 17.7602 53.3298 41.9199 18.0805 52.8949 41.6662 18.3471 53.6706 40.9558 18.0364 53.9563 42.2383 18.719 53.3385 41.3634 18.6563 54.3664 41.9701 19.0337 53.9639 42.5986 19.3853 53.6203 41.6836 19.3155 54.6835 42.2621 19.6569 54.3297 42.8871 19.1487 52.8315 43.1268 19.8122 53.2043 43.3527 20.4391 53.5679 42.9036 20.141 53.8643 42.5929 20.398 54.6137 40.9738 19.0245 54.9776 41.332 19.6419 55.2902 41.9515 20.0607 54.9503 41.6176 20.3756 55.6035 40.905 20.1005 55.9266 40.5334 20.4765 56.5127 43.9748 21.051 52.9497 43.8417 21.3848 53.6118 44.1375 21.6844 53.2964 43.1196 20.8013 54.1792 43.311 21.4776 54.5656 43.9594 22.0882 53.928 44.3156 22.3963 53.6268 43.7755 22.4114 54.5742 44.1073 22.731 54.1925 42.2149 20.6936 55.2165 41.1998 20.7478 56.1517 41.8601 21.1843 55.8715 42.5227 21.5021 55.5195 41.4836 21.5563 56.4803 42.0911 21.86 56.0834 42.8719 21.1939 54.847 43.0671 21.8751 55.0806 43.2428 22.4481 55.3011 42.7975 22.4505 55.7905 42.3043 22.4513 56.2719 43.9011 23.2138 54.8561 44.2353 23.4945 54.5762 43.5547 23.4583 55.5722 44.038 23.9023 55.0547 42.9473 23.0976 55.9449 42.5756 23.4326 56.5603 43.1175 23.7455 56.1263 43.793 24.4412 55.747 44.1528 24.4418 55.2353 43.2986 24.4364 56.325 44.9314 23.1949 52.8367 44.7677 23.4709 53.5295 45.0357 23.8791 53.0889 45.1233 24.4592 53.3651 44.9215 24.4535 53.8379 44.5867 24.4355 54.6084 46.3817 25.4688 49.5551 46.5465 26.4792 49.5624 46.1487 25.4055 50.6346 46.3588 26.4796 50.5727 46.704 27.472 49.5746 46.8519 28.4615 49.5834 46.5328 27.4695 50.5825 46.6959 28.4519 50.598 45.9894 25.0531 50.9548 45.9178 25.4237 51.5815 46.0556 25.7137 51.2433 45.6568 25.4616 52.5847 45.9721 26.1308 51.8943 46.1284 26.4627 51.5934 45.8785 26.449 52.5613 46.042 26.7909 52.1644 46.3292 27.4621 51.5886 46.5037 28.4464 51.602 46.0971 27.5229 52.5682 46.2655 28.4414 52.6091 46.9977 29.019 48.9788 46.9677 29.3978 49.6472 47.0385 29.6707 49.3672 47.0938 30.4039 49.6773 46.8434 29.4588 50.6115 46.9967 30.0257 49.974 46.9594 30.3918 50.6556 47.2393 31.4987 49.6213 47.3642 32.4935 49.6471 47.0398 30.6798 50.3411 47.0918 31.4375 50.6752 47.2312 32.481 50.6515 46.6602 29.4514 51.6149 46.8016 30.4533 51.6228 46.4268 29.4465 52.6117 46.5707 30.4437 52.6118 46.9897 31.0831 50.9365 46.9251 31.4123 51.591 47.0303 31.7339 51.1752 47.0759 32.4567 51.4499 46.6994 31.4374 52.6105 46.9712 32.4462 51.8877 46.8124 32.442 52.6038 43.9224 25.1983 55.9003 44.2909 25.4814 55.6109 43.5453 25.4689 56.5518 44.0361 25.8862 56.0459 45.2604 25.3473 53.6959 45.5599 26.4461 53.609 44.9991 25.0031 53.9978 44.8554 25.3524 54.5921 45.0894 25.6204 54.2064 45.1641 26.5282 54.5936 45.9478 27.2384 52.8394 45.8108 27.5051 53.5284 46.0144 27.9266 53.0444 45.3796 27.4235 54.6177 45.8947 28.4341 53.7443 46.0664 28.4363 53.2232 45.573 28.4294 54.6196 44.923 26.2547 54.8643 44.681 26.5113 55.5104 44.1285 26.422 56.1666 45.0108 26.958 55.0187 45.072 27.4123 55.1315 45.1762 28.4211 55.3268 44.7692 27.409 55.6834 44.2677 27.4028 56.354 44.8656 28.4147 55.8074 44.3224 28.4826 56.6186 45.9572 29.2369 53.8905 46.1276 29.5125 53.617 45.7884 29.515 54.5309 46.0112 29.9301 54.0272 46.2749 30.4375 53.6157 46.0513 30.4328 54.1384 46.4059 31.4237 53.6153 46.5174 32.4167 53.6113 46.1201 31.4173 54.3187 46.1802 32.4032 54.4891 45.2719 29.4387 55.5088 45.841 30.4296 54.6969 45.3184 30.3676 55.6953 44.9513 29.4331 55.9299 44.5406 29.4307 56.5719 44.9949 30.0332 55.9924 44.7305 30.3649 56.4994 45.9029 31.4162 54.8037 45.5222 31.4195 55.6086 45.9572 32.4049 54.913 45.6362 32.4018 55.6078 45.0443 30.6575 56.0613 45.1002 31.42 56.1394 45.162 32.3988 56.2258 33.9425 18.0365 56.9667 34.8034 18.071 56.934 35.7695 18.1397 56.8708 36.6844 18.2629 56.762 33.9613 18.4978 57.4168 34.8257 18.5362 57.3852 33.9829 19.1361 57.8947 34.8462 19.1726 57.8665 33.9843 19.6145 58.2671 34.851 19.6581 58.2371 35.7691 18.6174 57.3111 36.6735 18.7715 57.1788 35.7677 19.255 57.8024 36.6728 19.4847 57.7343 35.7681 19.76 58.1645 36.316 19.8873 58.0769 33.9821 20.3491 58.7656 34.8477 20.3842 58.7401 35.6715 20.5271 58.708 36.6524 20.3787 58.3242 37.1969 18.916 57.0661 37.858 19.0825 56.9371 38.5887 19.26 56.7915 37.5808 19.4014 57.3409 38.5858 19.7706 57.1468 36.9134 20.0494 57.9688 37.5929 20.2071 57.8601 38.5239 20.5032 57.6601 39.0293 19.9766 57.0157 39.75 20.236 56.8318 39.4874 20.5082 57.1721 33.9796 20.8758 59.0747 34.8397 20.9267 59.0427 33.977 21.4382 59.4309 34.8095 21.4378 59.3545 33.9761 22.2971 59.8503 34.8374 22.4914 59.8458 35.0768 20.9772 59.0134 35.8554 21.1022 58.9431 36.6294 21.2832 58.8376 35.6551 21.4124 59.1896 36.6277 21.7975 59.0924 35.6977 22.4495 59.6698 36.6228 22.456 59.4104 33.9756 22.8182 60.0785 34.6084 22.9 60.0426 34.9896 23.0035 59.9986 35.686 23.122 59.9453 34.8265 23.3311 60.2113 36.629 23.4628 59.8336 35.6836 23.5856 60.1485 36.2713 23.831 60.065 37.5898 20.7018 58.1629 38.1012 20.9233 58.0435 40.0594 20.937 57.0374 38.7952 21.1946 57.8889 39.5283 21.4879 57.6982 38.5181 21.4847 58.1967 40.4899 21.5474 57.1649 39.1271 21.8754 58.0611 39.8095 22.214 57.8877 40.5034 22.5037 57.6547 39.5239 22.5066 58.2026 40.0821 22.8956 58.0479 37.4943 21.5374 58.6673 37.0233 21.9831 59.0084 37.7516 22.2288 58.8845 38.5118 22.5177 58.7061 37.4913 22.5131 59.1253 38.0913 22.9146 59.0381 37.5812 23.4509 59.5078 38.5105 23.5121 59.1527 36.8959 24.0911 59.9651 37.6101 24.4055 59.8667 36.6372 24.3928 60.197 38.5697 24.4387 59.5129 38.7861 23.229 58.8898 39.5004 23.517 58.6867 40.3376 23.4637 58.1856 39.0739 23.9135 59.0364 39.8294 24.4449 58.8969 40.6489 24.3654 58.4109 39.3487 24.4423 59.1535 33.9698 23.4214 60.3508 33.9535 24.4126 60.6988 34.7654 24.4136 60.6117 35.6781 24.4164 60.4537 40.7623 21.2851 56.8214 41.0059 21.9923 57.0043 41.7217 22.454 56.7695 41.2044 22.4552 57.1387 41.9067 23.1474 56.9233 41.5931 23.4622 57.3728 42.1095 23.8104 57.0893 40.8239 23.4621 57.8783 40.9876 24.0183 57.9921 41.5659 24.3606 57.7996 42.3113 24.4381 57.2524 42.8018 24.4347 56.81 37.285 24.7296 60.0868 37.9145 25.1003 59.9673 38.5649 25.4076 59.8456 37.6225 25.4108 60.2069 38.2018 25.7433 60.0699 39.9972 25.0042 58.9985 40.5712 25.337 58.8395 39.6651 25.3342 59.3399 40.2214 25.6048 59.113 38.8621 26.1929 59.9412 39.5025 26.47 59.7629 38.5687 26.4846 60.1593 40.5763 26.4765 59.2144 39.0708 26.8762 60.0308 39.7627 27.3958 59.8767 40.5709 27.392 59.4847 39.259 27.4088 60.1078 39.9139 28.1897 59.9572 40.482 28.4512 59.747 39.5943 28.4431 60.1872 40.0318 28.8965 60.0166 33.9297 25.2578 60.9278 34.7733 25.4844 60.9036 33.8992 25.7648 61.0571 34.4716 25.8847 61.0286 33.8766 26.4448 61.2354 34.7647 26.3603 61.1264 35.6724 25.4412 60.7497 36.6409 25.4403 60.5307 34.9487 26.0244 60.9941 35.6661 26.1961 60.9439 36.5726 26.5103 60.8329 33.8729 27.422 61.4592 34.7326 27.4355 61.375 33.8762 28.4228 61.6486 34.7467 28.431 61.5707 35.6662 26.6849 61.0682 36.0787 26.9323 61.0171 35.6632 27.4346 61.2385 36.5534 27.508 61.0724 35.6566 28.4413 61.4351 36.6393 28.4239 61.2502 37.6076 26.4525 60.517 36.8036 27.2323 60.9377 37.5554 27.4942 60.8134 38.5813 27.4225 60.4196 37.0599 27.9286 61.0162 37.812 28.3845 60.9257 38.5939 28.3837 60.6467 37.3306 28.3976 61.0736 33.8744 29.421 61.809 34.7604 29.4123 61.7393 33.8371 30.4694 61.9504 34.7571 30.4016 61.8788 35.6781 29.4112 61.6126 36.6448 29.4067 61.427 35.7028 30.3923 61.7597 36.6542 30.3914 61.5736 33.4962 30.9096 62.0108 33.9255 31.0464 61.9952 34.7495 31.2161 61.9708 33.8459 31.3381 62.0508 34.7499 31.717 62.0226 35.6298 31.487 61.9012 36.6566 31.4022 61.6901 35.0133 31.9818 62.0019 35.7786 32.3797 61.949 36.6559 32.394 61.7854 35.2245 32.3821 62.0226 33.9083 32.389 62.1513 34.7607 32.3949 62.0867 37.9468 29.1035 60.9828 38.5356 29.3991 60.838 37.6876 29.3861 61.1505 38.0873 29.7385 61.033 37.6282 30.4053 61.3134 38.2339 30.4215 61.0812 39.5566 29.4312 60.3729 40.1239 29.4295 60.0636 38.7471 30.4287 60.8837 39.5654 30.4271 60.5252 40.2673 30.4194 60.1389 37.6152 31.4142 61.4279 38.4334 31.4048 61.1408 37.6146 32.4097 61.5256 38.6712 32.4255 61.1643 38.8794 31.3866 60.9492 39.5771 31.3832 60.6578 40.3901 31.3938 60.205 38.9623 32.1464 60.9849 39.4936 32.4302 60.7998 40.486 32.4313 60.2576 41.2094 24.6434 58.135 41.8685 25.2307 57.8997 42.5406 25.494 57.5215 41.5661 25.4966 58.2605 42.03 25.9356 58.0232 42.9394 25.1366 56.9426 43.0741 25.795 57.0732 43.719 26.4148 56.6925 43.2039 26.4096 57.2021 42.6813 26.4038 57.7144 42.1532 26.3988 58.1164 43.8498 27.3947 56.8321 43.3719 27.3874 57.3725 43.9403 28.2231 56.9334 43.5216 28.5354 57.5249 42.8308 27.3828 57.8499 42.3468 27.3884 58.2641 42.934 28.2237 57.9417 42.6072 28.472 58.3175 40.8772 26.2058 58.9242 41.4849 26.4673 58.6655 41.0397 26.9093 59.0251 41.6858 27.3902 58.7634 41.1599 27.3884 59.0998 41.8197 28.3933 58.8671 41.3368 28.3922 59.2096 44.0093 28.9511 57.0103 43.0056 28.9716 58.005 43.5949 29.4199 57.6027 44.0554 29.4212 57.0617 43.0528 29.4216 58.0475 43.6615 30.4435 57.6688 44.1341 30.4411 57.1473 43.1377 30.4482 58.1233 43.7256 31.453 57.7299 44.206 31.4466 57.2235 43.2172 31.4563 58.1944 43.7871 32.4617 57.7892 44.2737 32.4457 57.2958 43.2927 32.4625 58.2626 41.938 29.4084 58.955 42.5564 29.4158 58.5315 41.4889 29.4102 59.3016 41.9956 30.0214 58.9968 42.4834 30.3502 58.719 41.6574 30.3399 59.3324 40.6577 29.4189 59.7934 40.7677 30.4144 59.8617 42.059 30.62 59.0444 40.8663 31.4105 59.92 41.5592 31.4321 59.5275 42.1249 31.4471 59.0927 40.9475 32.4419 59.9691 41.5578 32.4514 59.6295 42.2009 32.4635 59.1477 42.6533 31.4529 58.706 42.7137 32.4643 58.763 44.7194 31.4307 56.6723 44.7743 32.417 56.735 15.9462 37.0435 32.8483 15.9433 36.8766 32.8331 15.816 37.768 33.3742 15.7947 36.6719 33.4435 16.2661 36.4292 33.5384 16.0754 37.9022 33.4071 15.6818 37.9608 34.156 15.5812 36.3618 34.2442 16.3606 36.1719 34.4136 16.0135 37.9778 34.064 15.5654 37.9938 35.2036 15.5533 36.1491 35.1198 16.0959 36.0688 35.063 15.9504 38.219 34.5297 16.038 38.1513 34.1713 15.9088 38.2595 35.1058 15.6122 37.9982 36.9117 15.7157 36.0337 36.7531 16.0253 36.029 36.3609 15.8423 38.2184 36.9862 16.055 38.312 35.0515 16.2419 38.2641 36.9903 16.4525 35.767 36.6733 15.9861 35.9899 36.9158 15.7147 36.1402 37.9435 15.8849 35.8943 37.7358 16.4655 35.415 37.2506 15.8129 36.6043 38.141 15.8598 35.6632 38.2683 16.4694 35.2438 38.5359 16.5783 36.8755 38.3794 15.7258 37.8158 37.8298 15.8053 38.1409 37.2357 15.908 37.1075 38.0444 16.4831 38.1206 37.2371 16.5575 37.8307 37.8015 16.6129 37.2753 38.1287 18.2778 33.4618 33.7813 18.4454 34.8923 33.8984 18.092 33.4909 34.3502 18.1666 34.951 34.4018 17.3686 36.1832 33.6549 17.8415 35.8815 33.8043 18.218 35.4037 33.8577 17.1739 36.0803 34.1817 17.7039 35.7684 34.574 18.1028 35.2184 34.2298 17.9226 33.1486 34.8365 17.6698 33.0971 35.3972 17.9246 34.996 34.8547 17.6627 34.9961 35.3064 17.3887 33.1078 36.4451 17.378 34.9746 36.6119 17.327 35.4111 35.2504 16.8196 35.9318 34.8592 16.65 35.8202 35.182 17.1234 35.1677 36.644 18.984 37.1655 32.7966 17.3094 37.7885 33.3876 18.8702 37.7312 33.4037 16.8438 38.0126 33.9629 17.0144 38.0126 33.9637 17.9129 38.1183 34.3781 17.9691 37.9452 34.1145 18.2128 37.939 34.0959 19.117 37.8531 33.1441 19.2797 38.3521 33.4726 18.9283 38.1188 33.7993 18.8017 38.2985 34.3853 19.889 39.4352 32.7066 19.5844 39.3268 33.5266 19.9602 40.1967 32.8861 19.8325 40.5315 33.4767 19.0838 38.8202 34.1533 19.1846 39.36 34.4694 19.4555 40.4783 34.4886 17.9455 38.3426 35.1766 18.3859 38.6405 35.257 17.8995 38.3803 36.7115 18.1368 38.8174 36.1839 18.9278 39.1257 34.8252 18.8078 39.2649 35.3609 19.0473 39.8205 35.1214 19.1213 40.5156 35.4376 18.4687 39.2206 36.3309 18.9313 40.2189 35.7756 18.8099 40.4908 36.3656 17.201 33.4092 37.3782 17.1309 34.8066 37.073 17.3454 33.5099 38.655 16.7377 34.5856 37.3598 16.8718 33.8605 37.9148 16.7311 34.4063 38.5621 16.8667 33.8732 38.2018 17.0497 35.0717 37.0592 17.6918 33.4495 39.1099 17.1817 34.2367 38.8367 17.5318 34.2316 39.1028 17.7808 33.3876 40.0437 17.6781 34.2944 40.0192 17.1228 35.0514 38.8635 17.4514 35.1057 39.0856 17.1852 36.9836 38.7656 17.4792 36.961 39.0605 17.6098 35.1402 40.0058 17.5845 36.6986 40.0463 17.7763 38.2117 37.491 17.2197 37.8873 37.8527 17.3925 37.6401 38.3563 17.8419 38.3726 38.154 18.0379 38.9143 37.3584 18.004 38.9903 38.0375 18.235 39.2676 37.3757 18.5111 40.4759 37.4108 18.0721 39.3236 38.506 18.2924 40.5425 38.4426 17.6024 37.57 39.0393 17.7538 38.4108 39.4097 17.6007 37.7425 40.4894 17.6575 38.6962 40.5257 17.9653 39.1148 38.8352 17.9131 39.5297 39.5391 18.0261 39.8495 39.1628 17.7668 39.6691 40.4261 17.9698 40.1621 39.8151 18.0995 40.5562 39.459 17.923 40.5919 40.4797 20.0349 40.8574 33.1019 19.9202 41.3447 33.7739 20.1071 41.6594 33.4787 19.7721 41.6365 34.4278 20.0161 41.947 34.046 19.3807 41.5744 35.4624 19.8996 42.3346 34.709 20.1045 42.6467 34.4231 19.7562 42.64 35.4191 19.0214 40.9182 36.0682 19.0971 41.6129 36.389 19.3901 42.587 36.4518 20.0225 42.9426 35.0666 19.9107 43.2252 35.7232 20.1521 43.5885 35.4306 19.7963 43.5843 36.4916 20.0629 43.8742 36.1839 20.3909 42.6028 33.5433 20.9097 43.2344 32.7238 20.796 43.5935 33.5436 21.0595 43.881 33.1962 21.2528 44.5086 33.5472 20.4581 43.5903 34.5085 20.9517 44.0935 33.8578 20.8419 44.318 34.5059 20.6821 44.6305 35.452 20.258 44.5148 36.5068 21.7716 45.3972 33.5472 22.0888 45.8699 33.5497 21.1213 44.8058 34.5161 21.6314 45.6363 34.4619 22.0146 45.9779 34.0464 22.6004 46.6427 33.5285 22.2422 46.5376 34.454 23.0387 46.9574 33.1344 23.4265 47.5714 33.5186 24.054 47.9573 33.1691 22.9355 47.0702 33.8152 22.8126 47.2067 34.5312 23.2881 47.7233 34.5372 23.944 48.0455 33.8381 24.3651 48.3318 33.5562 23.8105 48.1515 34.5464 21.0265 44.9548 35.0786 21.2293 45.5235 35.4532 21.9063 46.1368 34.7348 21.7689 46.3359 35.5125 20.9137 45.1443 35.7479 20.7805 45.3705 36.4935 21.1045 45.8501 36.4952 21.6222 46.6165 36.4685 22.1438 46.8234 35.5114 22.0401 46.9496 36.115 22.6179 47.4192 35.5128 23.1217 47.8837 35.5105 23.5873 48.3339 35.5164 22.4233 47.5879 36.4133 23.0211 47.9799 36.0532 23.4209 48.5536 36.4553 18.9215 41.2974 36.6963 18.8169 41.6067 37.3934 19.0212 41.9313 37.0794 19.1203 42.5797 37.4103 18.5511 41.5653 38.4415 18.935 42.2221 37.7235 18.8521 42.5819 38.4604 19.4781 43.5923 37.4478 19.9515 44.0968 36.8524 19.8448 44.3291 37.4547 19.0437 42.8762 38.1652 19.1841 43.5401 38.4477 19.707 44.6506 38.3816 18.0384 40.8416 40.2 18.3408 41.5834 39.4346 18.6272 42.5855 39.4262 18.1364 41.5316 40.4584 18.4389 42.5899 40.4002 18.9635 43.1038 38.8343 18.892 43.3254 39.4211 19.0838 43.8101 39.4131 19.4039 44.5893 39.4024 18.8108 43.6452 40.3846 19.0216 43.9466 40.1075 19.1861 44.5254 40.3798 20.1139 44.8121 37.4603 20.0222 44.9603 38.0725 19.9249 45.1312 38.7027 20.223 45.5251 38.3913 19.8248 45.3139 39.4023 20.1317 45.8016 39.4073 19.7565 45.612 40.4433 20.0472 45.9262 40.1855 20.6194 45.6406 37.3946 21.0129 45.9808 37.0377 21.2384 46.5257 37.3957 20.9002 46.146 37.6823 20.7685 46.3341 38.4392 21.9256 47.0917 36.78 21.7981 47.2443 37.4776 22.2359 47.7498 37.4781 21.1399 46.8214 38.4436 21.6905 47.5681 38.5485 22.1044 47.8885 38.2876 22.8895 48.1053 36.7173 22.7363 48.2526 37.4823 22.4247 48.3671 38.5554 20.6632 46.6097 39.4332 20.3085 46.4707 40.4426 21.0443 46.9428 39.1498 21.3368 47.4747 39.4466 21.9951 48.0052 38.9849 21.9161 48.0905 39.4382 20.9538 47.0586 39.814 20.8711 47.1652 40.394 21.2691 47.6819 40.393 21.773 48.2462 40.3887 17.8043 33.4007 41.1869 17.7014 34.3787 41.0797 17.8157 33.4262 42.49 17.937 32.4993 42.5494 17.7057 34.4294 42.4925 17.6213 35.3274 41.5873 17.5649 36.1888 41.6031 17.6098 35.3969 42.5096 17.5312 36.2586 42.3805 17.8263 33.4473 43.2047 17.9444 32.5809 43.2279 17.7054 34.4494 43.5423 17.8298 33.4608 44.3356 17.9489 32.6334 44.0096 17.6993 34.4496 44.6189 17.5954 35.4138 43.4085 17.5029 36.2678 43.3206 17.5823 35.4156 44.5401 17.4831 36.2551 44.4233 17.5397 37.5354 41.4503 17.5639 38.8956 41.3917 17.4836 37.0484 42.2996 17.4889 38.9782 42.2649 17.6473 39.7442 41.365 17.7929 40.6702 41.3494 17.5571 39.7912 42.2665 17.693 40.6896 42.2901 17.4467 37.0002 43.2506 17.4444 38.9998 43.1701 17.4247 37.001 44.2973 17.4246 38.9991 44.1494 17.5033 39.8124 43.1341 17.6287 40.7049 43.1496 17.483 39.803 44.0278 17.6025 40.7063 44.0376 17.8268 33.4703 45.6615 17.9484 32.6446 45.9825 17.6913 34.4564 45.4062 17.822 33.4812 46.2099 17.9456 32.6235 46.5668 17.6845 34.4624 46.1988 17.5672 35.401 45.3178 17.4655 36.2259 45.1938 17.5562 35.3767 46.5047 17.4571 36.1768 46.8617 17.8205 33.4845 47.972 17.9442 32.5865 47.339 17.6868 34.4519 47.988 17.8341 33.4582 48.9294 17.9473 32.5757 48.9866 17.7177 34.4223 48.8728 17.565 35.3545 47.9667 17.475 36.1045 47.9318 17.6178 35.322 48.8354 17.5485 36.0356 48.8113 17.4105 37.0294 45.1525 17.4167 38.9809 45.8107 17.4109 37.2139 46.9746 17.4328 38.9191 46.8952 17.4834 39.7725 45.9831 17.6089 40.693 45.9756 17.5119 39.7293 46.8537 17.6414 40.6848 46.8495 17.446 37.6349 47.8725 17.484 38.8479 47.8317 17.5408 37.9535 48.7793 17.5995 38.772 48.7451 17.5772 39.6991 47.7963 17.722 40.6639 47.7663 17.7096 39.6676 48.717 17.8841 40.6675 48.7035 17.9825 41.0736 40.8867 17.9417 41.2828 41.3521 18.0661 41.7797 41.3567 17.9056 41.6528 42.3795 18.0214 41.9194 42.1613 18.285 42.5949 41.3548 18.1414 42.5138 42.3797 18.6269 43.5897 41.3554 18.9615 44.0879 40.7411 18.9095 44.2122 41.3585 18.5135 43.5868 42.3168 18.8509 44.3583 42.3078 17.8254 41.6422 43.1797 17.9914 42.0295 42.8859 17.9723 42.0987 43.1944 17.7916 41.6532 44.0251 17.954 42.1648 44.0105 18.1228 42.6644 43.1956 18.1042 42.7058 44.0132 18.4354 43.5882 43.1951 18.8106 44.4562 43.1816 18.397 43.5913 44.021 18.7904 44.5008 44.0628 19.1422 44.7292 41.3635 19.5621 45.5695 41.3644 19.9786 46.0327 40.8844 19.9288 46.1107 41.3661 19.0828 44.8339 42.2983 19.4359 45.5692 42.2951 19.8615 46.2211 42.2979 20.2618 46.6434 41.3643 20.1936 46.7305 42.301 19.0447 44.9079 43.1661 19.3557 45.5682 43.1511 19.8174 46.2959 43.137 19.0282 44.942 44.1093 19.323 45.5658 44.1474 19.8003 46.3245 44.1929 20.1481 46.7894 43.1367 20.1301 46.8123 44.2098 20.7666 47.304 41.3548 21.1706 47.797 41.3442 21.6564 48.3721 41.3363 20.6858 47.4128 42.2987 21.0978 47.885 42.2966 21.5728 48.4599 42.2945 20.6306 47.4869 43.148 21.0492 47.943 43.1602 21.5183 48.5178 43.1715 20.6087 47.5178 44.1753 21.028 47.9675 44.1328 21.5845 48.6393 44.0705 17.7965 41.6529 45.982 17.9545 42.1612 45.9926 17.8359 41.647 46.8372 17.9768 42.0807 46.8269 18.1071 42.7059 45.9915 18.1295 42.6627 46.825 18.4022 43.5927 45.9901 18.7929 44.4847 45.9795 18.4567 43.5904 46.8076 18.8264 44.3945 46.7828 17.9199 41.6175 47.6566 17.9967 42.0111 47.0301 17.9558 41.2227 48.3451 18.1658 42.5242 47.6604 18.036 41.8708 47.8506 18.0945 41.6136 48.6842 18.3797 42.6095 48.6582 18.5716 43.585 47.7116 18.8904 44.2427 47.6913 18.788 43.6261 48.6366 18.9528 44.1016 48.2583 19.0348 44.9298 45.9702 19.3374 45.5627 45.963 19.8082 46.3095 45.9521 19.07 44.8629 46.7724 19.4116 45.5589 46.7641 19.8482 46.2447 46.7554 20.1407 46.8002 45.9417 20.1769 46.7487 46.747 19.1342 44.7469 47.6796 19.5455 45.5555 47.6601 19.9178 46.1345 47.6494 19.1989 44.5055 48.6203 19.7619 45.6026 48.5789 19.971 46.047 48.1596 20.2365 46.6612 47.6546 20.2775 46.4811 48.5798 20.6225 47.503 45.9407 21.0362 47.9573 45.9469 21.5912 48.6356 45.9039 20.6656 47.4498 46.7444 21.0713 47.9147 46.7509 21.5406 48.5063 46.7656 20.7343 47.3632 47.6676 21.13 47.8434 47.6824 21.6083 48.4364 47.6954 20.8283 47.2381 48.6291 21.2119 47.7445 48.6398 21.7065 48.3256 48.6496 24.4849 48.7074 34.5334 24.236 48.8191 35.5187 24.0906 48.9332 36.1909 23.2762 48.7551 37.4794 23.9356 49.0492 36.8583 24.4015 49.301 36.5129 23.7892 49.1599 37.4759 24.4949 49.7018 37.4939 23.0957 48.9151 38.4644 23.5586 49.3355 38.462 24.2438 49.8225 38.4555 22.494 48.7026 39.337 22.2573 48.7492 40.3888 23.0013 48.9989 39.0037 23.4282 49.5454 39.3979 24.097 49.931 39.214 22.8888 49.098 39.6012 22.7617 49.211 40.3942 23.3409 49.7198 40.3939 23.9684 50.0231 39.9117 24.4134 50.2595 39.4848 23.8705 50.0925 40.3875 24.4452 50.5211 40.3857 25.2238 48.8547 33.5903 25.9063 49.0491 32.81 25.7231 49.1384 33.5894 26.4054 49.5025 33.5883 25.085 48.9487 34.1734 25.3895 49.2594 34.5387 26.4555 49.7945 34.5387 27.396 49.8788 33.5112 28.063 49.9815 33.0746 27.1208 49.9511 34.1727 27.7664 50.0699 33.7792 28.3346 50.1846 33.5165 27.3978 50.1794 34.5357 28.3724 50.5083 34.5478 24.9186 49.0521 34.8391 24.7394 49.1621 35.5186 25.5126 49.6776 35.6043 26.1859 49.9008 35.3146 25.2739 49.8261 36.4926 25.9791 50.0109 35.967 26.4593 50.1395 35.5953 25.7913 50.1033 36.4894 26.8731 50.0517 34.8395 26.4135 50.4392 36.4954 27.3956 50.5097 35.5226 28.4011 50.837 35.5328 27.4101 50.8371 36.481 28.1443 50.9511 36.1426 29.3245 50.4573 33.5776 30.2546 50.6211 33.5776 29.4228 50.7986 34.6393 30.2636 50.8796 34.4086 31.0596 50.714 33.5825 32.8518 50.7379 33.5771 31.069 50.9268 34.2293 32.8162 50.9412 34.1804 29.1965 50.935 35.1989 29.9801 51.004 34.9875 30.2734 51.0396 34.8822 29.4272 51.1006 35.5285 30.2632 51.252 35.5184 28.8076 51.0462 35.8645 28.4069 51.1638 36.4806 29.3448 51.42 36.4904 30.2473 51.6002 36.486 31.0648 51.0942 34.7318 32.8246 51.1088 34.6893 31.0575 51.3567 35.513 32.8419 51.384 35.5058 31.0405 51.701 36.4909 32.8972 51.7207 36.4966 25.1032 49.9364 37.1813 25.4078 50.2525 37.4924 24.9206 50.0494 37.8506 24.749 50.152 38.4516 26.4566 50.7855 37.4851 25.5303 50.6704 38.5542 26.1826 50.9012 38.2818 27.137 50.9426 37.1667 27.794 51.065 36.808 27.4094 51.1794 37.4851 28.3839 51.5055 37.4792 26.8695 51.0542 37.8335 26.4545 51.1318 38.5418 27.3945 51.5045 38.4594 28.4177 51.8372 38.4954 25.3244 50.7986 39.4226 25.9946 51.0029 38.9903 25.8535 51.0734 39.4233 26.4149 51.3841 39.4319 25.1382 50.9162 40.3822 25.6124 51.2005 40.3867 26.4181 51.6334 40.4016 27.4484 51.8147 39.4626 28.1561 51.947 39.172 27.152 51.9306 40.3997 27.881 52.0395 39.8456 28.412 52.1326 39.4631 27.6175 52.1234 40.4008 29.4273 51.8004 37.5634 30.2495 51.887 37.3369 29.1938 51.937 38.1952 29.9553 52.009 37.972 30.2532 52.0484 37.8458 29.4255 52.0985 38.4992 31.0317 51.9382 37.1873 32.9265 51.9458 37.1613 31.0391 52.1004 37.6818 32.9094 52.1119 37.6562 28.8344 52.0396 38.8673 28.378 52.3935 40.4081 30.255 52.2551 38.473 31.0594 52.3588 38.4731 32.8466 52.3848 38.4754 29.337 52.3803 39.4475 30.2543 52.5575 39.4527 29.3342 52.6502 40.4059 30.3204 52.8585 40.4893 31.0813 52.6604 39.4474 32.7506 52.6925 39.4315 31.0759 52.9023 40.3274 32.776 52.9193 40.2843 22.1523 48.8524 41.3351 22.0732 48.928 42.2899 22.6329 49.3295 41.3387 23.2245 49.819 41.3439 23.723 50.1935 41.3544 22.5368 49.4136 42.2799 23.1388 49.8888 42.2725 23.6156 50.2722 42.2852 24.5212 50.7488 41.3619 24.3386 50.7684 42.2938 22.0204 48.9797 43.1811 22.0003 48.9997 44.01 22.474 49.4642 43.1806 23.0848 49.9312 43.1775 23.5488 50.3259 43.1611 22.3531 49.4029 44.0357 23.0573 49.9538 44.0314 23.5152 50.3475 44.0399 24.2741 50.8151 43.1486 24.2465 50.8336 44.0482 21.9924 49.0075 44.1207 21.9925 49.0075 45.4166 22.3574 49.4001 45.9081 22.0084 48.9916 45.9289 22.0347 48.9656 46.7831 23.0625 49.9498 45.9815 23.5215 50.3422 45.9792 22.4887 49.4561 46.7982 23.0953 49.9232 46.8136 23.5606 50.3104 46.806 24.2516 50.8291 45.9787 24.2928 50.8014 46.7977 22.0949 48.9054 47.7091 22.1876 48.814 48.6598 22.5609 49.3899 47.7137 23.1643 49.8676 47.718 23.646 50.2471 47.7136 22.6755 49.2834 48.6615 23.274 49.7792 48.6585 23.7857 50.1503 48.6562 24.3708 50.7474 47.7016 24.5321 50.6956 48.5679 25.0352 50.9791 41.106 25.3719 51.2664 41.3597 26.4597 51.8362 41.2948 24.9407 51.0363 41.7314 24.8607 51.0859 42.2918 25.447 51.4637 42.2884 26.2379 51.8716 42.2746 27.0214 51.9913 41.0406 27.324 52.2246 41.3063 26.8672 52.0592 41.5949 26.7388 52.118 42.2602 24.7828 51.1329 43.1476 25.4471 51.5566 43.1394 26.1606 51.917 43.1303 24.7493 51.1528 44.0524 25.4455 51.5942 44.1114 26.1272 51.9349 44.1841 26.6353 52.1625 43.121 26.5911 52.1804 44.2706 28.376 52.6116 41.3593 27.3972 52.4309 42.2586 28.3739 52.7735 42.2622 27.4002 52.5221 43.1016 28.4501 52.8863 43.1186 27.4049 52.5535 44.3875 28.329 52.8742 44.4268 29.3896 52.881 41.4029 30.1365 52.9611 41.157 29.1287 52.9615 42.2629 29.8615 53.0255 41.8443 30.3047 53.0642 41.392 29.552 53.0713 42.2639 30.2074 53.2101 42.2603 30.9238 53.0092 40.9631 31.055 53.0273 40.8821 32.8577 53.0383 40.8246 31.0319 53.1474 41.3336 32.9336 53.1631 41.3317 31.0093 53.2983 42.2668 32.9847 53.3048 42.2919 29.0168 52.9962 43.0513 29.247 53.1075 43.1256 30.2038 53.303 43.1232 28.94 53.0168 43.3659 28.9094 53.0262 44.4153 29.3105 53.1645 44.3862 30.2158 53.3372 44.3036 31.0105 53.3881 43.1612 32.983 53.3958 43.1943 31.0207 53.4274 44.1977 32.9596 53.4406 44.1185 24.7553 51.1493 45.9791 25.4421 51.5837 45.9627 26.1433 51.9277 45.947 24.8066 51.117 46.7931 25.4403 51.5172 46.7813 26.2116 51.8937 46.7695 26.6128 52.168 45.9303 26.7037 52.1266 46.7525 24.9077 51.0546 47.6908 25.4428 51.3884 47.6756 26.326 51.8293 47.669 24.9811 51.0113 48.0566 25.4194 51.1985 48.5653 26.5154 51.7581 48.5576 26.8582 52.0606 47.6686 26.9687 52.0141 48.0715 27.4072 52.528 45.9084 28.4539 52.8888 45.9127 27.4099 52.4485 46.7402 28.3791 52.7951 46.7351 27.4121 52.3163 47.6641 28.3808 52.6617 47.6641 27.4186 52.1373 48.5563 28.3821 52.474 48.6232 28.9368 53.0181 45.7587 29.2403 53.1116 45.9145 30.2203 53.3146 45.9211 29.0044 52.999 45.9832 29.0952 52.973 46.7316 29.4871 53.0854 46.7313 30.2176 53.2363 46.7278 31.0274 53.4078 45.942 32.9351 53.424 45.9602 31.0223 53.3289 46.7282 32.9461 53.3434 46.7369 29.3532 52.9182 47.6822 29.7702 53.0392 47.3382 30.2315 53.0947 47.683 29.3281 52.7405 48.6214 30.0795 52.9858 47.921 30.2281 52.9179 48.5897 31.0097 53.2001 47.6651 32.9784 53.2078 47.6513 30.5909 53.0334 48.182 31.0055 53.0607 48.3254 32.9882 53.0629 48.3385 17.8897 33.3913 49.8353 17.9705 32.727 49.8757 17.802 34.3505 49.7777 17.9663 33.2926 50.2749 17.994 32.9458 50.042 17.9297 34.1884 50.4482 17.7388 35.244 49.7309 17.7047 36.2813 49.7008 17.9087 35.1766 50.4629 17.9022 36.8873 50.3929 18.056 33.2509 50.7991 18.0334 34.0444 50.8641 18.2476 33.2303 51.6468 18.216 34.1532 51.6243 18.5593 33.085 52.5931 18.5533 34.8419 52.5743 18.0318 35.8179 50.8808 18.0484 36.8381 50.8467 18.2251 35.8918 51.5971 18.2701 36.729 51.5709 18.5833 35.8106 52.5582 18.6453 36.6714 52.5451 17.7225 37.9118 49.6808 17.8008 38.719 49.6608 17.9199 37.8043 50.283 17.9619 38.6904 50.1274 17.9151 39.5527 49.614 17.9561 40.3215 49.2031 17.9927 39.0516 50.0224 18.1008 40.6545 49.6042 18.0427 39.797 49.8617 18.1795 39.5546 50.5047 18.3979 40.6234 50.5841 18.0783 37.7414 50.7781 18.1258 38.6681 50.6783 18.3417 37.6859 51.556 18.4469 38.6401 51.5504 18.7314 37.6496 52.5373 18.8532 38.5213 52.5639 18.5874 39.6102 51.5523 18.7984 40.6272 51.6182 18.8931 39.5879 52.2587 18.9553 40.2735 52.105 18.8674 33.0553 53.3443 18.8697 34.9662 53.3257 19.0777 33.1903 53.8251 19.3994 33.348 54.5777 19.0851 34.922 53.8123 19.4143 34.8803 54.5746 18.8892 35.766 53.2709 18.9233 36.6587 53.1839 19.1046 35.7581 53.7696 19.4529 35.7603 54.5734 19.1383 36.6728 53.698 19.5222 36.6945 54.5696 19.8263 33.5244 55.3055 19.8338 34.8388 55.2899 20.1346 33.6904 55.7961 20.145 34.8024 55.7838 19.8534 35.7602 55.2554 19.8892 36.7114 55.1958 20.1632 35.7483 55.758 20.1928 36.7189 55.7143 20.6137 33.8004 56.5449 20.6276 34.7843 56.5239 20.6498 35.7312 56.49 20.6849 36.7195 56.4425 18.9684 37.6372 53.0734 18.9958 38.0305 53.0093 19.1888 37.6313 53.6048 19.6268 37.6364 54.5631 19.2291 38.5273 53.4461 19.7902 38.5538 54.607 19.1086 39.5791 52.7587 19.0435 38.7733 52.899 19.447 39.5824 53.5404 19.1721 40.6136 52.4947 19.6386 40.5899 53.5438 19.839 39.5829 54.3276 19.9409 40.5825 54.1152 19.9428 37.6458 55.1014 19.9823 38.1207 55.0307 20.2408 37.6569 55.6452 20.2666 38.5685 55.4835 20.1047 39.5889 54.8154 20.0373 38.8168 54.932 20.2104 40.584 54.6495 20.7415 37.6736 56.3663 20.8192 38.6379 56.257 20.5099 39.606 55.5665 20.7523 40.5088 55.5804 20.9199 39.6147 56.1132 20.985 40.0574 56.0207 18.0164 40.9186 48.9206 18.3212 41.6289 49.6165 18.6249 42.6039 49.5985 18.6277 41.6249 50.5752 18.8906 42.542 50.5069 18.8991 43.2727 49.5917 19.0289 43.9359 48.8891 19.1116 43.7706 49.585 19.4589 44.5543 49.5794 18.9807 43.048 50.0628 19.2552 43.4897 50.4939 19.7679 44.5908 50.5728 18.8979 41.6294 51.2974 18.9757 42.0781 51.0686 19.0905 41.6276 51.7918 19.0207 40.9038 51.9493 19.4005 41.6167 52.5509 19.2351 42.5362 51.5026 19.7301 42.6387 52.6173 19.0875 42.7958 50.7703 19.7053 43.6484 51.6505 19.8869 44.2681 51.3687 19.8733 43.3681 52.3189 20.1329 44.6012 51.6643 20.0128 43.9697 51.967 20.12 43.6588 52.6334 20.4945 44.5766 52.5867 19.8488 45.2995 49.5921 20.0407 45.93 48.8392 20.1225 45.7938 49.6007 19.943 45.1109 50.2097 20.2319 45.5185 50.5894 20.0454 44.9087 50.8657 20.6342 46.6542 49.6863 20.7567 46.4044 50.6107 20.9204 47.1109 49.4205 21.2536 47.5192 49.7035 21.8386 48.1758 49.634 21.0056 46.9919 49.979 21.0928 46.8733 50.6178 21.6104 47.6072 50.5829 21.9437 48.0604 50.1685 20.6516 45.6257 51.635 20.8947 46.1692 51.3057 20.8704 45.2459 52.5809 21.2404 46.5474 51.6315 21.0351 45.945 51.9227 21.1709 45.7534 52.579 21.6873 46.5516 52.5302 21.784 47.2688 51.598 22.466 48.5272 50.5335 22.072 47.922 50.8429 22.2186 47.7689 51.5952 21.938 47.075 52.1151 22.484 47.5216 52.5163 22.7155 48.2656 51.5922 22.9079 48.0871 52.1581 19.846 41.5062 53.5347 19.9161 42.3043 53.1759 19.9974 41.01 54.0049 20.1851 42.6327 53.5474 20.0869 41.7569 53.8413 20.3194 41.5135 54.4655 20.0289 42.9212 52.9395 20.7343 42.5486 54.572 20.6213 43.6502 53.6379 20.8667 44.5748 53.2665 20.8647 43.3473 54.2272 21.1521 44.5762 53.7702 21.0199 43.9583 53.9659 21.1951 43.6415 54.5744 21.6535 44.5501 54.5627 20.8496 41.5916 55.2307 20.9532 42.1312 55.0684 21.1945 41.5894 55.738 21.0769 40.7753 55.8927 21.4607 40.5927 56.5547 21.6857 41.5905 56.3905 21.4378 42.6214 55.5789 21.854 42.3746 56.1736 21.0821 42.8172 54.8798 21.7292 43.5771 55.358 21.9102 44.1625 55.1169 22.1397 43.5758 55.839 22.0102 42.9789 55.988 22.2638 42.6513 56.533 22.4532 44.5586 55.5475 22.6855 43.4773 56.5201 22.852 44.232 56.152 20.9985 45.0025 53.0026 21.5032 45.4965 53.4975 21.8699 46.1809 53.2238 21.8593 45.2258 54.2033 22.4113 46.6054 53.6234 22.0899 45.8789 53.8764 22.4013 45.6292 54.6196 22.7345 46.3259 54.3405 22.1302 46.8466 52.8048 22.7882 47.2319 53.3242 23.4987 48.502 52.4932 23.12 47.8846 52.8327 23.3766 47.6189 53.657 23.773 48.1917 53.3076 23.0429 46.9536 53.9458 23.3251 46.6811 54.6901 23.6693 47.3142 54.3736 24.4233 48.5628 53.5956 24.0613 47.9475 53.9319 24.3235 47.6469 54.6748 22.1113 44.834 54.8621 22.7641 45.339 55.2666 23.0321 45.9613 54.9645 23.3458 45.6739 55.6421 23.6526 46.3651 55.3353 23.0849 44.8837 55.9126 23.434 44.5653 56.5496 23.7222 45.333 56.244 24.3077 46.6646 55.657 24.0409 45.9581 55.9642 24.3731 45.6165 56.589 24.0139 46.9869 54.9867 24.692 48.2272 54.3038 24.6614 46.2926 56.2445 24.625 47.3003 55.3045 25.4257 48.5601 54.5828 25.0789 47.9396 54.9326 25.376 47.5957 55.6022 25.7174 48.1864 55.209 25.081 46.9336 55.9387 25.4129 46.5678 56.5582 25.7228 47.2011 56.1806 26.5111 48.4948 55.4977 26.1873 47.8642 55.8666 26.5151 47.4821 56.4823 26.8736 48.0735 56.0714 21.0114 33.8272 56.9859 21.4392 33.5562 57.5492 21.0227 34.7849 56.9719 21.4578 34.8193 57.5491 21.9637 33.2904 58.0369 21.97 34.8747 58.0306 21.0442 35.7208 56.9451 21.4975 35.7366 57.5496 21.0752 36.7187 56.9061 21.6284 36.647 57.6276 21.9881 35.7572 58.0122 21.9991 36.0109 58.0009 22.4444 33.0905 58.5657 22.4475 34.9301 58.5602 23.015 33 58.9879 23.4542 33.0353 59.3881 23.0131 34.9999 58.9892 23.4515 34.9233 59.3939 24.2063 33.0684 59.8668 24.1964 34.7303 59.871 22.4491 35.7785 58.5249 22.3718 36.6453 58.3886 23.0327 35.7997 58.9727 23.4772 35.8238 59.3797 23.0708 36.7191 58.9404 23.5269 36.7263 59.3472 24.2095 35.866 59.8593 24.2452 36.7389 59.8328 21.1247 37.6858 56.8444 21.6022 37.6871 57.4563 21.1973 38.6438 56.7582 21.6896 38.6453 57.3553 22.0771 37.6848 57.9211 22.028 36.85 57.9713 22.1566 38.6463 57.8385 22.5417 37.6881 58.4192 22.6377 38.6488 58.333 21.2918 39.6174 56.6465 21.8036 39.6223 57.2244 21.9106 40.3605 57.1007 22.2578 39.6297 57.7325 22.412 40.7086 57.5837 22.7628 39.6343 58.2166 22.8887 40.3871 58.1018 23.1288 37.6933 58.8922 23.6012 37.6946 59.2941 23.2148 38.6535 58.8201 23.7096 38.6606 59.2159 24.3035 37.6937 59.7892 24.4931 38.7431 59.7807 23.3273 39.633 58.7242 23.8525 39.6309 59.1098 23.4326 40.6266 58.5496 23.9563 40.1216 59.0324 24.4372 39.636 59.5695 24.4094 40.5635 59.2833 24.6984 33.0966 60.1688 24.6853 34.4898 60.1778 24.7024 35.9024 60.1723 24.7492 36.7553 60.1485 24.8267 37.6949 60.1038 24.9139 38.4898 60.0521 25.092 39.6423 59.9435 25.0027 38.9904 59.9984 25.3292 38.7475 60.2884 25.5431 39.6468 60.2278 25.2858 40.6171 59.819 25.804 40.6232 60.0996 25.424 33.1264 60.5905 26.1819 33.137 60.9175 25.4226 34.203 60.6117 26.1594 34.0718 60.9294 26.6599 33.1365 61.1256 26.6275 34.0327 61.1354 27.3966 33.1637 61.4099 28.3975 33.2345 61.6952 27.4027 34.0129 61.4315 28.3943 34.0272 61.7246 25.4218 35.9436 60.6035 26.1653 35.9725 60.9261 25.422 36.7811 60.5623 26.2006 36.8034 60.9076 26.6362 35.9855 61.1338 26.6871 36.8212 61.1182 27.4039 35.9919 61.4314 28.3887 35.9737 61.7299 27.3992 36.8371 61.4019 28.3884 36.84 61.6998 29.3274 33.2737 61.9113 29.9217 33.2726 62.0145 29.9882 32.9584 62.0024 29.2891 34.0282 61.928 29.839 34.0194 62.0301 29.2839 35.9661 61.9316 29.8286 35.9751 62.0313 29.3213 36.8388 61.9165 29.9043 36.8382 62.0173 30.2606 33.2861 62.0996 30.2688 34.0383 62.1362 31.1138 33.2836 62.2021 32.1357 33.2926 62.2385 31.1238 34.1069 62.2416 32.0347 34.161 62.2805 30.2935 35.9389 62.1418 30.3185 36.8496 62.1117 31.1425 35.728 62.255 32.0052 35.2745 62.2995 31.1806 36.9005 62.233 32.0165 36.9644 62.2894 25.4228 37.7047 60.4802 26.271 37.7145 60.8697 26.4678 38.6961 60.8447 26.7908 37.7202 61.081 26.9043 38.3764 61.0377 27.3961 37.724 61.3334 28.3858 37.7212 61.6326 27.3233 38.701 61.1828 28.3739 38.6791 61.5258 26.4077 39.6503 60.6676 26.4082 40.6301 60.434 27.1441 39.6485 60.9405 27.0248 38.9407 60.991 27.6042 39.6495 61.1171 27.4224 40.6153 60.8424 27.8485 40.221 61.0468 28.3615 39.654 61.3675 28.3694 40.6109 61.1405 29.4561 37.652 61.8918 29.9778 37.0602 62.0045 29.356 38.683 61.7576 30.3491 38.6504 61.928 30.1288 37.8566 61.9761 30.3523 37.6734 62.0496 30.78 38.2168 62.024 29.3436 39.648 61.5945 30.3119 39.6337 61.7556 29.3374 40.6212 61.3716 30.3032 40.6144 61.5287 31.3319 39.5348 61.89 31.1403 38.8714 61.9754 31.3132 38.654 62.0497 31.9522 39.0177 62.0036 31.2381 40.6001 61.63 32.1401 40.5946 61.6877 32.1062 39.6725 61.9105 32.0823 39.0869 62.0172 31.2193 37.7606 62.1646 32.0457 37.7961 62.2292 32.0699 38.6914 62.1095 22.12 41.5917 56.8665 22.0164 40.951 56.9814 22.5933 41.5929 57.4065 22.8453 42.5749 57.152 23.1296 41.5921 57.8814 23.0149 40.963 57.9865 23.6023 41.5963 58.3155 23.4537 42.6331 57.7238 23.8261 42.3294 58.1359 22.9887 43.0198 57.0111 23.1817 43.739 56.8227 23.4692 43.4805 57.2812 23.8588 44.189 57.1169 24.2124 43.5701 57.8257 24.0352 42.9468 57.9731 24.44 42.5679 58.5289 24.4965 44.4815 57.4874 24.2553 41.6018 58.8057 24.092 40.8201 58.932 24.1259 44.8525 56.896 24.709 43.5692 58.1849 24.9628 44.0409 58.0251 24.7625 41.6051 59.15 24.9485 42.0774 59.034 25.5174 41.5216 59.6695 25.9692 41.049 60.0169 25.4649 42.5182 59.213 26.4555 42.5516 59.742 26.1819 41.7765 59.8977 26.4533 41.5241 60.1548 26.8667 42.1504 60.0589 25.4686 43.5387 58.6918 25.1801 42.7823 58.8799 25.858 43.1573 59.0789 25.5236 44.4733 58.1709 26.4551 44.5084 58.6812 26.1739 43.8296 58.8978 26.4498 43.5395 59.2441 26.8524 44.1191 59.0687 27.4377 43.5033 59.7216 27.1796 42.8292 59.914 27.4335 42.5556 60.1765 27.8778 43.0865 60.0421 27.4829 44.5096 59.1731 28.3552 44.551 59.483 28.3504 43.792 59.8846 28.3443 43.2999 60.1365 29.3516 44.4909 59.7708 29.1169 43.9452 59.9718 29.3567 43.6203 60.2294 29.7494 44.0736 60.0384 24.781 45.2139 57.1496 25.1427 45.8706 56.897 25.5161 45.4803 57.4856 25.8054 46.151 57.1186 25.2602 44.7434 57.8195 25.9708 45.0253 58.0173 26.4939 46.5197 57.2875 26.4243 45.7605 57.821 26.4233 45.2594 58.1694 27.352 46.5245 57.7317 27.0682 45.9547 57.9666 27.433 45.5207 58.5128 27.6739 46.1604 58.1184 26.225 46.8223 56.8459 26.9304 47.045 57.0388 27.3892 48.2453 56.2432 27.3903 47.7228 56.7443 27.3897 47.2147 57.1799 28.4975 48.5 56.5011 28.1955 47.8949 56.904 28.4402 47.5666 57.3322 28.3677 46.8475 57.8773 28.3642 46.3626 58.265 27.2345 44.7992 58.8694 27.9836 45.0103 59.0066 28.3618 45.6658 58.7645 28.3616 45.1465 59.0907 28.9239 48.0276 57.0253 29.3273 47.4766 57.686 29.0888 46.9673 57.9742 29.328 46.6166 58.37 29.6854 47.0738 58.0591 29.3312 48.1159 57.1055 30.2648 48.2371 57.2168 30.2759 47.6797 57.722 30.2838 47.1658 58.132 31.179 48.3093 57.2855 31.2033 47.752 57.7829 31.218 47.251 58.2004 32.0194 48.3405 57.3205 32.0332 47.7901 57.814 32.0405 47.2963 58.238 29.3337 45.8529 58.899 29.3336 45.3713 59.2295 30.3424 46.4576 58.7014 30.1377 45.9567 58.9707 30.3477 45.6143 59.2776 30.3001 44.7016 59.8214 30.3046 44.1846 60.0964 30.8127 46.0321 59.0222 31.2314 45.548 59.4473 31.2289 44.7932 59.8792 31.2244 44.3007 60.155 32.1058 45.5486 59.5162 32.1439 44.8462 59.912 32.1612 44.3667 60.1857 31.2336 46.0844 59.058 32.0675 46.1369 59.0939 31.2293 46.6134 58.7072 32.0525 46.6584 58.7403 27.3781 41.61 60.5418 28.3575 41.582 60.8562 28.1224 40.871 60.9616 28.3344 42.5895 60.4865 28.7624 41.1771 61.0491 29.3409 42.5823 60.7109 29.3364 41.8846 60.9559 29.3351 41.4365 61.1227 30.259 42.5334 60.8682 30.0116 41.9952 60.9983 30.2456 41.6872 61.1912 30.5212 42.1248 61.046 31.2209 41.5917 61.3409 32.1305 41.5867 61.3965 31.2146 42.2464 61.09 32.1101 42.3351 61.119 30.317 43.5639 60.4343 31.2197 43.565 60.5485 31.2183 42.7527 60.8911 32.1448 43.567 60.6098 32.1158 42.816 60.9219 22.3134 48.6938 49.6304 22.8358 49.1407 49.6254 23.4965 49.7097 49.6251 23.9109 50.0622 49.2633 22.9532 49.0398 50.1146 23.4149 49.3307 50.5441 24.3795 50.3202 49.622 24.0512 49.9653 49.8939 24.1982 49.8619 50.593 23.1018 48.9135 50.8106 23.2727 48.7646 51.5868 23.7835 49.1619 51.5812 24.4913 49.6933 51.5425 23.9629 49.0282 52.0558 24.4759 49.234 52.4998 24.1879 48.8536 52.767 24.6897 50.1802 50.5884 25.1044 50.9395 48.8052 25.2674 50.8405 49.6164 25.777 51.1116 49.6155 26.4301 51.4589 49.6083 25.5178 50.6962 50.5141 25.9507 51.0256 50.0777 26.4595 51.1677 50.5098 27.1341 51.9424 48.8031 27.4198 51.864 49.6417 27.7904 52.0704 49.3185 27.4152 51.5758 50.5716 28.3451 52.1972 49.6346 28.0633 51.9793 49.9292 28.355 51.8934 50.6079 24.904 50.0568 51.148 25.4387 50.2524 51.5334 25.132 49.9199 51.8236 25.4389 49.7845 52.5986 25.7909 50.1107 52.2619 26.172 50.9106 50.7803 26.4601 50.7794 51.5502 26.4007 50.3126 52.5963 26.8463 51.0673 51.1862 27.4271 51.2065 51.5479 28.3963 51.5754 51.5594 27.1401 50.9378 51.8503 27.4209 50.7995 52.5564 27.7984 51.0717 52.1818 28.4365 51.179 52.5615 28.6686 52.0808 50.2873 29.3324 52.1809 50.6093 29.0918 51.9736 50.9214 29.3333 51.8564 51.5482 29.6919 52.0574 51.1701 29.3366 51.4624 52.578 30.2315 52.1244 51.3872 30.2345 51.9413 51.8551 30.2375 51.6667 52.5824 31.0937 52.1497 51.6532 31.0716 51.9875 51.9664 31.1136 51.8187 52.494 31.6485 52.0095 52.0224 29.3334 52.4977 49.5871 30.2128 52.6839 49.581 30.2229 52.4002 50.5728 31.0066 52.9538 48.8066 31.0103 52.7794 49.5772 32.9858 52.9574 48.8153 32.9786 52.7888 49.5795 31.0156 52.5022 50.5749 32.9684 52.5146 50.5723 32.9432 52.1934 51.5817 32.9171 52.0074 52.018 24.8672 49.0884 53.1583 25.4642 49.2942 53.5528 26.0894 49.9509 52.9031 26.3983 49.8001 53.6042 25.1703 48.8813 53.8332 25.8426 49.0933 54.14 26.4896 49.2571 54.5408 26.7268 50.1268 53.2633 27.4026 50.295 53.6104 27.1228 49.9392 53.9014 27.3976 49.7163 54.5411 27.7679 50.0858 54.1379 28.1759 50.9291 52.8502 28.4276 50.736 53.5231 28.3692 50.2172 54.3533 26.2205 48.8518 54.8205 26.9306 49.0366 55.0457 27.3925 49.1742 55.2187 28.3731 49.87 54.8313 28.4503 49.3303 55.5789 27.3888 48.75 55.7289 28.202 48.9034 55.8932 28.8701 51.0378 53.0766 29.3293 51.121 53.2528 30.2466 51.2265 53.4634 29.3298 50.8536 53.7592 29.3389 50.3315 54.6351 30.2559 50.9493 53.9142 30.2583 50.5887 54.5676 31.129 51.2412 53.6571 32.8525 51.7957 52.5983 32.6461 51.3259 53.5732 31.0719 50.9919 53.9857 31.156 50.756 54.4826 31.4718 51.0187 54.0308 32.4759 51.0262 54.0437 29.1017 49.9683 54.9571 29.3378 49.6926 55.4944 29.7134 50.0552 55.0746 28.9258 49.025 56.0275 29.3311 49.1093 56.119 30.2539 50.1235 55.1671 30.2491 49.7336 55.689 30.2483 49.226 56.244 31.1357 50.1856 55.2503 31.1385 49.7901 55.753 31.1424 49.2937 56.3162 32.0817 50.2122 55.286 32.0208 49.8126 55.7801 32.0033 49.3194 56.3447 32.3075 50.7202 54.6033 29.3297 48.6398 56.6426 30.2537 48.7415 56.7452 31.1538 48.8034 56.8057 32.0042 48.8305 56.8305 47.2252 33.3525 33.985 46.5552 34.0827 33.9573 46.8318 33.775 33.9857 47.2892 33.6328 34.4845 46.8818 34.2184 34.2918 46.9477 33.9066 34.1463 46.6923 35.9098 33.8512 46.9142 36.0766 33.3269 46.8856 35.6288 34.221 47.3061 36.4181 33.5621 47.0315 35.9466 33.93 47.1542 35.8649 34.5469 47.6706 36.1644 34.4608 47.5513 33.5608 35.5307 47.0801 34.4177 34.7947 47.2862 34.7232 35.4261 47.7979 33.4757 36.6902 47.5947 34.8944 36.7453 47.6105 35.7611 35.2755 47.9718 36.0215 35.0423 47.8302 35.3163 36.736 48.5333 36.1814 35.1486 48.1606 35.8903 35.4848 48.2913 35.8142 36.7083 46.1008 38.1762 32.7801 47.3459 37.2327 32.7248 47.3052 36.8215 32.6188 48.289 37.7091 32.8446 48.1214 36.963 32.7068 48.2083 36.9268 33.5305 46.3185 38.2668 33.5166 46.7525 37.8726 33.2267 47.3362 37.8253 33.4365 48.4601 37.5234 33.3763 48.4696 36.682 34.3473 47.0696 38.0296 33.9569 47.1079 38.1372 34.3943 47.5201 37.9104 34.0914 48.8292 37.5184 34.0626 45.8963 39.5863 33.4177 45.9764 38.9344 33.0558 45.5767 40.5583 33.5103 46.106 39.256 33.7164 45.8995 40.6246 34.4037 45.9914 39.9763 34.022 46.2768 39.4305 34.4033 46.7333 38.5925 34.4378 48.4982 38.1648 34.341 46.1215 40.3208 34.6796 46.768 39.3451 35.4265 46.929 38.8953 35.1344 47.1984 38.4992 35.2902 48.1474 38.281 35.2448 46.292 40.5841 35.3876 47.0694 39.1065 35.7932 47.1342 39.2983 36.4583 47.5632 38.5553 36.2625 48.2626 38.1864 36.7502 46.7602 40.4424 36.495 46.9136 39.7366 36.2288 48.1148 33.0013 36.8064 48.1117 32.7701 36.5209 48.1127 32.8865 37.1994 47.9084 34.9704 37.0959 47.9567 33.0515 37.1543 48.1792 33.4338 37.2257 47.9523 33.1572 38.7151 48.4319 34.6367 37.2459 48.1841 33.704 38.9118 47.9641 35.0627 37.0423 48.6412 35.6638 37.086 47.9253 33.6537 39.0934 48.0059 33.9677 39.048 47.893 33.4703 40.3115 47.978 34.2103 39.4292 48.0554 34.2604 39.0663 47.9702 34.4796 40.0496 47.9962 35.0516 39.9746 48.0968 35.13 39.0671 47.9962 35.055 40.0223 48.0205 35.1378 40.0452 47.3416 39.3239 37.4051 47.7204 38.4926 37.6603 48.0642 38.1052 37.3928 47.0184 40.0508 36.9362 47.0921 40.289 37.4484 47.5274 39.4417 38.4577 47.8259 38.2673 38.1937 48.0072 38.0131 38.0394 47.2147 40.6841 38.3148 48.1157 37.6828 38.1684 47.9633 37.9202 38.5106 47.8533 38.5227 39.547 47.9629 37.742 39.1311 48.027 37.2248 39.0043 47.9511 38.6604 40.4861 47.9843 37.8302 40.2991 48.0249 37.5955 40.8028 47.6877 39.6058 39.437 47.4623 40.6319 39.3913 47.8197 39.695 40.3749 47.617 40.6467 40.3614 40.0715 48.0542 32.8514 44.0761 43.1472 32.7845 43.6345 44.4629 33.6063 43.8913 43.8198 33.3169 44.1758 43.5194 33.6015 44.0133 44.0222 33.964 45.0591 41.1363 32.8439 45.1687 41.5137 33.5574 44.7103 42.4734 33.5727 44.9068 41.81 33.2565 45.5291 41.5441 34.5036 45.0323 42.0658 33.9164 45.1469 42.3138 34.5041 44.5145 43.5412 34.5122 44.8938 42.8065 34.5068 44.1166 44.204 34.5074 45.8676 41.587 35.4118 45.9851 40.9645 35.0383 45.353 42.6298 35.404 46.1141 41.2746 35.6918 45.8037 42.5397 36.438 45.9619 41.9197 36.0997 46.2634 41.5997 36.426 44.8436 43.5622 35.3984 44.9934 42.9872 35.0169 44.2895 44.573 35.4971 45.1234 43.2327 35.6745 45.2624 43.5589 36.4862 44.718 44.491 36.4908 44.9346 43.8886 36.17 42.0936 46.1112 32.7753 43.0115 45.0161 32.9669 43.1119 45.1635 33.5293 42.2477 46.2939 33.5298 42.7492 45.6845 33.5298 43.2699 45.5532 34.5652 43.8068 44.716 34.5067 42.5085 46.5222 34.5503 42.8933 45.8637 34.2701 41.1182 47.1139 32.7442 41.3085 47.296 33.5302 41.7973 46.7891 33.5296 40.2502 48.1772 33.5376 40.7552 47.7905 33.5348 41.5475 47.545 34.5073 41.9338 46.9287 34.1588 40.5982 48.327 34.5216 40.9091 47.9254 34.1958 43.6882 45.4983 35.4983 43.934 44.9005 35.169 43.0271 46.0339 34.9327 43.1452 46.186 35.4942 44.0628 45.0944 35.8359 43.3032 46.5606 36.5506 43.8451 45.7926 36.4824 44.1931 45.2979 36.4826 42.0737 47.0777 34.8255 41.062 48.051 34.8628 41.2264 48.1816 35.503 41.7352 47.7459 35.5005 42.2249 47.2368 35.4993 41.588 48.3361 36.5422 41.8899 47.8942 36.2524 42.4866 47.4926 36.5908 42.7302 46.7007 35.4966 42.8851 46.8725 36.2695 46.0866 42.1826 36.7537 46.6413 41.5793 37.4265 46.9217 40.7785 37.4469 46.1951 42.5499 37.4982 46.8934 41.5918 38.3442 46.9963 40.9885 38.0149 46.5011 42.5718 38.4244 45.6981 43.4664 37.514 45.9166 42.8472 37.2202 45.0593 44.1005 36.8378 45.1804 44.3096 37.4735 46.0322 43.0594 37.9039 45.3425 44.6058 38.4086 45.8531 43.7481 38.4565 46.1286 43.2482 38.4463 47.0786 41.2439 38.6109 47.1515 41.6083 39.4436 46.7943 42.5097 39.4424 46.9559 41.8896 39.1729 47.336 41.6117 40.3727 47.0291 42.0716 39.8525 47.0865 42.2376 40.4012 45.7501 44.4879 39.4448 45.9561 43.9212 39.141 46.2527 43.596 39.4321 46.0523 44.0936 39.8005 46.5313 43.5638 40.4026 46.8854 42.7461 40.4065 46.1423 44.2686 40.4175 43.6976 46.5097 37.4458 43.9596 45.9446 37.1061 44.3622 45.6075 37.447 44.0844 46.1135 37.7647 42.0278 48.0261 36.9334 43.0199 47.0222 36.9502 43.1298 47.1448 37.4749 42.1484 48.139 37.4756 42.666 47.6645 37.473 43.3343 47.3636 38.4611 43.8243 46.7947 38.4639 44.2202 46.3019 38.4643 42.36 48.3351 38.4454 42.8451 47.846 38.4571 43.5361 47.5468 39.4381 43.9421 46.9318 39.1587 44.356 46.6066 39.4562 42.5302 48.535 39.449 42.9569 47.9575 39.1168 44.0512 47.0592 39.8264 43.0705 48.0683 39.7653 43.1794 48.1726 40.4258 43.6926 47.6865 40.4259 44.1504 47.1709 40.4247 44.8746 44.8046 37.4771 44.7647 45.5209 38.4125 44.9752 44.9604 38.0695 45.0908 45.1446 38.7166 45.2168 45.3475 39.4442 44.882 45.8341 39.4454 45.3362 45.6185 40.3941 45.8573 44.7654 40.4229 44.7213 46.5061 40.395 44.9729 45.9607 40.0905 47.8707 33.4835 41.7561 47.967 34.5223 41.8801 47.8288 33.5347 42.4556 47.9338 34.4584 42.5629 48.0015 34.9774 40.7276 48.0015 34.9806 41.5777 47.9994 35.0084 41.9494 48.0273 35.2108 41.4606 47.9933 35.0766 42.7146 48.0367 35.4784 42.6289 47.7914 33.555 43.4104 47.9023 34.496 43.4793 47.7611 33.5515 44.4715 47.8718 34.5242 44.4883 47.9801 35.1814 43.5466 48.0321 35.6578 43.6334 47.9657 35.2773 44.5447 48.023 35.7876 44.624 48.0128 38.2012 40.875 47.9283 39.6462 41.386 47.9844 38.8851 41.1576 48.0375 38.7643 41.4219 47.7317 40.6483 41.3475 48.0129 39.0995 41.8212 47.8147 40.6452 42.3649 47.9595 39.802 42.3503 48.0329 39.3017 42.3161 47.9023 40.5592 43.3651 47.9837 39.9021 43.1695 48.0442 39.7226 43.3839 48.0003 40.0017 43.9935 47.7326 33.5436 45.6188 47.8428 34.5341 45.5857 47.6959 33.5372 46.6359 47.8089 34.5276 46.6318 47.9511 35.3718 45.5818 48.0103 35.9091 45.5981 47.9422 35.5265 46.5818 48.0019 35.9834 46.0636 47.6478 33.5243 47.6602 47.7651 34.5061 47.6874 47.5811 33.5004 48.6586 47.7001 34.4728 48.6814 47.8844 35.4118 47.7084 47.9907 36.0884 46.8301 48.0331 36.3097 46.6432 47.9745 36.2728 47.7568 47.8134 35.3924 48.6999 47.9049 36.2266 48.7069 48.0204 36.6509 47.4458 47.9958 37.0532 47.9496 48.0405 37.0539 47.7536 47.9557 37.1352 48.631 48.0112 37.3111 48.1 47.9231 40.5919 46.8319 48.0077 40.045 46.3489 48.0452 39.8072 46.8236 47.9927 39.9404 46.9101 47.8405 40.6728 47.7502 47.967 39.7775 47.7467 48.0273 39.4805 47.4222 48.0447 38.9212 47.7449 47.993 38.9338 47.9382 47.8616 39.7605 48.659 47.946 38.9089 48.5949 48.0112 38.5944 48.0893 47.7204 40.6632 48.6609 47.4715 41.6119 41.3614 47.1361 42.5959 41.4786 47.5727 41.611 42.3766 47.2643 42.5936 42.3729 46.7807 43.4849 41.4517 46.9573 42.8936 41.2171 46.2187 44.6003 41.4522 47.0084 43.0201 41.9412 47.0441 43.1121 42.3769 46.4132 44.5767 42.3539 46.8364 43.6596 42.3674 47.6507 41.614 43.3136 47.3608 42.6011 43.3024 47.7043 41.6217 44.1129 47.9131 40.6725 44.0917 48.0058 40.032 44.0732 47.4246 42.6067 44.138 47.0983 43.2667 43.299 46.542 44.581 43.2959 46.8947 43.7678 43.298 47.1334 43.3773 44.1499 46.6239 44.5829 44.1494 46.9324 43.8437 44.1469 43.3242 48.3017 41.4022 43.8151 47.8135 41.3972 44.2902 47.3269 41.3955 43.444 48.4078 42.3602 43.9181 47.9181 42.3419 44.4108 47.4562 42.3408 43.6172 48.4078 43.378 43.9739 47.9742 43.15 44.4151 47.6346 43.3629 44.018 48.0177 43.8342 45.7073 45.4689 41.4468 45.9476 44.9123 41.1942 45.0671 46.0953 40.7252 45.1606 46.2272 41.3859 46.0192 45.032 41.9013 45.2659 46.3797 42.3479 45.7641 45.6517 42.3552 46.0706 45.1203 42.3557 44.7857 46.7366 41.3922 44.8848 46.8566 42.3426 45.3461 46.4921 43.3036 45.8327 45.7506 43.3094 46.1414 45.2467 43.302 45.334 46.6488 44.2301 45.8798 45.8165 44.1633 46.1874 45.3329 44.1574 44.9572 46.9461 43.2943 44.6689 47.4597 44.25 44.9898 46.9872 44.1007 44.0504 48.0503 44.2167 47.7226 41.6236 45.525 47.9206 40.6946 45.7467 48.0113 40.0655 45.8488 47.4499 42.6119 45.2808 47.7021 41.623 46.9129 47.4346 42.6187 46.9406 47.1486 43.4259 45.19 46.6569 44.5822 45.1757 46.9473 43.8765 45.1864 47.1418 43.4036 46.9519 46.6397 44.5806 46.9492 46.9398 43.8602 46.9509 47.6387 41.6286 47.7687 47.3739 42.6243 47.7825 47.5212 41.6372 48.6713 47.2535 42.6248 48.6832 47.1108 43.3083 47.7856 46.5704 44.5793 47.7727 46.907 43.7958 47.7796 47.0475 43.132 48.6892 46.4451 44.5782 48.685 46.8472 43.6827 48.6879 45.453 46.5641 45.0724 45.8999 45.8454 45.1206 46.2069 45.3712 45.1488 45.4401 46.5636 46.971 45.8918 45.8329 46.9579 46.1967 45.3544 46.9516 45.014 47.0168 44.6831 45.0294 47.0352 45.0331 44.0791 48.0808 45.0015 44.6081 47.5762 45.015 45.0256 47.031 46.9852 44.0789 48.0821 46.9985 44.6057 47.5706 46.9908 45.3078 46.634 47.6986 45.8557 45.7793 47.7683 46.1589 45.2837 47.7684 45.2966 46.4338 48.6825 45.7914 45.6891 48.6792 46.0934 45.1648 48.6836 45.0091 47.011 47.1096 44.0522 48.0556 47.8297 44.6516 47.4481 47.6983 44.9735 46.9666 47.8643 44.3733 47.6182 48.6546 44.9215 46.8999 48.6886 44.0209 48.0226 48.1733 48.8511 36.1165 36.5876 48.9666 38.0306 32.8973 49.0024 38.0311 32.9104 49.0047 37.9572 32.9471 48.9641 38.0993 33.3929 49.4794 37.6556 33.2626 49.493 38.1284 33.2871 49.6376 37.2148 34.0845 49.6555 38.2764 34.0465 49.5165 36.8133 34.5312 49.5901 36.5768 35.1173 49.7907 37.5248 35.2563 49.6985 38.2488 35.7774 49.5127 36.3773 36.6744 49.6978 37.8479 36.8597 49.5651 38.1199 36.5489 48.463 34.4267 38.9461 48.9396 36.2535 37.887 48.6813 35.1474 38.7102 49.2714 36.276 37.8795 49.1561 35.8653 37.9157 49.1486 35.5577 38.2328 49.1767 36.3679 38.0937 48.5657 36.8874 38.2536 48.0986 36.9363 39.0279 48.0459 36.7833 40.2442 49.4641 37.6702 37.5808 48.8672 37.9577 36.9133 48.5496 37.8011 37.6897 48.0781 36.0844 41.3653 48.1018 36.155 42.1328 48.105 36.2121 43.6073 48.0926 36.2637 44.7647 48.0823 37.9214 41.3694 48.1317 37.5397 42.1622 48.0995 38.9094 42.2423 48.1525 37.147 43.1027 48.1343 38.9563 43.1615 48.1537 37.019 44.8375 48.1487 38.9887 44.1013 48.0706 39.7838 44.0512 48.067 36.3079 45.6479 48.1389 37.0088 45.7984 48.1453 38.9916 45.969 48.1054 37.0146 46.7599 48.116 38.9842 46.831 48.0746 39.8003 45.934 36.1086 50.0306 32.8868 33.8475 50.6825 33.5683 34.6923 50.5474 33.567 33.8539 50.9151 34.2763 34.6625 50.8597 34.5757 35.6436 50.3397 33.5707 36.5647 50.0924 33.6348 35.651 50.6401 34.5593 36.6209 50.3497 34.5712 33.845 51.0771 34.7723 34.2539 51.0347 34.8975 33.8452 51.3259 35.5004 34.6574 51.1647 35.4432 33.8307 51.6603 36.4936 34.6794 51.5235 36.4921 34.8836 50.9744 35.0743 35.6548 50.9054 35.2751 36.5456 50.75 35.5839 35.6514 51.0781 35.7753 36.0409 51.0127 35.9628 35.6491 51.3214 36.4948 36.5442 51.0926 36.5659 36.8175 49.925 33.3502 37.5069 49.7501 33.6527 38.5793 49.2172 33.6067 37.0172 50.007 33.9728 37.2554 50.0883 34.5701 37.7652 49.8858 34.5603 38.5732 49.5329 34.5442 38.8856 48.9325 33.2561 39.4966 48.7117 33.5762 39.0626 49.0346 33.8945 39.2646 49.1429 34.5271 39.7658 48.8483 34.5158 37.6233 50.2617 35.4544 37.9463 49.9777 35.0684 38.5709 49.8392 35.4257 38.2035 50.088 35.7335 39.6079 49.3016 35.465 39.9256 48.9529 35.1304 40.5185 48.7285 35.4789 40.1129 49.0717 35.7962 38.5567 50.1999 36.5315 38.8621 49.9281 36.2224 39.4864 49.7162 36.5391 40.323 49.1949 36.5001 36.7886 50.9017 36.2796 37.5024 50.7208 36.5689 33.8104 51.9117 37.2675 34.6605 51.8625 37.5423 33.809 52.0776 37.7667 34.2694 52.0328 37.9 35.6529 51.6575 37.4972 36.6367 51.386 37.4795 34.6672 52.1613 38.4198 34.8917 51.9792 38.0627 35.6685 51.9146 38.2378 36.5458 51.7641 38.5307 35.6682 52.0764 38.7421 36.0377 52.0122 38.9605 39.0667 50.0359 36.8909 39.2654 50.1393 37.4873 39.7679 49.8616 37.4909 40.6272 49.3562 37.4434 39.5894 50.2875 38.4062 39.9379 49.9646 38.1016 40.5247 49.7627 38.3853 37.0408 51.0165 36.9515 37.3273 51.1128 37.4595 37.8124 50.8983 37.4588 38.5534 50.5408 37.4747 37.6637 51.2742 38.3712 37.9772 50.9896 38.0345 38.5476 50.8378 38.3627 40.1227 50.0712 38.736 38.1874 51.0866 38.653 36.3249 52.0853 39.4052 36.8144 51.9136 39.4173 37.5798 51.613 39.4479 38.5506 51.1634 39.5493 36.6592 52.2008 40.3518 36.9631 51.9868 40.0578 37.5516 51.8561 40.3769 38.5665 51.4087 40.4425 38.8513 50.9185 39.2795 39.4443 50.6887 39.5411 40.2869 50.168 39.4168 39.0115 51.0063 39.9757 39.1402 51.0762 40.4475 39.6607 50.7873 40.4547 40.5775 50.2399 40.5307 33.8294 52.3225 38.4812 33.8651 52.6425 39.4132 34.7062 52.5081 39.4034 33.8201 52.9103 40.4129 34.713 52.7684 40.3524 35.6534 52.2959 39.4042 35.6436 52.5436 40.3732 40.8126 48.8668 36.4905 40.9543 48.9691 37.0858 41.5309 48.7175 37.4327 41.1246 49.09 37.7442 41.3116 49.2252 38.405 41.8003 48.8261 38.4217 41.6047 49.3192 39.4637 41.9281 48.9383 39.1941 40.7856 49.8563 39.4063 42.032 49.0263 39.8895 40.9105 49.9401 40.257 41.4567 49.6609 40.5296 42.1219 49.0989 40.4438 42.6443 48.6861 40.4317 37.1633 52.0596 40.6743 37.3963 52.1342 41.3669 37.8622 51.9399 41.3519 38.5783 51.6439 41.3576 37.6585 52.1904 42.3064 37.9812 51.9927 42.0577 38.5057 51.8289 42.3084 39.3649 51.2008 41.3954 39.8413 50.8983 41.4316 40.5354 50.474 41.4545 39.629 51.259 42.3901 39.9497 50.9683 42.1386 40.4706 50.7263 42.4117 38.0714 52.0315 42.6185 40.0544 51.034 42.7943 38.1646 52.0715 43.3201 38.6878 51.8482 43.3159 39.5764 51.44 43.2835 40.1362 51.0836 43.2703 38.2637 52.1096 44.1437 38.7641 51.8893 44.1823 39.5765 51.5276 44.2113 40.2185 51.1313 44.2448 33.4255 53.024 40.8816 33.7935 53.0856 41.3182 33.9163 52.9872 41.0728 34.6961 52.9388 41.3285 34.3208 53.0401 41.6612 33.8111 53.2347 42.3172 34.6814 53.0834 42.3688 35.6404 52.7333 41.3662 36.5827 52.4331 41.374 34.9077 52.9812 42.135 35.5678 52.8891 42.3768 36.5899 52.5851 42.3491 33.811 53.3281 43.2146 34.6844 53.1877 43.2291 33.8186 53.3766 44.051 34.6914 53.241 44.018 35.0846 53.0192 42.7931 35.2374 53.0501 43.2393 35.7563 52.9269 43.2432 36.5999 52.6957 43.2519 35.3812 53.0779 44.0067 35.8388 52.9567 44.0023 36.6019 52.7596 44.0079 37.5744 52.3416 43.2873 37.5722 52.4124 44.0714 38.3177 52.1238 45.3942 38.805 51.9112 45.1024 39.5752 51.5724 45.0336 40.2706 51.1558 45.0694 38.2975 52.1073 46.9102 38.7902 51.909 46.9655 39.5823 51.5741 46.9776 40.2888 51.1602 46.9092 38.1904 52.0633 47.7522 38.7204 51.8805 47.795 39.5912 51.521 47.833 40.2474 51.1355 47.8654 38.0739 52.0241 48.1876 38.5367 51.8379 48.6471 39.5953 51.3993 48.7156 40.141 51.0758 48.7309 33.8314 53.3659 45.9803 34.6985 53.2343 45.991 33.8241 53.2854 46.7495 34.7005 53.1585 46.7646 35.3719 53.0751 45.9958 35.8332 52.9554 45.9983 36.5936 52.7604 45.9915 35.2003 53.0385 46.781 35.735 52.922 46.7831 36.5836 52.6981 46.7865 33.8042 53.1452 47.6414 34.616 53.044 47.5704 33.7972 53.0308 48.1691 34.0317 53.0047 48.023 35.034 53.0074 47.0485 35.5364 52.8596 47.5661 36.5806 52.5811 47.6678 34.824 52.9531 47.8062 34.5862 52.8636 48.5152 35.6173 52.6494 48.6121 36.584 52.4164 48.6257 37.5713 52.4281 45.8369 37.5695 52.3834 46.8301 37.568 52.286 47.7009 37.6 52.1302 48.62 41.0162 50.0112 40.9463 41.0996 50.0683 41.4592 41.6255 49.7147 41.4457 42.2613 49.2091 41.4304 41.2413 50.1709 42.3998 41.7442 49.8036 42.3956 42.3836 49.3087 42.3897 42.7618 48.7949 41.4123 42.8684 48.8875 42.3786 41.3578 50.2586 43.3165 41.8438 49.8783 43.3413 42.4818 49.3902 43.3386 41.4468 50.3172 44.3065 41.9174 49.9352 44.3224 42.6259 49.3774 44.2662 42.9572 48.963 43.3283 42.9969 48.9973 44.0333 43.4483 48.6637 44.2178 40.6617 50.7608 43.2875 40.7274 50.8111 44.2781 41.5128 50.3572 45.122 41.9695 49.9764 45.1194 42.535 49.5442 45.1185 41.5383 50.3755 46.6397 41.9864 49.9894 46.5738 42.5403 49.5755 46.6333 43.0256 49.0224 44.5264 43.0531 49.0472 45.1092 43.5797 48.6026 45.0637 43.0674 49.0619 46.7227 43.5915 48.6038 46.8911 40.7685 50.8446 45.1108 40.7832 50.8593 46.7769 41.5164 50.356 47.9006 41.964 49.9717 47.9093 42.5429 49.5415 47.9007 41.4393 50.2959 48.7559 41.9002 49.9211 48.7648 42.618 49.3701 48.692 43.0466 49.0435 47.8896 43.5754 48.5834 47.859 43.0173 49.016 48.1464 43.5275 48.5307 48.6333 40.7527 50.8414 47.8837 40.6764 50.7902 48.7417 47.4878 33.4736 49.6792 47.6051 34.4269 49.6999 47.3509 33.4435 50.659 47.4575 34.3863 50.6547 47.7051 35.3643 49.696 47.781 36.146 49.6808 47.54 35.3205 50.6323 47.5962 36.0935 50.608 47.1273 33.3341 51.6975 47.25 34.3732 51.5952 46.9991 33.0086 51.9959 46.9104 33.3117 52.5562 47.0331 33.5837 52.1333 47.0675 34.3619 52.2694 47.3204 35.2837 51.5819 47.3652 36.0418 51.5748 47.1009 35.2352 52.3991 47.121 36.0074 52.4619 47.81 37.4173 49.6487 47.7831 38.9105 49.6236 47.6137 37.7629 50.5953 47.5791 38.8757 50.583 47.6978 39.741 49.6125 47.5527 40.6567 49.6083 47.4896 39.7309 50.5763 47.3434 40.6637 50.5829 47.373 37.9379 51.5716 47.3374 38.8597 51.5791 47.1223 37.9949 52.4563 47.1038 38.8308 52.3683 47.2481 39.7356 51.5884 47.103 40.5978 51.5655 47.058 39.7257 52.1926 47.0182 40.1103 52.0578 46.6099 33.414 53.6043 46.9283 34.3526 52.77 46.689 34.3439 53.6024 46.1924 33.3936 54.6896 46.3037 34.3295 54.6112 46.9584 35.2057 52.8628 46.7469 35.1917 53.6001 46.973 36.0119 52.9118 46.7746 36.132 53.5971 46.3553 35.1552 54.6067 46.3776 36.456 54.6046 45.9901 33.1195 54.9787 45.7767 33.388 55.5168 46.0137 33.7589 55.0253 45.2117 33.3978 56.2968 45.7579 34.3223 55.6441 46.037 34.3251 55.0696 45.2538 34.3173 56.3568 45.7807 35.0767 55.6698 46.062 35.1165 55.1156 45.2829 35.0445 56.3991 45.7842 36.8334 55.6785 46.0714 36.6806 55.1317 45.2868 36.9239 56.4053 46.9715 37.9951 52.9082 46.7652 37.9655 53.5949 46.9463 38.8114 52.841 46.7074 38.7924 53.5901 46.3586 37.9251 54.6019 46.2354 38.7872 54.6838 46.8941 39.7139 52.7174 46.5945 39.7085 53.589 46.8234 40.6078 52.5185 46.4159 40.6606 53.5919 46.2033 39.6949 54.4632 46.1011 40.6418 54.2153 45.766 37.8751 55.6608 46.0599 37.9024 55.1077 45.2643 37.8527 56.3698 45.778 38.7671 55.508 46.0316 38.482 55.055 45.2134 38.7331 56.2947 45.9473 39.6908 54.9055 45.994 38.9523 54.9885 45.5954 39.6934 55.5815 45.841 40.637 54.7316 45.3195 40.6198 55.6248 45.1301 39.6887 56.1765 45.053 40.2208 56.0703 39.4717 48.4716 55.4692 40.188 48.1366 55.1614 40.5585 47.5386 55.5588 39.7936 47.836 55.8318 39.0877 48.0528 56.0541 39.4657 47.4571 56.4641 40.2223 47.1652 56.1627 47.3521 41.6455 49.615 47.0971 42.5766 49.5161 47.1306 41.622 50.5776 47.0448 42.1554 50.2063 47.0033 43.0087 49.0164 46.2292 44.6168 49.5947 46.7683 43.5029 49.5232 46.9353 42.8356 49.7646 46.4723 43.595 50.5942 46.8507 42.5764 50.5803 46.1297 44.2764 50.5968 47.0451 41.2208 51.1816 46.9623 41.8713 50.8624 46.5724 42.6156 51.5859 46.87 41.6142 51.5625 46.9539 40.8301 51.8482 46.5552 41.6324 52.597 46.2191 42.6087 52.599 45.7311 44.5051 51.5495 46.0392 44.0782 51.1284 46.1867 43.5776 51.5418 45.9287 43.8594 51.8153 45.2867 44.5761 52.5719 45.8071 43.5731 52.5965 46.0813 43.2002 52.2378 43.9671 47.964 48.8635 43.4156 48.4142 49.6836 43.8927 47.8835 49.6778 44.3388 47.4091 49.6684 43.2546 48.2506 50.6379 43.7567 47.7354 50.6375 44.1894 47.2298 50.633 43.1072 48.105 51.2691 43.5495 47.551 51.5994 44.0691 47.0823 51.1887 44.367 46.5919 51.5804 43.9276 46.9142 51.853 43.2701 47.2917 52.5839 43.7692 46.7326 52.5831 44.1667 46.2249 52.5833 42.5452 48.5391 51.5912 42.9453 47.9465 51.8994 42.2886 48.2559 52.5831 42.7847 47.7859 52.5833 45.1902 46.2809 49.6458 45.7357 45.4919 49.6014 46.0353 45.0613 49.184 45.9586 44.9247 49.852 45.3599 45.6399 50.6664 45.8689 44.7737 50.6003 45.0867 46.1276 50.3708 44.8274 46.7778 49.6571 44.7536 46.5191 50.6779 45.2103 45.3513 51.5946 44.985 45.9775 50.9535 44.8837 45.834 51.597 45.0756 45.1202 52.1874 44.6988 45.5137 52.5698 43.8525 43.5685 55.8308 44.2484 43.5741 55.3507 44.5714 42.6434 55.601 43.9977 42.9957 55.9972 43.3099 43.4928 56.524 43.754 42.6777 56.5533 44.1694 42.414 56.2054 43.506 44.5148 55.5134 44.061 44.0956 55.0819 43.1298 44.2032 56.149 45.8029 42.6014 53.5695 46.0778 42.2371 53.1902 46.1707 41.5575 53.5719 45.9257 41.8088 53.8536 45.2753 42.5628 54.5759 45.7164 41.5595 54.5029 46.027 41.0976 54.0523 45.9493 42.8814 52.8829 45.3274 43.5996 53.6034 45.1247 44.229 53.2615 45.119 43.2567 54.2174 44.7727 44.5725 53.5984 44.942 43.898 53.9012 44.258 44.5038 54.5159 44.7653 43.5958 54.5723 45.1894 41.6103 55.2998 45.0633 42.1587 55.0956 44.8432 41.6056 55.7915 44.9538 40.8701 55.9372 44.2963 41.5138 56.5589 44.6752 40.6181 56.4929 44.9161 42.8342 54.8728 43.48 46.4743 53.467 44.0233 46.03 53.0409 44.2223 45.5014 53.4905 43.8291 45.785 53.7542 43.1579 46.1854 54.2264 43.5233 45.5268 54.5307 44.0686 45.0986 54.1066 41.456 48.4648 53.4485 42.0798 48.0705 53.1143 42.4972 47.4914 53.4939 41.8344 47.8503 53.8012 41.1661 48.1345 54.1931 41.5625 47.5496 54.5781 42.196 47.1862 54.2525 43.0767 47.0825 53.1242 42.8579 46.8497 53.8078 42.5753 46.5736 54.5914 41.6162 46.5904 55.6059 42.2548 46.2609 55.2738 42.6022 45.6044 55.5934 41.9173 45.9186 55.9186 41.2795 46.2377 56.2326 41.6235 45.5927 56.5937 42.2525 45.2783 56.2615 43.8428 44.7841 54.794 43.1757 45.2335 55.2226 42.9017 45.886 54.8792 42.8966 44.8628 55.88 42.5657 44.5915 56.5585 41.907 46.9112 54.8979 41.261 47.2178 55.2481 40.4981 48.5011 54.5105 40.8501 47.8778 54.8552 40.877 46.8957 55.8956 40.5617 46.5312 56.5457 44.9239 44.881 52.8519 35.9147 33.4169 61.9844 36.656 33.3972 61.8617 35.5462 33.4106 62.0591 35.9955 34.0103 61.9993 36.5934 34.2178 61.9259 35.7901 34.2453 62.086 36.1104 34.5057 62.0214 33.9474 33.3164 62.2248 34.7835 33.3654 62.1626 33.9808 34.1895 62.274 34.8119 34.2645 62.2201 33.9944 35.0429 62.2964 34.8458 35.0031 62.2535 33.9662 36.9907 62.294 34.874 36.9985 62.2561 35.755 35.0028 62.1513 36.1934 35.0035 62.0391 35.7566 36.9975 62.1527 36.2012 36.9953 62.0398 37.6181 33.3754 61.6078 38.6112 33.4105 61.2765 37.6104 34.2524 61.6688 38.6093 34.2743 61.3451 39.0318 32.81 61.0149 39.641 33.4463 60.8009 40.637 33.3808 60.2586 39.0901 33.4468 61.0414 39.7056 34.3558 60.838 40.5465 34.3601 60.3941 39.1797 34.3144 61.0808 36.7373 35.0077 61.9247 37.5958 35.0174 61.703 38.602 35.0696 61.3844 36.7421 36.9874 61.9274 37.5899 36.9529 61.7075 38.595 36.5631 61.3914 39.7543 35.1813 60.8683 40.5527 35.1726 60.4537 39.2473 35.1287 61.1048 39.7766 36.0128 60.8856 40.5644 36.1585 60.4845 39.279 36.0631 61.111 33.2297 40.6043 61.7128 33.5167 39.6969 61.9222 33.6763 39.1347 62.0261 34.9583 40.6168 61.7022 34.9133 39.5765 61.9306 34.7109 39.0897 62.0155 35.7964 39.6649 61.857 35.7973 38.8955 61.9736 34.9762 38.9905 61.9987 34.8814 38.758 62.0751 35.7769 38.4822 62.0354 36.7191 39.7061 61.7219 36.6059 38.6618 61.8857 36.0229 38.0407 62.0043 35.835 40.6311 61.6421 36.72 40.6491 61.5066 33.8768 37.8318 62.2435 34.8752 37.8337 62.2061 33.7752 38.6948 62.1272 35.7464 37.8228 62.1059 36.1151 37.843 62.0199 36.7167 37.866 61.9166 37.5964 37.891 61.687 38.5986 37.9511 61.3795 37.619 38.8094 61.6273 38.6144 38.8369 61.3244 39.7789 37.9979 60.8868 40.5733 37.9771 60.4804 39.2806 37.9936 61.1087 39.7255 38.8325 60.8552 40.5799 38.8178 60.4073 39.1921 38.8308 61.0765 37.6403 39.738 61.5017 38.6736 39.7097 61.1722 37.6416 40.6594 61.2841 38.2945 40.6631 61.076 39.5395 39.691 60.8141 40.6094 39.6119 60.2309 39.0761 39.2932 61.0324 38.7966 40.6645 60.8996 39.605 40.6559 60.5555 38.9456 39.8967 60.979 40.2621 40.6497 60.1486 43.8465 33.4018 57.8476 44.3353 33.3987 57.3671 43.3657 33.4005 58.3278 43.8954 34.2786 57.8958 44.3836 34.2903 57.426 43.4262 34.2742 58.3803 43.9273 35.0579 57.9277 44.4153 35.0551 57.465 43.4659 35.0456 58.4143 43.935 36.9014 57.9357 44.4247 36.911 57.476 43.4767 36.9241 58.4231 40.9892 33.0642 59.9937 41.4758 33.363 59.765 42.2785 33.3991 59.2009 41.0412 33.6824 60.0249 41.6235 34.3007 59.7446 42.3427 34.2751 59.2441 41.088 34.3321 60.0528 42.7756 33.4007 58.8168 42.8268 34.2727 58.86 41.6552 35.0583 59.7655 42.3828 35.0227 59.269 41.1312 35.111 60.0802 41.6621 36.8197 59.7666 42.3867 36.9576 59.27 41.144 36.4834 60.0907 42.8599 35.0299 58.8878 42.8659 36.9515 58.8943 44.8238 33.3971 56.7878 44.8631 34.3072 56.8332 44.8891 35.0471 56.8655 44.8961 36.9259 56.8722 43.9117 37.869 57.9116 44.3978 37.8607 57.4455 43.449 37.8682 58.3968 43.8539 38.7354 57.8531 44.3351 38.7289 57.3727 43.3769 38.7422 58.331 43.7575 39.669 57.76 44.2372 39.6765 57.2589 43.256 39.6636 58.2237 43.6276 40.624 57.6354 44.0957 40.6335 57.104 43.0932 40.6159 58.0809 41.6453 37.9163 59.7506 42.35 37.8792 59.2516 41.1274 37.9523 60.0826 41.5824 38.7729 59.7037 42.2722 38.7559 59.2001 41.0596 38.7925 60.0401 42.8374 37.8659 58.8715 42.7727 38.7473 58.8168 41.4304 39.59 59.659 42.1442 39.6648 59.1071 41.0033 39.0122 60.0023 40.7598 40.6414 59.8341 41.5777 40.5736 59.2939 40.9116 39.8203 59.9388 42.045 40.1288 59.034 42.6647 39.6613 58.7268 42.467 40.5632 58.6462 44.8744 37.8508 56.8457 44.8231 38.728 56.7873 44.7424 39.684 56.696 39.5774 42.5882 59.7886 40.5642 42.5473 59.2547 40.4927 41.5222 59.6907 39.8596 41.8077 59.9174 39.2022 42.2333 60.0928 39.5846 41.5393 60.219 40.0746 41.1229 60.0438 37.5544 44.4647 59.6746 38.5307 44.5367 59.2359 38.5935 43.545 59.7761 37.7923 43.8334 59.9066 37.0458 44.0251 60.0138 37.5491 43.5426 60.1651 38.2273 43.1638 60.0775 39.5712 44.5491 58.7401 40.5088 44.5326 58.2452 40.5694 43.6074 58.7608 39.8804 43.891 58.9358 39.2281 44.1747 59.101 39.5884 43.5929 59.3036 40.2112 43.2526 59.1145 38.8763 42.8807 59.9429 38.6182 42.583 60.2398 33.9694 48.3431 57.3274 33.9284 47.798 57.82 33.8896 47.3055 58.2458 34.8697 48.3157 57.3028 34.8699 47.7745 57.7981 34.8697 47.277 58.2246 35.755 48.245 57.238 35.7672 47.7144 57.7411 35.7801 47.2066 58.1715 36.6873 48.1259 57.1226 36.6958 47.607 57.6395 36.7067 47.0829 58.0707 33.3254 45.5499 59.5389 33.0865 44.8702 59.9248 33.0618 44.3984 60.2025 34.9577 45.5548 59.527 34.9879 44.8649 59.9213 34.9906 44.3922 60.1994 33.6206 46.1484 59.103 34.9191 46.1289 59.0924 35.843 45.5585 59.4528 35.8475 44.8047 59.8848 35.8446 44.3152 60.1613 36.6369 45.5892 59.2546 36.7103 44.6715 59.7979 36.7119 44.1466 60.0771 35.8311 46.0734 59.0539 36.0735 46.0211 59.0157 33.7958 46.6672 58.7468 34.8866 46.6487 58.7279 35.8063 46.6034 58.6824 36.6371 46.4564 58.639 38.6629 46.5394 57.7481 39.4894 46.5077 57.2989 39.5553 45.8014 57.8393 38.9691 45.9793 57.9838 38.3749 46.1944 58.1561 38.6081 45.5707 58.5514 39.5506 45.3115 58.2179 40.1871 46.1407 57.1232 40.5085 45.5008 57.515 40.0873 45.0664 58.0485 37.5015 48.4943 56.4953 38.6028 48.2169 56.226 38.5996 47.7175 56.7281 37.8155 47.8974 56.9001 37.0954 48.035 57.0336 37.5065 47.4783 57.4783 38.5974 47.2108 57.1875 37.7884 46.857 57.8766 37.0081 47.0035 58.003 37.553 46.5484 58.2672 39.7635 46.812 56.8311 39.0569 47.0369 57.0332 37.6466 45.7498 58.8203 36.8414 45.9066 58.934 37.64 45.2448 59.1512 38.1018 45.0663 59.0415 38.7989 44.8401 58.8958 33.0446 41.5857 61.418 34.9937 41.5944 61.416 33.0218 42.3635 61.1277 34.9975 42.358 61.1278 35.8645 41.5985 61.3584 36.689 41.6331 61.1797 35.87 42.2706 61.0988 36.3055 42.1252 61.0469 33.0488 43.5685 60.6361 33.0395 42.8374 60.9322 34.9931 43.5669 60.6297 34.9953 42.8329 60.929 35.8512 43.5657 60.5613 35.8623 42.7696 60.8976 36.7084 43.5678 60.3999 36.6874 42.5323 60.8416 37.6365 42.5746 60.5927 37.6312 41.7565 60.8979 36.9022 41.9324 60.9754 37.633 41.2456 61.0724 38.5502 41.4948 60.7272 38.0091 41.009 61.0031 43.8737 41.7636 56.8642 43.1798 42.5824 57.1829 43.4761 41.4376 57.4796 44.0084 41.0211 57.009 43.0002 41.0006 58.0002 42.6746 42.58 57.7006 42.8557 41.7444 57.8725 42.1522 42.5769 58.124 42.545 41.4821 58.2673 41.569 44.5662 57.5454 42.1727 44.256 57.1674 42.4601 43.44 57.4707 41.8102 43.7621 57.8393 41.1122 44.1222 58.0708 41.5363 43.5117 58.2096 42.0088 43.0149 58.0073 43.0269 43.0464 57.0273 42.8342 43.7593 56.823 41.7613 41.583 58.8197 41.9127 40.8225 58.9355 41.2576 41.576 59.1676 41.5059 42.5439 58.6657 41.0781 42.1357 59.0509 40.8679 42.8222 58.9144 41.9022 44.8932 56.9113 41.2645 45.2222 57.1913 40.8519 45.8747 56.8872 40.7851 44.8116 57.8553 33.6942 52.1178 51.5965 34.6137 52.0798 51.2528 34.6155 51.9079 51.756 33.8761 51.962 51.8987 33.0033 52.0004 52.0009 33.7128 51.7945 52.4821 34.6322 51.6169 52.5764 35.5905 52.137 50.597 36.3602 52.0683 50.2688 36.6661 51.9094 50.6119 35.8534 51.9688 50.9025 35.1862 52.0288 51.0883 35.5892 51.844 51.5082 36.613 51.6196 51.5724 35.6214 51.454 52.5707 36.6327 51.2138 52.6189 37.903 51.9695 48.8598 37.2694 52.0657 49.3656 37.6162 51.9106 49.6734 38.6044 51.6154 49.6211 36.6503 52.1711 49.6573 36.9529 51.9882 49.9513 37.5999 51.6773 50.5933 38.6035 51.3549 50.6021 39.6149 51.1926 49.5824 40.044 51.024 49.1203 40.4996 50.732 49.5951 39.9009 50.9482 49.8289 39.2161 51.0856 50.6121 39.7378 50.8524 50.6201 40.6544 50.3469 50.6665 37.6059 51.3585 51.5831 38.51 51.0898 51.4988 37.6046 51.0909 52.246 38.0242 51.0088 52.0209 39.0158 51.0071 51.0198 39.5062 50.6865 51.5088 40.3403 50.184 51.6035 38.7628 50.8858 51.7573 38.5118 50.696 52.4782 39.5468 50.2053 52.5221 40.0927 50.0533 52.1179 33.7976 52.9269 48.7078 33.7861 52.7242 49.5853 34.6478 52.5967 49.5869 33.7638 52.4424 50.5636 34.6219 52.313 50.563 35.6125 52.4229 49.5918 33.8261 51.2304 53.6617 34.6822 51.211 53.4813 34.7165 50.9604 53.926 33.9258 50.993 53.9869 33.494 51.0162 54.0279 33.8517 50.7687 54.4878 34.7374 50.6334 54.5797 35.6417 51.1259 53.2942 36.2789 51.0529 53.1201 35.6605 50.8878 53.7885 35.6793 50.4894 54.5846 36.648 50.8137 53.5335 36.5978 50.2544 54.6135 33.9656 50.204 55.2822 33.9883 49.8117 55.7771 33.9974 49.318 56.3459 34.7903 50.1608 55.2315 34.8274 49.7854 55.74 34.8549 49.2868 56.3167 35.7016 50.087 55.1266 35.7139 49.7215 55.6622 35.7299 49.21 56.2375 36.1252 50.0283 55.0404 36.5978 49.6612 55.4847 36.6667 49.09 56.1046 40.521 49.6642 52.5251 39.8169 49.8928 52.8026 39.1302 50.0607 53.1234 39.549 49.7067 53.5198 40.4987 49.1723 53.4631 38.521 50.1768 53.5255 38.7816 49.8894 53.8066 38.069 50.0271 54.0469 38.5219 49.6502 54.5033 39.5078 49.1716 54.5107 40.0599 49.0387 54.0622 37.6079 50.88 52.7521 36.8989 50.9725 52.9361 37.6148 50.5185 53.5751 37.6159 50.134 54.2449 37.6139 49.8246 54.7528 36.8331 49.9392 54.9115 37.5319 49.2806 55.5689 38.5978 49.1226 55.1681 38.6024 48.7301 55.6943 37.7832 48.8888 55.8705 37.0376 49.0134 56.0157 39.7627 48.818 54.7748 39.0087 49.0047 55.0062 41.2888 50.192 49.6741 41.7826 49.8295 49.6824 42.4071 49.3403 49.6871 41.1289 50.0858 50.3555 41.5252 49.7502 50.6723 42.224 49.1865 50.6343 42.9646 48.9677 48.865 42.8822 48.8915 49.6898 42.7297 48.752 50.6367 40.9702 49.9805 50.9424 40.8214 49.8726 51.6039 41.5922 49.3547 51.5748 42.0772 49.0651 51.1724 41.9047 48.9206 51.8439 41.2014 49.1423 52.5752 41.7136 48.7582 52.5792 41.0053 49.0039 53.0068 40.7642 48.8123 53.7274 33.9954 48.8326 56.8312 34.8675 48.8087 56.8053 35.7435 48.7477 56.7394 36.6787 48.6475 56.6317 3	2 1 3 
3	1 0 3 
3	3 0 5 
3	0 4 5 
3	5 6 2 
3	2 3 5 
3	9 8 10 
3	8 7 10 
3	10 7 11 
3	11 12 10 
3	12 13 10 
3	13 9 10 
3	7 14 2 
3	14 1 2 
3	6 11 2 
3	11 7 2 
3	8 15 7 
3	15 14 7 
3	16 13 17 
3	13 12 17 
3	17 12 18 
3	18 19 17 
3	19 20 17 
3	20 16 17 
3	19 18 22 
3	18 21 22 
3	22 21 23 
3	23 24 22 
3	24 25 22 
3	25 19 22 
3	25 26 19 
3	26 20 19 
3	27 6 28 
3	6 5 28 
3	28 5 29 
3	29 30 28 
3	30 21 28 
3	21 27 28 
3	5 4 32 
3	4 31 32 
3	32 31 33 
3	33 34 32 
3	34 29 32 
3	29 5 32 
3	30 29 36 
3	29 35 36 
3	36 23 30 
3	23 21 30 
3	34 33 37 
3	37 38 34 
3	38 35 34 
3	35 29 34 
3	12 11 27 
3	11 6 27 
3	21 18 27 
3	18 12 27 
3	41 40 42 
3	40 39 42 
3	42 39 44 
3	39 43 44 
3	44 45 42 
3	45 41 42 
3	44 43 46 
3	46 47 44 
3	47 48 44 
3	48 45 44 
3	47 46 49 
3	49 50 47 
3	50 51 47 
3	51 48 47 
3	50 49 53 
3	49 52 53 
3	53 54 50 
3	54 51 50 
3	53 52 56 
3	52 55 56 
3	56 57 54 
3	54 53 56 
3	56 55 58 
3	58 57 56 
3	61 60 62 
3	60 59 62 
3	62 59 64 
3	59 63 64 
3	64 65 62 
3	65 61 62 
3	64 63 67 
3	63 66 67 
3	67 68 64 
3	68 65 64 
3	71 70 72 
3	70 69 72 
3	72 69 74 
3	69 73 74 
3	74 75 72 
3	75 71 72 
3	69 76 41 
3	76 40 41 
3	45 73 69 
3	69 41 45 
3	70 77 69 
3	77 76 69 
3	74 73 79 
3	73 78 79 
3	79 80 74 
3	80 75 74 
3	48 78 45 
3	78 73 45 
3	59 81 71 
3	81 70 71 
3	75 63 71 
3	63 59 71 
3	60 82 59 
3	82 81 59 
3	81 83 70 
3	83 77 70 
3	82 84 83 
3	83 81 82 
3	80 66 63 
3	63 75 80 
3	86 85 61 
3	85 60 61 
3	65 87 86 
3	86 61 65 
3	89 88 86 
3	88 85 86 
3	87 90 89 
3	89 86 87 
3	68 91 87 
3	87 65 68 
3	91 92 90 
3	90 87 91 
3	94 93 88 
3	88 89 94 
3	90 95 94 
3	94 89 90 
3	97 96 93 
3	93 94 97 
3	95 98 94 
3	98 97 94 
3	92 99 95 
3	95 90 92 
3	99 100 95 
3	100 98 95 
3	85 101 82 
3	82 60 85 
3	88 102 101 
3	101 85 88 
3	101 103 84 
3	84 82 101 
3	102 104 103 
3	103 101 102 
3	93 105 102 
3	102 88 93 
3	96 106 93 
3	106 105 93 
3	105 107 102 
3	107 104 102 
3	106 108 107 
3	107 105 106 
3	67 66 110 
3	66 109 110 
3	110 111 68 
3	68 67 110 
3	110 109 112 
3	112 113 110 
3	113 114 111 
3	111 110 113 
3	79 78 115 
3	115 116 79 
3	116 117 80 
3	80 79 116 
3	51 115 48 
3	115 78 48 
3	116 115 118 
3	118 119 116 
3	119 120 116 
3	120 117 116 
3	54 118 51 
3	118 115 51 
3	117 109 80 
3	109 66 80 
3	120 112 109 
3	109 117 120 
3	113 112 122 
3	112 121 122 
3	122 123 113 
3	123 114 113 
3	122 121 125 
3	121 124 125 
3	125 126 122 
3	126 123 122 
3	119 118 128 
3	118 127 128 
3	128 129 120 
3	120 119 128 
3	57 127 54 
3	127 118 54 
3	128 127 131 
3	127 130 131 
3	131 132 129 
3	129 128 131 
3	57 58 134 
3	58 133 134 
3	134 130 127 
3	127 57 134 
3	129 121 112 
3	112 120 129 
3	132 124 129 
3	124 121 129 
3	111 135 91 
3	91 68 111 
3	135 136 92 
3	92 91 135 
3	114 137 135 
3	135 111 114 
3	137 138 135 
3	138 136 135 
3	139 100 140 
3	100 99 140 
3	140 99 141 
3	141 142 140 
3	142 143 140 
3	143 139 140 
3	136 141 92 
3	141 99 92 
3	142 141 144 
3	141 136 144 
3	144 136 145 
3	136 138 145 
3	145 146 144 
3	146 142 144 
3	146 147 143 
3	143 142 146 
3	123 148 114 
3	148 137 114 
3	148 149 137 
3	149 138 137 
3	150 149 151 
3	149 148 151 
3	151 148 152 
3	152 153 151 
3	153 154 151 
3	154 150 151 
3	126 152 123 
3	152 148 123 
3	145 138 149 
3	149 150 145 
3	150 155 145 
3	155 146 145 
3	155 156 147 
3	147 146 155 
3	154 157 155 
3	155 150 154 
3	157 158 155 
3	158 156 155 
3	161 160 162 
3	160 159 162 
3	162 159 163 
3	163 164 162 
3	164 165 162 
3	165 161 162 
3	33 165 166 
3	165 164 166 
3	166 164 167 
3	167 168 166 
3	168 37 166 
3	37 33 166 
3	164 163 170 
3	163 169 170 
3	170 169 171 
3	171 172 170 
3	172 167 170 
3	167 164 170 
3	175 174 176 
3	174 173 176 
3	176 173 177 
3	177 178 176 
3	178 179 176 
3	179 175 176 
3	159 181 182 
3	181 180 182 
3	182 180 175 
3	175 169 182 
3	169 163 182 
3	163 159 182 
3	160 183 159 
3	183 181 159 
3	181 185 180 
3	185 184 180 
3	180 184 175 
3	184 174 175 
3	183 186 185 
3	185 181 183 
3	169 175 179 
3	179 171 169 
3	1 188 0 
3	188 187 0 
3	0 187 189 
3	189 4 0 
3	187 191 192 
3	191 190 192 
3	192 190 161 
3	190 160 161 
3	161 189 192 
3	189 187 192 
3	188 193 191 
3	191 187 188 
3	14 194 188 
3	188 1 14 
3	15 195 194 
3	194 14 15 
3	194 196 193 
3	193 188 194 
3	195 197 196 
3	196 194 195 
3	191 199 190 
3	199 198 190 
3	190 198 183 
3	183 160 190 
3	193 200 199 
3	199 191 193 
3	198 199 183 
3	199 201 183 
3	200 203 202 
3	202 199 200 
3	199 202 201 
3	202 204 201 
3	196 205 193 
3	205 200 193 
3	197 206 196 
3	206 205 196 
3	205 207 200 
3	207 203 200 
3	206 208 207 
3	207 205 206 
3	4 189 31 
3	189 161 31 
3	31 161 165 
3	165 33 31 
3	201 204 186 
3	186 183 201 
3	174 210 173 
3	210 209 173 
3	173 209 211 
3	211 177 173 
3	209 213 214 
3	213 212 214 
3	214 212 215 
3	215 216 214 
3	216 211 214 
3	211 209 214 
3	210 217 213 
3	213 209 210 
3	185 219 218 
3	218 184 185 
3	184 218 210 
3	210 174 184 
3	186 220 219 
3	219 185 186 
3	219 222 218 
3	222 221 218 
3	218 221 217 
3	217 210 218 
3	220 223 219 
3	223 222 219 
3	213 225 212 
3	225 224 212 
3	212 224 226 
3	226 215 212 
3	217 227 225 
3	225 213 217 
3	225 229 228 
3	228 224 225 
3	224 228 230 
3	230 226 224 
3	227 231 225 
3	231 229 225 
3	222 233 232 
3	232 221 222 
3	221 232 217 
3	232 227 217 
3	223 234 233 
3	233 222 223 
3	233 236 235 
3	235 232 233 
3	232 235 231 
3	231 227 232 
3	234 237 236 
3	236 233 234 
3	203 239 238 
3	238 202 203 
3	202 238 240 
3	240 204 202 
3	239 242 241 
3	241 238 239 
3	238 241 243 
3	243 240 238 
3	207 244 239 
3	239 203 207 
3	208 245 244 
3	244 207 208 
3	244 246 242 
3	242 239 244 
3	245 247 244 
3	247 246 244 
3	242 249 241 
3	249 248 241 
3	241 248 243 
3	248 250 243 
3	249 252 248 
3	252 251 248 
3	248 251 253 
3	253 250 248 
3	246 254 242 
3	254 249 242 
3	247 255 246 
3	255 254 246 
3	254 256 249 
3	256 252 249 
3	255 257 254 
3	257 256 254 
3	204 240 186 
3	240 220 186 
3	240 243 223 
3	223 220 240 
3	243 250 234 
3	234 223 243 
3	250 253 234 
3	253 237 234 
3	260 259 261 
3	259 258 261 
3	261 258 262 
3	262 263 261 
3	263 264 261 
3	264 260 261 
3	263 262 265 
3	265 266 263 
3	266 267 263 
3	267 264 263 
3	268 158 157 
3	157 269 268 
3	269 157 270 
3	270 271 269 
3	271 272 269 
3	272 268 269 
3	271 270 274 
3	270 273 274 
3	274 273 275 
3	275 276 274 
3	276 277 274 
3	277 271 274 
3	277 278 271 
3	278 272 271 
3	276 275 280 
3	275 279 280 
3	280 279 281 
3	281 282 280 
3	282 283 280 
3	283 276 280 
3	282 281 285 
3	281 284 285 
3	285 284 286 
3	286 287 285 
3	287 288 285 
3	288 282 285 
3	288 289 282 
3	289 283 282 
3	290 278 291 
3	278 277 291 
3	291 277 292 
3	292 293 291 
3	293 294 291 
3	294 290 291 
3	283 292 276 
3	292 277 276 
3	293 292 295 
3	292 283 295 
3	295 283 289 
3	289 296 295 
3	296 297 295 
3	297 293 295 
3	297 298 294 
3	294 293 297 
3	125 124 300 
3	124 299 300 
3	300 301 126 
3	126 125 300 
3	300 299 302 
3	302 303 300 
3	303 304 300 
3	304 301 300 
3	131 130 305 
3	305 306 131 
3	306 307 132 
3	132 131 306 
3	134 133 309 
3	133 308 309 
3	309 305 134 
3	305 130 134 
3	306 305 310 
3	310 311 306 
3	311 312 306 
3	312 307 306 
3	309 308 314 
3	308 313 314 
3	314 310 305 
3	305 309 314 
3	307 299 132 
3	299 124 132 
3	312 302 307 
3	302 299 307 
3	303 302 315 
3	302 312 315 
3	315 312 316 
3	316 317 315 
3	317 318 315 
3	318 303 315 
3	318 319 303 
3	319 304 303 
3	284 319 320 
3	319 318 320 
3	320 318 321 
3	321 322 320 
3	322 286 320 
3	286 284 320 
3	317 316 324 
3	316 323 324 
3	324 321 317 
3	321 318 317 
3	311 310 325 
3	325 326 311 
3	326 316 311 
3	316 312 311 
3	314 313 327 
3	327 328 314 
3	328 325 310 
3	310 314 328 
3	326 325 330 
3	325 329 330 
3	330 323 326 
3	323 316 326 
3	328 327 331 
3	331 332 328 
3	332 329 328 
3	329 325 328 
3	153 152 333 
3	333 334 153 
3	334 273 153 
3	273 154 153 
3	301 333 126 
3	333 152 126 
3	334 333 335 
3	333 301 335 
3	335 301 304 
3	304 336 335 
3	336 279 335 
3	279 334 335 
3	279 275 334 
3	275 273 334 
3	273 270 154 
3	270 157 154 
3	336 304 319 
3	319 284 336 
3	284 281 336 
3	281 279 336 
3	287 286 337 
3	286 322 337 
3	337 322 338 
3	338 339 337 
3	339 340 337 
3	340 287 337 
3	341 340 342 
3	340 339 342 
3	342 339 343 
3	343 344 342 
3	344 345 342 
3	345 341 342 
3	339 338 347 
3	338 346 347 
3	347 346 348 
3	348 349 347 
3	349 343 347 
3	343 339 347 
3	228 229 350 
3	350 230 228 
3	231 352 351 
3	351 229 231 
3	229 351 350 
3	351 353 350 
3	352 355 354 
3	354 351 352 
3	351 354 356 
3	356 353 351 
3	236 358 357 
3	357 235 236 
3	235 357 352 
3	352 231 235 
3	237 359 236 
3	359 358 236 
3	358 344 357 
3	344 360 357 
3	357 360 352 
3	360 355 352 
3	359 345 358 
3	345 344 358 
3	355 362 354 
3	362 361 354 
3	354 361 363 
3	363 356 354 
3	362 365 361 
3	365 364 361 
3	361 364 363 
3	364 366 363 
3	344 343 360 
3	343 349 360 
3	360 349 355 
3	349 362 355 
3	349 348 365 
3	365 362 349 
3	368 296 369 
3	296 367 369 
3	369 367 370 
3	370 371 369 
3	371 372 369 
3	372 368 369 
3	251 371 374 
3	371 373 374 
3	374 373 359 
3	359 237 374 
3	237 253 374 
3	253 251 374 
3	252 372 251 
3	372 371 251 
3	371 370 373 
3	370 341 373 
3	373 341 345 
3	345 359 373 
3	376 375 377 
3	375 368 377 
3	377 368 372 
3	372 252 377 
3	252 256 377 
3	256 376 377 
3	379 378 375 
3	375 376 379 
3	256 257 379 
3	379 376 256 
3	375 297 296 
3	296 368 375 
3	378 298 297 
3	297 375 378 
3	367 288 380 
3	288 287 380 
3	380 287 340 
3	340 341 380 
3	341 370 380 
3	370 367 380 
3	296 289 367 
3	289 288 367 
3	383 382 384 
3	382 381 384 
3	384 381 385 
3	385 386 384 
3	386 387 384 
3	387 383 384 
3	322 321 388 
3	388 338 322 
3	324 323 382 
3	382 383 324 
3	383 388 324 
3	388 321 324 
3	338 388 346 
3	388 383 346 
3	346 383 387 
3	387 348 346 
3	330 329 389 
3	389 381 330 
3	381 382 330 
3	382 323 330 
3	332 331 391 
3	331 390 391 
3	391 389 332 
3	389 329 332 
3	381 389 392 
3	389 391 392 
3	392 391 260 
3	260 393 392 
3	393 385 392 
3	385 381 392 
3	391 390 259 
3	259 260 391 
3	348 387 394 
3	387 386 394 
3	394 386 395 
3	395 364 394 
3	364 365 394 
3	365 348 394 
3	386 385 396 
3	396 395 386 
3	364 395 397 
3	397 366 364 
3	395 396 399 
3	396 398 399 
3	399 398 400 
3	400 401 399 
3	401 397 399 
3	397 395 399 
3	393 260 264 
3	264 398 393 
3	398 396 393 
3	396 385 393 
3	398 264 267 
3	267 400 398 
3	404 403 405 
3	403 402 405 
3	405 402 406 
3	406 407 405 
3	407 408 404 
3	404 405 407 
3	24 23 410 
3	23 409 410 
3	410 411 25 
3	25 24 410 
3	411 412 25 
3	412 26 25 
3	410 409 414 
3	409 413 414 
3	414 415 411 
3	411 410 414 
3	415 416 411 
3	416 412 411 
3	36 35 417 
3	417 418 36 
3	418 409 23 
3	23 36 418 
3	38 37 420 
3	37 419 420 
3	420 417 38 
3	417 35 38 
3	418 417 421 
3	421 422 418 
3	422 413 409 
3	409 418 422 
3	420 419 423 
3	423 424 420 
3	424 421 420 
3	421 417 420 
3	414 413 426 
3	413 425 426 
3	426 427 415 
3	415 414 426 
3	427 428 416 
3	416 415 427 
3	426 425 429 
3	429 430 426 
3	430 431 427 
3	427 426 430 
3	431 432 428 
3	428 427 431 
3	422 421 434 
3	421 433 434 
3	434 425 422 
3	425 413 422 
3	424 423 403 
3	403 404 424 
3	404 433 421 
3	421 424 404 
3	434 433 435 
3	435 436 434 
3	436 429 434 
3	429 425 434 
3	408 435 404 
3	435 433 404 
3	439 438 440 
3	438 437 440 
3	440 437 441 
3	441 442 440 
3	442 443 439 
3	439 440 442 
3	442 441 444 
3	444 443 442 
3	447 446 448 
3	446 445 448 
3	448 445 450 
3	445 449 450 
3	450 451 448 
3	451 447 448 
3	407 406 453 
3	406 452 453 
3	453 454 407 
3	454 408 407 
3	453 452 455 
3	455 456 453 
3	456 457 453 
3	457 454 453 
3	456 455 458 
3	458 459 456 
3	459 460 456 
3	460 457 456 
3	461 460 462 
3	460 459 462 
3	462 459 463 
3	463 464 462 
3	464 465 462 
3	465 461 462 
3	459 458 466 
3	466 463 459 
3	430 429 467 
3	429 436 467 
3	467 436 468 
3	468 469 467 
3	469 470 467 
3	470 430 467 
3	469 468 472 
3	468 471 472 
3	472 473 469 
3	473 470 469 
3	474 431 475 
3	431 430 475 
3	475 430 470 
3	470 476 475 
3	476 437 474 
3	474 475 476 
3	477 432 431 
3	431 474 477 
3	437 438 477 
3	477 474 437 
3	476 470 478 
3	470 473 478 
3	478 441 437 
3	437 476 478 
3	436 435 479 
3	435 408 479 
3	479 408 454 
3	454 480 479 
3	480 468 479 
3	468 436 479 
3	480 454 457 
3	457 481 480 
3	481 471 480 
3	471 468 480 
3	472 471 482 
3	482 483 472 
3	483 484 472 
3	484 473 472 
3	485 484 486 
3	484 483 486 
3	486 483 488 
3	483 487 488 
3	488 489 485 
3	485 486 488 
3	483 482 490 
3	482 461 490 
3	490 461 465 
3	465 491 490 
3	491 487 490 
3	487 483 490 
3	478 473 484 
3	484 485 478 
3	485 445 478 
3	445 441 478 
3	445 446 441 
3	446 444 441 
3	489 449 485 
3	449 445 485 
3	481 457 460 
3	460 461 481 
3	461 482 481 
3	482 471 481 
3	450 449 493 
3	449 492 493 
3	493 494 450 
3	494 451 450 
3	493 492 495 
3	495 496 493 
3	496 497 494 
3	494 493 496 
3	496 495 498 
3	498 499 496 
3	499 500 497 
3	497 496 499 
3	499 498 502 
3	498 501 502 
3	502 503 500 
3	500 499 502 
3	464 463 504 
3	504 465 464 
3	463 466 505 
3	505 506 463 
3	506 507 463 
3	507 504 463 
3	506 505 509 
3	505 508 509 
3	509 508 510 
3	510 511 509 
3	511 512 509 
3	512 506 509 
3	512 513 506 
3	513 507 506 
3	511 510 514 
3	514 515 511 
3	515 516 511 
3	516 512 511 
3	516 517 513 
3	513 512 516 
3	515 514 518 
3	518 519 515 
3	519 520 516 
3	516 515 519 
3	520 521 516 
3	521 517 516 
3	488 487 523 
3	487 522 523 
3	523 524 489 
3	489 488 523 
3	491 465 525 
3	525 487 491 
3	487 525 522 
3	525 526 522 
3	523 522 527 
3	527 524 523 
3	522 526 528 
3	528 529 522 
3	529 530 527 
3	527 522 529 
3	524 492 489 
3	492 449 489 
3	524 527 531 
3	527 530 531 
3	531 495 492 
3	492 524 531 
3	465 504 507 
3	507 532 465 
3	532 526 525 
3	525 465 532 
3	532 507 533 
3	507 513 533 
3	533 528 526 
3	526 532 533 
3	529 528 535 
3	528 534 535 
3	535 536 530 
3	530 529 535 
3	535 534 538 
3	534 537 538 
3	538 539 536 
3	536 535 538 
3	531 530 536 
3	536 540 531 
3	540 498 495 
3	495 531 540 
3	540 536 541 
3	536 539 541 
3	541 501 498 
3	498 540 541 
3	533 513 542 
3	513 517 542 
3	542 534 533 
3	534 528 533 
3	542 517 521 
3	521 543 542 
3	543 537 542 
3	537 534 542 
3	546 545 547 
3	545 544 547 
3	547 544 548 
3	548 549 547 
3	549 550 546 
3	546 547 549 
3	544 545 548 
3	545 551 548 
3	502 501 552 
3	552 503 502 
3	555 554 556 
3	554 553 556 
3	556 553 557 
3	557 558 556 
3	558 559 556 
3	559 555 556 
3	561 560 554 
3	554 555 561 
3	559 562 555 
3	562 561 555 
3	549 548 564 
3	548 563 564 
3	564 565 549 
3	565 550 549 
3	551 567 566 
3	566 548 551 
3	548 566 568 
3	568 563 548 
3	564 563 570 
3	563 569 570 
3	570 571 564 
3	571 565 564 
3	563 568 572 
3	572 569 563 
3	566 559 573 
3	559 558 573 
3	573 558 574 
3	574 575 573 
3	575 568 566 
3	566 573 575 
3	567 562 566 
3	562 559 566 
3	558 557 576 
3	576 574 558 
3	575 574 568 
3	574 577 568 
3	568 577 578 
3	578 572 568 
3	574 576 579 
3	579 577 574 
3	577 579 578 
3	579 580 578 
3	519 518 582 
3	518 581 582 
3	582 581 583 
3	583 584 582 
3	584 585 582 
3	585 519 582 
3	584 583 586 
3	586 587 584 
3	587 588 584 
3	588 585 584 
3	543 521 589 
3	521 520 589 
3	589 520 590 
3	590 591 589 
3	591 592 589 
3	592 543 589 
3	585 590 519 
3	590 520 519 
3	591 590 594 
3	590 593 594 
3	594 595 591 
3	595 592 591 
3	588 593 585 
3	593 590 585 
3	587 586 597 
3	586 596 597 
3	597 596 598 
3	598 599 597 
3	599 600 597 
3	600 587 597 
3	600 601 588 
3	588 587 600 
3	599 598 603 
3	598 602 603 
3	603 604 600 
3	600 599 603 
3	604 605 600 
3	605 601 600 
3	594 593 606 
3	593 588 606 
3	606 588 607 
3	588 601 607 
3	607 608 594 
3	594 606 607 
3	608 609 594 
3	609 595 594 
3	607 601 610 
3	610 608 607 
3	608 610 611 
3	611 612 608 
3	612 613 609 
3	609 608 612 
3	605 611 610 
3	610 601 605 
3	538 537 615 
3	537 614 615 
3	615 616 538 
3	616 539 538 
3	615 614 617 
3	617 618 615 
3	618 619 616 
3	616 615 618 
3	541 539 616 
3	616 553 541 
3	553 554 541 
3	554 501 541 
3	554 560 501 
3	560 552 501 
3	553 616 557 
3	616 619 557 
3	592 614 537 
3	537 543 592 
3	595 617 614 
3	614 592 595 
3	618 617 620 
3	620 621 618 
3	621 622 619 
3	619 618 621 
3	621 620 624 
3	620 623 624 
3	624 625 621 
3	625 622 621 
3	557 619 576 
3	619 622 576 
3	576 622 626 
3	622 625 626 
3	626 580 576 
3	580 579 576 
3	609 620 617 
3	617 595 609 
3	613 623 609 
3	623 620 609 
3	629 628 630 
3	628 627 630 
3	630 627 631 
3	631 632 630 
3	632 633 630 
3	633 629 630 
3	215 226 635 
3	226 634 635 
3	635 634 636 
3	636 627 635 
3	627 628 635 
3	628 215 635 
3	226 230 637 
3	637 634 226 
3	634 637 638 
3	638 636 634 
3	627 636 639 
3	639 631 627 
3	636 638 641 
3	638 640 641 
3	641 640 642 
3	642 643 641 
3	643 639 641 
3	639 636 641 
3	644 633 645 
3	633 632 645 
3	645 632 646 
3	646 647 645 
3	647 648 645 
3	648 644 645 
3	632 631 649 
3	649 646 632 
3	647 646 651 
3	646 650 651 
3	651 652 648 
3	648 647 651 
3	646 649 653 
3	653 650 646 
3	631 639 654 
3	639 643 654 
3	654 643 655 
3	655 656 654 
3	656 649 654 
3	649 631 654 
3	643 642 655 
3	642 657 655 
3	656 655 658 
3	658 659 656 
3	659 653 656 
3	653 649 656 
3	655 657 660 
3	660 658 655 
3	663 662 664 
3	662 661 664 
3	664 661 665 
3	665 666 664 
3	666 667 664 
3	667 663 664 
3	666 665 669 
3	665 668 669 
3	669 670 667 
3	667 666 669 
3	669 668 671 
3	671 672 669 
3	672 673 669 
3	673 670 669 
3	651 650 674 
3	674 661 651 
3	661 662 651 
3	662 652 651 
3	650 653 675 
3	653 659 675 
3	675 659 676 
3	676 677 675 
3	677 674 675 
3	674 650 675 
3	661 674 665 
3	674 678 665 
3	677 676 680 
3	676 679 680 
3	680 678 674 
3	674 677 680 
3	658 660 682 
3	660 681 682 
3	682 681 683 
3	683 684 682 
3	684 685 682 
3	685 658 682 
3	684 683 686 
3	686 687 684 
3	687 688 684 
3	688 685 684 
3	659 658 685 
3	685 676 659 
3	676 685 688 
3	688 679 676 
3	665 678 689 
3	689 668 665 
3	680 679 690 
3	690 691 680 
3	691 689 680 
3	689 678 680 
3	668 689 692 
3	689 691 692 
3	692 691 693 
3	693 694 692 
3	694 671 692 
3	671 668 692 
3	691 690 695 
3	695 693 691 
3	679 688 696 
3	688 687 696 
3	696 687 697 
3	697 698 696 
3	698 690 696 
3	690 679 696 
3	687 686 697 
3	686 699 697 
3	698 697 700 
3	700 701 698 
3	701 695 698 
3	695 690 698 
3	697 699 702 
3	702 700 697 
3	168 167 704 
3	167 703 704 
3	704 419 168 
3	419 37 168 
3	172 171 705 
3	705 706 172 
3	706 703 172 
3	703 167 172 
3	704 703 707 
3	707 708 704 
3	708 423 419 
3	419 704 708 
3	706 705 709 
3	709 710 706 
3	710 707 706 
3	707 703 706 
3	171 179 711 
3	179 178 711 
3	711 178 712 
3	712 713 711 
3	713 705 711 
3	705 171 711 
3	178 177 714 
3	714 712 178 
3	713 712 715 
3	715 716 713 
3	716 709 705 
3	705 713 716 
3	712 714 718 
3	714 717 718 
3	718 717 644 
3	644 719 718 
3	719 715 718 
3	715 712 718 
3	722 721 723 
3	721 720 723 
3	723 720 724 
3	724 725 723 
3	725 726 723 
3	726 722 723 
3	708 707 727 
3	727 402 708 
3	402 403 423 
3	423 708 402 
3	710 709 721 
3	721 722 710 
3	722 727 710 
3	727 707 710 
3	402 727 728 
3	727 722 728 
3	728 722 726 
3	726 729 728 
3	729 406 728 
3	406 402 728 
3	716 715 730 
3	730 720 716 
3	720 721 716 
3	721 709 716 
3	719 644 648 
3	648 731 719 
3	731 730 715 
3	715 719 731 
3	720 730 732 
3	732 724 720 
3	731 648 652 
3	652 733 731 
3	733 732 731 
3	732 730 731 
3	177 211 734 
3	211 216 734 
3	734 216 629 
3	629 717 734 
3	717 714 734 
3	714 177 734 
3	216 215 628 
3	628 629 216 
3	717 629 633 
3	633 644 717 
3	725 724 735 
3	735 736 725 
3	736 737 726 
3	726 725 736 
3	736 735 739 
3	735 738 739 
3	739 740 736 
3	740 737 736 
3	729 726 737 
3	737 741 729 
3	741 452 729 
3	452 406 729 
3	741 737 742 
3	737 740 742 
3	742 455 452 
3	452 741 742 
3	724 732 743 
3	732 733 743 
3	743 733 663 
3	663 744 743 
3	744 735 743 
3	735 724 743 
3	733 652 662 
3	662 663 733 
3	744 663 667 
3	667 745 744 
3	745 738 735 
3	735 744 745 
3	739 738 747 
3	738 746 747 
3	747 748 739 
3	748 740 739 
3	747 746 749 
3	749 750 747 
3	750 751 747 
3	751 748 747 
3	742 740 752 
3	740 748 752 
3	752 458 742 
3	458 455 742 
3	752 748 751 
3	751 753 752 
3	753 466 752 
3	466 458 752 
3	745 667 670 
3	670 754 745 
3	754 746 745 
3	746 738 745 
3	754 670 673 
3	673 755 754 
3	755 749 754 
3	749 746 754 
3	230 757 637 
3	757 756 637 
3	637 756 758 
3	758 638 637 
3	757 760 759 
3	759 756 757 
3	756 759 758 
3	759 761 758 
3	638 758 762 
3	762 640 638 
3	640 762 763 
3	763 642 640 
3	758 761 764 
3	764 762 758 
3	762 764 765 
3	765 763 762 
3	759 760 766 
3	766 761 759 
3	764 761 767 
3	767 765 764 
3	766 769 768 
3	768 761 766 
3	761 768 767 
3	768 770 767 
3	769 772 768 
3	772 771 768 
3	768 771 770 
3	771 773 770 
3	657 775 774 
3	774 776 657 
3	776 774 777 
3	777 681 776 
3	681 660 776 
3	660 657 776 
3	775 779 778 
3	778 774 775 
3	774 778 780 
3	780 777 774 
3	642 763 775 
3	775 657 642 
3	763 765 779 
3	779 775 763 
3	779 782 781 
3	781 778 779 
3	778 781 783 
3	783 780 778 
3	782 785 781 
3	785 784 781 
3	781 784 783 
3	784 786 783 
3	767 770 787 
3	787 765 767 
3	765 787 779 
3	787 782 779 
3	770 773 787 
3	773 788 787 
3	787 788 782 
3	788 785 782 
3	772 790 789 
3	789 771 772 
3	771 789 773 
3	789 791 773 
3	790 793 789 
3	793 792 789 
3	789 792 794 
3	794 791 789 
3	400 267 795 
3	267 266 795 
3	795 266 796 
3	796 792 795 
3	792 793 795 
3	793 400 795 
3	266 265 796 
3	265 797 796 
3	792 796 794 
3	796 798 794 
3	796 797 799 
3	799 798 796 
3	784 785 800 
3	800 786 784 
3	773 791 801 
3	801 788 773 
3	788 801 785 
3	801 802 785 
3	801 791 803 
3	803 802 801 
3	791 794 803 
3	794 804 803 
3	785 802 800 
3	802 805 800 
3	803 804 806 
3	806 802 803 
3	802 806 805 
3	806 807 805 
3	794 798 808 
3	808 804 794 
3	798 799 810 
3	799 809 810 
3	810 809 811 
3	811 812 810 
3	812 808 810 
3	808 798 810 
3	804 808 806 
3	808 812 806 
3	806 812 813 
3	813 807 806 
3	812 811 814 
3	814 813 812 
3	681 777 683 
3	777 815 683 
3	777 780 815 
3	780 816 815 
3	683 815 686 
3	815 817 686 
3	815 816 818 
3	818 817 815 
3	780 783 819 
3	819 816 780 
3	783 786 820 
3	820 819 783 
3	816 819 821 
3	821 822 816 
3	822 821 823 
3	823 824 822 
3	824 818 822 
3	818 816 822 
3	819 820 825 
3	825 821 819 
3	821 825 823 
3	825 826 823 
3	686 817 827 
3	827 699 686 
3	817 818 828 
3	818 824 828 
3	828 824 829 
3	829 830 828 
3	830 827 828 
3	827 817 828 
3	699 827 831 
3	827 830 831 
3	831 830 832 
3	832 833 831 
3	833 702 699 
3	699 831 833 
3	830 829 832 
3	829 834 832 
3	824 823 829 
3	823 835 829 
3	823 826 836 
3	836 835 823 
3	829 835 834 
3	835 837 834 
3	835 836 838 
3	838 837 835 
3	800 805 839 
3	839 786 800 
3	786 839 820 
3	839 840 820 
3	805 807 841 
3	841 839 805 
3	839 841 840 
3	841 842 840 
3	820 840 825 
3	840 843 825 
3	825 843 826 
3	843 844 826 
3	843 840 845 
3	845 844 843 
3	840 842 845 
3	842 846 845 
3	841 807 847 
3	847 842 841 
3	847 849 848 
3	848 842 847 
3	842 848 846 
3	848 850 846 
3	849 852 851 
3	851 848 849 
3	848 851 850 
3	851 853 850 
3	807 813 847 
3	813 849 847 
3	813 814 852 
3	852 849 813 
3	826 844 836 
3	844 854 836 
3	845 846 855 
3	855 844 845 
3	844 855 854 
3	855 856 854 
3	836 854 857 
3	857 838 836 
3	854 856 858 
3	858 857 854 
3	855 846 859 
3	859 856 855 
3	846 850 859 
3	850 860 859 
3	850 853 860 
3	853 861 860 
3	859 860 862 
3	862 856 859 
3	856 862 858 
3	862 863 858 
3	860 861 862 
3	861 864 862 
3	862 864 863 
3	864 865 863 
3	350 353 230 
3	353 757 230 
3	353 356 757 
3	356 760 757 
3	356 363 866 
3	866 760 356 
3	760 866 766 
3	866 769 766 
3	363 366 867 
3	867 866 363 
3	866 867 772 
3	772 769 866 
3	366 397 867 
3	397 401 867 
3	867 401 790 
3	790 772 867 
3	401 400 793 
3	793 790 401 
3	755 673 868 
3	673 672 868 
3	868 672 869 
3	869 870 868 
3	870 871 868 
3	871 755 868 
3	672 671 872 
3	872 869 672 
3	870 869 873 
3	873 874 870 
3	874 875 871 
3	871 870 874 
3	869 872 877 
3	872 876 877 
3	877 876 878 
3	878 879 877 
3	879 873 877 
3	873 869 877 
3	882 881 883 
3	881 880 883 
3	883 880 884 
3	884 885 883 
3	885 886 883 
3	886 882 883 
3	874 873 887 
3	887 880 874 
3	880 881 874 
3	881 875 874 
3	879 878 888 
3	888 889 879 
3	889 887 879 
3	887 873 879 
3	880 887 890 
3	887 889 890 
3	890 889 891 
3	891 892 890 
3	892 884 890 
3	884 880 890 
3	889 888 893 
3	893 891 889 
3	693 695 894 
3	695 701 894 
3	894 701 895 
3	895 896 894 
3	896 897 894 
3	897 693 894 
3	896 895 898 
3	898 899 896 
3	899 900 896 
3	900 897 896 
3	694 693 897 
3	897 876 694 
3	876 872 694 
3	872 671 694 
3	876 897 900 
3	900 878 876 
3	701 700 895 
3	700 901 895 
3	700 702 902 
3	902 901 700 
3	895 901 903 
3	903 898 895 
3	901 902 905 
3	902 904 905 
3	905 904 906 
3	906 907 905 
3	907 903 905 
3	903 901 905 
3	878 900 908 
3	900 899 908 
3	908 899 909 
3	909 910 908 
3	910 888 908 
3	888 878 908 
3	899 898 911 
3	911 909 899 
3	910 909 912 
3	912 913 910 
3	913 893 910 
3	893 888 910 
3	909 911 915 
3	911 914 915 
3	915 914 916 
3	916 917 915 
3	917 912 915 
3	912 909 915 
3	898 903 918 
3	903 907 918 
3	918 907 919 
3	919 914 918 
3	914 911 918 
3	911 898 918 
3	907 906 919 
3	906 920 919 
3	914 919 916 
3	919 921 916 
3	919 920 922 
3	922 921 919 
3	885 884 923 
3	923 924 885 
3	924 925 885 
3	925 886 885 
3	926 925 927 
3	925 924 927 
3	927 924 928 
3	928 929 927 
3	929 596 927 
3	596 926 927 
3	924 923 931 
3	923 930 931 
3	931 930 932 
3	932 933 931 
3	933 928 931 
3	928 924 931 
3	891 893 934 
3	893 913 934 
3	934 913 935 
3	935 936 934 
3	936 937 934 
3	937 891 934 
3	936 935 938 
3	938 939 936 
3	939 940 936 
3	940 937 936 
3	892 891 937 
3	937 930 892 
3	930 923 892 
3	923 884 892 
3	930 937 940 
3	940 932 930 
3	929 928 942 
3	928 941 942 
3	942 598 596 
3	596 929 942 
3	933 932 943 
3	943 944 933 
3	944 941 933 
3	941 928 933 
3	942 941 945 
3	945 946 942 
3	946 602 598 
3	598 942 946 
3	944 943 947 
3	947 948 944 
3	948 945 941 
3	941 944 948 
3	932 940 949 
3	940 939 949 
3	949 939 950 
3	950 951 949 
3	951 943 949 
3	943 932 949 
3	939 938 950 
3	938 952 950 
3	951 950 954 
3	950 953 954 
3	954 947 943 
3	943 951 954 
3	950 952 955 
3	955 953 950 
3	921 922 957 
3	922 956 957 
3	957 956 958 
3	958 959 957 
3	959 960 957 
3	960 921 957 
3	959 958 961 
3	961 962 959 
3	962 963 959 
3	963 960 959 
3	964 963 965 
3	963 962 965 
3	965 962 966 
3	966 967 965 
3	967 968 965 
3	968 964 965 
3	962 961 969 
3	969 966 962 
3	967 966 970 
3	970 971 967 
3	971 972 968 
3	968 967 971 
3	966 969 970 
3	969 973 970 
3	913 912 974 
3	974 935 913 
3	917 916 975 
3	975 976 917 
3	976 974 917 
3	974 912 917 
3	935 974 977 
3	974 976 977 
3	977 976 978 
3	978 979 977 
3	979 938 977 
3	938 935 977 
3	976 975 978 
3	975 964 978 
3	916 921 960 
3	960 975 916 
3	975 960 963 
3	963 964 975 
3	979 978 980 
3	980 981 979 
3	981 952 938 
3	938 979 981 
3	978 964 968 
3	968 980 978 
3	981 980 982 
3	982 983 981 
3	983 955 981 
3	955 952 981 
3	980 968 982 
3	968 972 982 
3	753 751 984 
3	751 750 984 
3	984 750 985 
3	985 986 984 
3	986 508 984 
3	508 753 984 
3	750 749 987 
3	749 755 987 
3	987 755 871 
3	871 988 987 
3	988 985 987 
3	985 750 987 
3	986 985 990 
3	985 989 990 
3	990 510 986 
3	510 508 986 
3	988 871 875 
3	875 991 988 
3	991 989 985 
3	985 988 991 
3	508 505 753 
3	505 466 753 
3	990 989 992 
3	992 993 990 
3	993 514 990 
3	514 510 990 
3	991 875 881 
3	881 882 991 
3	882 992 991 
3	992 989 991 
3	993 992 994 
3	992 882 994 
3	994 882 886 
3	886 995 994 
3	995 581 994 
3	581 993 994 
3	581 518 993 
3	518 514 993 
3	995 886 925 
3	925 926 995 
3	926 583 995 
3	583 581 995 
3	596 586 926 
3	586 583 926 
3	998 997 996 
3	996 999 998 
3	999 996 1000 
3	1000 1001 999 
3	1001 1002 999 
3	1002 998 999 
3	997 1004 1003 
3	1003 996 997 
3	996 1003 1005 
3	1005 1000 996 
3	1006 1002 1007 
3	1002 1001 1007 
3	1007 1001 1008 
3	1008 1009 1007 
3	1009 1010 1007 
3	1010 1006 1007 
3	920 1010 1011 
3	1010 1009 1011 
3	1011 1009 1012 
3	1012 956 1011 
3	956 922 1011 
3	922 920 1011 
3	1009 1008 1013 
3	1013 1012 1009 
3	1001 1000 1014 
3	1014 1008 1001 
3	1000 1005 1015 
3	1015 1014 1000 
3	1008 1014 1016 
3	1016 1013 1008 
3	1014 1015 1016 
3	1015 1017 1016 
3	833 832 1018 
3	1018 904 833 
3	904 902 833 
3	902 702 833 
3	832 834 1018 
3	834 998 1018 
3	904 1018 906 
3	1018 1006 906 
3	1018 998 1002 
3	1002 1006 1018 
3	834 837 997 
3	997 998 834 
3	837 838 1004 
3	1004 997 837 
3	906 1006 1010 
3	1010 920 906 
3	1004 1020 1019 
3	1019 1003 1004 
3	1003 1019 1005 
3	1019 1021 1005 
3	1020 1023 1019 
3	1023 1022 1019 
3	1019 1022 1021 
3	1022 1024 1021 
3	1022 1023 1025 
3	1025 1024 1022 
3	1005 1021 1026 
3	1026 1015 1005 
3	1021 1024 1026 
3	1024 1027 1026 
3	1015 1026 1028 
3	1028 1017 1015 
3	1026 1027 1028 
3	1027 1029 1028 
3	1025 1031 1024 
3	1031 1030 1024 
3	1024 1030 1027 
3	1030 1032 1027 
3	1031 1034 1033 
3	1033 1030 1031 
3	1030 1033 1032 
3	1033 1035 1032 
3	1027 1032 1036 
3	1036 1029 1027 
3	1032 1035 1037 
3	1037 1036 1032 
3	838 857 1020 
3	1020 1004 838 
3	857 858 1020 
3	858 1023 1020 
3	858 863 1038 
3	1038 1023 858 
3	863 865 1039 
3	1039 1038 863 
3	1023 1038 1025 
3	1038 1031 1025 
3	1038 1039 1031 
3	1039 1034 1031 
3	956 1012 1040 
3	1040 958 956 
3	1012 1013 1040 
3	1013 1041 1040 
3	958 1040 961 
3	1040 1042 961 
3	1040 1041 1042 
3	1041 1043 1042 
3	1013 1016 1044 
3	1044 1041 1013 
3	1016 1017 1044 
3	1017 1045 1044 
3	1041 1044 1043 
3	1044 1046 1043 
3	1044 1045 1046 
3	1045 1047 1046 
3	961 1042 969 
3	1042 1048 969 
3	1042 1043 1048 
3	1043 1049 1048 
3	969 1048 973 
3	1048 1050 973 
3	1048 1049 1050 
3	1049 1051 1050 
3	1043 1046 1049 
3	1046 1052 1049 
3	1046 1047 1053 
3	1053 1052 1046 
3	1049 1052 1054 
3	1054 1051 1049 
3	1052 1053 1056 
3	1053 1055 1056 
3	1056 1055 1057 
3	1057 1058 1056 
3	1058 1054 1056 
3	1054 1052 1056 
3	1017 1028 1045 
3	1028 1059 1045 
3	1028 1029 1060 
3	1060 1059 1028 
3	1045 1059 1047 
3	1059 1061 1047 
3	1059 1060 1062 
3	1062 1061 1059 
3	1029 1036 1063 
3	1063 1060 1029 
3	1036 1037 1065 
3	1037 1064 1065 
3	1065 1064 1066 
3	1066 1067 1065 
3	1067 1063 1065 
3	1063 1036 1065 
3	1060 1063 1068 
3	1063 1067 1068 
3	1068 1067 1069 
3	1069 1070 1068 
3	1070 1062 1068 
3	1062 1060 1068 
3	1067 1066 1069 
3	1066 1071 1069 
3	1047 1061 1072 
3	1072 1053 1047 
3	1061 1062 1073 
3	1073 1072 1061 
3	1053 1072 1074 
3	1074 1055 1053 
3	1055 1074 1075 
3	1075 1057 1055 
3	1072 1073 1076 
3	1076 1074 1072 
3	1074 1076 1077 
3	1077 1075 1074 
3	1070 1069 1078 
3	1078 1076 1070 
3	1076 1073 1062 
3	1062 1070 1076 
3	1069 1071 1079 
3	1079 1078 1069 
3	1076 1078 1077 
3	1078 1080 1077 
3	1078 1079 1081 
3	1081 1080 1078 
3	1083 1082 9 
3	1082 8 9 
3	13 1084 1083 
3	1083 9 13 
3	1086 1085 1082 
3	1082 1083 1086 
3	1084 1087 1086 
3	1086 1083 1084 
3	1082 1088 15 
3	15 8 1082 
3	1085 1089 1088 
3	1088 1082 1085 
3	1087 1090 1086 
3	1090 1085 1086 
3	1092 1091 1089 
3	1089 1085 1092 
3	1090 1093 1092 
3	1092 1085 1090 
3	1095 1094 1091 
3	1091 1092 1095 
3	1093 1096 1092 
3	1096 1095 1092 
3	1097 1084 13 
3	13 16 1097 
3	20 1098 16 
3	1098 1097 16 
3	1099 1087 1084 
3	1084 1097 1099 
3	1098 1100 1099 
3	1099 1097 1098 
3	26 1101 1098 
3	1098 20 26 
3	1101 1102 1100 
3	1100 1098 1101 
3	1100 1103 1099 
3	1103 1087 1099 
3	1105 1104 1103 
3	1103 1100 1105 
3	1102 1106 1105 
3	1105 1100 1102 
3	1106 1107 1105 
3	1107 1104 1105 
3	1108 1093 1090 
3	1090 1087 1108 
3	1103 1104 1087 
3	1104 1108 1087 
3	1109 1096 1093 
3	1093 1108 1109 
3	1104 1110 1109 
3	1109 1108 1104 
3	1107 1111 1110 
3	1110 1104 1107 
3	1096 1112 1094 
3	1094 1095 1096 
3	1110 1113 1109 
3	1113 1096 1109 
3	1115 1114 1112 
3	1112 1096 1115 
3	1113 1116 1115 
3	1115 1096 1113 
3	1116 1117 1115 
3	1117 1114 1115 
3	1111 1118 1113 
3	1113 1110 1111 
3	1118 1119 1116 
3	1116 1113 1118 
3	1119 1120 1117 
3	1117 1116 1119 
3	1122 1121 97 
3	1121 96 97 
3	98 1123 97 
3	1123 1122 97 
3	1125 1124 1121 
3	1121 1122 1125 
3	1123 1126 1125 
3	1125 1122 1123 
3	100 1127 98 
3	1127 1123 98 
3	1127 1128 1126 
3	1126 1123 1127 
3	1130 1129 1124 
3	1124 1125 1130 
3	1126 1131 1125 
3	1131 1130 1125 
3	1133 1132 1129 
3	1129 1130 1133 
3	1131 1134 1133 
3	1133 1130 1131 
3	1128 1135 1126 
3	1135 1131 1126 
3	1135 1136 1131 
3	1136 1134 1131 
3	1121 1137 106 
3	106 96 1121 
3	1124 1138 1137 
3	1137 1121 1124 
3	1137 1139 108 
3	108 106 1137 
3	1138 1140 1137 
3	1140 1139 1137 
3	1129 1141 1124 
3	1141 1138 1124 
3	1132 1142 1129 
3	1142 1141 1129 
3	1141 1143 1138 
3	1143 1140 1138 
3	1142 1144 1141 
3	1144 1143 1141 
3	1134 1145 1133 
3	1145 1132 1133 
3	1147 1146 1145 
3	1145 1134 1147 
3	1136 1148 1134 
3	1148 1147 1134 
3	1148 1149 1147 
3	1149 1146 1147 
3	1151 1150 1142 
3	1142 1132 1151 
3	1145 1146 1151 
3	1151 1132 1145 
3	1153 1152 1150 
3	1150 1151 1153 
3	1146 1154 1151 
3	1154 1153 1151 
3	1150 1155 1142 
3	1155 1144 1142 
3	1152 1156 1155 
3	1155 1150 1152 
3	1149 1157 1154 
3	1154 1146 1149 
3	1159 1158 1152 
3	1152 1153 1159 
3	1154 1160 1159 
3	1159 1153 1154 
3	1160 1161 1159 
3	1161 1158 1159 
3	1158 1162 1156 
3	1156 1152 1158 
3	1164 1163 1162 
3	1162 1158 1164 
3	1161 1165 1164 
3	1164 1158 1161 
3	1157 1166 1154 
3	1166 1160 1154 
3	1166 1167 1160 
3	1167 1161 1160 
3	1167 1168 1161 
3	1168 1165 1161 
3	1170 1169 1171 
3	1169 156 1171 
3	1171 156 158 
3	158 268 1171 
3	268 1172 1171 
3	1172 1170 1171 
3	1174 1173 1169 
3	1169 1170 1174 
3	1172 1175 1174 
3	1174 1170 1172 
3	1175 1176 1174 
3	1176 1173 1174 
3	1177 1127 100 
3	100 139 1177 
3	143 1178 139 
3	1178 1177 139 
3	1179 1128 1127 
3	1127 1177 1179 
3	1178 1180 1179 
3	1179 1177 1178 
3	147 1181 143 
3	1181 1178 143 
3	1181 1182 1178 
3	1182 1180 1178 
3	1180 1183 1179 
3	1183 1128 1179 
3	1183 1184 1135 
3	1135 1128 1183 
3	1184 1185 1135 
3	1185 1136 1135 
3	1186 1184 1183 
3	1183 1180 1186 
3	1182 1187 1186 
3	1186 1180 1182 
3	1187 1188 1184 
3	1184 1186 1187 
3	1188 1189 1185 
3	1185 1184 1188 
3	156 1169 147 
3	1169 1181 147 
3	1169 1173 1182 
3	1182 1181 1169 
3	1173 1190 1182 
3	1190 1187 1182 
3	1190 1191 1187 
3	1191 1188 1187 
3	1191 1192 1189 
3	1189 1188 1191 
3	1176 1193 1190 
3	1190 1173 1176 
3	1194 1192 1191 
3	1191 1190 1194 
3	1193 1195 1194 
3	1194 1190 1193 
3	1185 1196 1136 
3	1196 1148 1136 
3	1196 1197 1148 
3	1197 1149 1148 
3	1189 1198 1196 
3	1196 1185 1189 
3	1198 1199 1196 
3	1199 1197 1196 
3	1197 1200 1157 
3	1157 1149 1197 
3	1199 1201 1197 
3	1201 1200 1197 
3	1200 1202 1157 
3	1202 1166 1157 
3	1202 1203 1167 
3	1167 1166 1202 
3	1203 1204 1167 
3	1204 1168 1167 
3	1200 1205 1202 
3	1205 1203 1202 
3	1201 1206 1205 
3	1205 1200 1201 
3	1206 1207 1205 
3	1207 1203 1205 
3	1207 1208 1203 
3	1208 1204 1203 
3	1192 1209 1198 
3	1198 1189 1192 
3	1209 1210 1199 
3	1199 1198 1209 
3	1195 1211 1194 
3	1211 1192 1194 
3	1211 1212 1209 
3	1209 1192 1211 
3	1212 1213 1210 
3	1210 1209 1212 
3	1210 1214 1199 
3	1214 1201 1199 
3	1213 1215 1214 
3	1214 1210 1213 
3	1214 1216 1201 
3	1216 1206 1201 
3	1216 1217 1206 
3	1217 1207 1206 
3	1207 1218 1208 
3	1218 1219 1208 
3	1217 1220 1218 
3	1218 1207 1217 
3	1215 1221 1214 
3	1221 1216 1214 
3	1221 1222 1216 
3	1222 1217 1216 
3	1222 1223 1217 
3	1223 1220 1217 
3	1225 1224 1163 
3	1163 1164 1225 
3	1165 1226 1225 
3	1225 1164 1165 
3	1226 1227 1225 
3	1227 1224 1225 
3	1165 1228 1226 
3	1228 1227 1226 
3	1168 1229 1228 
3	1228 1165 1168 
3	1204 1230 1168 
3	1230 1229 1168 
3	1208 1219 1230 
3	1230 1204 1208 
3	1088 1231 15 
3	1231 195 15 
3	1089 1232 1088 
3	1232 1231 1088 
3	1231 1233 197 
3	197 195 1231 
3	1232 1234 1231 
3	1234 1233 1231 
3	1091 1235 1089 
3	1235 1232 1089 
3	1094 1236 1235 
3	1235 1091 1094 
3	1235 1237 1232 
3	1237 1234 1232 
3	1236 1238 1235 
3	1238 1237 1235 
3	1233 1239 197 
3	1239 206 197 
3	1234 1240 1239 
3	1239 1233 1234 
3	1239 1241 208 
3	208 206 1239 
3	1240 1242 1239 
3	1242 1241 1239 
3	1237 1243 1240 
3	1240 1234 1237 
3	1238 1244 1237 
3	1244 1243 1237 
3	1243 1245 1240 
3	1245 1242 1240 
3	1244 1246 1245 
3	1245 1243 1244 
3	1112 1247 1236 
3	1236 1094 1112 
3	1247 1248 1236 
3	1248 1238 1236 
3	1248 1249 1244 
3	1244 1238 1248 
3	1249 1250 1246 
3	1246 1244 1249 
3	1114 1251 1247 
3	1247 1112 1114 
3	1117 1252 1114 
3	1252 1251 1114 
3	1251 1253 1248 
3	1248 1247 1251 
3	1255 1254 1253 
3	1253 1251 1255 
3	1252 1256 1255 
3	1255 1251 1252 
3	1257 1256 1252 
3	1252 1117 1257 
3	1120 1258 1257 
3	1257 1117 1120 
3	1256 1259 1255 
3	1259 1254 1255 
3	1258 1260 1257 
3	1260 1256 1257 
3	1262 1261 1259 
3	1259 1256 1262 
3	1260 1263 1262 
3	1262 1256 1260 
3	1263 1264 1262 
3	1264 1261 1262 
3	1253 1265 1248 
3	1265 1249 1248 
3	1254 1266 1265 
3	1265 1253 1254 
3	1265 1267 1249 
3	1267 1250 1249 
3	1266 1268 1265 
3	1268 1267 1265 
3	1259 1269 1254 
3	1269 1266 1254 
3	1271 1270 1268 
3	1268 1266 1271 
3	1269 1272 1271 
3	1271 1266 1269 
3	1272 1273 1271 
3	1273 1270 1271 
3	1261 1272 1269 
3	1269 1259 1261 
3	1264 1274 1261 
3	1274 1272 1261 
3	1276 1275 1273 
3	1273 1272 1276 
3	1274 1277 1276 
3	1276 1272 1274 
3	1241 1278 245 
3	245 208 1241 
3	1242 1279 1241 
3	1279 1278 1241 
3	1278 1280 247 
3	247 245 1278 
3	1279 1281 1280 
3	1280 1278 1279 
3	1245 1282 1242 
3	1282 1279 1242 
3	1246 1283 1245 
3	1283 1282 1245 
3	1282 1284 1279 
3	1284 1281 1279 
3	1283 1285 1282 
3	1285 1284 1282 
3	1280 1286 247 
3	1286 255 247 
3	1281 1287 1286 
3	1286 1280 1281 
3	1286 1288 257 
3	257 255 1286 
3	1287 1289 1288 
3	1288 1286 1287 
3	1284 1290 1281 
3	1290 1287 1281 
3	1285 1291 1290 
3	1290 1284 1285 
3	1290 1292 1289 
3	1289 1287 1290 
3	1291 1293 1290 
3	1293 1292 1290 
3	1250 1294 1246 
3	1294 1283 1246 
3	1294 1295 1283 
3	1295 1285 1283 
3	1295 1296 1291 
3	1291 1285 1295 
3	1296 1297 1291 
3	1297 1293 1291 
3	1267 1298 1250 
3	1298 1294 1250 
3	1268 1299 1267 
3	1299 1298 1267 
3	1298 1300 1294 
3	1300 1295 1294 
3	1299 1301 1298 
3	1301 1300 1298 
3	1270 1302 1268 
3	1302 1299 1268 
3	1273 1303 1302 
3	1302 1270 1273 
3	1302 1304 1301 
3	1301 1299 1302 
3	1303 1305 1302 
3	1305 1304 1302 
3	1275 1306 1303 
3	1303 1273 1275 
3	1306 1307 1303 
3	1307 1305 1303 
3	1300 1308 1296 
3	1296 1295 1300 
3	1301 1309 1300 
3	1309 1308 1300 
3	1308 1310 1297 
3	1297 1296 1308 
3	1309 1311 1308 
3	1311 1310 1308 
3	1304 1312 1301 
3	1312 1309 1301 
3	1305 1313 1304 
3	1313 1312 1304 
3	1312 1314 1309 
3	1314 1311 1309 
3	1313 1315 1314 
3	1314 1312 1313 
3	1307 1316 1305 
3	1316 1313 1305 
3	1316 1317 1315 
3	1315 1313 1316 
3	1277 1318 1276 
3	1318 1275 1276 
3	1318 1319 1306 
3	1306 1275 1318 
3	1319 1320 1307 
3	1307 1306 1319 
3	1320 1321 1307 
3	1321 1316 1307 
3	1321 1322 1316 
3	1322 1317 1316 
3	272 1323 1172 
3	1172 268 272 
3	1323 1324 1175 
3	1175 1172 1323 
3	278 1325 1323 
3	1323 272 278 
3	1325 1326 1324 
3	1324 1323 1325 
3	1327 1193 1175 
3	1193 1176 1175 
3	1324 1328 1327 
3	1327 1175 1324 
3	1328 1329 1327 
3	1329 1193 1327 
3	1326 1330 1324 
3	1330 1328 1324 
3	1330 1331 1328 
3	1331 1329 1328 
3	1333 1332 1334 
3	1332 294 1334 
3	1334 294 298 
3	298 378 1334 
3	378 1335 1334 
3	1335 1333 1334 
3	1335 1336 1333 
3	1336 1332 1333 
3	1337 1325 278 
3	278 290 1337 
3	294 1332 1337 
3	1337 290 294 
3	1338 1326 1325 
3	1325 1337 1338 
3	1332 1339 1338 
3	1338 1337 1332 
3	1336 1340 1332 
3	1340 1339 1332 
3	1339 1341 1338 
3	1341 1326 1338 
3	1341 1342 1330 
3	1330 1326 1341 
3	1344 1343 1331 
3	1331 1330 1344 
3	1342 1345 1344 
3	1344 1330 1342 
3	1346 1342 1341 
3	1341 1339 1346 
3	1340 1347 1346 
3	1346 1339 1340 
3	1347 1348 1346 
3	1348 1342 1346 
3	1348 1349 1345 
3	1345 1342 1348 
3	1345 1350 1344 
3	1350 1343 1344 
3	1349 1351 1345 
3	1351 1350 1345 
3	1329 1352 1195 
3	1195 1193 1329 
3	1331 1343 1352 
3	1352 1329 1331 
3	1352 1353 1211 
3	1211 1195 1352 
3	1353 1354 1212 
3	1212 1211 1353 
3	1354 1355 1213 
3	1213 1212 1354 
3	1343 1356 1352 
3	1356 1353 1352 
3	1356 1357 1354 
3	1354 1353 1356 
3	1357 1358 1354 
3	1358 1355 1354 
3	1355 1359 1215 
3	1215 1213 1355 
3	1358 1360 1359 
3	1359 1355 1358 
3	1359 1361 1221 
3	1221 1215 1359 
3	1361 1362 1221 
3	1362 1222 1221 
3	1362 1363 1222 
3	1363 1223 1222 
3	1360 1364 1359 
3	1364 1361 1359 
3	1364 1365 1362 
3	1362 1361 1364 
3	1365 1366 1363 
3	1363 1362 1365 
3	1367 1357 1356 
3	1356 1343 1367 
3	1350 1368 1367 
3	1367 1343 1350 
3	1368 1369 1367 
3	1369 1357 1367 
3	1370 1360 1358 
3	1358 1357 1370 
3	1369 1371 1370 
3	1370 1357 1369 
3	1351 1372 1368 
3	1368 1350 1351 
3	1372 1373 1368 
3	1373 1369 1368 
3	1373 1374 1371 
3	1371 1369 1373 
3	1371 1375 1370 
3	1375 1360 1370 
3	1374 1376 1371 
3	1376 1375 1371 
3	1377 1365 1364 
3	1364 1360 1377 
3	1375 1378 1377 
3	1377 1360 1375 
3	1378 1379 1377 
3	1379 1365 1377 
3	1379 1380 1365 
3	1380 1366 1365 
3	1376 1381 1378 
3	1378 1375 1376 
3	1381 1382 1378 
3	1382 1379 1378 
3	1384 1383 1380 
3	1380 1379 1384 
3	1382 1385 1384 
3	1384 1379 1382 
3	1386 1335 378 
3	378 379 1386 
3	257 1288 1386 
3	1386 379 257 
3	1388 1387 1386 
3	1387 1335 1386 
3	1288 1289 1386 
3	1289 1388 1386 
3	1387 1340 1335 
3	1340 1336 1335 
3	1390 1389 1387 
3	1387 1388 1390 
3	1289 1292 1390 
3	1390 1388 1289 
3	1292 1391 1390 
3	1391 1389 1390 
3	1389 1347 1387 
3	1347 1340 1387 
3	1393 1392 1347 
3	1347 1389 1393 
3	1391 1394 1393 
3	1393 1389 1391 
3	1293 1394 1391 
3	1391 1292 1293 
3	1392 1349 1348 
3	1348 1347 1392 
3	1394 1395 1393 
3	1395 1392 1393 
3	1397 1396 1394 
3	1394 1293 1397 
3	1297 1310 1397 
3	1397 1293 1297 
3	1310 1398 1397 
3	1398 1396 1397 
3	1396 1399 1395 
3	1395 1394 1396 
3	1398 1400 1396 
3	1400 1399 1396 
3	1402 1401 1349 
3	1349 1392 1402 
3	1395 1399 1402 
3	1402 1392 1395 
3	1399 1403 1402 
3	1403 1401 1402 
3	1401 1372 1351 
3	1351 1349 1401 
3	1403 1404 1401 
3	1404 1372 1401 
3	1406 1405 1403 
3	1403 1399 1406 
3	1400 1407 1406 
3	1406 1399 1400 
3	1405 1408 1404 
3	1404 1403 1405 
3	1407 1409 1406 
3	1409 1405 1406 
3	1409 1410 1405 
3	1410 1408 1405 
3	1311 1411 1398 
3	1398 1310 1311 
3	1411 1407 1400 
3	1400 1398 1411 
3	1314 1412 1311 
3	1412 1411 1311 
3	1315 1413 1314 
3	1413 1412 1314 
3	1412 1414 1407 
3	1407 1411 1412 
3	1413 1415 1412 
3	1415 1414 1412 
3	1317 1416 1315 
3	1416 1413 1315 
3	1416 1417 1413 
3	1417 1415 1413 
3	1414 1418 1409 
3	1409 1407 1414 
3	1415 1419 1414 
3	1419 1418 1414 
3	1418 1420 1410 
3	1410 1409 1418 
3	1419 1421 1418 
3	1421 1420 1418 
3	1417 1422 1415 
3	1422 1419 1415 
3	1422 1423 1419 
3	1423 1421 1419 
3	1424 1374 1373 
3	1373 1372 1424 
3	1404 1408 1424 
3	1424 1372 1404 
3	1408 1425 1424 
3	1425 1374 1424 
3	1425 1426 1374 
3	1426 1376 1374 
3	1410 1427 1408 
3	1427 1425 1408 
3	1429 1428 1426 
3	1426 1425 1429 
3	1427 1430 1429 
3	1429 1425 1427 
3	1430 1431 1429 
3	1431 1428 1429 
3	1426 1428 1381 
3	1381 1376 1426 
3	1428 1432 1381 
3	1432 1382 1381 
3	1432 1433 1382 
3	1433 1385 1382 
3	1431 1434 1428 
3	1434 1432 1428 
3	1434 1435 1433 
3	1433 1432 1434 
3	1420 1430 1427 
3	1427 1410 1420 
3	1421 1436 1420 
3	1436 1430 1420 
3	1436 1437 1430 
3	1437 1431 1430 
3	1423 1438 1436 
3	1436 1421 1423 
3	1438 1439 1437 
3	1437 1436 1438 
3	1440 1435 1434 
3	1434 1431 1440 
3	1437 1439 1440 
3	1440 1431 1437 
3	1385 1441 1384 
3	1441 1383 1384 
3	1322 1442 1416 
3	1416 1317 1322 
3	1442 1443 1417 
3	1417 1416 1442 
3	1443 1444 1422 
3	1422 1417 1443 
3	1444 1445 1422 
3	1445 1423 1422 
3	1433 1446 1385 
3	1446 1441 1385 
3	1435 1447 1433 
3	1447 1446 1433 
3	1445 1448 1423 
3	1448 1438 1423 
3	1448 1449 1438 
3	1449 1439 1438 
3	1439 1450 1440 
3	1450 1435 1440 
3	1450 1451 1435 
3	1451 1447 1435 
3	1449 1452 1439 
3	1452 1450 1439 
3	1454 1453 1451 
3	1451 1450 1454 
3	1452 1455 1454 
3	1454 1450 1452 
3	1455 1456 1454 
3	1456 1453 1454 
3	412 1457 1101 
3	1101 26 412 
3	1457 1458 1102 
3	1102 1101 1457 
3	416 1459 412 
3	1459 1457 412 
3	1459 1460 1458 
3	1458 1457 1459 
3	1458 1461 1106 
3	1106 1102 1458 
3	1461 1462 1107 
3	1107 1106 1461 
3	1460 1463 1461 
3	1461 1458 1460 
3	1463 1464 1462 
3	1462 1461 1463 
3	1462 1465 1107 
3	1465 1111 1107 
3	1464 1466 1462 
3	1466 1465 1462 
3	428 1467 416 
3	1467 1459 416 
3	1467 1468 1459 
3	1468 1460 1459 
3	432 1469 428 
3	1469 1467 428 
3	1469 1470 1467 
3	1470 1468 1467 
3	1468 1471 1463 
3	1463 1460 1468 
3	1471 1472 1463 
3	1472 1464 1463 
3	1470 1473 1471 
3	1471 1468 1470 
3	1475 1474 1472 
3	1472 1471 1475 
3	1473 1476 1475 
3	1475 1471 1473 
3	1472 1474 1466 
3	1466 1464 1472 
3	1465 1477 1111 
3	1477 1118 1111 
3	1477 1478 1118 
3	1478 1119 1118 
3	1478 1479 1119 
3	1479 1120 1119 
3	1466 1480 1465 
3	1480 1477 1465 
3	1480 1481 1477 
3	1481 1478 1477 
3	1481 1482 1478 
3	1482 1479 1478 
3	1476 1483 1475 
3	1483 1474 1475 
3	1474 1484 1466 
3	1484 1480 1466 
3	1484 1485 1481 
3	1481 1480 1484 
3	1485 1486 1481 
3	1486 1482 1481 
3	1487 1485 1484 
3	1484 1474 1487 
3	1483 1488 1487 
3	1487 1474 1483 
3	1488 1489 1487 
3	1489 1485 1487 
3	1491 1490 1486 
3	1486 1485 1491 
3	1489 1492 1491 
3	1491 1485 1489 
3	1492 1493 1491 
3	1493 1490 1491 
3	1495 1494 438 
3	438 439 1495 
3	443 1496 1495 
3	1495 439 443 
3	1498 1497 1494 
3	1494 1495 1498 
3	1496 1499 1495 
3	1499 1498 1495 
3	1501 1500 1498 
3	1500 1497 1498 
3	1499 1502 1498 
3	1502 1501 1498 
3	1502 1503 1501 
3	1503 1500 1501 
3	443 444 1504 
3	1504 1496 443 
3	1496 1504 1505 
3	1505 1506 1496 
3	1506 1507 1496 
3	1507 1499 1496 
3	1506 1505 447 
3	1505 446 447 
3	451 1508 1506 
3	1506 447 451 
3	1508 1509 1507 
3	1507 1506 1508 
3	1499 1510 1503 
3	1503 1502 1499 
3	1507 1511 1510 
3	1510 1499 1507 
3	1509 1512 1507 
3	1512 1511 1507 
3	1513 1469 432 
3	432 477 1513 
3	438 1494 477 
3	1494 1513 477 
3	1514 1470 1513 
3	1470 1469 1513 
3	1494 1497 1513 
3	1497 1514 1513 
3	1515 1473 1470 
3	1470 1514 1515 
3	1497 1500 1515 
3	1515 1514 1497 
3	1500 1516 1515 
3	1516 1473 1515 
3	1516 1517 1473 
3	1517 1476 1473 
3	1518 1517 1516 
3	1516 1500 1518 
3	1503 1519 1518 
3	1518 1500 1503 
3	446 1505 444 
3	1505 1504 444 
3	1511 1520 1510 
3	1520 1503 1510 
3	1503 1521 1519 
3	1521 1522 1519 
3	1520 1523 1503 
3	1523 1521 1503 
3	1523 1524 1522 
3	1522 1521 1523 
3	1512 1525 1511 
3	1525 1520 1511 
3	1526 1524 1523 
3	1523 1520 1526 
3	1525 1527 1520 
3	1527 1526 1520 
3	1517 1528 1476 
3	1528 1483 1476 
3	1519 1522 1517 
3	1517 1518 1519 
3	1522 1529 1517 
3	1529 1528 1517 
3	1528 1530 1483 
3	1530 1488 1483 
3	1530 1531 1488 
3	1531 1489 1488 
3	1531 1532 1492 
3	1492 1489 1531 
3	1529 1533 1530 
3	1530 1528 1529 
3	1533 1534 1530 
3	1534 1531 1530 
3	1534 1535 1532 
3	1532 1531 1534 
3	1532 1536 1493 
3	1493 1492 1532 
3	1535 1537 1532 
3	1537 1536 1532 
3	1524 1538 1522 
3	1538 1529 1522 
3	1527 1539 1526 
3	1539 1524 1526 
3	1541 1540 1538 
3	1538 1524 1541 
3	1539 1542 1541 
3	1541 1524 1539 
3	1542 1543 1541 
3	1543 1540 1541 
3	1538 1540 1533 
3	1533 1529 1538 
3	1540 1544 1533 
3	1544 1534 1533 
3	1544 1545 1535 
3	1535 1534 1544 
3	1546 1545 1544 
3	1544 1540 1546 
3	1543 1547 1546 
3	1546 1540 1543 
3	1545 1548 1535 
3	1548 1537 1535 
3	1547 1549 1546 
3	1549 1545 1546 
3	1551 1550 1548 
3	1548 1545 1551 
3	1549 1552 1551 
3	1551 1545 1549 
3	1552 1553 1551 
3	1553 1550 1551 
3	1555 1554 1556 
3	1554 546 1556 
3	1556 546 1557 
3	546 550 1557 
3	1557 1558 1556 
3	1558 1555 1556 
3	1558 1559 1555 
3	1559 1554 1555 
3	1557 550 1560 
3	550 565 1560 
3	1560 1561 1557 
3	1561 1558 1557 
3	1561 1562 1559 
3	1559 1558 1561 
3	1560 565 1561 
3	565 1562 1561 
3	494 1563 1508 
3	1508 451 494 
3	1563 1564 1508 
3	1564 1509 1508 
3	497 1565 1563 
3	1563 494 497 
3	1565 1566 1563 
3	1566 1564 1563 
3	1567 1525 1512 
3	1512 1509 1567 
3	1564 1568 1509 
3	1568 1567 1509 
3	1568 1569 1525 
3	1525 1567 1568 
3	1564 1570 1568 
3	1570 1569 1568 
3	1566 1571 1570 
3	1570 1564 1566 
3	500 1572 1565 
3	1565 497 500 
3	1572 1573 1565 
3	1573 1566 1565 
3	1574 1572 1575 
3	1572 500 1575 
3	1575 500 503 
3	503 1576 1575 
3	1576 1577 1574 
3	1574 1575 1576 
3	1577 1578 1574 
3	1578 1572 1574 
3	1578 1579 1572 
3	1579 1573 1572 
3	1573 1580 1566 
3	1580 1571 1566 
3	1579 1581 1580 
3	1580 1573 1579 
3	1569 1582 1525 
3	1582 1527 1525 
3	1571 1583 1570 
3	1583 1569 1570 
3	1569 1584 1582 
3	1584 1585 1582 
3	1583 1586 1584 
3	1584 1569 1583 
3	1586 1587 1584 
3	1587 1585 1584 
3	1580 1588 1571 
3	1588 1583 1571 
3	1588 1589 1583 
3	1589 1586 1583 
3	1589 1590 1586 
3	1590 1587 1586 
3	1581 1591 1588 
3	1588 1580 1581 
3	1591 1592 1588 
3	1592 1589 1588 
3	1592 1593 1589 
3	1593 1590 1589 
3	1582 1585 1539 
3	1539 1527 1582 
3	1585 1594 1539 
3	1594 1542 1539 
3	1594 1595 1542 
3	1595 1543 1542 
3	1587 1596 1585 
3	1596 1594 1585 
3	1596 1597 1595 
3	1595 1594 1596 
3	1595 1598 1543 
3	1598 1547 1543 
3	1597 1599 1595 
3	1599 1598 1595 
3	1598 1600 1549 
3	1549 1547 1598 
3	1600 1601 1552 
3	1552 1549 1600 
3	1601 1602 1552 
3	1602 1553 1552 
3	1599 1603 1600 
3	1600 1598 1599 
3	1603 1604 1601 
3	1601 1600 1603 
3	1604 1605 1601 
3	1605 1602 1601 
3	1587 1606 1596 
3	1606 1597 1596 
3	1590 1607 1606 
3	1606 1587 1590 
3	1593 1608 1607 
3	1607 1590 1593 
3	1607 1609 1597 
3	1597 1606 1607 
3	1597 1610 1599 
3	1610 1603 1599 
3	1609 1611 1610 
3	1610 1597 1609 
3	1611 1612 1603 
3	1603 1610 1611 
3	1608 1613 1607 
3	1613 1609 1607 
3	1614 1612 1611 
3	1611 1609 1614 
3	1613 1615 1614 
3	1614 1609 1613 
3	1612 1616 1604 
3	1604 1603 1612 
3	1616 1617 1604 
3	1617 1605 1604 
3	1615 1618 1614 
3	1618 1612 1614 
3	1618 1619 1616 
3	1616 1612 1618 
3	1619 1620 1616 
3	1620 1617 1616 
3	1554 1621 545 
3	545 546 1554 
3	1623 1622 1621 
3	1621 1554 1623 
3	1559 1624 1554 
3	1624 1623 1554 
3	1621 1626 1625 
3	1625 545 1621 
3	545 1625 567 
3	567 551 545 
3	1622 1627 1621 
3	1627 1626 1621 
3	1624 1628 1623 
3	1628 1622 1623 
3	1628 1629 1627 
3	1627 1622 1628 
3	1576 503 1625 
3	503 561 1625 
3	1625 1626 1577 
3	1577 1576 1625 
3	1626 1630 1577 
3	1630 1578 1577 
3	503 552 560 
3	560 561 503 
3	1630 1631 1578 
3	1631 1579 1578 
3	1625 561 562 
3	562 567 1625 
3	1627 1631 1630 
3	1630 1626 1627 
3	1631 1632 1579 
3	1632 1581 1579 
3	1634 1633 1631 
3	1631 1627 1634 
3	1629 1635 1627 
3	1635 1634 1627 
3	1635 1636 1634 
3	1636 1633 1634 
3	1633 1637 1632 
3	1632 1631 1633 
3	1636 1638 1633 
3	1638 1637 1633 
3	1562 1639 1559 
3	1639 1624 1559 
3	571 1640 565 
3	1640 1562 565 
3	1562 1641 1639 
3	1641 1642 1639 
3	1640 1643 1641 
3	1641 1562 1640 
3	1643 1644 1642 
3	1642 1641 1643 
3	1639 1642 1628 
3	1628 1624 1639 
3	1642 1645 1629 
3	1629 1628 1642 
3	1644 1646 1645 
3	1645 1642 1644 
3	1645 1647 1629 
3	1647 1635 1629 
3	1647 1648 1636 
3	1636 1635 1647 
3	1648 1649 1638 
3	1638 1636 1648 
3	1645 1650 1647 
3	1650 1648 1647 
3	1646 1651 1650 
3	1650 1645 1646 
3	1651 1652 1650 
3	1652 1648 1650 
3	1652 1653 1649 
3	1649 1648 1652 
3	1632 1637 1591 
3	1591 1581 1632 
3	1637 1654 1592 
3	1592 1591 1637 
3	1654 1655 1593 
3	1593 1592 1654 
3	1638 1656 1654 
3	1654 1637 1638 
3	1656 1657 1654 
3	1657 1655 1654 
3	1649 1658 1656 
3	1656 1638 1649 
3	1658 1659 1657 
3	1657 1656 1658 
3	1653 1660 1649 
3	1660 1658 1649 
3	1660 1661 1658 
3	1661 1659 1658 
3	1655 1662 1608 
3	1608 1593 1655 
3	1664 1663 1662 
3	1662 1655 1664 
3	1657 1665 1664 
3	1664 1655 1657 
3	1665 1666 1664 
3	1666 1663 1664 
3	1662 1663 1613 
3	1613 1608 1662 
3	1663 1667 1613 
3	1667 1615 1613 
3	1666 1668 1667 
3	1667 1663 1666 
3	1667 1669 1618 
3	1618 1615 1667 
3	1669 1670 1618 
3	1670 1619 1618 
3	1672 1671 1620 
3	1620 1619 1672 
3	1670 1673 1672 
3	1672 1619 1670 
3	1668 1674 1669 
3	1669 1667 1668 
3	1674 1675 1670 
3	1670 1669 1674 
3	1675 1676 1673 
3	1673 1670 1675 
3	1659 1677 1657 
3	1677 1665 1657 
3	1677 1678 1666 
3	1666 1665 1677 
3	1659 1679 1677 
3	1679 1678 1677 
3	1661 1680 1679 
3	1679 1659 1661 
3	1678 1681 1666 
3	1681 1668 1666 
3	1680 1682 1679 
3	1682 1678 1679 
3	1682 1683 1681 
3	1681 1678 1682 
3	1681 1684 1668 
3	1684 1674 1668 
3	1684 1685 1674 
3	1685 1675 1674 
3	1685 1686 1675 
3	1686 1676 1675 
3	1683 1687 1681 
3	1687 1684 1681 
3	1687 1688 1684 
3	1688 1685 1684 
3	1688 1689 1685 
3	1689 1686 1685 
3	1673 1690 1672 
3	1690 1671 1672 
3	1676 1691 1673 
3	1691 1690 1673 
3	1693 1692 1691 
3	1691 1676 1693 
3	1686 1694 1693 
3	1693 1676 1686 
3	1694 1695 1693 
3	1695 1692 1693 
3	1689 1696 1694 
3	1694 1686 1689 
3	1696 1697 1694 
3	1697 1695 1694 
3	1479 1698 1258 
3	1258 1120 1479 
3	1482 1699 1479 
3	1699 1698 1479 
3	1698 1700 1258 
3	1700 1260 1258 
3	1700 1701 1260 
3	1701 1263 1260 
3	1701 1702 1263 
3	1702 1264 1263 
3	1699 1703 1698 
3	1703 1700 1698 
3	1703 1704 1701 
3	1701 1700 1703 
3	1704 1705 1701 
3	1705 1702 1701 
3	1706 1277 1274 
3	1274 1264 1706 
3	1702 1707 1706 
3	1706 1264 1702 
3	1705 1708 1702 
3	1708 1707 1702 
3	1486 1490 1699 
3	1699 1482 1486 
3	1490 1709 1699 
3	1709 1703 1699 
3	1709 1710 1704 
3	1704 1703 1709 
3	1710 1711 1704 
3	1711 1705 1704 
3	1712 1710 1709 
3	1709 1490 1712 
3	1493 1713 1712 
3	1712 1490 1493 
3	1713 1714 1712 
3	1714 1710 1712 
3	1716 1715 1711 
3	1711 1710 1716 
3	1714 1717 1716 
3	1716 1710 1714 
3	1711 1715 1708 
3	1708 1705 1711 
3	1536 1718 1713 
3	1713 1493 1536 
3	1718 1719 1714 
3	1714 1713 1718 
3	1719 1720 1714 
3	1720 1717 1714 
3	1537 1721 1536 
3	1721 1718 1536 
3	1721 1722 1718 
3	1722 1719 1718 
3	1722 1723 1719 
3	1723 1720 1719 
3	1548 1550 1721 
3	1721 1537 1548 
3	1550 1724 1721 
3	1724 1722 1721 
3	1724 1725 1723 
3	1723 1722 1724 
3	1553 1726 1550 
3	1726 1724 1550 
3	1726 1727 1725 
3	1725 1724 1726 
3	1707 1728 1706 
3	1728 1277 1706 
3	1728 1729 1277 
3	1729 1318 1277 
3	1708 1730 1707 
3	1730 1728 1707 
3	1732 1731 1729 
3	1729 1728 1732 
3	1730 1733 1732 
3	1732 1728 1730 
3	1733 1734 1732 
3	1734 1731 1732 
3	1717 1735 1716 
3	1735 1715 1716 
3	1715 1736 1708 
3	1736 1730 1708 
3	1736 1737 1730 
3	1737 1733 1730 
3	1737 1738 1734 
3	1734 1733 1737 
3	1735 1739 1715 
3	1739 1736 1715 
3	1739 1740 1737 
3	1737 1736 1739 
3	1740 1741 1737 
3	1741 1738 1737 
3	1743 1742 1319 
3	1319 1318 1743 
3	1729 1731 1743 
3	1743 1318 1729 
3	1731 1744 1743 
3	1744 1742 1743 
3	1742 1745 1320 
3	1320 1319 1742 
3	1744 1746 1745 
3	1745 1742 1744 
3	1734 1747 1731 
3	1747 1744 1731 
3	1749 1748 1746 
3	1746 1744 1749 
3	1747 1750 1749 
3	1749 1744 1747 
3	1750 1751 1749 
3	1751 1748 1749 
3	1745 1752 1320 
3	1752 1321 1320 
3	1746 1753 1745 
3	1753 1752 1745 
3	1752 1754 1321 
3	1754 1322 1321 
3	1753 1755 1754 
3	1754 1752 1753 
3	1748 1756 1753 
3	1753 1746 1748 
3	1756 1757 1753 
3	1757 1755 1753 
3	1751 1758 1756 
3	1756 1748 1751 
3	1758 1759 1756 
3	1759 1757 1756 
3	1738 1760 1734 
3	1760 1747 1734 
3	1760 1761 1750 
3	1750 1747 1760 
3	1762 1761 1760 
3	1760 1738 1762 
3	1741 1763 1762 
3	1762 1738 1741 
3	1761 1764 1751 
3	1751 1750 1761 
3	1763 1765 1762 
3	1765 1761 1762 
3	1765 1766 1761 
3	1766 1764 1761 
3	1764 1767 1751 
3	1767 1758 1751 
3	1769 1768 1759 
3	1759 1758 1769 
3	1767 1770 1769 
3	1769 1758 1767 
3	1770 1771 1769 
3	1771 1768 1769 
3	1772 1770 1767 
3	1767 1764 1772 
3	1766 1773 1772 
3	1772 1764 1766 
3	1773 1774 1772 
3	1774 1770 1772 
3	1774 1775 1771 
3	1771 1770 1774 
3	1720 1776 1717 
3	1776 1735 1717 
3	1723 1777 1720 
3	1777 1776 1720 
3	1778 1740 1739 
3	1739 1735 1778 
3	1776 1779 1778 
3	1778 1735 1776 
3	1779 1780 1778 
3	1780 1740 1778 
3	1780 1781 1740 
3	1781 1741 1740 
3	1777 1782 1776 
3	1782 1779 1776 
3	1782 1783 1779 
3	1783 1780 1779 
3	1785 1784 1781 
3	1781 1780 1785 
3	1783 1786 1785 
3	1785 1780 1783 
3	1786 1787 1785 
3	1787 1784 1785 
3	1725 1788 1777 
3	1777 1723 1725 
3	1727 1789 1725 
3	1789 1788 1725 
3	1788 1790 1777 
3	1790 1782 1777 
3	1790 1791 1782 
3	1791 1783 1782 
3	1791 1792 1783 
3	1792 1786 1783 
3	1789 1793 1790 
3	1790 1788 1789 
3	1793 1794 1790 
3	1794 1791 1790 
3	1794 1795 1792 
3	1792 1791 1794 
3	1792 1796 1787 
3	1787 1786 1792 
3	1795 1797 1792 
3	1797 1796 1792 
3	1781 1784 1763 
3	1763 1741 1781 
3	1784 1798 1763 
3	1798 1765 1763 
3	1799 1773 1766 
3	1766 1765 1799 
3	1798 1800 1799 
3	1799 1765 1798 
3	1800 1801 1799 
3	1801 1773 1799 
3	1787 1802 1798 
3	1798 1784 1787 
3	1802 1803 1798 
3	1803 1800 1798 
3	1803 1804 1800 
3	1804 1801 1800 
3	1801 1805 1774 
3	1774 1773 1801 
3	1805 1806 1774 
3	1806 1775 1774 
3	1804 1807 1801 
3	1807 1805 1801 
3	1809 1808 1806 
3	1806 1805 1809 
3	1807 1810 1809 
3	1809 1805 1807 
3	1796 1811 1787 
3	1811 1802 1787 
3	1811 1812 1803 
3	1803 1802 1811 
3	1812 1813 1803 
3	1813 1804 1803 
3	1814 1812 1811 
3	1811 1796 1814 
3	1797 1815 1814 
3	1814 1796 1797 
3	1815 1816 1814 
3	1816 1812 1814 
3	1816 1817 1812 
3	1817 1813 1812 
3	1813 1818 1804 
3	1818 1807 1804 
3	1818 1819 1810 
3	1810 1807 1818 
3	1820 1819 1818 
3	1818 1813 1820 
3	1817 1821 1820 
3	1820 1813 1817 
3	1810 1822 1809 
3	1822 1808 1809 
3	1819 1823 1810 
3	1823 1822 1810 
3	1821 1824 1820 
3	1824 1819 1820 
3	1824 1825 1823 
3	1823 1819 1824 
3	1754 1826 1442 
3	1442 1322 1754 
3	1755 1827 1826 
3	1826 1754 1755 
3	1826 1828 1443 
3	1443 1442 1826 
3	1827 1829 1828 
3	1828 1826 1827 
3	1757 1830 1755 
3	1830 1827 1755 
3	1830 1831 1829 
3	1829 1827 1830 
3	1759 1832 1757 
3	1832 1830 1757 
3	1832 1833 1831 
3	1831 1830 1832 
3	1828 1834 1444 
3	1444 1443 1828 
3	1829 1835 1834 
3	1834 1828 1829 
3	1834 1836 1444 
3	1836 1445 1444 
3	1835 1837 1836 
3	1836 1834 1835 
3	1831 1838 1835 
3	1835 1829 1831 
3	1838 1839 1835 
3	1839 1837 1835 
3	1833 1840 1838 
3	1838 1831 1833 
3	1840 1841 1839 
3	1839 1838 1840 
3	1768 1842 1759 
3	1842 1832 1759 
3	1771 1843 1842 
3	1842 1768 1771 
3	1842 1844 1832 
3	1844 1833 1832 
3	1843 1845 1842 
3	1845 1844 1842 
3	1775 1846 1771 
3	1846 1843 1771 
3	1848 1847 1845 
3	1845 1843 1848 
3	1846 1849 1848 
3	1848 1843 1846 
3	1844 1850 1833 
3	1850 1840 1833 
3	1845 1851 1850 
3	1850 1844 1845 
3	1853 1852 1841 
3	1841 1840 1853 
3	1840 1850 1853 
3	1850 1851 1853 
3	1855 1854 1845 
3	1854 1851 1845 
3	1845 1847 1855 
3	1847 1856 1855 
3	1851 1857 1853 
3	1857 1852 1853 
3	1854 1858 1857 
3	1857 1851 1854 
3	1849 1856 1848 
3	1856 1847 1848 
3	1836 1859 1445 
3	1859 1448 1445 
3	1837 1860 1836 
3	1860 1859 1836 
3	1859 1861 1449 
3	1449 1448 1859 
3	1860 1862 1859 
3	1862 1861 1859 
3	1864 1863 1860 
3	1860 1837 1864 
3	1837 1839 1864 
3	1839 1841 1864 
3	1863 1865 1860 
3	1865 1862 1860 
3	1861 1455 1452 
3	1452 1449 1861 
3	1862 1866 1861 
3	1866 1455 1861 
3	1866 1867 1456 
3	1456 1455 1866 
3	1865 1868 1862 
3	1868 1866 1862 
3	1868 1869 1866 
3	1869 1867 1866 
3	1841 1870 1864 
3	1870 1863 1864 
3	1870 1871 1863 
3	1871 1865 1863 
3	1852 1872 1870 
3	1870 1841 1852 
3	1872 1873 1871 
3	1871 1870 1872 
3	1857 1874 1852 
3	1874 1872 1852 
3	1858 1875 1874 
3	1874 1857 1858 
3	1877 1876 1873 
3	1873 1872 1877 
3	1872 1874 1877 
3	1874 1875 1877 
3	1871 1878 1865 
3	1878 1868 1865 
3	1878 1879 1869 
3	1869 1868 1878 
3	1873 1880 1871 
3	1880 1878 1871 
3	1880 1881 1878 
3	1881 1879 1878 
3	1876 1882 1880 
3	1880 1873 1876 
3	1882 1883 1880 
3	1883 1881 1880 
3	1884 1849 1846 
3	1846 1775 1884 
3	1806 1808 1884 
3	1884 1775 1806 
3	1856 1885 1855 
3	1885 1854 1855 
3	1885 1886 1858 
3	1858 1854 1885 
3	1808 1887 1884 
3	1887 1849 1884 
3	1887 1888 1849 
3	1888 1856 1849 
3	1822 1889 1887 
3	1887 1808 1822 
3	1889 1890 1887 
3	1890 1888 1887 
3	1888 1891 1885 
3	1885 1856 1888 
3	1891 1892 1886 
3	1886 1885 1891 
3	1890 1893 1888 
3	1893 1891 1888 
3	1893 1894 1891 
3	1894 1892 1891 
3	1823 1895 1889 
3	1889 1822 1823 
3	1895 1896 1889 
3	1896 1890 1889 
3	1825 1897 1823 
3	1897 1895 1823 
3	1899 1898 1895 
3	1898 1896 1895 
3	1897 1900 1899 
3	1899 1895 1897 
3	1900 1901 1899 
3	1901 1898 1899 
3	1896 1902 1890 
3	1902 1893 1890 
3	1902 1903 1894 
3	1894 1893 1902 
3	1898 1904 1896 
3	1904 1902 1896 
3	1901 1905 1898 
3	1905 1904 1898 
3	1904 1906 1902 
3	1906 1903 1902 
3	1905 1907 1906 
3	1906 1904 1905 
3	1909 1908 1875 
3	1875 1858 1909 
3	1858 1886 1909 
3	1886 1892 1909 
3	1875 1910 1877 
3	1910 1876 1877 
3	1908 1911 1910 
3	1910 1875 1908 
3	1892 1912 1909 
3	1912 1908 1909 
3	1914 1913 1911 
3	1911 1908 1914 
3	1908 1912 1914 
3	1912 1915 1914 
3	1910 1916 1882 
3	1882 1876 1910 
3	1911 1917 1916 
3	1916 1910 1911 
3	1916 1918 1882 
3	1918 1883 1882 
3	1917 1919 1916 
3	1919 1918 1916 
3	1913 1920 1917 
3	1917 1911 1913 
3	1920 1921 1917 
3	1921 1919 1917 
3	1915 1922 1914 
3	1922 1913 1914 
3	1924 1923 1920 
3	1920 1913 1924 
3	1913 1922 1924 
3	1922 1925 1924 
3	1923 1926 1921 
3	1921 1920 1923 
3	1925 1927 1924 
3	1927 1923 1924 
3	1929 1928 1926 
3	1926 1923 1929 
3	1923 1927 1929 
3	1927 1930 1929 
3	1894 1915 1912 
3	1912 1892 1894 
3	1903 1931 1894 
3	1931 1915 1894 
3	1931 1925 1922 
3	1922 1915 1931 
3	1933 1932 1931 
3	1931 1903 1933 
3	1903 1906 1933 
3	1906 1907 1933 
3	1932 1934 1931 
3	1934 1925 1931 
3	1934 1930 1927 
3	1927 1925 1934 
3	1935 1727 1726 
3	1726 1553 1935 
3	1602 1936 1935 
3	1935 1553 1602 
3	1605 1937 1936 
3	1936 1602 1605 
3	1617 1938 1937 
3	1937 1605 1617 
3	1620 1671 1938 
3	1938 1617 1620 
3	1936 1939 1935 
3	1939 1727 1935 
3	1940 1793 1789 
3	1789 1727 1940 
3	1939 1941 1940 
3	1940 1727 1939 
3	1941 1942 1940 
3	1942 1793 1940 
3	1937 1943 1936 
3	1943 1939 1936 
3	1943 1944 1939 
3	1944 1941 1939 
3	1944 1945 1941 
3	1945 1942 1941 
3	1946 1795 1794 
3	1794 1793 1946 
3	1942 1947 1946 
3	1946 1793 1942 
3	1945 1948 1942 
3	1948 1947 1942 
3	1947 1949 1946 
3	1949 1795 1946 
3	1949 1950 1795 
3	1950 1797 1795 
3	1948 1951 1947 
3	1951 1949 1947 
3	1953 1952 1950 
3	1950 1949 1953 
3	1951 1954 1953 
3	1953 1949 1951 
3	1954 1955 1953 
3	1955 1952 1953 
3	1938 1956 1937 
3	1956 1943 1937 
3	1956 1957 1944 
3	1944 1943 1956 
3	1957 1958 1944 
3	1958 1945 1944 
3	1959 1957 1956 
3	1956 1938 1959 
3	1671 1960 1959 
3	1959 1938 1671 
3	1960 1961 1959 
3	1961 1957 1959 
3	1963 1962 1958 
3	1958 1957 1963 
3	1961 1964 1963 
3	1963 1957 1961 
3	1964 1965 1963 
3	1965 1962 1963 
3	1958 1962 1948 
3	1948 1945 1958 
3	1962 1966 1948 
3	1966 1951 1948 
3	1966 1967 1954 
3	1954 1951 1966 
3	1967 1968 1954 
3	1968 1955 1954 
3	1969 1967 1966 
3	1966 1962 1969 
3	1965 1970 1969 
3	1969 1962 1965 
3	1970 1971 1969 
3	1971 1967 1969 
3	1971 1972 1967 
3	1972 1968 1967 
3	1950 1952 1815 
3	1815 1797 1950 
3	1952 1973 1815 
3	1973 1816 1815 
3	1973 1974 1816 
3	1974 1817 1816 
3	1955 1975 1952 
3	1975 1973 1952 
3	1977 1976 1974 
3	1974 1973 1977 
3	1975 1978 1977 
3	1977 1973 1975 
3	1974 1976 1821 
3	1821 1817 1974 
3	1968 1979 1955 
3	1979 1975 1955 
3	1979 1980 1978 
3	1978 1975 1979 
3	1981 1980 1979 
3	1979 1968 1981 
3	1972 1982 1981 
3	1981 1968 1972 
3	1978 1983 1977 
3	1983 1976 1977 
3	1976 1984 1821 
3	1984 1824 1821 
3	1984 1985 1824 
3	1985 1825 1824 
3	1983 1986 1984 
3	1984 1976 1983 
3	1986 1987 1984 
3	1987 1985 1984 
3	1980 1988 1978 
3	1988 1983 1978 
3	1982 1989 1981 
3	1989 1980 1981 
3	1989 1990 1980 
3	1990 1988 1980 
3	1988 1991 1983 
3	1991 1986 1983 
3	1993 1992 1987 
3	1987 1986 1993 
3	1991 1994 1993 
3	1993 1986 1991 
3	1994 1995 1993 
3	1995 1992 1993 
3	1996 1994 1991 
3	1991 1988 1996 
3	1990 1997 1996 
3	1996 1988 1990 
3	1997 1998 1996 
3	1998 1994 1996 
3	1998 1999 1995 
3	1995 1994 1998 
3	1690 2000 1960 
3	1960 1671 1690 
3	2000 2001 1960 
3	2001 1961 1960 
3	2001 2002 1964 
3	1964 1961 2001 
3	1691 1692 2000 
3	2000 1690 1691 
3	2003 2002 2001 
3	2001 2000 2003 
3	1692 2004 2003 
3	2003 2000 1692 
3	2002 2005 1964 
3	2005 1965 1964 
3	2004 2006 2003 
3	2006 2002 2003 
3	2008 2007 2005 
3	2005 2002 2008 
3	2006 2009 2008 
3	2008 2002 2006 
3	2009 2010 2008 
3	2010 2007 2008 
3	2005 2007 1970 
3	1970 1965 2005 
3	2007 2011 1970 
3	2011 1971 1970 
3	2012 1982 1972 
3	1972 1971 2012 
3	2011 2013 2012 
3	2012 1971 2011 
3	2010 2014 2007 
3	2014 2011 2007 
3	2014 2015 2013 
3	2013 2011 2014 
3	1695 2016 2004 
3	2004 1692 1695 
3	1697 2017 1695 
3	2017 2016 1695 
3	2016 2018 2006 
3	2006 2004 2016 
3	2018 2019 2009 
3	2009 2006 2018 
3	2019 2020 2009 
3	2020 2010 2009 
3	2017 2021 2016 
3	2021 2018 2016 
3	2021 2022 2019 
3	2019 2018 2021 
3	2022 2023 2019 
3	2023 2020 2019 
3	2024 2015 2014 
3	2014 2010 2024 
3	2020 2025 2024 
3	2024 2010 2020 
3	2023 2026 2025 
3	2025 2020 2023 
3	2013 2027 2012 
3	2027 1982 2012 
3	2015 2028 2013 
3	2028 2027 2013 
3	2025 2029 2024 
3	2029 2015 2024 
3	2029 2030 2015 
3	2030 2028 2015 
3	2026 2031 2025 
3	2031 2029 2025 
3	2033 2032 2030 
3	2030 2029 2033 
3	2031 2034 2033 
3	2033 2029 2031 
3	2034 2035 2033 
3	2035 2032 2033 
3	2027 2036 1982 
3	2036 1989 1982 
3	2037 1997 1990 
3	1990 1989 2037 
3	2036 2038 2037 
3	2037 1989 2036 
3	2038 2039 2037 
3	2039 1997 2037 
3	2028 2040 2027 
3	2040 2036 2027 
3	2040 2041 2038 
3	2038 2036 2040 
3	2041 2042 2038 
3	2042 2039 2038 
3	2039 2043 1997 
3	2043 1998 1997 
3	2043 2044 1999 
3	1999 1998 2043 
3	2042 2045 2039 
3	2045 2043 2039 
3	2045 2046 2043 
3	2046 2044 2043 
3	2047 2041 2040 
3	2040 2028 2047 
3	2030 2032 2047 
3	2047 2028 2030 
3	2032 2048 2047 
3	2048 2041 2047 
3	2048 2049 2042 
3	2042 2041 2048 
3	2035 2050 2048 
3	2048 2032 2035 
3	2050 2051 2048 
3	2051 2049 2048 
3	2049 2052 2042 
3	2052 2045 2042 
3	2054 2053 2046 
3	2046 2045 2054 
3	2052 2055 2054 
3	2054 2045 2052 
3	2056 2055 2052 
3	2052 2049 2056 
3	2051 2057 2056 
3	2056 2049 2051 
3	2055 2058 2054 
3	2058 2053 2054 
3	2057 2059 2056 
3	2059 2055 2056 
3	2059 2060 2058 
3	2058 2055 2059 
3	2061 1900 1897 
3	1897 1825 2061 
3	1985 2062 1825 
3	2062 2061 1825 
3	2062 2063 2061 
3	2063 1900 2061 
3	2063 2064 1900 
3	2064 1901 1900 
3	1987 1992 2062 
3	2062 1985 1987 
3	1992 2065 2062 
3	2065 2063 2062 
3	2065 2066 2064 
3	2064 2063 2065 
3	2064 2067 1901 
3	2067 1905 1901 
3	2067 2068 1905 
3	2068 1907 1905 
3	2066 2069 2064 
3	2069 2067 2064 
3	2069 2070 2067 
3	2070 2068 2067 
3	1995 2071 2065 
3	2065 1992 1995 
3	2071 2072 2066 
3	2066 2065 2071 
3	1999 2073 2071 
3	2071 1995 1999 
3	2073 2074 2071 
3	2074 2072 2071 
3	2072 2075 2069 
3	2069 2066 2072 
3	2075 2076 2069 
3	2076 2070 2069 
3	2074 2077 2072 
3	2077 2075 2072 
3	2077 2078 2076 
3	2076 2075 2077 
3	1930 2079 1929 
3	2079 1928 1929 
3	1907 2080 1933 
3	2080 1932 1933 
3	2068 2081 2080 
3	2080 1907 2068 
3	2083 2082 1934 
3	1934 1932 2083 
3	1932 2080 2083 
3	2080 2081 2083 
3	2070 2084 2068 
3	2084 2081 2068 
3	2081 2085 2083 
3	2085 2082 2083 
3	2084 2086 2085 
3	2085 2081 2084 
3	2082 2087 1934 
3	2087 1930 1934 
3	2087 2088 2079 
3	2079 1930 2087 
3	2090 2089 2087 
3	2087 2082 2090 
3	2082 2085 2090 
3	2085 2086 2090 
3	2089 2091 2087 
3	2091 2088 2087 
3	2076 2092 2070 
3	2092 2084 2070 
3	2092 2093 2086 
3	2086 2084 2092 
3	2078 2094 2092 
3	2092 2076 2078 
3	2094 2095 2092 
3	2095 2093 2092 
3	2086 2096 2090 
3	2096 2089 2090 
3	2093 2097 2096 
3	2096 2086 2093 
3	2099 2098 2091 
3	2091 2089 2099 
3	2089 2096 2099 
3	2096 2097 2099 
3	2095 2100 2093 
3	2100 2097 2093 
3	2097 2101 2099 
3	2101 2098 2099 
3	2100 2102 2101 
3	2101 2097 2100 
3	2044 2103 1999 
3	2103 2073 1999 
3	2105 2104 2074 
3	2074 2073 2105 
3	2103 2106 2105 
3	2105 2073 2103 
3	2107 2106 2103 
3	2103 2044 2107 
3	2046 2053 2107 
3	2107 2044 2046 
3	2106 2108 2105 
3	2108 2104 2105 
3	2053 2109 2107 
3	2109 2106 2107 
3	2109 2110 2108 
3	2108 2106 2109 
3	2104 2111 2074 
3	2111 2077 2074 
3	2111 2112 2078 
3	2078 2077 2111 
3	2108 2113 2104 
3	2113 2111 2104 
3	2113 2114 2112 
3	2112 2111 2113 
3	2110 2115 2113 
3	2113 2108 2110 
3	2115 2116 2113 
3	2116 2114 2113 
3	2058 2117 2109 
3	2109 2053 2058 
3	2117 2118 2110 
3	2110 2109 2117 
3	2060 2119 2058 
3	2119 2117 2058 
3	2119 2120 2118 
3	2118 2117 2119 
3	2118 2121 2115 
3	2115 2110 2118 
3	2121 2122 2115 
3	2122 2116 2115 
3	2120 2123 2121 
3	2121 2118 2120 
3	2123 2124 2122 
3	2122 2121 2123 
3	2112 2125 2078 
3	2125 2094 2078 
3	2127 2126 2095 
3	2095 2094 2127 
3	2094 2125 2127 
3	2125 2128 2127 
3	2128 2129 2127 
3	2129 2126 2127 
3	2114 2128 2125 
3	2125 2112 2114 
3	2116 2130 2114 
3	2130 2128 2114 
3	2130 2131 2129 
3	2129 2128 2130 
3	2126 2132 2095 
3	2132 2100 2095 
3	2134 2133 2102 
3	2102 2100 2134 
3	2132 2135 2134 
3	2134 2100 2132 
3	2129 2135 2132 
3	2132 2126 2129 
3	2135 2136 2133 
3	2133 2134 2135 
3	2131 2137 2129 
3	2137 2135 2129 
3	2137 2138 2136 
3	2136 2135 2137 
3	2122 2139 2116 
3	2139 2130 2116 
3	2139 2140 2131 
3	2131 2130 2139 
3	2124 2141 2139 
3	2139 2122 2124 
3	2141 2142 2139 
3	2142 2140 2139 
3	2140 2143 2137 
3	2137 2131 2140 
3	2143 2144 2137 
3	2144 2138 2137 
3	2142 2145 2140 
3	2145 2143 2140 
3	2147 2146 2144 
3	2144 2143 2147 
3	2145 2148 2147 
3	2147 2143 2145 
3	2148 2149 2147 
3	2149 2146 2147 
3	2152 2151 2153 
3	2151 2150 2153 
3	2153 2150 2155 
3	2150 2154 2155 
3	2155 2156 2152 
3	2152 2153 2155 
3	2151 2158 2150 
3	2158 2157 2150 
3	2150 2157 2154 
3	2157 2159 2154 
3	2155 2154 2160 
3	2160 2156 2155 
3	2154 2159 2162 
3	2159 2161 2162 
3	2162 2163 2160 
3	2160 2154 2162 
3	2157 2165 2166 
3	2165 2164 2166 
3	2166 2164 2168 
3	2164 2167 2168 
3	2168 2159 2157 
3	2157 2166 2168 
3	2158 2169 2157 
3	2169 2165 2157 
3	2165 2171 2164 
3	2171 2170 2164 
3	2164 2170 2167 
3	2170 2172 2167 
3	2169 2173 2171 
3	2171 2165 2169 
3	2168 2167 2159 
3	2167 2174 2159 
3	2159 2174 2175 
3	2175 2161 2159 
3	2167 2172 2176 
3	2176 2174 2167 
3	2174 2176 2175 
3	2176 2177 2175 
3	2171 2179 2178 
3	2178 2170 2171 
3	2170 2178 2180 
3	2180 2172 2170 
3	2173 2181 2179 
3	2179 2171 2173 
3	2179 2183 2182 
3	2182 2178 2179 
3	2178 2182 2184 
3	2184 2180 2178 
3	2181 2185 2179 
3	2185 2183 2179 
3	2172 2180 2176 
3	2180 2186 2176 
3	2176 2186 2187 
3	2187 2177 2176 
3	2180 2184 2186 
3	2184 2188 2186 
3	2186 2188 2187 
3	2188 2189 2187 
3	2183 2191 2190 
3	2190 2182 2183 
3	2182 2190 2192 
3	2192 2184 2182 
3	2185 2193 2191 
3	2191 2183 2185 
3	2190 2191 2192 
3	2191 2194 2192 
3	2193 2196 2195 
3	2195 2191 2193 
3	2191 2195 2197 
3	2197 2194 2191 
3	2184 2192 2194 
3	2194 2188 2184 
3	2188 2194 2198 
3	2198 2189 2188 
3	2194 2197 2200 
3	2197 2199 2200 
3	2194 2200 2198 
3	2200 2201 2198 
3	2162 2161 2202 
3	2202 2163 2162 
3	2161 2175 2202 
3	2175 2203 2202 
3	2175 2177 2203 
3	2177 2204 2203 
3	2177 2187 2205 
3	2205 2204 2177 
3	2187 2189 2206 
3	2206 2205 2187 
3	2189 2198 2206 
3	2198 2201 2206 
3	2209 2208 2210 
3	2208 2207 2210 
3	2210 2207 2211 
3	2211 2212 2210 
3	2212 2213 2210 
3	2213 2209 2210 
3	2212 2211 2215 
3	2211 2214 2215 
3	2215 2216 2213 
3	2213 2212 2215 
3	2219 2218 2220 
3	2218 2217 2220 
3	2220 2217 2221 
3	2221 2222 2220 
3	2222 2223 2220 
3	2223 2219 2220 
3	2222 2221 2225 
3	2221 2224 2225 
3	2225 2226 2223 
3	2223 2222 2225 
3	39 2227 2228 
3	2227 2219 2228 
3	2228 2219 2223 
3	2223 2229 2228 
3	2229 43 2228 
3	43 39 2228 
3	40 2230 39 
3	2230 2227 39 
3	2227 2231 2219 
3	2231 2218 2219 
3	2230 2232 2227 
3	2232 2231 2227 
3	2229 2223 2226 
3	2226 2233 2229 
3	2233 46 43 
3	43 2229 2233 
3	2217 2234 2235 
3	2234 2209 2235 
3	2235 2209 2213 
3	2213 2236 2235 
3	2236 2221 2235 
3	2221 2217 2235 
3	2218 2237 2217 
3	2237 2234 2217 
3	2234 2238 2209 
3	2238 2208 2209 
3	2237 2239 2234 
3	2239 2238 2234 
3	2236 2213 2240 
3	2213 2216 2240 
3	2240 2224 2221 
3	2221 2236 2240 
3	2231 2241 2237 
3	2237 2218 2231 
3	2232 2242 2241 
3	2241 2231 2232 
3	2241 2243 2239 
3	2239 2237 2241 
3	2242 2244 2243 
3	2243 2241 2242 
3	2247 2246 2248 
3	2246 2245 2248 
3	2248 2245 2250 
3	2245 2249 2250 
3	2250 2251 2247 
3	2247 2248 2250 
3	2250 2249 2252 
3	2252 2251 2250 
3	2207 2253 2254 
3	2253 2247 2254 
3	2254 2247 2255 
3	2247 2251 2255 
3	2255 2211 2254 
3	2211 2207 2254 
3	2208 2256 2207 
3	2256 2253 2207 
3	2253 2257 2247 
3	2257 2246 2247 
3	2256 2258 2253 
3	2258 2257 2253 
3	2255 2251 2260 
3	2251 2259 2260 
3	2260 2214 2211 
3	2211 2255 2260 
3	2251 2252 2259 
3	2252 2261 2259 
3	2245 2263 2264 
3	2263 2262 2264 
3	2264 2262 2266 
3	2262 2265 2266 
3	2266 2249 2245 
3	2245 2264 2266 
3	2246 2267 2245 
3	2267 2263 2245 
3	2263 2268 2262 
3	2268 2152 2262 
3	2262 2152 2156 
3	2156 2265 2262 
3	2267 2269 2263 
3	2269 2268 2263 
3	2266 2265 2270 
3	2270 2249 2266 
3	2249 2270 2272 
3	2270 2271 2272 
3	2272 2261 2252 
3	2252 2249 2272 
3	2265 2156 2274 
3	2156 2273 2274 
3	2274 2271 2270 
3	2270 2265 2274 
3	2257 2275 2246 
3	2275 2267 2246 
3	2258 2276 2275 
3	2275 2257 2258 
3	2275 2277 2269 
3	2269 2267 2275 
3	2276 2278 2277 
3	2277 2275 2276 
3	2238 2279 2208 
3	2279 2256 2208 
3	2239 2280 2279 
3	2279 2238 2239 
3	2279 2281 2258 
3	2258 2256 2279 
3	2280 2282 2281 
3	2281 2279 2280 
3	2243 2283 2280 
3	2280 2239 2243 
3	2244 2284 2283 
3	2283 2243 2244 
3	2283 2285 2282 
3	2282 2280 2283 
3	2284 2286 2283 
3	2286 2285 2283 
3	2281 2287 2276 
3	2276 2258 2281 
3	2282 2288 2287 
3	2287 2281 2282 
3	2287 2289 2278 
3	2278 2276 2287 
3	2288 2290 2289 
3	2289 2287 2288 
3	2285 2291 2288 
3	2288 2282 2285 
3	2286 2292 2291 
3	2291 2285 2286 
3	2291 2293 2288 
3	2293 2290 2288 
3	2292 2294 2291 
3	2294 2293 2291 
3	2215 2214 2295 
3	2295 2216 2215 
3	2225 2224 2297 
3	2224 2296 2297 
3	2297 2298 2225 
3	2298 2226 2225 
3	2297 2296 2300 
3	2296 2299 2300 
3	2300 2301 2298 
3	2298 2297 2300 
3	2233 2226 2298 
3	2298 2302 2233 
3	2302 49 46 
3	46 2233 2302 
3	2302 2298 2303 
3	2298 2301 2303 
3	2303 52 49 
3	49 2302 2303 
3	2240 2216 2305 
3	2216 2304 2305 
3	2305 2296 2224 
3	2224 2240 2305 
3	2216 2295 2304 
3	2295 2306 2304 
3	2305 2304 2307 
3	2307 2296 2305 
3	2296 2307 2299 
3	2307 2308 2299 
3	2304 2306 2310 
3	2306 2309 2310 
3	2310 2308 2307 
3	2307 2304 2310 
3	2300 2299 2311 
3	2311 2301 2300 
3	2303 2301 2312 
3	2312 2313 2303 
3	2313 55 52 
3	52 2303 2313 
3	2301 2311 2312 
3	2311 2314 2312 
3	2313 2312 2316 
3	2312 2315 2316 
3	2316 2317 55 
3	55 2313 2316 
3	2317 133 58 
3	58 55 2317 
3	2312 2314 2318 
3	2318 2315 2312 
3	2299 2308 2320 
3	2308 2319 2320 
3	2320 2314 2311 
3	2311 2299 2320 
3	2310 2309 2321 
3	2321 2322 2310 
3	2322 2319 2310 
3	2319 2308 2310 
3	2320 2319 2324 
3	2319 2323 2324 
3	2324 2318 2320 
3	2318 2314 2320 
3	2322 2321 2326 
3	2321 2325 2326 
3	2326 2323 2319 
3	2319 2322 2326 
3	2260 2259 2327 
3	2327 2214 2260 
3	2214 2327 2329 
3	2327 2328 2329 
3	2329 2306 2295 
3	2295 2214 2329 
3	2259 2261 2331 
3	2261 2330 2331 
3	2331 2328 2327 
3	2327 2259 2331 
3	2329 2328 2333 
3	2328 2332 2333 
3	2333 2309 2306 
3	2306 2329 2333 
3	2331 2330 2334 
3	2334 2328 2331 
3	2328 2334 2332 
3	2334 2335 2332 
3	2272 2271 2336 
3	2336 2261 2272 
3	2274 2273 2337 
3	2337 2271 2274 
3	2271 2337 2339 
3	2337 2338 2339 
3	2339 2340 2336 
3	2336 2271 2339 
3	2339 2338 2341 
3	2341 2340 2339 
3	2261 2336 2330 
3	2336 2340 2330 
3	2330 2340 2343 
3	2340 2342 2343 
3	2343 2335 2334 
3	2334 2330 2343 
3	2340 2341 2342 
3	2341 2344 2342 
3	2333 2332 2345 
3	2345 2309 2333 
3	2332 2335 2347 
3	2335 2346 2347 
3	2347 2348 2345 
3	2345 2332 2347 
3	2347 2346 2350 
3	2346 2349 2350 
3	2350 2351 2348 
3	2348 2347 2350 
3	2343 2342 2352 
3	2352 2335 2343 
3	2335 2352 2346 
3	2352 2353 2346 
3	2342 2344 2355 
3	2344 2354 2355 
3	2355 2353 2352 
3	2352 2342 2355 
3	2346 2353 2356 
3	2356 2349 2346 
3	2355 2354 2357 
3	2357 2353 2355 
3	2353 2357 2356 
3	2357 2358 2356 
3	2309 2345 2321 
3	2345 2348 2321 
3	2321 2348 2325 
3	2348 2351 2325 
3	76 2359 40 
3	2359 2230 40 
3	77 2360 2359 
3	2359 76 77 
3	2359 2361 2232 
3	2232 2230 2359 
3	2360 2362 2361 
3	2361 2359 2360 
3	83 2363 2360 
3	2360 77 83 
3	84 2364 2363 
3	2363 83 84 
3	2363 2365 2362 
3	2362 2360 2363 
3	2364 2366 2365 
3	2365 2363 2364 
3	2361 2367 2242 
3	2242 2232 2361 
3	2362 2368 2367 
3	2367 2361 2362 
3	2367 2369 2244 
3	2244 2242 2367 
3	2368 2370 2369 
3	2369 2367 2368 
3	2365 2371 2362 
3	2371 2368 2362 
3	2366 2372 2365 
3	2372 2371 2365 
3	2371 2373 2370 
3	2370 2368 2371 
3	2372 2374 2371 
3	2374 2373 2371 
3	103 2375 2364 
3	2364 84 103 
3	104 2376 2375 
3	2375 103 104 
3	2375 2377 2364 
3	2377 2366 2364 
3	2376 2378 2377 
3	2377 2375 2376 
3	107 2379 104 
3	2379 2376 104 
3	108 2380 107 
3	2380 2379 107 
3	2379 2381 2376 
3	2381 2378 2376 
3	2380 2382 2379 
3	2382 2381 2379 
3	2377 2383 2366 
3	2383 2372 2366 
3	2378 2384 2383 
3	2383 2377 2378 
3	2383 2385 2372 
3	2385 2374 2372 
3	2384 2386 2383 
3	2386 2385 2383 
3	2381 2387 2384 
3	2384 2378 2381 
3	2382 2388 2387 
3	2387 2381 2382 
3	2387 2389 2386 
3	2386 2384 2387 
3	2388 2390 2389 
3	2389 2387 2388 
3	2369 2391 2244 
3	2391 2284 2244 
3	2370 2392 2391 
3	2391 2369 2370 
3	2391 2393 2286 
3	2286 2284 2391 
3	2392 2394 2393 
3	2393 2391 2392 
3	2373 2395 2392 
3	2392 2370 2373 
3	2374 2396 2373 
3	2396 2395 2373 
3	2395 2397 2392 
3	2397 2394 2392 
3	2396 2398 2395 
3	2398 2397 2395 
3	2393 2399 2286 
3	2399 2292 2286 
3	2394 2400 2393 
3	2400 2399 2393 
3	2399 2401 2292 
3	2401 2294 2292 
3	2400 2402 2401 
3	2401 2399 2400 
3	2397 2403 2400 
3	2400 2394 2397 
3	2398 2404 2397 
3	2404 2403 2397 
3	2403 2405 2402 
3	2402 2400 2403 
3	2404 2406 2405 
3	2405 2403 2404 
3	2385 2407 2396 
3	2396 2374 2385 
3	2386 2408 2407 
3	2407 2385 2386 
3	2407 2409 2398 
3	2398 2396 2407 
3	2408 2410 2409 
3	2409 2407 2408 
3	2389 2411 2408 
3	2408 2386 2389 
3	2390 2412 2411 
3	2411 2389 2390 
3	2411 2413 2410 
3	2410 2408 2411 
3	2412 2414 2413 
3	2413 2411 2412 
3	2409 2415 2404 
3	2404 2398 2409 
3	2410 2416 2409 
3	2416 2415 2409 
3	2415 2417 2406 
3	2406 2404 2415 
3	2416 2418 2415 
3	2418 2417 2415 
3	2413 2419 2416 
3	2416 2410 2413 
3	2414 2420 2419 
3	2419 2413 2414 
3	2419 2421 2418 
3	2418 2416 2419 
3	2420 2422 2421 
3	2421 2419 2420 
3	2268 2423 2152 
3	2423 2151 2152 
3	2269 2424 2423 
3	2423 2268 2269 
3	2423 2425 2158 
3	2158 2151 2423 
3	2424 2426 2425 
3	2425 2423 2424 
3	2156 2160 2273 
3	2160 2163 2273 
3	2277 2427 2424 
3	2424 2269 2277 
3	2278 2428 2427 
3	2427 2277 2278 
3	2427 2429 2426 
3	2426 2424 2427 
3	2428 2430 2427 
3	2430 2429 2427 
3	2425 2431 2169 
3	2169 2158 2425 
3	2426 2432 2431 
3	2431 2425 2426 
3	2431 2433 2173 
3	2173 2169 2431 
3	2432 2434 2433 
3	2433 2431 2432 
3	2429 2435 2432 
3	2432 2426 2429 
3	2430 2436 2429 
3	2436 2435 2429 
3	2435 2437 2432 
3	2437 2434 2432 
3	2436 2438 2435 
3	2438 2437 2435 
3	2289 2439 2428 
3	2428 2278 2289 
3	2290 2440 2439 
3	2439 2289 2290 
3	2439 2441 2428 
3	2441 2430 2428 
3	2440 2442 2441 
3	2441 2439 2440 
3	2293 2443 2440 
3	2440 2290 2293 
3	2294 2444 2443 
3	2443 2293 2294 
3	2443 2445 2440 
3	2445 2442 2440 
3	2444 2446 2445 
3	2445 2443 2444 
3	2441 2447 2430 
3	2447 2436 2430 
3	2442 2448 2447 
3	2447 2441 2442 
3	2447 2449 2436 
3	2449 2438 2436 
3	2448 2450 2449 
3	2449 2447 2448 
3	2445 2451 2448 
3	2448 2442 2445 
3	2446 2452 2451 
3	2451 2445 2446 
3	2451 2453 2450 
3	2450 2448 2451 
3	2452 2454 2453 
3	2453 2451 2452 
3	2433 2455 2173 
3	2455 2181 2173 
3	2434 2456 2433 
3	2456 2455 2433 
3	2455 2457 2181 
3	2457 2185 2181 
3	2456 2458 2455 
3	2458 2457 2455 
3	2437 2459 2434 
3	2459 2456 2434 
3	2438 2460 2437 
3	2460 2459 2437 
3	2459 2461 2456 
3	2461 2458 2456 
3	2460 2462 2459 
3	2462 2461 2459 
3	2457 2463 2193 
3	2193 2185 2457 
3	2458 2464 2457 
3	2464 2463 2457 
3	2463 2465 2196 
3	2196 2193 2463 
3	2464 2466 2465 
3	2465 2463 2464 
3	2200 2199 2201 
3	2199 2467 2201 
3	2461 2468 2458 
3	2468 2464 2458 
3	2462 2469 2468 
3	2468 2461 2462 
3	2468 2470 2466 
3	2466 2464 2468 
3	2469 2471 2468 
3	2471 2470 2468 
3	2449 2472 2438 
3	2472 2460 2438 
3	2450 2473 2472 
3	2472 2449 2450 
3	2472 2474 2462 
3	2462 2460 2472 
3	2473 2475 2472 
3	2475 2474 2472 
3	2453 2476 2473 
3	2473 2450 2453 
3	2454 2477 2476 
3	2476 2453 2454 
3	2476 2478 2475 
3	2475 2473 2476 
3	2477 2479 2478 
3	2478 2476 2477 
3	2474 2480 2469 
3	2469 2462 2474 
3	2475 2481 2474 
3	2481 2480 2474 
3	2480 2482 2469 
3	2482 2471 2469 
3	2481 2483 2480 
3	2483 2482 2480 
3	2478 2484 2481 
3	2481 2475 2478 
3	2479 2485 2484 
3	2484 2478 2479 
3	2484 2486 2481 
3	2486 2483 2481 
3	2485 2487 2486 
3	2486 2484 2485 
3	2273 2163 2488 
3	2488 2337 2273 
3	2337 2488 2338 
3	2488 2489 2338 
3	2163 2202 2491 
3	2202 2490 2491 
3	2491 2489 2488 
3	2488 2163 2491 
3	2338 2489 2493 
3	2489 2492 2493 
3	2493 2344 2341 
3	2341 2338 2493 
3	2491 2490 2494 
3	2494 2489 2491 
3	2489 2494 2492 
3	2494 2495 2492 
3	2202 2203 2490 
3	2203 2496 2490 
3	2203 2204 2496 
3	2204 2497 2496 
3	2490 2496 2494 
3	2496 2498 2494 
3	2494 2498 2499 
3	2499 2495 2494 
3	2496 2497 2498 
3	2497 2500 2498 
3	2498 2500 2499 
3	2500 2501 2499 
3	2493 2492 2502 
3	2502 2344 2493 
3	2492 2495 2502 
3	2495 2503 2502 
3	2344 2502 2354 
3	2502 2504 2354 
3	2502 2503 2505 
3	2505 2504 2502 
3	2354 2504 2506 
3	2506 2357 2354 
3	2357 2506 2358 
3	2506 2507 2358 
3	2504 2505 2509 
3	2505 2508 2509 
3	2509 2507 2506 
3	2506 2504 2509 
3	2495 2499 2503 
3	2499 2510 2503 
3	2499 2501 2510 
3	2501 2511 2510 
3	2503 2510 2512 
3	2512 2505 2503 
3	2510 2511 2512 
3	2511 2513 2512 
3	2505 2512 2514 
3	2514 2508 2505 
3	2512 2513 2514 
3	2513 2515 2514 
3	2204 2205 2497 
3	2205 2516 2497 
3	2205 2206 2517 
3	2517 2516 2205 
3	2497 2516 2518 
3	2518 2500 2497 
3	2500 2518 2501 
3	2518 2519 2501 
3	2516 2517 2520 
3	2520 2518 2516 
3	2518 2520 2521 
3	2521 2519 2518 
3	2206 2201 2522 
3	2522 2517 2206 
3	2201 2467 2524 
3	2467 2523 2524 
3	2201 2524 2522 
3	2524 2525 2522 
3	2524 2523 2526 
3	2526 2525 2524 
3	2517 2522 2520 
3	2522 2525 2520 
3	2520 2525 2527 
3	2527 2521 2520 
3	2525 2526 2528 
3	2528 2527 2525 
3	2501 2519 2511 
3	2519 2529 2511 
3	2519 2521 2530 
3	2530 2529 2519 
3	2511 2529 2513 
3	2529 2531 2513 
3	2529 2530 2531 
3	2530 2532 2531 
3	2513 2531 2515 
3	2531 2533 2515 
3	2531 2532 2534 
3	2534 2533 2531 
3	2521 2527 2535 
3	2535 2530 2521 
3	2527 2528 2535 
3	2528 2536 2535 
3	2530 2535 2537 
3	2537 2532 2530 
3	2535 2536 2538 
3	2538 2537 2535 
3	2532 2537 2540 
3	2537 2539 2540 
3	2532 2540 2534 
3	2540 2541 2534 
3	2540 2539 2542 
3	2542 2541 2540 
3	2537 2538 2539 
3	2538 2543 2539 
3	2539 2543 2544 
3	2544 2542 2539 
3	2401 2545 2294 
3	2545 2444 2294 
3	2402 2546 2401 
3	2546 2545 2401 
3	2545 2547 2446 
3	2446 2444 2545 
3	2546 2548 2545 
3	2548 2547 2545 
3	2405 2549 2546 
3	2546 2402 2405 
3	2406 2550 2549 
3	2549 2405 2406 
3	2549 2551 2546 
3	2551 2548 2546 
3	2550 2552 2549 
3	2552 2551 2549 
3	2547 2553 2452 
3	2452 2446 2547 
3	2548 2554 2553 
3	2553 2547 2548 
3	2553 2555 2454 
3	2454 2452 2553 
3	2554 2556 2555 
3	2555 2553 2554 
3	2551 2557 2548 
3	2557 2554 2548 
3	2552 2558 2551 
3	2558 2557 2551 
3	2557 2559 2556 
3	2556 2554 2557 
3	2558 2560 2557 
3	2560 2559 2557 
3	2417 2561 2406 
3	2561 2550 2406 
3	2418 2562 2561 
3	2561 2417 2418 
3	2561 2563 2552 
3	2552 2550 2561 
3	2562 2564 2563 
3	2563 2561 2562 
3	2421 2565 2562 
3	2562 2418 2421 
3	2422 2566 2421 
3	2566 2565 2421 
3	2565 2567 2562 
3	2567 2564 2562 
3	2566 2568 2567 
3	2567 2565 2566 
3	2563 2569 2552 
3	2569 2558 2552 
3	2564 2570 2563 
3	2570 2569 2563 
3	2569 2571 2558 
3	2571 2560 2558 
3	2570 2572 2569 
3	2572 2571 2569 
3	2567 2573 2564 
3	2573 2570 2564 
3	2568 2574 2573 
3	2573 2567 2568 
3	2573 2575 2570 
3	2575 2572 2570 
3	2574 2576 2575 
3	2575 2573 2574 
3	2555 2577 2477 
3	2477 2454 2555 
3	2556 2578 2577 
3	2577 2555 2556 
3	2577 2579 2479 
3	2479 2477 2577 
3	2578 2580 2579 
3	2579 2577 2578 
3	2559 2581 2578 
3	2578 2556 2559 
3	2560 2582 2581 
3	2581 2559 2560 
3	2581 2583 2580 
3	2580 2578 2581 
3	2582 2584 2583 
3	2583 2581 2582 
3	2579 2585 2485 
3	2485 2479 2579 
3	2580 2586 2585 
3	2585 2579 2580 
3	2585 2587 2487 
3	2487 2485 2585 
3	2586 2588 2587 
3	2587 2585 2586 
3	2583 2589 2586 
3	2586 2580 2583 
3	2584 2590 2589 
3	2589 2583 2584 
3	2589 2591 2588 
3	2588 2586 2589 
3	2590 2592 2591 
3	2591 2589 2590 
3	2571 2593 2582 
3	2582 2560 2571 
3	2572 2594 2571 
3	2594 2593 2571 
3	2593 2595 2584 
3	2584 2582 2593 
3	2594 2596 2595 
3	2595 2593 2594 
3	2575 2597 2572 
3	2597 2594 2572 
3	2576 2598 2597 
3	2597 2575 2576 
3	2597 2599 2596 
3	2596 2594 2597 
3	2598 2600 2597 
3	2600 2599 2597 
3	2595 2601 2590 
3	2590 2584 2595 
3	2596 2602 2601 
3	2601 2595 2596 
3	2601 2603 2592 
3	2592 2590 2601 
3	2602 2604 2603 
3	2603 2601 2602 
3	2599 2605 2602 
3	2602 2596 2599 
3	2600 2606 2599 
3	2606 2605 2599 
3	2605 2607 2604 
3	2604 2602 2605 
3	2606 2608 2605 
3	2608 2607 2605 
3	2316 2315 2609 
3	2609 2317 2316 
3	2317 2609 2611 
3	2609 2610 2611 
3	2611 308 133 
3	133 2317 2611 
3	2315 2318 2613 
3	2318 2612 2613 
3	2613 2610 2609 
3	2609 2315 2613 
3	2611 2610 2614 
3	2614 2615 2611 
3	2615 313 308 
3	308 2611 2615 
3	2613 2612 2617 
3	2612 2616 2617 
3	2617 2614 2613 
3	2614 2610 2613 
3	2324 2323 2618 
3	2618 2619 2324 
3	2619 2612 2324 
3	2612 2318 2324 
3	2326 2325 2620 
3	2620 2323 2326 
3	2323 2620 2618 
3	2620 2621 2618 
3	2619 2618 2623 
3	2618 2622 2623 
3	2623 2616 2619 
3	2616 2612 2619 
3	2618 2621 2622 
3	2621 2624 2622 
3	2615 2614 2625 
3	2625 2626 2615 
3	2626 327 313 
3	313 2615 2626 
3	2617 2616 2628 
3	2616 2627 2628 
3	2628 2625 2617 
3	2625 2614 2617 
3	2626 2625 2629 
3	2629 2630 2626 
3	2630 331 327 
3	327 2626 2630 
3	2628 2627 2631 
3	2631 2632 2628 
3	2632 2629 2625 
3	2625 2628 2632 
3	2623 2622 2634 
3	2622 2633 2634 
3	2634 2627 2623 
3	2627 2616 2623 
3	2622 2624 2633 
3	2624 2635 2633 
3	2634 2633 2637 
3	2633 2636 2637 
3	2637 2631 2627 
3	2627 2634 2637 
3	2633 2635 2636 
3	2635 2638 2636 
3	2350 2349 2639 
3	2639 2351 2350 
3	2349 2356 2641 
3	2356 2640 2641 
3	2641 2642 2639 
3	2639 2349 2641 
3	2356 2358 2643 
3	2643 2640 2356 
3	2641 2640 2644 
3	2644 2642 2641 
3	2640 2643 2646 
3	2643 2645 2646 
3	2646 2647 2644 
3	2644 2640 2646 
3	2646 2645 2648 
3	2648 2647 2646 
3	2325 2351 2649 
3	2649 2650 2325 
3	2650 2621 2620 
3	2620 2325 2650 
3	2351 2639 2649 
3	2639 2642 2649 
3	2650 2649 2652 
3	2649 2651 2652 
3	2652 2624 2650 
3	2624 2621 2650 
3	2649 2642 2653 
3	2653 2651 2649 
3	2642 2644 2653 
3	2644 2647 2653 
3	2652 2651 2655 
3	2651 2654 2655 
3	2655 2635 2624 
3	2624 2652 2655 
3	2651 2653 2656 
3	2656 2654 2651 
3	2655 2654 2657 
3	2657 2635 2655 
3	2635 2657 2638 
3	2657 2658 2638 
3	2654 2656 2660 
3	2656 2659 2660 
3	2660 2658 2657 
3	2657 2654 2660 
3	2653 2647 2661 
3	2661 2656 2653 
3	2647 2648 2661 
3	2648 2662 2661 
3	2656 2661 2663 
3	2663 2659 2656 
3	2661 2662 2664 
3	2664 2663 2661 
3	2630 2629 2666 
3	2629 2665 2666 
3	2666 390 2630 
3	390 331 2630 
3	2632 2631 2667 
3	2667 2668 2632 
3	2668 2665 2629 
3	2629 2632 2668 
3	2666 2665 2669 
3	2669 258 2666 
3	258 259 2666 
3	259 390 2666 
3	2668 2667 2670 
3	2670 2671 2668 
3	2671 2669 2665 
3	2665 2668 2671 
3	2637 2636 2672 
3	2672 2673 2637 
3	2673 2667 2637 
3	2667 2631 2637 
3	2636 2638 2672 
3	2638 2674 2672 
3	2673 2672 2675 
3	2675 2676 2673 
3	2676 2670 2667 
3	2667 2673 2676 
3	2672 2674 2675 
3	2674 2677 2675 
3	258 2669 262 
3	2669 2678 262 
3	2671 2670 2679 
3	2679 2680 2671 
3	2680 2678 2671 
3	2678 2669 2671 
3	262 2678 2681 
3	2681 265 262 
3	2680 2679 2683 
3	2679 2682 2683 
3	2683 2681 2680 
3	2681 2678 2680 
3	2676 2675 2684 
3	2684 2685 2676 
3	2685 2679 2670 
3	2670 2676 2685 
3	2675 2677 2686 
3	2686 2684 2675 
3	2685 2684 2687 
3	2687 2688 2685 
3	2688 2682 2685 
3	2682 2679 2685 
3	2684 2686 2689 
3	2689 2687 2684 
3	2638 2658 2674 
3	2658 2690 2674 
3	2660 2659 2692 
3	2659 2691 2692 
3	2692 2690 2660 
3	2690 2658 2660 
3	2674 2690 2677 
3	2690 2693 2677 
3	2692 2691 2695 
3	2691 2694 2695 
3	2695 2693 2690 
3	2690 2692 2695 
3	2659 2663 2696 
3	2696 2691 2659 
3	2663 2664 2697 
3	2697 2696 2663 
3	2691 2696 2698 
3	2698 2694 2691 
3	2696 2697 2699 
3	2699 2698 2696 
3	2677 2693 2700 
3	2700 2686 2677 
3	2695 2694 2701 
3	2701 2693 2695 
3	2693 2701 2700 
3	2701 2702 2700 
3	2686 2700 2703 
3	2703 2689 2686 
3	2700 2702 2703 
3	2702 2704 2703 
3	2694 2698 2706 
3	2698 2705 2706 
3	2706 2702 2701 
3	2701 2694 2706 
3	2698 2699 2705 
3	2699 2707 2705 
3	2706 2705 2709 
3	2705 2708 2709 
3	2709 2704 2706 
3	2704 2702 2706 
3	2705 2707 2708 
3	2707 2710 2708 
3	2358 2507 2711 
3	2711 2643 2358 
3	2509 2508 2712 
3	2712 2507 2509 
3	2507 2712 2711 
3	2712 2713 2711 
3	2643 2711 2645 
3	2711 2714 2645 
3	2711 2713 2715 
3	2715 2714 2711 
3	2508 2514 2712 
3	2514 2716 2712 
3	2712 2716 2713 
3	2716 2717 2713 
3	2514 2515 2718 
3	2718 2716 2514 
3	2716 2718 2717 
3	2718 2719 2717 
3	2713 2717 2715 
3	2717 2720 2715 
3	2717 2719 2720 
3	2719 2721 2720 
3	2645 2714 2648 
3	2714 2722 2648 
3	2714 2715 2724 
3	2715 2723 2724 
3	2724 2725 2722 
3	2722 2714 2724 
3	2724 2723 2725 
3	2723 2726 2725 
3	2715 2720 2723 
3	2720 2727 2723 
3	2720 2721 2728 
3	2728 2727 2720 
3	2723 2727 2726 
3	2727 2729 2726 
3	2727 2728 2729 
3	2728 2730 2729 
3	2648 2722 2662 
3	2722 2725 2662 
3	2662 2725 2731 
3	2731 2664 2662 
3	2725 2726 2731 
3	2726 2732 2731 
3	2726 2729 2732 
3	2729 2733 2732 
3	2729 2730 2734 
3	2734 2733 2729 
3	2515 2533 2735 
3	2735 2718 2515 
3	2718 2735 2736 
3	2736 2719 2718 
3	2533 2534 2735 
3	2534 2541 2735 
3	2735 2541 2737 
3	2737 2736 2735 
3	2719 2736 2738 
3	2738 2721 2719 
3	2736 2737 2739 
3	2739 2738 2736 
3	2541 2542 2740 
3	2740 2737 2541 
3	2542 2544 2742 
3	2544 2741 2742 
3	2542 2742 2740 
3	2742 2743 2740 
3	2737 2740 2744 
3	2740 2743 2744 
3	2737 2744 2739 
3	2744 2745 2739 
3	2721 2738 2746 
3	2746 2747 2721 
3	2721 2747 2728 
3	2747 2730 2728 
3	2738 2739 2746 
3	2739 2745 2746 
3	2742 2741 2748 
3	2748 2743 2742 
3	2744 2743 2749 
3	2749 2745 2744 
3	2743 2748 2750 
3	2750 2749 2743 
3	2747 2746 2751 
3	2751 2730 2747 
3	2746 2745 2752 
3	2752 2751 2746 
3	2730 2751 2734 
3	2751 2753 2734 
3	2751 2752 2754 
3	2754 2753 2751 
3	2745 2749 2755 
3	2755 2752 2745 
3	2749 2750 2757 
3	2750 2756 2757 
3	2749 2757 2755 
3	2757 2758 2755 
3	2757 2756 2759 
3	2759 2758 2757 
3	2752 2755 2760 
3	2755 2758 2760 
3	2752 2760 2754 
3	2760 2761 2754 
3	2760 2758 2762 
3	2762 2761 2760 
3	2758 2759 2763 
3	2763 2762 2758 
3	2664 2731 2697 
3	2731 2764 2697 
3	2731 2732 2764 
3	2732 2765 2764 
3	2697 2764 2699 
3	2764 2766 2699 
3	2764 2765 2766 
3	2765 2767 2766 
3	2732 2733 2765 
3	2733 2768 2765 
3	2733 2734 2769 
3	2769 2768 2733 
3	2765 2768 2770 
3	2770 2767 2765 
3	2768 2769 2771 
3	2771 2770 2768 
3	2699 2766 2707 
3	2766 2772 2707 
3	2766 2767 2773 
3	2773 2772 2766 
3	2707 2772 2710 
3	2772 2774 2710 
3	2772 2773 2775 
3	2775 2774 2772 
3	2767 2770 2776 
3	2776 2773 2767 
3	2770 2771 2778 
3	2771 2777 2778 
3	2770 2778 2776 
3	2778 2779 2776 
3	2778 2777 2780 
3	2780 2779 2778 
3	2773 2776 2781 
3	2776 2779 2781 
3	2773 2781 2775 
3	2781 2782 2775 
3	2781 2779 2783 
3	2783 2782 2781 
3	2779 2780 2783 
3	2780 2784 2783 
3	2734 2753 2785 
3	2785 2769 2734 
3	2753 2754 2786 
3	2754 2761 2786 
3	2753 2786 2785 
3	2786 2787 2785 
3	2786 2761 2788 
3	2788 2787 2786 
3	2769 2785 2789 
3	2785 2787 2789 
3	2769 2789 2771 
3	2789 2777 2771 
3	2789 2787 2790 
3	2790 2777 2789 
3	2787 2788 2790 
3	2788 2791 2790 
3	2761 2762 2792 
3	2792 2788 2761 
3	2762 2763 2794 
3	2763 2793 2794 
3	2762 2794 2792 
3	2794 2795 2792 
3	2788 2792 2796 
3	2796 2791 2788 
3	2792 2795 2796 
3	2795 2797 2796 
3	2794 2793 2798 
3	2798 2795 2794 
3	2795 2798 2799 
3	2799 2797 2795 
3	2777 2790 2780 
3	2790 2800 2780 
3	2790 2791 2801 
3	2801 2800 2790 
3	2780 2800 2784 
3	2800 2802 2784 
3	2800 2801 2803 
3	2803 2802 2800 
3	2791 2796 2804 
3	2796 2797 2804 
3	2791 2804 2801 
3	2804 2805 2801 
3	2801 2805 2803 
3	2805 2806 2803 
3	2804 2797 2807 
3	2807 2805 2804 
3	2797 2799 2808 
3	2808 2807 2797 
3	2805 2807 2809 
3	2809 2806 2805 
3	2807 2808 2811 
3	2808 2810 2811 
3	2807 2811 2809 
3	2811 2812 2809 
3	2811 2810 2813 
3	2813 2812 2811 
3	2196 2815 2814 
3	2814 2195 2196 
3	2195 2814 2816 
3	2816 2197 2195 
3	2814 2815 2816 
3	2815 2817 2816 
3	2197 2816 2817 
3	2817 2199 2197 
3	2465 2818 2815 
3	2815 2196 2465 
3	2466 2819 2818 
3	2818 2465 2466 
3	2818 2821 2820 
3	2820 2815 2818 
3	2815 2820 2822 
3	2822 2817 2815 
3	2819 2823 2821 
3	2821 2818 2819 
3	2199 2817 2824 
3	2824 2467 2199 
3	2817 2822 2826 
3	2822 2825 2826 
3	2817 2826 2824 
3	2826 2827 2824 
3	2826 2825 2828 
3	2828 2827 2826 
3	2470 2829 2819 
3	2819 2466 2470 
3	2471 2830 2829 
3	2829 2470 2471 
3	2829 2831 2823 
3	2823 2819 2829 
3	2830 2832 2831 
3	2831 2829 2830 
3	2820 2821 2822 
3	2821 2825 2822 
3	2823 2834 2833 
3	2833 2821 2823 
3	2821 2833 2835 
3	2835 2825 2821 
3	2833 2834 2835 
3	2834 2836 2835 
3	2825 2835 2837 
3	2835 2836 2837 
3	2825 2837 2828 
3	2837 2838 2828 
3	2831 2839 2834 
3	2834 2823 2831 
3	2832 2840 2839 
3	2839 2831 2832 
3	2839 2842 2841 
3	2841 2834 2839 
3	2834 2841 2843 
3	2843 2836 2834 
3	2840 2844 2842 
3	2842 2839 2840 
3	2837 2836 2845 
3	2845 2838 2837 
3	2836 2843 2847 
3	2843 2846 2847 
3	2836 2847 2845 
3	2847 2848 2845 
3	2847 2846 2849 
3	2849 2848 2847 
3	2482 2850 2471 
3	2850 2830 2471 
3	2483 2851 2482 
3	2851 2850 2482 
3	2850 2852 2832 
3	2832 2830 2850 
3	2851 2853 2850 
3	2853 2852 2850 
3	2486 2854 2851 
3	2851 2483 2486 
3	2487 2855 2486 
3	2855 2854 2486 
3	2854 2856 2851 
3	2856 2853 2851 
3	2855 2857 2854 
3	2857 2856 2854 
3	2852 2858 2840 
3	2840 2832 2852 
3	2853 2859 2858 
3	2858 2852 2853 
3	2858 2860 2844 
3	2844 2840 2858 
3	2859 2861 2860 
3	2860 2858 2859 
3	2856 2862 2853 
3	2862 2859 2853 
3	2857 2863 2856 
3	2863 2862 2856 
3	2862 2864 2861 
3	2861 2859 2862 
3	2863 2865 2862 
3	2865 2864 2862 
3	2841 2842 2843 
3	2842 2846 2843 
3	2844 2867 2866 
3	2866 2842 2844 
3	2842 2866 2868 
3	2868 2846 2842 
3	2866 2867 2868 
3	2867 2869 2868 
3	2846 2868 2870 
3	2868 2869 2870 
3	2846 2870 2849 
3	2870 2871 2849 
3	2860 2872 2867 
3	2867 2844 2860 
3	2861 2873 2872 
3	2872 2860 2861 
3	2867 2872 2869 
3	2872 2874 2869 
3	2873 2876 2875 
3	2875 2872 2873 
3	2872 2875 2874 
3	2875 2877 2874 
3	2870 2869 2878 
3	2878 2871 2870 
3	2869 2874 2878 
3	2874 2879 2878 
3	2874 2877 2881 
3	2877 2880 2881 
3	2874 2881 2879 
3	2881 2882 2879 
3	2864 2883 2873 
3	2873 2861 2864 
3	2865 2884 2883 
3	2883 2864 2865 
3	2883 2885 2876 
3	2876 2873 2883 
3	2884 2886 2885 
3	2885 2883 2884 
3	2881 2880 2887 
3	2887 2882 2881 
3	2875 2876 2877 
3	2876 2880 2877 
3	2876 2885 2888 
3	2888 2880 2876 
3	2886 2890 2889 
3	2889 2885 2886 
3	2885 2889 2891 
3	2891 2888 2885 
3	2889 2890 2891 
3	2890 2892 2891 
3	2880 2888 2887 
3	2888 2893 2887 
3	2888 2891 2894 
3	2891 2892 2894 
3	2888 2894 2893 
3	2894 2895 2893 
3	2467 2824 2523 
3	2824 2827 2523 
3	2523 2827 2896 
3	2896 2526 2523 
3	2827 2828 2897 
3	2828 2838 2897 
3	2827 2897 2896 
3	2897 2898 2896 
3	2526 2896 2899 
3	2896 2898 2899 
3	2526 2899 2528 
3	2899 2536 2528 
3	2897 2838 2900 
3	2900 2898 2897 
3	2899 2898 2901 
3	2901 2536 2899 
3	2898 2900 2903 
3	2900 2902 2903 
3	2898 2903 2901 
3	2903 2904 2901 
3	2903 2902 2905 
3	2905 2904 2903 
3	2838 2845 2906 
3	2845 2848 2906 
3	2838 2906 2900 
3	2906 2902 2900 
3	2906 2848 2907 
3	2907 2902 2906 
3	2848 2849 2908 
3	2849 2871 2908 
3	2848 2908 2907 
3	2908 2909 2907 
3	2902 2907 2910 
3	2907 2909 2910 
3	2902 2910 2905 
3	2910 2911 2905 
3	2536 2901 2912 
3	2901 2904 2912 
3	2536 2912 2538 
3	2912 2543 2538 
3	2912 2904 2913 
3	2913 2543 2912 
3	2904 2905 2914 
3	2905 2911 2914 
3	2904 2914 2913 
3	2914 2915 2913 
3	2543 2913 2916 
3	2913 2915 2916 
3	2543 2916 2544 
3	2916 2741 2544 
3	2908 2871 2917 
3	2917 2909 2908 
3	2910 2909 2918 
3	2918 2911 2910 
3	2909 2917 2920 
3	2917 2919 2920 
3	2909 2920 2918 
3	2920 2921 2918 
3	2920 2919 2922 
3	2922 2921 2920 
3	2914 2911 2923 
3	2923 2915 2914 
3	2916 2915 2924 
3	2924 2741 2916 
3	2915 2923 2925 
3	2925 2924 2915 
3	2911 2918 2926 
3	2926 2923 2911 
3	2918 2921 2926 
3	2921 2927 2926 
3	2921 2922 2929 
3	2922 2928 2929 
3	2921 2929 2927 
3	2929 2930 2927 
3	2923 2926 2931 
3	2926 2927 2931 
3	2923 2931 2925 
3	2931 2932 2925 
3	2931 2927 2933 
3	2933 2932 2931 
3	2927 2930 2933 
3	2930 2934 2933 
3	2929 2928 2935 
3	2935 2930 2929 
3	2930 2935 2937 
3	2935 2936 2937 
3	2930 2937 2934 
3	2937 2938 2934 
3	2937 2936 2939 
3	2939 2938 2937 
3	2871 2878 2940 
3	2878 2879 2940 
3	2871 2940 2917 
3	2940 2919 2917 
3	2940 2879 2941 
3	2941 2919 2940 
3	2879 2882 2941 
3	2882 2942 2941 
3	2919 2941 2943 
3	2941 2942 2943 
3	2919 2943 2922 
3	2943 2928 2922 
3	2882 2887 2944 
3	2887 2893 2944 
3	2882 2944 2942 
3	2944 2945 2942 
3	2944 2893 2946 
3	2946 2945 2944 
3	2943 2942 2947 
3	2947 2928 2943 
3	2942 2945 2947 
3	2945 2948 2947 
3	2945 2946 2950 
3	2946 2949 2950 
3	2945 2950 2948 
3	2950 2951 2948 
3	2893 2895 2946 
3	2895 2949 2946 
3	2928 2947 2952 
3	2947 2948 2952 
3	2928 2952 2935 
3	2952 2936 2935 
3	2952 2948 2953 
3	2953 2936 2952 
3	2948 2951 2953 
3	2951 2954 2953 
3	2936 2953 2955 
3	2953 2954 2955 
3	2936 2955 2939 
3	2955 2956 2939 
3	2587 2957 2855 
3	2855 2487 2587 
3	2588 2958 2957 
3	2957 2587 2588 
3	2957 2959 2855 
3	2959 2857 2855 
3	2958 2960 2957 
3	2960 2959 2957 
3	2591 2961 2958 
3	2958 2588 2591 
3	2592 2962 2961 
3	2961 2591 2592 
3	2961 2963 2960 
3	2960 2958 2961 
3	2962 2964 2963 
3	2963 2961 2962 
3	2959 2965 2857 
3	2965 2863 2857 
3	2960 2966 2959 
3	2966 2965 2959 
3	2965 2967 2863 
3	2967 2865 2863 
3	2966 2968 2965 
3	2968 2967 2965 
3	2963 2969 2960 
3	2969 2966 2960 
3	2964 2970 2963 
3	2970 2969 2963 
3	2969 2971 2966 
3	2971 2968 2966 
3	2970 2972 2969 
3	2972 2971 2969 
3	2603 2973 2962 
3	2962 2592 2603 
3	2604 2974 2973 
3	2973 2603 2604 
3	2973 2975 2964 
3	2964 2962 2973 
3	2974 2976 2975 
3	2975 2973 2974 
3	2607 2977 2974 
3	2974 2604 2607 
3	2608 2978 2977 
3	2977 2607 2608 
3	2977 2979 2976 
3	2976 2974 2977 
3	2978 2980 2979 
3	2979 2977 2978 
3	2975 2981 2964 
3	2981 2970 2964 
3	2976 2982 2981 
3	2981 2975 2976 
3	2981 2983 2970 
3	2983 2972 2970 
3	2982 2984 2981 
3	2984 2983 2981 
3	2979 2985 2982 
3	2982 2976 2979 
3	2980 2986 2985 
3	2985 2979 2980 
3	2985 2987 2982 
3	2987 2984 2982 
3	2986 2988 2987 
3	2987 2985 2986 
3	2967 2989 2884 
3	2884 2865 2967 
3	2968 2990 2967 
3	2990 2989 2967 
3	2989 2991 2886 
3	2886 2884 2989 
3	2990 2992 2991 
3	2991 2989 2990 
3	2971 2993 2968 
3	2993 2990 2968 
3	2972 2994 2971 
3	2994 2993 2971 
3	2993 2995 2990 
3	2995 2992 2990 
3	2994 2996 2993 
3	2996 2995 2993 
3	2991 2997 2890 
3	2890 2886 2991 
3	2992 2998 2997 
3	2997 2991 2992 
3	2890 2997 2999 
3	2999 2892 2890 
3	2998 3001 3000 
3	3000 2997 2998 
3	2997 3000 3002 
3	3002 2999 2997 
3	2894 2892 3003 
3	3003 2895 2894 
3	2892 2999 3003 
3	2999 3004 3003 
3	2999 3002 3006 
3	3002 3005 3006 
3	2999 3006 3004 
3	3006 3007 3004 
3	2995 3008 2992 
3	3008 2998 2992 
3	2996 3009 2995 
3	3009 3008 2995 
3	3008 3010 3001 
3	3001 2998 3008 
3	3009 3011 3010 
3	3010 3008 3009 
3	3006 3005 3012 
3	3012 3007 3006 
3	2983 3013 2972 
3	3013 2994 2972 
3	2984 3014 2983 
3	3014 3013 2983 
3	3013 3015 2994 
3	3015 2996 2994 
3	3014 3016 3013 
3	3016 3015 3013 
3	2987 3017 2984 
3	3017 3014 2984 
3	2988 3018 2987 
3	3018 3017 2987 
3	3017 3019 3016 
3	3016 3014 3017 
3	3018 3020 3017 
3	3020 3019 3017 
3	3015 3021 2996 
3	3021 3009 2996 
3	3016 3022 3021 
3	3021 3015 3016 
3	3021 3023 3011 
3	3011 3009 3021 
3	3022 3024 3021 
3	3024 3023 3021 
3	3019 3025 3022 
3	3022 3016 3019 
3	3020 3026 3025 
3	3025 3019 3020 
3	3025 3027 3022 
3	3027 3024 3022 
3	3026 3028 3027 
3	3027 3025 3026 
3	2950 2949 3029 
3	3029 2951 2950 
3	2895 3003 3030 
3	3003 3004 3030 
3	2895 3030 2949 
3	3030 3031 2949 
3	3030 3004 3032 
3	3032 3031 3030 
3	3004 3007 3032 
3	3007 3033 3032 
3	2949 3031 3029 
3	3031 3034 3029 
3	3031 3032 3035 
3	3032 3033 3035 
3	3031 3035 3034 
3	3035 3036 3034 
3	3007 3012 3037 
3	3037 3038 3007 
3	3007 3038 3039 
3	3039 3033 3007 
3	3038 3037 3041 
3	3037 3040 3041 
3	3038 3041 3039 
3	3041 3042 3039 
3	3035 3033 3043 
3	3043 3036 3035 
3	3033 3039 3043 
3	3039 3044 3043 
3	3039 3042 3044 
3	3042 3045 3044 
3	2951 3029 3046 
3	3029 3034 3046 
3	2951 3046 2954 
3	3046 3047 2954 
3	3046 3034 3048 
3	3048 3047 3046 
3	2955 2954 3049 
3	3049 2956 2955 
3	2954 3047 3049 
3	3047 3050 3049 
3	3047 3048 3052 
3	3048 3051 3052 
3	3047 3052 3050 
3	3052 3053 3050 
3	3052 3051 3054 
3	3054 3053 3052 
3	3034 3036 3048 
3	3036 3051 3048 
3	3036 3043 3055 
3	3043 3044 3055 
3	3036 3055 3051 
3	3055 3056 3051 
3	3055 3044 3057 
3	3044 3045 3057 
3	3055 3057 3056 
3	3057 3058 3056 
3	3051 3056 3054 
3	3056 3059 3054 
3	3056 3058 3059 
3	3058 3060 3059 
3	3041 3040 3061 
3	3061 3042 3041 
3	3042 3061 3063 
3	3061 3062 3063 
3	3042 3063 3045 
3	3063 3064 3045 
3	3063 3062 3065 
3	3065 3066 3063 
3	3063 3066 3064 
3	3066 3067 3064 
3	3066 3065 3069 
3	3065 3068 3069 
3	3066 3069 3070 
3	3070 3067 3066 
3	3069 3068 3072 
3	3068 3071 3072 
3	3069 3072 3073 
3	3073 3070 3069 
3	3057 3045 3074 
3	3074 3058 3057 
3	3045 3064 3074 
3	3064 3075 3074 
3	3064 3067 3075 
3	3067 3076 3075 
3	3058 3074 3077 
3	3074 3075 3077 
3	3058 3077 3060 
3	3077 3078 3060 
3	3077 3075 3076 
3	3076 3079 3077 
3	3077 3079 3078 
3	3079 3080 3078 
3	3067 3070 3081 
3	3081 3076 3067 
3	3070 3073 3082 
3	3082 3081 3070 
3	3079 3076 3083 
3	3076 3081 3083 
3	3079 3083 3084 
3	3084 3080 3079 
3	3083 3081 3085 
3	3081 3082 3085 
3	3083 3085 3086 
3	3086 3084 3083 
3	3000 3001 3002 
3	3001 3005 3002 
3	3001 3010 3005 
3	3010 3087 3005 
3	3010 3011 3087 
3	3011 3088 3087 
3	3005 3087 3012 
3	3087 3037 3012 
3	3087 3088 3037 
3	3088 3040 3037 
3	3011 3023 3088 
3	3023 3089 3088 
3	3023 3024 3090 
3	3090 3089 3023 
3	3088 3089 3040 
3	3089 3091 3040 
3	3089 3090 3091 
3	3090 3092 3091 
3	3024 3027 3090 
3	3027 3093 3090 
3	3027 3028 3093 
3	3028 3094 3093 
3	3090 3093 3092 
3	3093 3095 3092 
3	3093 3094 3095 
3	3094 3096 3095 
3	3040 3091 3061 
3	3091 3062 3061 
3	3091 3092 3062 
3	3092 3065 3062 
3	3092 3095 3068 
3	3068 3065 3092 
3	3095 3096 3068 
3	3096 3071 3068 
3	2741 2924 3097 
3	3097 2748 2741 
3	2924 2925 3098 
3	2925 2932 3098 
3	2924 3098 3097 
3	3098 3099 3097 
3	3098 2932 3100 
3	3100 3099 3098 
3	2748 3097 3101 
3	3097 3099 3101 
3	2748 3101 2750 
3	3101 2756 2750 
3	3101 3099 3102 
3	3102 2756 3101 
3	3099 3100 3104 
3	3100 3103 3104 
3	3099 3104 3102 
3	3104 3105 3102 
3	3104 3103 3106 
3	3106 3105 3104 
3	2932 2933 3107 
3	2933 2934 3107 
3	2932 3107 3100 
3	3107 3103 3100 
3	3107 2934 3108 
3	3108 3103 3107 
3	2934 2938 3108 
3	2938 3109 3108 
3	2938 2939 3110 
3	3110 3109 2938 
3	3103 3108 3111 
3	3108 3109 3111 
3	3103 3111 3106 
3	3111 3112 3106 
3	3111 3109 3113 
3	3113 3112 3111 
3	3109 3110 3115 
3	3110 3114 3115 
3	3109 3115 3113 
3	3115 3116 3113 
3	2756 3102 3117 
3	3117 2759 2756 
3	3102 3105 3117 
3	3105 3118 3117 
3	2759 3117 3119 
3	3117 3118 3119 
3	2759 3119 2763 
3	3119 2793 2763 
3	3105 3106 3120 
3	3120 3118 3105 
3	3119 3118 3121 
3	3121 2793 3119 
3	3118 3120 3123 
3	3120 3122 3123 
3	3118 3123 3121 
3	3123 3124 3121 
3	3123 3122 3125 
3	3125 3124 3123 
3	3106 3112 3120 
3	3112 3122 3120 
3	3112 3113 3126 
3	3126 3122 3112 
3	3113 3116 3126 
3	3116 3127 3126 
3	3122 3126 3128 
3	3126 3127 3128 
3	3122 3128 3125 
3	3128 3129 3125 
3	2939 2956 3110 
3	2956 3114 3110 
3	2793 3121 3130 
3	3130 2798 2793 
3	3121 3124 3130 
3	3124 3131 3130 
3	3124 3125 3132 
3	3132 3131 3124 
3	2798 3130 3133 
3	3130 3131 3133 
3	2798 3133 2799 
3	3133 3134 2799 
3	3133 3131 3135 
3	3135 3134 3133 
3	3131 3132 3137 
3	3132 3136 3137 
3	3131 3137 3135 
3	3137 3138 3135 
3	3125 3129 3132 
3	3129 3136 3132 
3	2799 3134 2808 
3	3134 2810 2808 
3	3134 3135 3139 
3	3139 2810 3134 
3	3135 3138 3139 
3	3138 3140 3139 
3	2810 3139 3141 
3	3139 3140 3141 
3	2810 3141 2813 
3	3141 3142 2813 
3	3115 3114 3143 
3	3143 3116 3115 
3	3116 3143 3145 
3	3143 3144 3145 
3	3116 3145 3127 
3	3145 3146 3127 
3	3145 3144 3147 
3	3147 3146 3145 
3	3128 3127 3148 
3	3148 3129 3128 
3	3127 3146 3148 
3	3146 3149 3148 
3	3146 3147 3151 
3	3147 3150 3151 
3	3146 3151 3149 
3	3151 3152 3149 
3	3151 3150 3153 
3	3153 3152 3151 
3	2956 3049 3154 
3	3049 3050 3154 
3	2956 3154 3114 
3	3154 3155 3114 
3	3154 3050 3156 
3	3156 3155 3154 
3	3050 3053 3156 
3	3053 3157 3156 
3	3114 3155 3143 
3	3155 3144 3143 
3	3155 3156 3158 
3	3156 3157 3158 
3	3155 3158 3144 
3	3158 3159 3144 
3	3053 3054 3160 
3	3054 3059 3160 
3	3053 3160 3157 
3	3160 3161 3157 
3	3160 3059 3162 
3	3059 3060 3162 
3	3160 3162 3161 
3	3162 3163 3161 
3	3158 3157 3164 
3	3164 3159 3158 
3	3157 3161 3164 
3	3161 3165 3164 
3	3161 3163 3165 
3	3163 3166 3165 
3	3144 3159 3147 
3	3159 3150 3147 
3	3159 3164 3167 
3	3164 3165 3167 
3	3159 3167 3150 
3	3167 3168 3150 
3	3167 3165 3169 
3	3165 3166 3169 
3	3167 3169 3168 
3	3169 3170 3168 
3	3150 3168 3153 
3	3168 3171 3153 
3	3168 3170 3172 
3	3172 3171 3168 
3	3162 3060 3173 
3	3173 3163 3162 
3	3163 3173 3175 
3	3173 3174 3175 
3	3163 3175 3166 
3	3175 3176 3166 
3	3175 3174 3177 
3	3177 3178 3175 
3	3175 3178 3176 
3	3178 3179 3176 
3	3178 3177 3181 
3	3177 3180 3181 
3	3178 3181 3182 
3	3182 3179 3178 
3	3181 3180 3184 
3	3180 3183 3184 
3	3181 3184 3185 
3	3185 3182 3181 
3	3060 3078 3173 
3	3078 3174 3173 
3	3078 3080 3174 
3	3080 3177 3174 
3	3080 3084 3180 
3	3180 3177 3080 
3	3084 3086 3183 
3	3183 3180 3084 
3	3169 3166 3186 
3	3186 3170 3169 
3	3166 3176 3186 
3	3176 3187 3186 
3	3176 3179 3187 
3	3179 3188 3187 
3	3170 3186 3189 
3	3186 3187 3189 
3	3170 3189 3172 
3	3189 3190 3172 
3	3189 3187 3191 
3	3187 3188 3191 
3	3189 3191 3190 
3	3191 3192 3190 
3	3179 3182 3193 
3	3193 3188 3179 
3	3182 3185 3194 
3	3194 3193 3182 
3	3191 3188 3195 
3	3195 3192 3191 
3	3188 3193 3195 
3	3193 3196 3195 
3	3193 3194 3196 
3	3194 3197 3196 
3	3137 3136 3198 
3	3198 3138 3137 
3	3129 3148 3199 
3	3148 3149 3199 
3	3129 3199 3136 
3	3199 3200 3136 
3	3199 3149 3201 
3	3201 3200 3199 
3	3149 3152 3201 
3	3152 3202 3201 
3	3136 3200 3198 
3	3200 3203 3198 
3	3200 3201 3204 
3	3201 3202 3204 
3	3200 3204 3203 
3	3204 3205 3203 
3	3152 3153 3206 
3	3153 3171 3206 
3	3152 3206 3202 
3	3206 3207 3202 
3	3206 3171 3208 
3	3208 3207 3206 
3	3204 3202 3209 
3	3209 3205 3204 
3	3202 3207 3209 
3	3207 3210 3209 
3	3207 3208 3212 
3	3208 3211 3212 
3	3207 3212 3210 
3	3212 3213 3210 
3	3138 3198 3214 
3	3214 3140 3138 
3	3141 3140 3215 
3	3215 3142 3141 
3	3140 3214 3217 
3	3214 3216 3217 
3	3140 3217 3215 
3	3217 3218 3215 
3	3217 3216 3219 
3	3219 3218 3217 
3	3198 3203 3214 
3	3203 3216 3214 
3	3203 3205 3216 
3	3205 3220 3216 
3	3216 3220 3219 
3	3220 3221 3219 
3	3205 3209 3220 
3	3209 3222 3220 
3	3209 3210 3222 
3	3210 3223 3222 
3	3210 3213 3223 
3	3213 3224 3223 
3	3220 3222 3225 
3	3222 3223 3225 
3	3220 3225 3221 
3	3225 3226 3221 
3	3225 3223 3227 
3	3227 3226 3225 
3	3223 3224 3227 
3	3224 3228 3227 
3	3212 3211 3230 
3	3211 3229 3230 
3	3212 3230 3213 
3	3230 3231 3213 
3	3230 3229 3232 
3	3232 3231 3230 
3	3213 3231 3233 
3	3233 3224 3213 
3	3231 3232 3235 
3	3232 3234 3235 
3	3231 3235 3233 
3	3235 3236 3233 
3	3224 3233 3228 
3	3233 3237 3228 
3	3233 3236 3238 
3	3238 3237 3233 
3	3235 3234 3239 
3	3239 3240 3235 
3	3235 3240 3236 
3	3240 3241 3236 
3	3240 3239 3243 
3	3239 3242 3243 
3	3240 3243 3244 
3	3244 3241 3240 
3	3236 3241 3245 
3	3245 3238 3236 
3	3241 3244 3246 
3	3246 3245 3241 
3	3171 3172 3208 
3	3172 3211 3208 
3	3172 3190 3211 
3	3190 3229 3211 
3	3190 3192 3247 
3	3247 3229 3190 
3	3229 3247 3232 
3	3247 3234 3232 
3	3192 3195 3248 
3	3195 3196 3248 
3	3192 3248 3247 
3	3248 3249 3247 
3	3248 3196 3250 
3	3196 3197 3250 
3	3248 3250 3251 
3	3251 3249 3248 
3	3247 3249 3234 
3	3249 3239 3234 
3	3249 3251 3242 
3	3242 3239 3249 
3	265 2681 3252 
3	2681 2683 3252 
3	3252 2683 3253 
3	3253 3254 3252 
3	3254 797 3252 
3	797 265 3252 
3	2683 2682 3253 
3	2682 3255 3253 
3	3254 3253 3256 
3	3256 809 3254 
3	809 799 3254 
3	799 797 3254 
3	3253 3255 3256 
3	3255 3257 3256 
3	2688 2687 3258 
3	3258 3259 2688 
3	3259 3255 2682 
3	2682 2688 3259 
3	2687 2689 3260 
3	3260 3258 2687 
3	3259 3258 3261 
3	3261 3262 3259 
3	3262 3257 3259 
3	3257 3255 3259 
3	3258 3260 3263 
3	3263 3261 3258 
3	809 3256 811 
3	3256 3264 811 
3	3256 3257 3264 
3	3257 3265 3264 
3	811 3264 814 
3	3264 3266 814 
3	3264 3265 3266 
3	3265 3267 3266 
3	3262 3261 3268 
3	3268 3269 3262 
3	3269 3265 3262 
3	3265 3257 3262 
3	3261 3263 3270 
3	3270 3268 3261 
3	3269 3268 3272 
3	3268 3271 3272 
3	3272 3267 3269 
3	3267 3265 3269 
3	3268 3270 3273 
3	3273 3271 3268 
3	2689 2703 3274 
3	3274 3260 2689 
3	2703 2704 3274 
3	2704 3275 3274 
3	3260 3274 3276 
3	3276 3263 3260 
3	3274 3275 3277 
3	3277 3276 3274 
3	2709 2708 3279 
3	2708 3278 3279 
3	3279 3275 2709 
3	3275 2704 2709 
3	2708 2710 3278 
3	2710 3280 3278 
3	3279 3278 3275 
3	3278 3281 3275 
3	3275 3281 3277 
3	3281 3282 3277 
3	3278 3280 3283 
3	3283 3281 3278 
3	3281 3283 3282 
3	3283 3284 3282 
3	3263 3276 3270 
3	3276 3285 3270 
3	3276 3277 3285 
3	3277 3286 3285 
3	3270 3285 3287 
3	3287 3273 3270 
3	3285 3286 3287 
3	3286 3288 3287 
3	3277 3282 3286 
3	3282 3289 3286 
3	3282 3284 3289 
3	3284 3290 3289 
3	3286 3289 3288 
3	3289 3291 3288 
3	3289 3290 3291 
3	3290 3292 3291 
3	852 3294 3293 
3	3293 851 852 
3	851 3293 3295 
3	3295 853 851 
3	3294 3297 3296 
3	3296 3293 3294 
3	3293 3296 3298 
3	3298 3295 3293 
3	814 3266 852 
3	3266 3294 852 
3	3266 3267 3297 
3	3297 3294 3266 
3	3272 3271 3299 
3	3299 3296 3272 
3	3296 3297 3272 
3	3297 3267 3272 
3	3271 3273 3299 
3	3273 3300 3299 
3	3296 3299 3298 
3	3299 3301 3298 
3	3299 3300 3301 
3	3300 3302 3301 
3	853 3295 3303 
3	3303 861 853 
3	3295 3298 3304 
3	3304 3303 3295 
3	864 861 3305 
3	3305 865 864 
3	861 3303 3305 
3	3303 3306 3305 
3	3303 3304 3307 
3	3307 3306 3303 
3	3298 3301 3304 
3	3301 3308 3304 
3	3301 3302 3308 
3	3302 3309 3308 
3	3304 3308 3310 
3	3310 3307 3304 
3	3308 3309 3311 
3	3311 3310 3308 
3	3273 3287 3312 
3	3312 3300 3273 
3	3287 3288 3312 
3	3288 3313 3312 
3	3300 3312 3314 
3	3314 3302 3300 
3	3312 3313 3315 
3	3315 3314 3312 
3	3288 3291 3316 
3	3316 3313 3288 
3	3291 3292 3317 
3	3317 3316 3291 
3	3313 3316 3315 
3	3316 3318 3315 
3	3316 3317 3319 
3	3319 3318 3316 
3	3302 3314 3309 
3	3314 3320 3309 
3	3314 3315 3321 
3	3321 3320 3314 
3	3309 3320 3311 
3	3320 3322 3311 
3	3320 3321 3322 
3	3321 3323 3322 
3	3315 3318 3324 
3	3324 3321 3315 
3	3318 3319 3325 
3	3325 3324 3318 
3	3321 3324 3323 
3	3324 3326 3323 
3	3324 3325 3327 
3	3327 3326 3324 
3	2710 2774 3328 
3	3328 3280 2710 
3	2774 2775 3329 
3	2775 2782 3329 
3	2774 3329 3328 
3	3329 3330 3328 
3	3329 2782 3331 
3	3331 3330 3329 
3	3280 3328 3330 
3	3330 3283 3280 
3	3283 3330 3332 
3	3332 3284 3283 
3	3330 3331 3332 
3	3331 3333 3332 
3	2782 2783 3331 
3	2783 3334 3331 
3	2783 2784 3334 
3	2784 3335 3334 
3	3331 3334 3333 
3	3334 3336 3333 
3	3334 3335 3336 
3	3335 3337 3336 
3	3284 3332 3338 
3	3338 3290 3284 
3	3332 3333 3339 
3	3339 3338 3332 
3	3290 3338 3340 
3	3340 3292 3290 
3	3338 3339 3341 
3	3341 3340 3338 
3	3333 3336 3339 
3	3336 3342 3339 
3	3336 3337 3343 
3	3343 3342 3336 
3	3339 3342 3341 
3	3342 3344 3341 
3	3342 3343 3345 
3	3345 3344 3342 
3	2784 2802 3346 
3	3346 3335 2784 
3	2802 2803 3347 
3	2803 2806 3347 
3	2802 3347 3346 
3	3347 3348 3346 
3	3335 3346 3349 
3	3349 3337 3335 
3	3346 3348 3349 
3	3348 3350 3349 
3	3347 2806 3351 
3	3351 3348 3347 
3	3348 3351 3352 
3	3352 3350 3348 
3	2806 2809 3351 
3	2809 3353 3351 
3	2809 2812 3354 
3	3354 3353 2809 
3	2812 2813 3355 
3	3355 3354 2812 
3	3351 3353 3356 
3	3356 3352 3351 
3	3353 3354 3356 
3	3354 3357 3356 
3	3354 3355 3358 
3	3358 3357 3354 
3	3337 3349 3359 
3	3349 3350 3359 
3	3337 3359 3343 
3	3359 3360 3343 
3	3343 3360 3345 
3	3360 3361 3345 
3	3359 3350 3362 
3	3362 3360 3359 
3	3350 3352 3363 
3	3363 3362 3350 
3	3360 3362 3364 
3	3364 3361 3360 
3	3362 3363 3365 
3	3365 3364 3362 
3	3352 3356 3366 
3	3356 3357 3366 
3	3352 3366 3363 
3	3366 3367 3363 
3	3366 3357 3368 
3	3368 3367 3366 
3	3357 3358 3370 
3	3358 3369 3370 
3	3357 3370 3368 
3	3370 3371 3368 
3	3363 3367 3372 
3	3372 3365 3363 
3	3367 3368 3373 
3	3373 3372 3367 
3	3368 3371 3374 
3	3374 3373 3368 
3	3292 3340 3375 
3	3375 3317 3292 
3	3340 3341 3375 
3	3341 3376 3375 
3	3317 3375 3319 
3	3375 3377 3319 
3	3375 3376 3377 
3	3376 3378 3377 
3	3341 3344 3379 
3	3379 3376 3341 
3	3344 3345 3380 
3	3345 3361 3380 
3	3344 3380 3379 
3	3380 3381 3379 
3	3376 3379 3382 
3	3382 3378 3376 
3	3379 3381 3383 
3	3383 3382 3379 
3	3380 3361 3384 
3	3384 3381 3380 
3	3381 3384 3385 
3	3385 3383 3381 
3	3319 3377 3325 
3	3377 3386 3325 
3	3377 3378 3386 
3	3378 3387 3386 
3	3325 3386 3388 
3	3388 3327 3325 
3	3386 3387 3389 
3	3389 3388 3386 
3	3378 3382 3390 
3	3390 3387 3378 
3	3382 3383 3391 
3	3391 3390 3382 
3	3387 3390 3392 
3	3392 3389 3387 
3	3390 3391 3393 
3	3393 3392 3390 
3	3383 3385 3394 
3	3394 3391 3383 
3	3391 3394 3393 
3	3394 3395 3393 
3	3361 3364 3384 
3	3364 3396 3384 
3	3364 3365 3397 
3	3397 3396 3364 
3	3384 3396 3398 
3	3398 3385 3384 
3	3396 3397 3400 
3	3397 3399 3400 
3	3396 3400 3398 
3	3400 3401 3398 
3	3400 3399 3402 
3	3402 3401 3400 
3	3365 3372 3397 
3	3372 3399 3397 
3	3372 3373 3403 
3	3403 3399 3372 
3	3373 3374 3404 
3	3404 3403 3373 
3	3399 3403 3402 
3	3403 3405 3402 
3	3403 3404 3406 
3	3406 3405 3403 
3	3385 3398 3394 
3	3398 3407 3394 
3	3398 3401 3408 
3	3408 3407 3398 
3	3401 3402 3408 
3	3402 3409 3408 
3	3394 3407 3395 
3	3407 3410 3395 
3	3407 3408 3411 
3	3411 3410 3407 
3	3408 3409 3412 
3	3412 3411 3408 
3	3402 3405 3413 
3	3413 3409 3402 
3	3405 3406 3413 
3	3406 3414 3413 
3	3409 3413 3415 
3	3413 3414 3415 
3	3409 3415 3412 
3	3415 3416 3412 
3	3370 3369 3417 
3	3417 3371 3370 
3	3371 3417 3374 
3	3417 3418 3374 
3	3374 3418 3404 
3	3418 3419 3404 
3	3404 3419 3406 
3	3419 3420 3406 
3	3406 3420 3421 
3	3421 3414 3406 
3	3415 3414 3422 
3	3422 3416 3415 
3	3414 3421 3424 
3	3421 3423 3424 
3	3414 3424 3422 
3	3424 3425 3422 
3	3424 3423 3426 
3	3426 3425 3424 
3	1033 1034 3427 
3	3427 1035 1033 
3	3427 3429 3428 
3	3428 1035 3427 
3	1035 3428 1037 
3	3428 3430 1037 
3	3428 3429 3431 
3	3431 3430 3428 
3	3305 3306 3432 
3	3432 865 3305 
3	865 3432 1039 
3	3432 3433 1039 
3	3432 3306 3434 
3	3434 3433 3432 
3	3306 3307 3434 
3	3307 3435 3434 
3	1039 3433 3436 
3	3436 1034 1039 
3	3434 3435 3437 
3	3437 3433 3434 
3	3433 3437 3436 
3	3437 3438 3436 
3	3307 3310 3435 
3	3310 3439 3435 
3	3310 3311 3440 
3	3440 3439 3310 
3	3435 3439 3437 
3	3439 3441 3437 
3	3437 3441 3438 
3	3441 3442 3438 
3	3441 3439 3443 
3	3443 3442 3441 
3	3439 3440 3443 
3	3440 3444 3443 
3	1034 3436 3427 
3	3436 3429 3427 
3	3436 3438 3445 
3	3445 3429 3436 
3	3429 3445 3431 
3	3445 3446 3431 
3	3438 3442 3447 
3	3447 3445 3438 
3	3443 3444 3448 
3	3448 3442 3443 
3	3442 3448 3447 
3	3448 3449 3447 
3	3445 3447 3450 
3	3450 3446 3445 
3	3447 3449 3450 
3	3449 3451 3450 
3	3311 3322 3440 
3	3322 3452 3440 
3	3322 3323 3452 
3	3323 3453 3452 
3	3440 3452 3444 
3	3452 3454 3444 
3	3452 3453 3454 
3	3453 3455 3454 
3	3323 3326 3453 
3	3326 3456 3453 
3	3326 3327 3456 
3	3327 3457 3456 
3	3453 3456 3458 
3	3458 3455 3453 
3	3456 3457 3458 
3	3457 3459 3458 
3	3444 3454 3460 
3	3460 3448 3444 
3	3448 3460 3449 
3	3460 3461 3449 
3	3460 3454 3462 
3	3462 3461 3460 
3	3454 3455 3462 
3	3455 3463 3462 
3	3449 3461 3464 
3	3464 3451 3449 
3	3462 3463 3465 
3	3465 3461 3462 
3	3461 3465 3466 
3	3466 3464 3461 
3	3455 3458 3463 
3	3458 3467 3463 
3	3458 3459 3468 
3	3468 3467 3458 
3	3463 3467 3469 
3	3469 3465 3463 
3	3465 3469 3466 
3	3469 3470 3466 
3	3469 3467 3471 
3	3471 3470 3469 
3	3467 3468 3471 
3	3468 3472 3471 
3	1064 3474 3475 
3	3474 3473 3475 
3	3475 3473 3477 
3	3473 3476 3477 
3	3477 1066 3475 
3	1066 1064 3475 
3	3473 3474 3478 
3	3478 3476 3473 
3	3477 3476 3479 
3	3479 3480 3477 
3	3480 1071 1066 
3	1066 3477 3480 
3	3478 3482 3481 
3	3481 3476 3478 
3	3476 3481 3479 
3	3481 3483 3479 
3	1037 3430 3474 
3	3474 1064 1037 
3	3474 3430 3484 
3	3484 3478 3474 
3	3431 3446 3485 
3	3485 3430 3431 
3	3430 3485 3484 
3	3485 3486 3484 
3	3484 3486 3482 
3	3482 3478 3484 
3	3481 3488 3489 
3	3488 3487 3489 
3	3489 3487 3491 
3	3487 3490 3491 
3	3491 3483 3481 
3	3481 3489 3491 
3	3483 3492 3488 
3	3488 3481 3483 
3	3481 3482 3493 
3	3493 3483 3481 
3	3487 3488 3492 
3	3492 3490 3487 
3	3485 3446 3494 
3	3494 3486 3485 
3	3482 3486 3495 
3	3495 3493 3482 
3	3494 3497 3496 
3	3496 3486 3494 
3	3486 3496 3495 
3	3496 3498 3495 
3	3496 3497 3499 
3	3499 3498 3496 
3	3480 3479 3500 
3	3500 1071 3480 
3	3479 3483 3500 
3	3483 3493 3500 
3	1071 3500 3501 
3	3501 1079 1071 
3	3500 3493 3502 
3	3502 3501 3500 
3	1079 3501 3503 
3	3503 1081 1079 
3	3501 3502 3504 
3	3504 3503 3501 
3	3491 3490 3492 
3	3492 3483 3491 
3	3493 3505 3483 
3	3505 3492 3483 
3	3483 3492 3507 
3	3492 3506 3507 
3	3507 3502 3493 
3	3493 3483 3507 
3	3492 3509 3490 
3	3509 3508 3490 
3	3490 3508 3511 
3	3508 3510 3511 
3	3511 3506 3492 
3	3492 3490 3511 
3	3506 3512 3509 
3	3509 3492 3506 
3	3492 3505 3506 
3	3505 3513 3506 
3	3507 3506 3513 
3	3513 3502 3507 
3	3511 3510 3512 
3	3512 3506 3511 
3	3513 3514 3506 
3	3514 3512 3506 
3	3506 3512 3515 
3	3515 3516 3506 
3	3516 3517 3513 
3	3513 3506 3516 
3	3495 3498 3505 
3	3505 3493 3495 
3	3505 3498 3518 
3	3518 3513 3505 
3	3499 3520 3519 
3	3519 3498 3499 
3	3498 3519 3518 
3	3519 3521 3518 
3	3502 3513 3504 
3	3513 3517 3504 
3	3518 3521 3514 
3	3514 3513 3518 
3	3446 3450 3494 
3	3450 3497 3494 
3	3450 3451 3522 
3	3522 3497 3450 
3	3497 3522 3499 
3	3522 3520 3499 
3	3508 3509 3510 
3	3509 3512 3510 
3	3512 3524 3510 
3	3524 3523 3510 
3	3510 3523 3526 
3	3523 3525 3526 
3	3526 3515 3510 
3	3515 3512 3510 
3	3515 3527 3524 
3	3524 3512 3515 
3	3512 3514 3515 
3	3514 3528 3515 
3	3523 3524 3527 
3	3527 3525 3523 
3	3519 3520 3529 
3	3529 3521 3519 
3	3514 3521 3530 
3	3530 3528 3514 
3	3529 3532 3531 
3	3531 3521 3529 
3	3521 3531 3530 
3	3531 3533 3530 
3	3532 3535 3534 
3	3534 3531 3532 
3	3531 3534 3533 
3	3534 3536 3533 
3	3534 3535 3537 
3	3537 3536 3534 
3	3451 3464 3538 
3	3538 3522 3451 
3	3464 3466 3539 
3	3539 3538 3464 
3	3522 3538 3520 
3	3538 3540 3520 
3	3538 3539 3541 
3	3541 3540 3538 
3	3466 3470 3542 
3	3542 3539 3466 
3	3471 3472 3543 
3	3543 3470 3471 
3	3470 3543 3542 
3	3543 3544 3542 
3	3539 3542 3545 
3	3545 3541 3539 
3	3542 3544 3546 
3	3546 3545 3542 
3	3520 3540 3529 
3	3540 3532 3529 
3	3540 3541 3532 
3	3541 3535 3532 
3	3541 3545 3547 
3	3547 3535 3541 
3	3545 3546 3548 
3	3548 3547 3545 
3	3535 3547 3537 
3	3547 3549 3537 
3	3547 3548 3549 
3	3548 3550 3549 
3	3327 3388 3551 
3	3551 3457 3327 
3	3388 3389 3552 
3	3552 3551 3388 
3	3457 3551 3459 
3	3551 3553 3459 
3	3551 3552 3553 
3	3552 3554 3553 
3	3389 3392 3555 
3	3555 3552 3389 
3	3392 3393 3555 
3	3393 3556 3555 
3	3552 3555 3554 
3	3555 3557 3554 
3	3555 3556 3557 
3	3556 3558 3557 
3	3393 3395 3559 
3	3559 3556 3393 
3	3556 3559 3558 
3	3559 3560 3558 
3	3459 3553 3468 
3	3553 3561 3468 
3	3553 3554 3561 
3	3554 3562 3561 
3	3468 3561 3563 
3	3563 3472 3468 
3	3561 3562 3564 
3	3564 3563 3561 
3	3554 3557 3562 
3	3557 3565 3562 
3	3557 3558 3565 
3	3558 3566 3565 
3	3562 3565 3564 
3	3565 3567 3564 
3	3565 3566 3567 
3	3566 3568 3567 
3	3558 3560 3566 
3	3560 3569 3566 
3	3566 3569 3568 
3	3569 3570 3568 
3	3395 3410 3571 
3	3571 3559 3395 
3	3410 3411 3572 
3	3572 3571 3410 
3	3411 3412 3573 
3	3573 3572 3411 
3	3559 3571 3574 
3	3574 3560 3559 
3	3571 3572 3575 
3	3575 3574 3571 
3	3572 3573 3576 
3	3576 3575 3572 
3	3412 3416 3577 
3	3577 3573 3412 
3	3573 3577 3578 
3	3578 3576 3573 
3	3560 3574 3569 
3	3574 3579 3569 
3	3574 3575 3579 
3	3575 3580 3579 
3	3575 3576 3580 
3	3576 3581 3580 
3	3569 3579 3570 
3	3579 3582 3570 
3	3579 3580 3582 
3	3580 3583 3582 
3	3580 3581 3583 
3	3581 3584 3583 
3	3576 3578 3581 
3	3578 3585 3581 
3	3581 3585 3586 
3	3586 3584 3581 
3	3543 3472 3587 
3	3587 3544 3543 
3	3472 3563 3587 
3	3563 3588 3587 
3	3563 3564 3589 
3	3589 3588 3563 
3	3587 3588 3590 
3	3590 3544 3587 
3	3544 3590 3546 
3	3590 3591 3546 
3	3590 3588 3592 
3	3592 3591 3590 
3	3588 3589 3592 
3	3589 3593 3592 
3	3564 3567 3589 
3	3567 3594 3589 
3	3567 3568 3595 
3	3595 3594 3567 
3	3589 3594 3596 
3	3596 3593 3589 
3	3595 3598 3597 
3	3597 3594 3595 
3	3594 3597 3596 
3	3597 3599 3596 
3	3568 3570 3595 
3	3570 3598 3595 
3	3546 3591 3600 
3	3600 3548 3546 
3	3592 3593 3601 
3	3601 3591 3592 
3	3591 3601 3600 
3	3601 3602 3600 
3	3548 3600 3603 
3	3603 3550 3548 
3	3600 3602 3603 
3	3602 3604 3603 
3	3601 3593 3602 
3	3593 3605 3602 
3	3593 3596 3605 
3	3596 3606 3605 
3	3596 3599 3606 
3	3599 3607 3606 
3	3602 3605 3608 
3	3608 3604 3602 
3	3605 3606 3608 
3	3606 3609 3608 
3	3606 3607 3610 
3	3610 3609 3606 
3	3597 3598 3611 
3	3611 3599 3597 
3	3570 3582 3598 
3	3582 3612 3598 
3	3582 3583 3613 
3	3613 3612 3582 
3	3583 3584 3613 
3	3584 3614 3613 
3	3598 3612 3611 
3	3612 3615 3611 
3	3613 3614 3616 
3	3616 3612 3613 
3	3612 3616 3615 
3	3616 3617 3615 
3	3586 3619 3618 
3	3618 3584 3586 
3	3584 3618 3614 
3	3618 3620 3614 
3	3618 3619 3621 
3	3621 3620 3618 
3	3616 3614 3622 
3	3622 3617 3616 
3	3614 3620 3622 
3	3620 3623 3622 
3	3620 3621 3624 
3	3624 3623 3620 
3	3599 3611 3625 
3	3625 3607 3599 
3	3625 3627 3626 
3	3626 3607 3625 
3	3607 3626 3610 
3	3626 3628 3610 
3	3626 3627 3629 
3	3629 3628 3626 
3	3611 3615 3625 
3	3615 3627 3625 
3	3615 3617 3630 
3	3630 3627 3615 
3	3627 3630 3629 
3	3630 3631 3629 
3	3617 3622 3630 
3	3622 3632 3630 
3	3622 3623 3632 
3	3623 3633 3632 
3	3623 3624 3633 
3	3624 3634 3633 
3	3630 3632 3631 
3	3632 3635 3631 
3	3632 3633 3635 
3	3633 3636 3635 
3	3633 3634 3637 
3	3637 3636 3633 
3	3416 3422 3577 
3	3422 3638 3577 
3	3422 3425 3638 
3	3425 3639 3638 
3	3425 3426 3639 
3	3426 3640 3639 
3	3577 3638 3641 
3	3641 3578 3577 
3	3638 3639 3642 
3	3642 3641 3638 
3	3639 3640 3643 
3	3643 3642 3639 
3	3578 3641 3644 
3	3644 3585 3578 
3	3641 3642 3645 
3	3645 3644 3641 
3	3642 3643 3646 
3	3646 3645 3642 
3	3585 3644 3586 
3	3644 3619 3586 
3	3644 3645 3647 
3	3647 3619 3644 
3	3645 3646 3647 
3	3646 3648 3647 
3	3619 3647 3649 
3	3649 3621 3619 
3	3647 3648 3649 
3	3648 3650 3649 
3	3649 3650 3651 
3	3651 3621 3649 
3	3621 3651 3624 
3	3651 3652 3624 
3	3624 3652 3653 
3	3653 3634 3624 
3	3634 3653 3654 
3	3654 3637 3634 
3	2813 3142 3355 
3	3142 3655 3355 
3	3355 3655 3358 
3	3655 3369 3358 
3	3142 3215 3655 
3	3215 3656 3655 
3	3215 3218 3657 
3	3657 3656 3215 
3	3218 3219 3658 
3	3219 3221 3658 
3	3218 3658 3657 
3	3658 3659 3657 
3	3655 3656 3660 
3	3660 3369 3655 
3	3656 3657 3660 
3	3657 3661 3660 
3	3657 3659 3661 
3	3659 3662 3661 
3	3658 3221 3663 
3	3663 3659 3658 
3	3659 3663 3662 
3	3663 3664 3662 
3	3221 3226 3663 
3	3226 3665 3663 
3	3226 3227 3666 
3	3227 3228 3666 
3	3226 3666 3665 
3	3666 3667 3665 
3	3663 3665 3664 
3	3665 3668 3664 
3	3665 3667 3669 
3	3669 3668 3665 
3	3369 3660 3670 
3	3660 3661 3670 
3	3369 3670 3417 
3	3670 3671 3417 
3	3670 3661 3672 
3	3672 3671 3670 
3	3661 3662 3672 
3	3662 3673 3672 
3	3417 3671 3418 
3	3671 3674 3418 
3	3671 3672 3674 
3	3672 3675 3674 
3	3672 3673 3676 
3	3676 3675 3672 
3	3662 3664 3677 
3	3664 3668 3677 
3	3662 3677 3673 
3	3677 3678 3673 
3	3677 3668 3679 
3	3679 3678 3677 
3	3673 3678 3676 
3	3678 3680 3676 
3	3678 3679 3680 
3	3679 3681 3680 
3	3668 3669 3679 
3	3669 3682 3679 
3	3679 3682 3681 
3	3682 3683 3681 
3	3666 3228 3237 
3	3237 3684 3666 
3	3666 3684 3667 
3	3684 3685 3667 
3	3684 3237 3686 
3	3686 3685 3684 
3	3237 3238 3686 
3	3238 3687 3686 
3	3667 3685 3669 
3	3685 3688 3669 
3	3685 3686 3689 
3	3686 3687 3689 
3	3685 3689 3688 
3	3689 3690 3688 
3	3238 3245 3691 
3	3691 3687 3238 
3	3245 3246 3692 
3	3692 3691 3245 
3	3689 3687 3693 
3	3693 3690 3689 
3	3687 3691 3693 
3	3691 3694 3693 
3	3691 3692 3694 
3	3692 3695 3694 
3	3669 3688 3696 
3	3696 3682 3669 
3	3688 3690 3697 
3	3697 3696 3688 
3	3682 3696 3683 
3	3696 3698 3683 
3	3696 3697 3699 
3	3699 3698 3696 
3	3690 3693 3700 
3	3693 3694 3700 
3	3690 3700 3697 
3	3700 3701 3697 
3	3700 3694 3695 
3	3695 3702 3700 
3	3700 3702 3701 
3	3702 3703 3701 
3	3697 3701 3704 
3	3704 3699 3697 
3	3701 3703 3704 
3	3703 3705 3704 
3	3418 3674 3419 
3	3674 3706 3419 
3	3674 3675 3707 
3	3707 3706 3674 
3	3675 3676 3707 
3	3676 3708 3707 
3	3419 3706 3709 
3	3709 3420 3419 
3	3706 3707 3710 
3	3707 3708 3710 
3	3706 3710 3709 
3	3710 3711 3709 
3	3676 3680 3712 
3	3712 3708 3676 
3	3680 3681 3713 
3	3681 3683 3713 
3	3680 3713 3712 
3	3713 3714 3712 
3	3710 3708 3715 
3	3715 3711 3710 
3	3708 3712 3715 
3	3712 3716 3715 
3	3712 3714 3717 
3	3717 3716 3712 
3	3420 3709 3421 
3	3709 3423 3421 
3	3709 3711 3718 
3	3718 3423 3709 
3	3423 3718 3426 
3	3718 3719 3426 
3	3711 3715 3718 
3	3715 3720 3718 
3	3715 3716 3720 
3	3716 3721 3720 
3	3716 3717 3722 
3	3722 3721 3716 
3	3718 3720 3719 
3	3720 3723 3719 
3	3720 3721 3723 
3	3721 3724 3723 
3	3721 3722 3725 
3	3725 3724 3721 
3	3713 3683 3726 
3	3726 3714 3713 
3	3714 3726 3728 
3	3726 3727 3728 
3	3714 3728 3717 
3	3728 3729 3717 
3	3728 3727 3730 
3	3730 3729 3728 
3	3683 3698 3726 
3	3698 3727 3726 
3	3698 3699 3731 
3	3731 3727 3698 
3	3727 3731 3730 
3	3731 3732 3730 
3	3699 3704 3733 
3	3733 3731 3699 
3	3704 3705 3733 
3	3705 3734 3733 
3	3731 3733 3735 
3	3735 3732 3731 
3	3733 3734 3735 
3	3734 3736 3735 
3	3717 3729 3722 
3	3729 3737 3722 
3	3729 3730 3737 
3	3730 3738 3737 
3	3722 3737 3739 
3	3739 3725 3722 
3	3737 3738 3741 
3	3738 3740 3741 
3	3737 3741 3739 
3	3741 3742 3739 
3	3741 3740 3743 
3	3743 3742 3741 
3	3730 3732 3738 
3	3732 3740 3738 
3	3732 3735 3740 
3	3735 3744 3740 
3	3735 3736 3744 
3	3736 3745 3744 
3	3740 3744 3743 
3	3744 3746 3743 
3	3744 3745 3746 
3	3745 3747 3746 
3	3426 3719 3640 
3	3719 3748 3640 
3	3640 3748 3749 
3	3749 3643 3640 
3	3719 3723 3750 
3	3750 3748 3719 
3	3723 3724 3750 
3	3724 3751 3750 
3	3724 3725 3752 
3	3752 3751 3724 
3	3748 3750 3753 
3	3750 3751 3753 
3	3748 3753 3749 
3	3753 3754 3749 
3	3753 3751 3755 
3	3755 3754 3753 
3	3751 3752 3755 
3	3752 3756 3755 
3	3643 3749 3757 
3	3757 3646 3643 
3	3646 3757 3648 
3	3757 3758 3648 
3	3749 3754 3759 
3	3759 3757 3749 
3	3754 3755 3760 
3	3760 3759 3754 
3	3755 3756 3761 
3	3761 3760 3755 
3	3757 3759 3762 
3	3762 3758 3757 
3	3759 3760 3762 
3	3760 3763 3762 
3	3760 3761 3764 
3	3764 3763 3760 
3	3725 3739 3765 
3	3765 3752 3725 
3	3739 3742 3766 
3	3766 3765 3739 
3	3752 3765 3756 
3	3765 3767 3756 
3	3765 3766 3768 
3	3768 3767 3765 
3	3742 3743 3746 
3	3746 3769 3742 
3	3742 3769 3766 
3	3769 3770 3766 
3	3769 3746 3771 
3	3771 3770 3769 
3	3766 3770 3772 
3	3772 3768 3766 
3	3770 3771 3774 
3	3771 3773 3774 
3	3770 3774 3775 
3	3775 3772 3770 
3	3746 3747 3773 
3	3773 3771 3746 
3	3756 3767 3776 
3	3776 3761 3756 
3	3767 3768 3777 
3	3777 3776 3767 
3	3761 3776 3764 
3	3776 3778 3764 
3	3776 3777 3778 
3	3777 3779 3778 
3	3768 3772 3777 
3	3772 3780 3777 
3	3772 3775 3781 
3	3781 3780 3772 
3	3777 3780 3782 
3	3782 3779 3777 
3	3780 3781 3782 
3	3781 3783 3782 
3	3648 3758 3784 
3	3784 3650 3648 
3	3651 3650 3785 
3	3785 3652 3651 
3	3650 3784 3785 
3	3784 3786 3785 
3	3762 3763 3787 
3	3787 3758 3762 
3	3758 3787 3784 
3	3787 3788 3784 
3	3787 3763 3789 
3	3789 3788 3787 
3	3763 3764 3789 
3	3764 3790 3789 
3	3784 3788 3791 
3	3791 3786 3784 
3	3788 3789 3792 
3	3792 3791 3788 
3	3789 3790 3792 
3	3790 3793 3792 
3	3652 3785 3653 
3	3785 3794 3653 
3	3785 3786 3794 
3	3786 3795 3794 
3	3653 3794 3654 
3	3794 3796 3654 
3	3794 3795 3797 
3	3797 3796 3794 
3	3786 3791 3798 
3	3798 3795 3786 
3	3791 3792 3799 
3	3799 3798 3791 
3	3792 3793 3799 
3	3793 3800 3799 
3	3795 3798 3797 
3	3798 3801 3797 
3	3798 3799 3802 
3	3802 3801 3798 
3	3799 3800 3803 
3	3803 3802 3799 
3	3764 3778 3790 
3	3778 3804 3790 
3	3778 3779 3804 
3	3779 3805 3804 
3	3790 3804 3793 
3	3804 3806 3793 
3	3804 3805 3807 
3	3807 3806 3804 
3	3779 3782 3808 
3	3808 3805 3779 
3	3782 3783 3809 
3	3809 3808 3782 
3	3808 3811 3805 
3	3811 3810 3805 
3	3805 3810 3807 
3	3810 3812 3807 
3	3809 3813 3808 
3	3813 3811 3808 
3	3810 3811 3814 
3	3814 3812 3810 
3	3811 3813 3815 
3	3815 3814 3811 
3	3793 3806 3816 
3	3816 3800 3793 
3	3807 3812 3817 
3	3817 3806 3807 
3	3806 3817 3816 
3	3817 3818 3816 
3	3816 3818 3819 
3	3819 3800 3816 
3	3800 3819 3820 
3	3820 3803 3800 
3	3817 3812 3821 
3	3821 3818 3817 
3	3819 3818 3822 
3	3822 3820 3819 
3	3818 3821 3823 
3	3823 3822 3818 
3	3812 3814 3824 
3	3824 3821 3812 
3	3814 3815 3825 
3	3825 3824 3814 
3	3821 3824 3823 
3	3824 3826 3823 
3	3824 3825 3827 
3	3827 3826 3824 
3	1139 3828 2380 
3	2380 108 1139 
3	1140 3829 3828 
3	3828 1139 1140 
3	3828 3830 2380 
3	3830 2382 2380 
3	3829 3831 3830 
3	3830 3828 3829 
3	1143 3832 3829 
3	3829 1140 1143 
3	1144 3833 3832 
3	3832 1143 1144 
3	3832 3834 3831 
3	3831 3829 3832 
3	3833 3835 3834 
3	3834 3832 3833 
3	3830 3836 2388 
3	2388 2382 3830 
3	3831 3837 3836 
3	3836 3830 3831 
3	3836 3838 2388 
3	3838 2390 2388 
3	3837 3839 3836 
3	3839 3838 3836 
3	3834 3840 3837 
3	3837 3831 3834 
3	3835 3841 3834 
3	3841 3840 3834 
3	3840 3842 3837 
3	3842 3839 3837 
3	3841 3843 3840 
3	3843 3842 3840 
3	1155 3844 3833 
3	3833 1144 1155 
3	1156 3845 1155 
3	3845 3844 1155 
3	3844 3846 3835 
3	3835 3833 3844 
3	3845 3847 3844 
3	3847 3846 3844 
3	1162 3848 1156 
3	3848 3845 1156 
3	1163 3849 3848 
3	3848 1162 1163 
3	3848 3850 3845 
3	3850 3847 3845 
3	3849 3851 3848 
3	3851 3850 3848 
3	3846 3852 3841 
3	3841 3835 3846 
3	3847 3853 3852 
3	3852 3846 3847 
3	3852 3854 3841 
3	3854 3843 3841 
3	3853 3855 3854 
3	3854 3852 3853 
3	3850 3856 3853 
3	3853 3847 3850 
3	3851 3857 3850 
3	3857 3856 3850 
3	3856 3858 3855 
3	3855 3853 3856 
3	3857 3859 3858 
3	3858 3856 3857 
3	3838 3860 2390 
3	3860 2412 2390 
3	3839 3861 3838 
3	3861 3860 3838 
3	3860 3862 2412 
3	3862 2414 2412 
3	3861 3863 3860 
3	3863 3862 3860 
3	3842 3864 3861 
3	3861 3839 3842 
3	3843 3865 3842 
3	3865 3864 3842 
3	3864 3866 3861 
3	3866 3863 3861 
3	3865 3867 3864 
3	3867 3866 3864 
3	3862 3868 2420 
3	2420 2414 3862 
3	3863 3869 3862 
3	3869 3868 3862 
3	3868 3870 2422 
3	2422 2420 3868 
3	3869 3871 3870 
3	3870 3868 3869 
3	3866 3872 3863 
3	3872 3869 3863 
3	3867 3873 3866 
3	3873 3872 3866 
3	3872 3874 3869 
3	3874 3871 3869 
3	3873 3875 3872 
3	3875 3874 3872 
3	3854 3876 3843 
3	3876 3865 3843 
3	3855 3877 3876 
3	3876 3854 3855 
3	3876 3878 3865 
3	3878 3867 3865 
3	3877 3879 3878 
3	3878 3876 3877 
3	3858 3880 3877 
3	3877 3855 3858 
3	3859 3881 3880 
3	3880 3858 3859 
3	3880 3882 3879 
3	3879 3877 3880 
3	3881 3883 3882 
3	3882 3880 3881 
3	3878 3884 3867 
3	3884 3873 3867 
3	3879 3885 3878 
3	3885 3884 3878 
3	3884 3886 3873 
3	3886 3875 3873 
3	3885 3887 3884 
3	3887 3886 3884 
3	3882 3888 3885 
3	3885 3879 3882 
3	3883 3889 3888 
3	3888 3882 3883 
3	3888 3890 3885 
3	3890 3887 3885 
3	3889 3891 3890 
3	3890 3888 3889 
3	1220 3892 1218 
3	3892 1219 1218 
3	1223 3893 1220 
3	3893 3892 1220 
3	1224 3894 3849 
3	3849 1163 1224 
3	3896 3895 3894 
3	3894 1224 3896 
3	1227 3897 3896 
3	3896 1224 1227 
3	3894 3898 3851 
3	3851 3849 3894 
3	3895 3899 3898 
3	3898 3894 3895 
3	1229 3900 1228 
3	3900 1227 1228 
3	3900 3901 1227 
3	3901 3897 1227 
3	3897 3902 3896 
3	3902 3895 3896 
3	3904 3903 3899 
3	3899 3895 3904 
3	3902 3905 3904 
3	3904 3895 3902 
3	3905 3906 3904 
3	3906 3903 3904 
3	3901 3907 3902 
3	3902 3897 3901 
3	3907 3908 3902 
3	3908 3905 3902 
3	3908 3909 3906 
3	3906 3905 3908 
3	3898 3910 3851 
3	3910 3857 3851 
3	3899 3911 3910 
3	3910 3898 3899 
3	3910 3912 3857 
3	3912 3859 3857 
3	3911 3913 3910 
3	3913 3912 3910 
3	3903 3914 3911 
3	3911 3899 3903 
3	3916 3915 3914 
3	3914 3903 3916 
3	3906 3917 3916 
3	3916 3903 3906 
3	3914 3918 3913 
3	3913 3911 3914 
3	3915 3919 3918 
3	3918 3914 3915 
3	3909 3920 3906 
3	3920 3917 3906 
3	3917 3921 3916 
3	3921 3915 3916 
3	3923 3922 3919 
3	3919 3915 3923 
3	3921 3924 3923 
3	3923 3915 3921 
3	3924 3925 3922 
3	3922 3923 3924 
3	3920 3926 3921 
3	3921 3917 3920 
3	3926 3927 3921 
3	3927 3924 3921 
3	3927 3928 3925 
3	3925 3924 3927 
3	3912 3929 3881 
3	3881 3859 3912 
3	3913 3930 3912 
3	3930 3929 3912 
3	3929 3931 3883 
3	3883 3881 3929 
3	3930 3932 3931 
3	3931 3929 3930 
3	3918 3933 3913 
3	3933 3930 3913 
3	3919 3934 3933 
3	3933 3918 3919 
3	3933 3935 3930 
3	3935 3932 3930 
3	3934 3936 3933 
3	3936 3935 3933 
3	3931 3937 3889 
3	3889 3883 3931 
3	3932 3938 3937 
3	3937 3931 3932 
3	3937 3939 3891 
3	3891 3889 3937 
3	3938 3940 3939 
3	3939 3937 3938 
3	3935 3941 3938 
3	3938 3932 3935 
3	3936 3942 3935 
3	3942 3941 3935 
3	3941 3943 3940 
3	3940 3938 3941 
3	3942 3944 3941 
3	3944 3943 3941 
3	3922 3945 3934 
3	3934 3919 3922 
3	3947 3946 3945 
3	3945 3922 3947 
3	3925 3948 3947 
3	3947 3922 3925 
3	3945 3949 3936 
3	3936 3934 3945 
3	3946 3950 3949 
3	3949 3945 3946 
3	3928 3951 3925 
3	3951 3948 3925 
3	3948 3952 3947 
3	3952 3946 3947 
3	3954 3953 3950 
3	3950 3946 3954 
3	3952 3955 3946 
3	3955 3954 3946 
3	3955 3956 3953 
3	3953 3954 3955 
3	3951 3957 3952 
3	3952 3948 3951 
3	3952 3958 3955 
3	3958 3956 3955 
3	3957 3959 3958 
3	3958 3952 3957 
3	3949 3960 3936 
3	3960 3942 3936 
3	3950 3961 3960 
3	3960 3949 3950 
3	3960 3962 3942 
3	3962 3944 3942 
3	3961 3963 3960 
3	3963 3962 3960 
3	3953 3964 3961 
3	3961 3950 3953 
3	3956 3965 3953 
3	3965 3964 3953 
3	3964 3966 3963 
3	3963 3961 3964 
3	3968 3967 3966 
3	3966 3964 3968 
3	3965 3969 3964 
3	3969 3968 3964 
3	3959 3970 3958 
3	3970 3956 3958 
3	3970 3971 3965 
3	3965 3956 3970 
3	3965 3972 3969 
3	3972 3973 3969 
3	3971 3974 3972 
3	3972 3965 3971 
3	1230 3975 1229 
3	3975 3900 1229 
3	3900 3976 3901 
3	3976 3907 3901 
3	3975 3977 3976 
3	3976 3900 3975 
3	3977 3978 3976 
3	3978 3907 3976 
3	1219 3979 1230 
3	3979 3975 1230 
3	3979 3980 3975 
3	3980 3977 3975 
3	3980 3981 3978 
3	3978 3977 3980 
3	3907 3982 3908 
3	3982 3909 3908 
3	3978 3983 3982 
3	3982 3907 3978 
3	3981 3984 3983 
3	3983 3978 3981 
3	3983 3985 3982 
3	3985 3909 3982 
3	3909 3986 3920 
3	3986 3926 3920 
3	3985 3987 3986 
3	3986 3909 3985 
3	3987 3988 3986 
3	3988 3926 3986 
3	3984 3989 3983 
3	3989 3985 3983 
3	3989 3990 3987 
3	3987 3985 3989 
3	3990 3991 3987 
3	3991 3988 3987 
3	3892 3992 1219 
3	3992 3979 1219 
3	3992 3993 3980 
3	3980 3979 3992 
3	3993 3994 3980 
3	3994 3981 3980 
3	3892 3995 3992 
3	3995 3993 3992 
3	3893 3996 3995 
3	3995 3892 3893 
3	3996 3997 3995 
3	3997 3993 3995 
3	3993 3998 3994 
3	3998 3999 3994 
3	3997 4000 3998 
3	3998 3993 3997 
3	3994 3999 3984 
3	3984 3981 3994 
3	4000 4001 3998 
3	4001 3999 3998 
3	3984 4002 3989 
3	4002 3990 3989 
3	3999 4003 4002 
3	4002 3984 3999 
3	4003 4004 4002 
3	4004 3990 4002 
3	3990 4005 3991 
3	4005 4006 3991 
3	4004 4007 4005 
3	4005 3990 4004 
3	4001 4008 4003 
3	4003 3999 4001 
3	4008 4009 4004 
3	4004 4003 4008 
3	4009 4010 4007 
3	4007 4004 4009 
3	3926 4011 3927 
3	4011 3928 3927 
3	3988 4012 4011 
3	4011 3926 3988 
3	3991 4006 4012 
3	4012 3988 3991 
3	4007 4013 4005 
3	4013 4006 4005 
3	4010 4014 4007 
3	4014 4013 4007 
3	4012 4015 4011 
3	4015 3928 4011 
3	3928 4016 3951 
3	4016 3957 3951 
3	4015 4017 4016 
3	4016 3928 4015 
3	4016 4018 3957 
3	4018 3959 3957 
3	4017 4019 4018 
3	4018 4016 4017 
3	4012 4020 4015 
3	4020 4017 4015 
3	4006 4021 4020 
3	4020 4012 4006 
3	4021 4022 4020 
3	4022 4017 4020 
3	4022 4023 4019 
3	4019 4017 4022 
3	4019 4024 4018 
3	4024 3959 4018 
3	4019 4025 4024 
3	4025 4026 4024 
3	4023 4027 4025 
3	4025 4019 4023 
3	4027 4028 4025 
3	4028 4026 4025 
3	3959 4029 3970 
3	4029 3971 3970 
3	4024 4026 4029 
3	4029 3959 4024 
3	4029 4030 3971 
3	4030 3974 3971 
3	4026 4031 4030 
3	4030 4029 4026 
3	4028 4032 4031 
3	4031 4026 4028 
3	4013 4033 4021 
3	4021 4006 4013 
3	4021 4034 4022 
3	4034 4023 4022 
3	4033 4035 4034 
3	4034 4021 4033 
3	4014 4036 4033 
3	4033 4013 4014 
3	4036 4037 4033 
3	4037 4035 4033 
3	4035 4038 4034 
3	4038 4023 4034 
3	4038 4039 4027 
3	4027 4023 4038 
3	4027 4040 4028 
3	4040 4032 4028 
3	4039 4041 4040 
3	4040 4027 4039 
3	4035 4042 4038 
3	4042 4039 4038 
3	4037 4043 4042 
3	4042 4035 4037 
3	4043 4044 4042 
3	4044 4039 4042 
3	4044 4045 4041 
3	4041 4039 4044 
3	3870 4046 2566 
3	2566 2422 3870 
3	3871 4047 4046 
3	4046 3870 3871 
3	4046 4048 2568 
3	2568 2566 4046 
3	4047 4049 4048 
3	4048 4046 4047 
3	3874 4050 4047 
3	4047 3871 3874 
3	3875 4051 4050 
3	4050 3874 3875 
3	4050 4052 4049 
3	4049 4047 4050 
3	4051 4053 4052 
3	4052 4050 4051 
3	4048 4054 2574 
3	2574 2568 4048 
3	4049 4055 4054 
3	4054 4048 4049 
3	4054 4056 2576 
3	2576 2574 4054 
3	4055 4057 4056 
3	4056 4054 4055 
3	4052 4058 4055 
3	4055 4049 4052 
3	4053 4059 4058 
3	4058 4052 4053 
3	4058 4060 4057 
3	4057 4055 4058 
3	4059 4061 4060 
3	4060 4058 4059 
3	3886 4062 3875 
3	4062 4051 3875 
3	3887 4063 3886 
3	4063 4062 3886 
3	4062 4064 4053 
3	4053 4051 4062 
3	4063 4065 4062 
3	4065 4064 4062 
3	3890 4066 3887 
3	4066 4063 3887 
3	3891 4067 3890 
3	4067 4066 3890 
3	4066 4068 4065 
3	4065 4063 4066 
3	4067 4069 4066 
3	4069 4068 4066 
3	4064 4070 4059 
3	4059 4053 4064 
3	4065 4071 4070 
3	4070 4064 4065 
3	4070 4072 4061 
3	4061 4059 4070 
3	4071 4073 4070 
3	4073 4072 4070 
3	4068 4074 4071 
3	4071 4065 4068 
3	4069 4075 4068 
3	4075 4074 4068 
3	4074 4076 4071 
3	4076 4073 4071 
3	4075 4077 4076 
3	4076 4074 4075 
3	4056 4078 2598 
3	2598 2576 4056 
3	4057 4079 4056 
3	4079 4078 4056 
3	4078 4080 2598 
3	4080 2600 2598 
3	4079 4081 4078 
3	4081 4080 4078 
3	4060 4082 4057 
3	4082 4079 4057 
3	4061 4083 4060 
3	4083 4082 4060 
3	4082 4084 4079 
3	4084 4081 4079 
3	4083 4085 4084 
3	4084 4082 4083 
3	4080 4086 2600 
3	4086 2606 2600 
3	4081 4087 4080 
3	4087 4086 4080 
3	4086 4088 2606 
3	4088 2608 2606 
3	4087 4089 4088 
3	4088 4086 4087 
3	4084 4090 4087 
3	4087 4081 4084 
3	4085 4091 4090 
3	4090 4084 4085 
3	4090 4092 4089 
3	4089 4087 4090 
3	4091 4093 4092 
3	4092 4090 4091 
3	4072 4094 4083 
3	4083 4061 4072 
3	4073 4095 4072 
3	4095 4094 4072 
3	4094 4096 4085 
3	4085 4083 4094 
3	4095 4097 4096 
3	4096 4094 4095 
3	4076 4098 4073 
3	4098 4095 4073 
3	4077 4099 4098 
3	4098 4076 4077 
3	4098 4100 4097 
3	4097 4095 4098 
3	4099 4101 4100 
3	4100 4098 4099 
3	4096 4102 4091 
3	4091 4085 4096 
3	4097 4103 4102 
3	4102 4096 4097 
3	4102 4104 4093 
3	4093 4091 4102 
3	4103 4105 4104 
3	4104 4102 4103 
3	4100 4106 4103 
3	4103 4097 4100 
3	4101 4107 4100 
3	4107 4106 4100 
3	4106 4108 4103 
3	4108 4105 4103 
3	4107 4109 4106 
3	4109 4108 4106 
3	3939 4110 3891 
3	4110 4067 3891 
3	3940 4111 4110 
3	4110 3939 3940 
3	4110 4112 4067 
3	4112 4069 4067 
3	4111 4113 4110 
3	4113 4112 4110 
3	3943 4114 4111 
3	4111 3940 3943 
3	3944 4115 4114 
3	4114 3943 3944 
3	4114 4116 4113 
3	4113 4111 4114 
3	4115 4117 4116 
3	4116 4114 4115 
3	4112 4118 4069 
3	4118 4075 4069 
3	4113 4119 4112 
3	4119 4118 4112 
3	4118 4120 4077 
3	4077 4075 4118 
3	4119 4121 4120 
3	4120 4118 4119 
3	4116 4122 4113 
3	4122 4119 4113 
3	4117 4123 4116 
3	4123 4122 4116 
3	4122 4124 4119 
3	4124 4121 4119 
3	4123 4125 4122 
3	4125 4124 4122 
3	3962 4126 4115 
3	4115 3944 3962 
3	3963 4127 3962 
3	4127 4126 3962 
3	4126 4128 4117 
3	4117 4115 4126 
3	4127 4129 4126 
3	4129 4128 4126 
3	3966 4130 4127 
3	4127 3963 3966 
3	3967 4131 4130 
3	4130 3966 3967 
3	4130 4132 4129 
3	4129 4127 4130 
3	4131 4133 4132 
3	4132 4130 4131 
3	3974 4134 3972 
3	4134 3973 3972 
3	4128 4135 4123 
3	4123 4117 4128 
3	4129 4136 4135 
3	4135 4128 4129 
3	4135 4137 4125 
3	4125 4123 4135 
3	4136 4138 4137 
3	4137 4135 4136 
3	4132 4139 4129 
3	4139 4136 4129 
3	4133 4140 4139 
3	4139 4132 4133 
3	4139 4141 4136 
3	4141 4138 4136 
3	4140 4142 4139 
3	4142 4141 4139 
3	4120 4143 4099 
3	4099 4077 4120 
3	4121 4144 4120 
3	4144 4143 4120 
3	4143 4145 4099 
3	4145 4101 4099 
3	4144 4146 4143 
3	4146 4145 4143 
3	4124 4147 4121 
3	4147 4144 4121 
3	4125 4148 4124 
3	4148 4147 4124 
3	4147 4149 4146 
3	4146 4144 4147 
3	4148 4150 4147 
3	4150 4149 4147 
3	4145 4151 4101 
3	4151 4107 4101 
3	4146 4152 4151 
3	4151 4145 4146 
3	4151 4153 4107 
3	4153 4109 4107 
3	4152 4154 4153 
3	4153 4151 4152 
3	4149 4155 4152 
3	4152 4146 4149 
3	4150 4156 4155 
3	4155 4149 4150 
3	4155 4157 4154 
3	4154 4152 4155 
3	4156 4158 4157 
3	4157 4155 4156 
3	4137 4159 4125 
3	4159 4148 4125 
3	4138 4160 4159 
3	4159 4137 4138 
3	4159 4161 4150 
3	4150 4148 4159 
3	4160 4162 4161 
3	4161 4159 4160 
3	4141 4163 4160 
3	4160 4138 4141 
3	4142 4164 4141 
3	4164 4163 4141 
3	4163 4165 4160 
3	4165 4162 4160 
3	4164 4166 4163 
3	4166 4165 4163 
3	4161 4167 4156 
3	4156 4150 4161 
3	4162 4168 4167 
3	4167 4161 4162 
3	4167 4169 4158 
3	4158 4156 4167 
3	4168 4170 4167 
3	4170 4169 4167 
3	4165 4171 4162 
3	4171 4168 4162 
3	4166 4172 4165 
3	4172 4171 4165 
3	4171 4173 4168 
3	4173 4170 4168 
3	4172 4174 4171 
3	4174 4173 4171 
3	4178 4175 4176 
3	4176 4177 4178 
3	4180 4179 4178 
3	4179 4175 4178 
3	4178 4177 4181 
3	4181 4180 4178 
3	4031 4182 4030 
3	4182 3974 4030 
3	3974 4183 4134 
3	4183 4184 4134 
3	4182 4185 4183 
3	4183 3974 4182 
3	4183 4186 4184 
3	4186 4187 4184 
3	4185 4188 4183 
3	4188 4186 4183 
3	4031 4189 4182 
3	4189 4185 4182 
3	4032 4190 4189 
3	4189 4031 4032 
3	4189 4191 4185 
3	4191 4188 4185 
3	4190 4192 4189 
3	4192 4191 4189 
3	4186 4193 4187 
3	4193 4194 4187 
3	4188 4195 4193 
3	4193 4186 4188 
3	4193 4196 4197 
3	4197 4194 4193 
3	4195 4198 4196 
3	4196 4193 4195 
3	4191 4199 4195 
3	4195 4188 4191 
3	4192 4200 4199 
3	4199 4191 4192 
3	4199 4201 4198 
3	4198 4195 4199 
3	4200 4202 4201 
3	4201 4199 4200 
3	4040 4203 4190 
3	4190 4032 4040 
3	4041 4204 4040 
3	4204 4203 4040 
3	4203 4205 4190 
3	4205 4192 4190 
3	4204 4206 4205 
3	4205 4203 4204 
3	4045 4207 4041 
3	4207 4204 4041 
3	4207 4208 4206 
3	4206 4204 4207 
3	4205 4209 4200 
3	4200 4192 4205 
3	4206 4210 4209 
3	4209 4205 4206 
3	4209 4211 4202 
3	4202 4200 4209 
3	4210 4212 4209 
3	4212 4211 4209 
3	4208 4213 4210 
3	4210 4206 4208 
3	4213 4214 4210 
3	4214 4212 4210 
3	4218 4215 4216 
3	4216 4217 4218 
3	4220 4219 4218 
3	4219 4215 4218 
3	4218 4217 4221 
3	4221 4220 4218 
3	4196 4222 4223 
3	4223 4197 4196 
3	4198 4224 4196 
3	4224 4222 4196 
3	4222 4225 4226 
3	4226 4223 4222 
3	4224 4227 4225 
3	4225 4222 4224 
3	4201 4228 4198 
3	4228 4224 4198 
3	4202 4229 4201 
3	4229 4228 4201 
3	4228 4230 4227 
3	4227 4224 4228 
3	4229 4231 4228 
3	4231 4230 4228 
3	4234 4232 4233 
3	4233 4230 4234 
3	4236 4235 4234 
3	4235 4232 4234 
3	4234 4230 4231 
3	4231 4236 4234 
3	4232 4237 4238 
3	4238 4233 4232 
3	4235 4239 4232 
3	4239 4237 4232 
3	4225 4180 4181 
3	4181 4226 4225 
3	4227 4240 4225 
3	4240 4180 4225 
3	4242 4241 4179 
3	4179 4180 4242 
3	4233 4238 4242 
3	4238 4241 4242 
3	4242 4180 4240 
3	4240 4233 4242 
3	4230 4233 4240 
3	4240 4227 4230 
3	4211 4243 4202 
3	4243 4229 4202 
3	4212 4244 4211 
3	4244 4243 4211 
3	4243 4236 4231 
3	4231 4229 4243 
3	4244 4245 4243 
3	4245 4236 4243 
3	4247 4246 4244 
3	4244 4212 4247 
3	4249 4248 4247 
3	4248 4246 4247 
3	4247 4212 4214 
3	4214 4249 4247 
3	4246 4250 4244 
3	4250 4245 4244 
3	4248 4251 4250 
3	4250 4246 4248 
3	4245 4252 4236 
3	4252 4235 4236 
3	4254 4253 4239 
3	4239 4235 4254 
3	4217 4216 4254 
3	4216 4253 4254 
3	4254 4235 4252 
3	4252 4217 4254 
3	4250 4217 4252 
3	4252 4245 4250 
3	4251 4221 4250 
3	4221 4217 4250 
3	1363 4255 1223 
3	4255 3893 1223 
3	1366 4256 1363 
3	4256 4255 1363 
3	1380 1383 4256 
3	4256 1366 1380 
3	4255 4257 3893 
3	4257 3996 3893 
3	4257 4258 3996 
3	4258 3997 3996 
3	4258 4259 4000 
3	4000 3997 4258 
3	4256 4260 4255 
3	4260 4257 4255 
3	4260 4261 4257 
3	4261 4258 4257 
3	4261 4262 4258 
3	4262 4259 4258 
3	4259 4263 4001 
3	4001 4000 4259 
3	4262 4264 4259 
3	4264 4263 4259 
3	4263 4265 4008 
3	4008 4001 4263 
3	4265 4266 4009 
3	4009 4008 4265 
3	4266 4267 4009 
3	4267 4010 4009 
3	4264 4268 4265 
3	4265 4263 4264 
3	4268 4269 4266 
3	4266 4265 4268 
3	4269 4270 4267 
3	4267 4266 4269 
3	1383 4271 4260 
3	4260 4256 1383 
3	4271 4272 4261 
3	4261 4260 4271 
3	4272 4273 4261 
3	4273 4262 4261 
3	1441 4274 1383 
3	4274 4271 1383 
3	4274 4275 4272 
3	4272 4271 4274 
3	4275 4276 4273 
3	4273 4272 4275 
3	4273 4277 4262 
3	4277 4264 4262 
3	4276 4278 4277 
3	4277 4273 4276 
3	4277 4279 4264 
3	4279 4268 4264 
3	4279 4280 4268 
3	4280 4269 4268 
3	4280 4281 4270 
3	4270 4269 4280 
3	4278 4282 4277 
3	4282 4279 4277 
3	4279 4283 4280 
3	4283 4281 4280 
3	4282 4284 4279 
3	4284 4283 4279 
3	4010 4285 4014 
3	4285 4036 4014 
3	4267 4286 4285 
3	4285 4010 4267 
3	4286 4287 4285 
3	4287 4036 4285 
3	4270 4288 4267 
3	4288 4286 4267 
3	4286 4289 4287 
3	4289 4290 4287 
3	4288 4291 4289 
3	4289 4286 4288 
3	4291 4292 4289 
3	4292 4290 4289 
3	4281 4293 4270 
3	4293 4288 4270 
3	4293 4294 4291 
3	4291 4288 4293 
3	4284 4295 4283 
3	4295 4281 4283 
3	4295 4296 4293 
3	4293 4281 4295 
3	4296 4297 4293 
3	4297 4294 4293 
3	4291 4298 4292 
3	4298 4299 4292 
3	4294 4300 4298 
3	4298 4291 4294 
3	4298 4301 4302 
3	4302 4299 4298 
3	4300 4303 4301 
3	4301 4298 4300 
3	4297 4304 4294 
3	4304 4300 4294 
3	4304 4305 4303 
3	4303 4300 4304 
3	4287 4290 4037 
3	4037 4036 4287 
3	4290 4306 4037 
3	4306 4043 4037 
3	4043 4307 4044 
3	4307 4045 4044 
3	4306 4308 4307 
3	4307 4043 4306 
3	4292 4299 4306 
3	4306 4290 4292 
3	4299 4302 4306 
3	4302 4308 4306 
3	4309 4275 4274 
3	4274 1441 4309 
3	1446 4310 4309 
3	4309 1441 1446 
3	4310 4311 4309 
3	4311 4275 4309 
3	4311 4312 4276 
3	4276 4275 4311 
3	1447 4313 1446 
3	4313 4310 1446 
3	4313 4314 4311 
3	4311 4310 4313 
3	4314 4315 4311 
3	4315 4312 4311 
3	4312 4316 4278 
3	4278 4276 4312 
3	4315 4317 4316 
3	4316 4312 4315 
3	4316 4318 4278 
3	4318 4282 4278 
3	4318 4319 4282 
3	4319 4284 4282 
3	4317 4320 4316 
3	4320 4318 4316 
3	4322 4321 4318 
3	4321 4319 4318 
3	4320 4323 4322 
3	4322 4318 4320 
3	4323 4324 4322 
3	4324 4321 4322 
3	1451 1453 4313 
3	4313 1447 1451 
3	1453 4325 4313 
3	4325 4314 4313 
3	4326 4317 4315 
3	4315 4314 4326 
3	4325 4327 4326 
3	4326 4314 4325 
3	1456 4328 4325 
3	4325 1453 1456 
3	4328 4329 4325 
3	4329 4327 4325 
3	4327 4330 4326 
3	4330 4317 4326 
3	4329 4331 4327 
3	4331 4330 4327 
3	4330 4332 4320 
3	4320 4317 4330 
3	4332 4333 4320 
3	4333 4323 4320 
3	4333 4334 4324 
3	4324 4323 4333 
3	4331 4335 4332 
3	4332 4330 4331 
3	4335 4336 4332 
3	4336 4333 4332 
3	4336 4337 4334 
3	4334 4333 4336 
3	4319 4321 4284 
3	4321 4295 4284 
3	4321 4338 4295 
3	4338 4296 4295 
3	4338 4339 4296 
3	4339 4297 4296 
3	4324 4340 4321 
3	4340 4338 4321 
3	4340 4341 4338 
3	4341 4339 4338 
3	4339 4342 4304 
3	4304 4297 4339 
3	4342 4343 4305 
3	4305 4304 4342 
3	4341 4344 4342 
3	4342 4339 4341 
3	4344 4345 4343 
3	4343 4342 4344 
3	4334 4346 4324 
3	4346 4340 4324 
3	4346 4347 4340 
3	4347 4341 4340 
3	4337 4348 4346 
3	4346 4334 4337 
3	4348 4349 4346 
3	4349 4347 4346 
3	4347 4350 4341 
3	4350 4344 4341 
3	4350 4351 4344 
3	4351 4345 4344 
3	4349 4352 4350 
3	4350 4347 4349 
3	4352 4353 4350 
3	4353 4351 4350 
3	4303 4354 4301 
3	4354 4302 4301 
3	4358 4355 4357 
3	4355 4356 4357 
3	4360 4359 4358 
3	4359 4355 4358 
3	4358 4357 4361 
3	4361 4360 4358 
3	4303 4360 4361 
3	4361 4354 4303 
3	4305 4362 4360 
3	4360 4303 4305 
3	4362 4363 4359 
3	4359 4360 4362 
3	4355 4364 4356 
3	4364 4365 4356 
3	4359 4366 4355 
3	4366 4364 4355 
3	4364 4367 4368 
3	4368 4365 4364 
3	4366 4369 4364 
3	4369 4367 4364 
3	4363 4370 4366 
3	4366 4359 4363 
3	4370 4371 4366 
3	4371 4369 4366 
3	4307 4372 4207 
3	4207 4045 4307 
3	4308 4373 4372 
3	4372 4307 4308 
3	4372 4374 4208 
3	4208 4207 4372 
3	4373 4375 4374 
3	4374 4372 4373 
3	4302 4357 4373 
3	4373 4308 4302 
3	4357 4356 4373 
3	4356 4375 4373 
3	4374 4376 4208 
3	4376 4213 4208 
3	4375 4377 4374 
3	4377 4376 4374 
3	4376 4249 4214 
3	4214 4213 4376 
3	4377 4378 4376 
3	4378 4249 4376 
3	4356 4365 4375 
3	4365 4377 4375 
3	4365 4368 4377 
3	4368 4378 4377 
3	4354 4361 4357 
3	4357 4302 4354 
3	4381 4379 4380 
3	4380 4378 4381 
3	4367 4382 4381 
3	4382 4379 4381 
3	4381 4378 4368 
3	4368 4367 4381 
3	4379 4383 4384 
3	4384 4380 4379 
3	4382 4385 4379 
3	4385 4383 4379 
3	4386 4220 4221 
3	4221 4251 4386 
3	4383 4387 4386 
3	4387 4220 4386 
3	4386 4251 4384 
3	4384 4383 4386 
3	4387 4388 4220 
3	4388 4219 4220 
3	4390 4389 4387 
3	4387 4383 4390 
3	4392 4391 4390 
3	4391 4389 4390 
3	4390 4383 4385 
3	4385 4392 4390 
3	4389 4393 4388 
3	4388 4387 4389 
3	4391 4394 4389 
3	4394 4393 4389 
3	4369 4395 4367 
3	4395 4382 4367 
3	4396 4392 4385 
3	4385 4382 4396 
3	4398 4397 4396 
3	4397 4392 4396 
3	4396 4382 4395 
3	4395 4398 4396 
3	4399 4398 4395 
3	4395 4369 4399 
3	4401 4400 4399 
3	4400 4398 4399 
3	4399 4369 4371 
3	4371 4401 4399 
3	4400 4402 4397 
3	4397 4398 4400 
3	4404 4403 4394 
3	4394 4391 4404 
3	4406 4405 4404 
3	4405 4403 4404 
3	4404 4391 4407 
3	4407 4406 4404 
3	4409 4408 4406 
3	4408 4405 4406 
3	4406 4407 4410 
3	4410 4409 4406 
3	4397 4407 4392 
3	4407 4391 4392 
3	4402 4410 4397 
3	4410 4407 4397 
3	4378 4380 4249 
3	4380 4248 4249 
3	4380 4384 4248 
3	4384 4251 4248 
3	4343 4411 4305 
3	4411 4362 4305 
3	4411 4412 4363 
3	4363 4362 4411 
3	4345 4413 4343 
3	4413 4411 4343 
3	4413 4414 4411 
3	4414 4412 4411 
3	4412 4415 4363 
3	4415 4370 4363 
3	4416 4401 4371 
3	4371 4370 4416 
3	4418 4417 4416 
3	4417 4401 4416 
3	4416 4370 4415 
3	4415 4418 4416 
3	4419 4418 4415 
3	4415 4412 4419 
3	4421 4420 4419 
3	4420 4418 4419 
3	4419 4412 4414 
3	4414 4421 4419 
3	4420 4422 4417 
3	4417 4418 4420 
3	4351 4423 4413 
3	4413 4345 4351 
3	4423 4424 4413 
3	4424 4414 4413 
3	4353 4425 4351 
3	4425 4423 4351 
3	4427 4426 4424 
3	4424 4423 4427 
3	4429 4428 4427 
3	4428 4426 4427 
3	4427 4423 4425 
3	4425 4429 4427 
3	4426 4430 4421 
3	4430 4420 4421 
3	4421 4414 4426 
3	4414 4424 4426 
3	4430 4431 4422 
3	4422 4420 4430 
3	4428 4432 4430 
3	4430 4426 4428 
3	4432 4433 4430 
3	4433 4431 4430 
3	4437 4434 4435 
3	4435 4436 4437 
3	4439 4438 4437 
3	4438 4434 4437 
3	4437 4436 4440 
3	4440 4439 4437 
3	4417 4436 4400 
3	4400 4401 4417 
3	4436 4435 4400 
3	4435 4402 4400 
3	4422 4440 4417 
3	4440 4436 4417 
3	4441 4409 4410 
3	4410 4402 4441 
3	4434 4442 4441 
3	4442 4409 4441 
3	4441 4402 4435 
3	4435 4434 4441 
3	4442 4443 4409 
3	4443 4408 4409 
3	4438 4444 4434 
3	4444 4442 4434 
3	4446 4445 4443 
3	4443 4442 4446 
3	4448 4447 4446 
3	4447 4445 4446 
3	4446 4442 4444 
3	4444 4448 4446 
3	4450 4449 4438 
3	4438 4439 4450 
3	4439 4440 4451 
3	4451 4450 4439 
3	4452 4450 4451 
3	4451 4431 4452 
3	4454 4453 4452 
3	4453 4450 4452 
3	4452 4431 4433 
3	4433 4454 4452 
3	4453 4455 4450 
3	4455 4449 4450 
3	4431 4451 4422 
3	4451 4440 4422 
3	4449 4456 4438 
3	4456 4444 4438 
3	4458 4457 4448 
3	4457 4447 4448 
3	4448 4444 4456 
3	4456 4458 4448 
3	4459 4458 4456 
3	4456 4449 4459 
3	4461 4460 4459 
3	4460 4458 4459 
3	4459 4449 4455 
3	4455 4461 4459 
3	4460 4462 4458 
3	4462 4457 4458 
3	3969 3973 3967 
3	3967 3968 3969 
3	3973 4463 3967 
3	4463 4131 3967 
3	4465 4464 4133 
3	4133 4131 4465 
3	4463 4466 4131 
3	4466 4465 4131 
3	4466 4467 4464 
3	4464 4465 4466 
3	4134 4184 4463 
3	4463 3973 4134 
3	4463 4468 4466 
3	4468 4467 4466 
3	4184 4187 4463 
3	4187 4468 4463 
3	4464 4469 4140 
3	4140 4133 4464 
3	4467 4470 4469 
3	4469 4464 4467 
3	4469 4471 4140 
3	4471 4142 4140 
3	4470 4472 4471 
3	4471 4469 4470 
3	4468 4473 4467 
3	4473 4470 4467 
3	4187 4194 4468 
3	4194 4473 4468 
3	4473 4474 4472 
3	4472 4470 4473 
3	4194 4197 4474 
3	4474 4473 4194 
3	4471 4475 4142 
3	4475 4164 4142 
3	4472 4476 4471 
3	4476 4475 4471 
3	4475 4477 4164 
3	4477 4166 4164 
3	4476 4478 4475 
3	4478 4477 4475 
3	4474 4479 4476 
3	4476 4472 4474 
3	4197 4223 4479 
3	4479 4474 4197 
3	4479 4480 4476 
3	4480 4478 4476 
3	4223 4226 4480 
3	4480 4479 4223 
3	4477 4481 4166 
3	4481 4172 4166 
3	4478 4482 4477 
3	4482 4481 4477 
3	4481 4483 4172 
3	4483 4174 4172 
3	4482 4484 4483 
3	4483 4481 4482 
3	4480 4177 4482 
3	4482 4478 4480 
3	4226 4181 4480 
3	4181 4177 4480 
3	4177 4176 4482 
3	4176 4484 4482 
3	4088 4485 2608 
3	4485 2978 2608 
3	4089 4486 4088 
3	4486 4485 4088 
3	4485 4487 2980 
3	2980 2978 4485 
3	4486 4488 4485 
3	4488 4487 4485 
3	4092 4489 4486 
3	4486 4089 4092 
3	4093 4490 4489 
3	4489 4092 4093 
3	4489 4491 4486 
3	4491 4488 4486 
3	4490 4492 4491 
3	4491 4489 4490 
3	4487 4493 2986 
3	2986 2980 4487 
3	4488 4494 4493 
3	4493 4487 4488 
3	4493 4495 2988 
3	2988 2986 4493 
3	4494 4496 4495 
3	4495 4493 4494 
3	4491 4497 4494 
3	4494 4488 4491 
3	4492 4498 4491 
3	4498 4497 4491 
3	4497 4499 4494 
3	4499 4496 4494 
3	4498 4500 4497 
3	4500 4499 4497 
3	4104 4501 4490 
3	4490 4093 4104 
3	4105 4502 4104 
3	4502 4501 4104 
3	4501 4503 4490 
3	4503 4492 4490 
3	4502 4504 4503 
3	4503 4501 4502 
3	4108 4505 4105 
3	4505 4502 4105 
3	4109 4506 4108 
3	4506 4505 4108 
3	4505 4507 4502 
3	4507 4504 4502 
3	4506 4508 4507 
3	4507 4505 4506 
3	4503 4509 4498 
3	4498 4492 4503 
3	4504 4510 4509 
3	4509 4503 4504 
3	4509 4511 4500 
3	4500 4498 4509 
3	4510 4512 4511 
3	4511 4509 4510 
3	4507 4513 4504 
3	4513 4510 4504 
3	4508 4514 4513 
3	4513 4507 4508 
3	4513 4515 4510 
3	4515 4512 4510 
3	4514 4516 4515 
3	4515 4513 4514 
3	4495 4517 3018 
3	3018 2988 4495 
3	4496 4518 4517 
3	4517 4495 4496 
3	4517 4519 3018 
3	4519 3020 3018 
3	4518 4520 4519 
3	4519 4517 4518 
3	4499 4521 4518 
3	4518 4496 4499 
3	4500 4522 4499 
3	4522 4521 4499 
3	4521 4523 4520 
3	4520 4518 4521 
3	4522 4524 4523 
3	4523 4521 4522 
3	4519 4525 3026 
3	3026 3020 4519 
3	4520 4526 4525 
3	4525 4519 4520 
3	4525 4527 3026 
3	4527 3028 3026 
3	4526 4528 4525 
3	4528 4527 4525 
3	4523 4529 4520 
3	4529 4526 4520 
3	4524 4530 4523 
3	4530 4529 4523 
3	4529 4531 4526 
3	4531 4528 4526 
3	4530 4532 4529 
3	4532 4531 4529 
3	4511 4533 4522 
3	4522 4500 4511 
3	4512 4534 4533 
3	4533 4511 4512 
3	4533 4535 4524 
3	4524 4522 4533 
3	4534 4536 4535 
3	4535 4533 4534 
3	4515 4537 4534 
3	4534 4512 4515 
3	4516 4538 4537 
3	4537 4515 4516 
3	4537 4539 4534 
3	4539 4536 4534 
3	4538 4540 4539 
3	4539 4537 4538 
3	4535 4541 4530 
3	4530 4524 4535 
3	4536 4542 4541 
3	4541 4535 4536 
3	4541 4543 4530 
3	4543 4532 4530 
3	4542 4544 4541 
3	4544 4543 4541 
3	4548 4545 4546 
3	4546 4547 4548 
3	4550 4549 4548 
3	4549 4545 4548 
3	4548 4547 4551 
3	4551 4550 4548 
3	4539 4552 4536 
3	4552 4542 4536 
3	4540 4553 4539 
3	4553 4552 4539 
3	4547 4546 4544 
3	4544 4542 4547 
3	4542 4552 4554 
3	4554 4547 4542 
3	4552 4553 4554 
3	4553 4555 4554 
3	4547 4554 4556 
3	4556 4551 4547 
3	4554 4555 4557 
3	4557 4556 4554 
3	3072 3071 4559 
3	3071 4558 4559 
3	3072 4559 4560 
3	4560 3073 3072 
3	4559 4558 4561 
3	4561 4562 4559 
3	4559 4562 4560 
3	4562 4563 4560 
3	4567 4564 4565 
3	4565 4566 4567 
3	4562 4561 4567 
3	4561 4564 4567 
3	4567 4566 4568 
3	4568 4562 4567 
3	4566 4565 4570 
3	4565 4569 4570 
3	4566 4570 4568 
3	4570 4571 4568 
3	4562 4568 4572 
3	4572 4563 4562 
3	4568 4571 4573 
3	4573 4572 4568 
3	3073 4560 4574 
3	4574 3082 3073 
3	4560 4563 4575 
3	4575 4574 4560 
3	3085 3082 4576 
3	3082 4574 4576 
3	3085 4576 3086 
3	4576 4577 3086 
3	4576 4574 4575 
3	4575 4578 4576 
3	4576 4578 4577 
3	4578 4579 4577 
3	4581 4563 4572 
3	4572 4580 4581 
3	4578 4575 4581 
3	4575 4563 4581 
3	4581 4580 4582 
3	4582 4578 4581 
3	4580 4572 4573 
3	4573 4583 4580 
3	4580 4583 4584 
3	4584 4582 4580 
3	4578 4582 4585 
3	4585 4579 4578 
3	4582 4584 4586 
3	4586 4585 4582 
3	4590 4587 4588 
3	4588 4589 4590 
3	4592 4591 4590 
3	4591 4587 4590 
3	4590 4589 4593 
3	4593 4592 4590 
3	4570 4569 4550 
3	4569 4549 4550 
3	4570 4550 4594 
3	4594 4571 4570 
3	4550 4551 4595 
3	4595 4594 4550 
3	4597 4571 4594 
3	4594 4596 4597 
3	4583 4573 4597 
3	4573 4571 4597 
3	4597 4596 4598 
3	4598 4583 4597 
3	4596 4594 4595 
3	4595 4599 4596 
3	4596 4599 4600 
3	4600 4598 4596 
3	4602 4551 4556 
3	4556 4601 4602 
3	4599 4595 4602 
3	4595 4551 4602 
3	4602 4601 4587 
3	4587 4599 4602 
3	4601 4556 4557 
3	4557 4603 4601 
3	4601 4603 4588 
3	4588 4587 4601 
3	4599 4587 4591 
3	4591 4600 4599 
3	4605 4598 4600 
3	4600 4604 4605 
3	4607 4606 4605 
3	4606 4598 4605 
3	4605 4604 4608 
3	4608 4607 4605 
3	4609 4584 4606 
3	4606 4607 4609 
3	4610 4586 4609 
3	4586 4584 4609 
3	4609 4607 4611 
3	4611 4610 4609 
3	4607 4608 4612 
3	4612 4611 4607 
3	4614 4592 4593 
3	4593 4613 4614 
3	4616 4615 4614 
3	4615 4592 4614 
3	4614 4613 4617 
3	4617 4616 4614 
3	4604 4600 4591 
3	4591 4592 4604 
3	4604 4592 4615 
3	4615 4608 4604 
3	4618 4608 4615 
3	4615 4616 4618 
3	4619 4612 4618 
3	4612 4608 4618 
3	4618 4616 4620 
3	4620 4619 4618 
3	4616 4617 4621 
3	4621 4620 4616 
3	4583 4598 4606 
3	4606 4584 4583 
3	4153 4622 4506 
3	4506 4109 4153 
3	4154 4623 4622 
3	4622 4153 4154 
3	4622 4624 4508 
3	4508 4506 4622 
3	4623 4625 4624 
3	4624 4622 4623 
3	4157 4626 4623 
3	4623 4154 4157 
3	4158 4627 4626 
3	4626 4157 4158 
3	4626 4628 4625 
3	4625 4623 4626 
3	4627 4629 4628 
3	4628 4626 4627 
3	4624 4630 4514 
3	4514 4508 4624 
3	4625 4631 4630 
3	4630 4624 4625 
3	4630 4632 4516 
3	4516 4514 4630 
3	4631 4633 4630 
3	4633 4632 4630 
3	4628 4634 4625 
3	4634 4631 4625 
3	4629 4635 4628 
3	4635 4634 4628 
3	4634 4636 4631 
3	4636 4633 4631 
3	4635 4637 4634 
3	4637 4636 4634 
3	4169 4638 4627 
3	4627 4158 4169 
3	4170 4639 4169 
3	4639 4638 4169 
3	4638 4640 4627 
3	4640 4629 4627 
3	4639 4641 4638 
3	4641 4640 4638 
3	4173 4642 4170 
3	4642 4639 4170 
3	4174 4643 4173 
3	4643 4642 4173 
3	4642 4644 4639 
3	4644 4641 4639 
3	4646 4645 4642 
3	4645 4644 4642 
3	4642 4643 4647 
3	4647 4646 4642 
3	4175 4646 4647 
3	4647 4176 4175 
3	4179 4648 4175 
3	4648 4646 4175 
3	4650 4649 4645 
3	4645 4646 4650 
3	4652 4651 4650 
3	4651 4649 4650 
3	4650 4646 4648 
3	4648 4652 4650 
3	4640 4653 4629 
3	4653 4635 4629 
3	4641 4654 4640 
3	4654 4653 4640 
3	4653 4655 4635 
3	4655 4637 4635 
3	4657 4656 4653 
3	4656 4655 4653 
3	4653 4654 4658 
3	4658 4657 4653 
3	4659 4657 4658 
3	4658 4649 4659 
3	4661 4660 4659 
3	4660 4657 4659 
3	4659 4649 4651 
3	4651 4661 4659 
3	4663 4662 4656 
3	4656 4657 4663 
3	4665 4664 4663 
3	4664 4662 4663 
3	4663 4657 4660 
3	4660 4665 4663 
3	4649 4658 4641 
3	4658 4654 4641 
3	4641 4644 4645 
3	4645 4649 4641 
3	4632 4666 4516 
3	4666 4538 4516 
3	4633 4667 4632 
3	4667 4666 4632 
3	4666 4668 4538 
3	4668 4540 4538 
3	4667 4669 4666 
3	4669 4668 4666 
3	4673 4670 4671 
3	4671 4672 4673 
3	4675 4674 4673 
3	4674 4670 4673 
3	4673 4672 4676 
3	4676 4675 4673 
3	4636 4677 4633 
3	4677 4667 4633 
3	4637 4678 4636 
3	4678 4677 4636 
3	4672 4671 4667 
3	4671 4669 4667 
3	4667 4677 4672 
3	4677 4679 4672 
3	4677 4678 4680 
3	4680 4679 4677 
3	4681 4679 4680 
3	4680 4662 4681 
3	4683 4682 4681 
3	4682 4679 4681 
3	4681 4662 4664 
3	4664 4683 4681 
3	4672 4679 4682 
3	4682 4676 4672 
3	4668 4684 4540 
3	4684 4553 4540 
3	4670 4685 4668 
3	4685 4684 4668 
3	4668 4669 4671 
3	4671 4670 4668 
3	4553 4684 4685 
3	4685 4555 4553 
3	4686 4555 4685 
3	4685 4670 4686 
3	4603 4557 4686 
3	4557 4555 4686 
3	4686 4670 4674 
3	4674 4603 4686 
3	4662 4680 4637 
3	4680 4678 4637 
3	4637 4655 4656 
3	4656 4662 4637 
3	4690 4687 4688 
3	4688 4689 4690 
3	4692 4691 4690 
3	4691 4687 4690 
3	4690 4689 4693 
3	4693 4692 4690 
3	4694 4683 4664 
3	4664 4665 4694 
3	4696 4695 4694 
3	4695 4683 4694 
3	4694 4665 4697 
3	4697 4696 4694 
3	4687 4696 4697 
3	4697 4688 4687 
3	4691 4698 4687 
3	4698 4696 4687 
3	4700 4699 4695 
3	4695 4696 4700 
3	4702 4701 4700 
3	4701 4699 4700 
3	4700 4696 4698 
3	4698 4702 4700 
3	4703 4692 4693 
3	4693 4253 4703 
3	4215 4704 4703 
3	4704 4692 4703 
3	4703 4253 4216 
3	4216 4215 4703 
3	4704 4705 4692 
3	4705 4691 4692 
3	4219 4706 4215 
3	4706 4704 4215 
3	4708 4707 4705 
3	4705 4704 4708 
3	4710 4709 4708 
3	4709 4707 4708 
3	4708 4704 4706 
3	4706 4710 4708 
3	4712 4711 4701 
3	4701 4702 4712 
3	4714 4713 4712 
3	4713 4711 4712 
3	4712 4702 4715 
3	4715 4714 4712 
3	4716 4714 4715 
3	4715 4707 4716 
3	4718 4717 4716 
3	4717 4714 4716 
3	4716 4707 4709 
3	4709 4718 4716 
3	4719 4617 4713 
3	4713 4714 4719 
3	4720 4621 4719 
3	4621 4617 4719 
3	4719 4714 4717 
3	4717 4720 4719 
3	4721 4702 4698 
3	4698 4691 4721 
3	4707 4715 4721 
3	4715 4702 4721 
3	4721 4691 4705 
3	4705 4707 4721 
3	4723 4722 4652 
3	4652 4241 4723 
3	4237 4724 4723 
3	4724 4722 4723 
3	4723 4241 4238 
3	4238 4237 4723 
3	4722 4661 4651 
3	4651 4652 4722 
3	4724 4725 4722 
3	4725 4661 4722 
3	4726 4689 4724 
3	4724 4237 4726 
3	4253 4693 4726 
3	4693 4689 4726 
3	4726 4237 4239 
3	4239 4253 4726 
3	4689 4688 4725 
3	4725 4724 4689 
3	4241 4652 4648 
3	4648 4179 4241 
3	4727 4665 4660 
3	4660 4661 4727 
3	4688 4697 4727 
3	4697 4665 4727 
3	4727 4661 4725 
3	4725 4688 4727 
3	4729 4675 4676 
3	4676 4728 4729 
3	4731 4730 4729 
3	4730 4675 4729 
3	4729 4728 4699 
3	4699 4731 4729 
3	4732 4603 4674 
3	4674 4675 4732 
3	4589 4588 4732 
3	4588 4603 4732 
3	4732 4675 4730 
3	4730 4589 4732 
3	4733 4589 4730 
3	4730 4731 4733 
3	4613 4593 4733 
3	4593 4589 4733 
3	4733 4731 4711 
3	4711 4613 4733 
3	4731 4699 4701 
3	4701 4711 4731 
3	4728 4676 4682 
3	4682 4683 4728 
3	4728 4683 4695 
3	4695 4699 4728 
3	4613 4711 4713 
3	4713 4617 4613 
3	3028 4527 4734 
3	4734 3094 3028 
3	4527 4528 4735 
3	4735 4734 4527 
3	3094 4734 4736 
3	4736 3096 3094 
3	4734 4735 4564 
3	4564 4736 4734 
3	4528 4531 4735 
3	4531 4737 4735 
3	4531 4532 4737 
3	4532 4738 4737 
3	4735 4737 4565 
3	4565 4564 4735 
3	4737 4738 4569 
3	4569 4565 4737 
3	4532 4543 4545 
3	4545 4738 4532 
3	4543 4544 4546 
3	4546 4545 4543 
3	4738 4545 4549 
3	4549 4569 4738 
3	3096 4736 4558 
3	4558 3071 3096 
3	4736 4564 4561 
3	4561 4558 4736 
3	4739 4620 4621 
3	4621 4720 4739 
3	4741 4740 4739 
3	4740 4620 4739 
3	4739 4720 4742 
3	4742 4741 4739 
3	4744 4741 4742 
3	4742 4743 4744 
3	4746 4745 4744 
3	4745 4741 4744 
3	4744 4743 4747 
3	4747 4746 4744 
3	4749 4748 4740 
3	4740 4741 4749 
3	4751 4750 4749 
3	4750 4748 4749 
3	4749 4741 4745 
3	4745 4751 4749 
3	4755 4752 4753 
3	4753 4754 4755 
3	4757 4756 4755 
3	4756 4752 4755 
3	4755 4754 4758 
3	4758 4757 4755 
3	4760 4759 4750 
3	4750 4751 4760 
3	4762 4761 4760 
3	4761 4759 4760 
3	4760 4751 4763 
3	4763 4762 4760 
3	4765 4764 4761 
3	4761 4762 4765 
3	4767 4766 4765 
3	4766 4764 4765 
3	4765 4762 4768 
3	4768 4767 4765 
3	4762 4763 4769 
3	4769 4768 4762 
3	4752 4770 4746 
3	4770 4745 4746 
3	4746 4747 4753 
3	4753 4752 4746 
3	4751 4745 4770 
3	4770 4763 4751 
3	4771 4763 4770 
3	4770 4752 4771 
3	4772 4769 4771 
3	4769 4763 4771 
3	4771 4752 4756 
3	4756 4772 4771 
3	3184 3183 4774 
3	3183 4773 4774 
3	3184 4774 3185 
3	4774 4775 3185 
3	4774 4773 4776 
3	4776 4777 4774 
3	4774 4777 4778 
3	4778 4775 4774 
3	4780 4579 4585 
3	4585 4779 4780 
3	4777 4776 4780 
3	4776 4579 4780 
3	4780 4779 4781 
3	4781 4777 4780 
3	4779 4585 4586 
3	4586 4610 4779 
3	4779 4610 4782 
3	4782 4781 4779 
3	4777 4781 4778 
3	4781 4783 4778 
3	4781 4782 4784 
3	4784 4783 4781 
3	3086 4577 4773 
3	4773 3183 3086 
3	4577 4579 4776 
3	4776 4773 4577 
3	3185 4775 3194 
3	4775 4785 3194 
3	4775 4778 4786 
3	4786 4785 4775 
3	4788 4785 4786 
3	4786 4787 4788 
3	4790 4789 4788 
3	4789 4785 4788 
3	4788 4787 4791 
3	4791 4790 4788 
3	3194 4785 4789 
3	4789 3197 3194 
3	4793 4783 4784 
3	4784 4792 4793 
3	4795 4794 4793 
3	4794 4783 4793 
3	4793 4792 4764 
3	4764 4795 4793 
3	4778 4783 4794 
3	4794 4786 4778 
3	4787 4786 4794 
3	4794 4795 4787 
3	4787 4795 4796 
3	4796 4791 4787 
3	4795 4764 4766 
3	4766 4796 4795 
3	4797 4611 4612 
3	4612 4619 4797 
3	4799 4798 4797 
3	4798 4611 4797 
3	4797 4619 4748 
3	4748 4799 4797 
3	4610 4611 4798 
3	4798 4782 4610 
3	4800 4782 4798 
3	4798 4799 4800 
3	4792 4784 4800 
3	4784 4782 4800 
3	4800 4799 4759 
3	4759 4792 4800 
3	4799 4748 4750 
3	4750 4759 4799 
3	4619 4620 4740 
3	4740 4748 4619 
3	4792 4759 4761 
3	4761 4764 4792 
3	4804 4801 4803 
3	4801 4802 4803 
3	4806 4805 4804 
3	4805 4801 4804 
3	4804 4803 4807 
3	4807 4806 4804 
3	4803 4802 4808 
3	4808 4809 4803 
3	4803 4809 4810 
3	4810 4807 4803 
3	3243 3242 4812 
3	3242 4811 4812 
3	3243 4812 4813 
3	4813 3244 3243 
3	4812 4811 4805 
3	4805 4806 4812 
3	4812 4806 4814 
3	4814 4813 4812 
3	3244 4813 4815 
3	4815 3246 3244 
3	4813 4814 4815 
3	4814 4816 4815 
3	4806 4807 4814 
3	4807 4817 4814 
3	4807 4810 4818 
3	4818 4817 4807 
3	4814 4817 4819 
3	4819 4816 4814 
3	4817 4818 4820 
3	4820 4819 4817 
3	4822 4821 4757 
3	4821 4756 4757 
3	4757 4758 4823 
3	4823 4822 4757 
3	4824 4822 4823 
3	4823 4445 4824 
3	4826 4825 4824 
3	4825 4822 4824 
3	4824 4445 4447 
3	4447 4826 4824 
3	4828 4827 4821 
3	4821 4822 4828 
3	4830 4829 4828 
3	4829 4827 4828 
3	4828 4822 4825 
3	4825 4830 4828 
3	4809 4808 4766 
3	4766 4767 4809 
3	4767 4768 4831 
3	4831 4809 4767 
3	4768 4769 4832 
3	4832 4831 4768 
3	4833 4831 4832 
3	4832 4827 4833 
3	4835 4834 4833 
3	4834 4831 4833 
3	4833 4827 4829 
3	4829 4835 4833 
3	4809 4831 4834 
3	4834 4810 4809 
3	4827 4832 4772 
3	4832 4769 4772 
3	4772 4756 4821 
3	4821 4827 4772 
3	4837 4836 4826 
3	4836 4825 4826 
3	4826 4447 4837 
3	4447 4457 4837 
3	4839 4838 4829 
3	4829 4830 4839 
3	4830 4825 4836 
3	4836 4839 4830 
3	4841 4840 4837 
3	4840 4836 4837 
3	4837 4457 4462 
3	4462 4841 4837 
3	4843 4842 4839 
3	4842 4838 4839 
3	4839 4836 4840 
3	4840 4843 4839 
3	4844 4810 4834 
3	4834 4835 4844 
3	4845 4818 4844 
3	4818 4810 4844 
3	4844 4835 4846 
3	4846 4845 4844 
3	4835 4829 4846 
3	4829 4838 4846 
3	4847 4820 4818 
3	4818 4845 4847 
3	4845 4846 4848 
3	4848 4847 4845 
3	4846 4838 4842 
3	4842 4848 4846 
3	3250 3197 4789 
3	4789 4790 3250 
3	3250 4790 4849 
3	4849 3251 3250 
3	4790 4791 4849 
3	4791 4801 4849 
3	3251 4849 4811 
3	4811 3242 3251 
3	4849 4801 4805 
3	4805 4811 4849 
3	4791 4796 4802 
3	4802 4801 4791 
3	4796 4766 4808 
3	4808 4802 4796 
3	4850 4718 4709 
3	4709 4710 4850 
3	4852 4851 4850 
3	4851 4718 4850 
3	4850 4710 4853 
3	4853 4852 4850 
3	4854 4852 4853 
3	4853 4393 4854 
3	4403 4855 4854 
3	4855 4852 4854 
3	4854 4393 4394 
3	4394 4403 4854 
3	4856 4743 4851 
3	4851 4852 4856 
3	4857 4747 4856 
3	4747 4743 4856 
3	4856 4852 4855 
3	4855 4857 4856 
3	4858 4710 4706 
3	4706 4219 4858 
3	4393 4853 4858 
3	4853 4710 4858 
3	4858 4219 4388 
3	4388 4393 4858 
3	4859 4720 4717 
3	4717 4718 4859 
3	4743 4742 4859 
3	4742 4720 4859 
3	4859 4718 4851 
3	4851 4743 4859 
3	4405 4860 4403 
3	4860 4855 4403 
3	4754 4753 4857 
3	4753 4747 4857 
3	4857 4855 4860 
3	4860 4754 4857 
3	4861 4754 4860 
3	4860 4405 4861 
3	4862 4758 4861 
3	4758 4754 4861 
3	4861 4405 4408 
3	4408 4862 4861 
3	4445 4823 4862 
3	4823 4758 4862 
3	4862 4408 4443 
3	4443 4445 4862 
3	4176 4647 4174 
3	4647 4643 4174 
3	4174 4483 4484 
3	4484 4176 4174 
3	1867 4863 1456 
3	4863 4328 1456 
3	4863 4864 4329 
3	4329 4328 4863 
3	4865 4864 4863 
3	4863 1867 4865 
3	1869 1879 4865 
3	4865 1867 1869 
3	4864 4866 4329 
3	4866 4331 4329 
3	1879 4867 4865 
3	4867 4864 4865 
3	4867 4868 4866 
3	4866 4864 4867 
3	4866 4869 4335 
3	4335 4331 4866 
3	4869 4870 4335 
3	4870 4336 4335 
3	4870 4871 4336 
3	4871 4337 4336 
3	4868 4872 4866 
3	4872 4869 4866 
3	4872 4873 4870 
3	4870 4869 4872 
3	4873 4874 4870 
3	4874 4871 4870 
3	1881 4875 4867 
3	4867 1879 1881 
3	4875 4876 4867 
3	4876 4868 4867 
3	1883 4877 4875 
3	4875 1881 1883 
3	4877 4878 4875 
3	4878 4876 4875 
3	4879 4873 4872 
3	4872 4868 4879 
3	4876 4880 4879 
3	4879 4868 4876 
3	4880 4881 4879 
3	4881 4873 4879 
3	4881 4882 4874 
3	4874 4873 4881 
3	4878 4883 4880 
3	4880 4876 4878 
3	4883 4884 4880 
3	4884 4881 4880 
3	4884 4885 4882 
3	4882 4881 4884 
3	4871 4886 4348 
3	4348 4337 4871 
3	4886 4887 4349 
3	4349 4348 4886 
3	4874 4888 4886 
3	4886 4871 4874 
3	4888 4889 4887 
3	4887 4886 4888 
3	4887 4890 4352 
3	4352 4349 4887 
3	4890 4891 4352 
3	4891 4353 4352 
3	4889 4892 4890 
3	4890 4887 4889 
3	4892 4893 4891 
3	4891 4890 4892 
3	4882 4894 4888 
3	4888 4874 4882 
3	4894 4895 4889 
3	4889 4888 4894 
3	4885 4896 4894 
3	4894 4882 4885 
3	4896 4897 4894 
3	4897 4895 4894 
3	4895 4898 4892 
3	4892 4889 4895 
3	4898 4899 4893 
3	4893 4892 4898 
3	4897 4900 4898 
3	4898 4895 4897 
3	4900 4901 4899 
3	4899 4898 4900 
3	1918 4902 1883 
3	4902 4877 1883 
3	1919 4903 1918 
3	4903 4902 1918 
3	4902 4883 4877 
3	4883 4878 4877 
3	4903 4904 4902 
3	4904 4883 4902 
3	1921 4905 1919 
3	4905 4903 1919 
3	4905 4906 4903 
3	4906 4904 4903 
3	4904 4907 4884 
3	4884 4883 4904 
3	4907 4908 4885 
3	4885 4884 4907 
3	4906 4909 4907 
3	4907 4904 4906 
3	4909 4910 4908 
3	4908 4907 4909 
3	1926 4911 1921 
3	4911 4905 1921 
3	4911 4912 4905 
3	4912 4906 4905 
3	1928 4913 1926 
3	4913 4911 1926 
3	4913 4914 4912 
3	4912 4911 4913 
3	4912 4915 4909 
3	4909 4906 4912 
3	4915 4916 4910 
3	4910 4909 4915 
3	4914 4917 4915 
3	4915 4912 4914 
3	4917 4918 4916 
3	4916 4915 4917 
3	4908 4919 4896 
3	4896 4885 4908 
3	4919 4920 4897 
3	4897 4896 4919 
3	4910 4921 4919 
3	4919 4908 4910 
3	4921 4922 4920 
3	4920 4919 4921 
3	4920 4923 4900 
3	4900 4897 4920 
3	4923 4924 4900 
3	4924 4901 4900 
3	4922 4925 4923 
3	4923 4920 4922 
3	4925 4926 4924 
3	4924 4923 4925 
3	4916 4927 4921 
3	4921 4910 4916 
3	4927 4928 4921 
3	4928 4922 4921 
3	4918 4929 4927 
3	4927 4916 4918 
3	4929 4930 4927 
3	4930 4928 4927 
3	4928 4931 4922 
3	4931 4925 4922 
3	4931 4932 4926 
3	4926 4925 4931 
3	4930 4933 4928 
3	4933 4931 4928 
3	4933 4934 4931 
3	4934 4932 4931 
3	4935 4841 4462 
3	4462 4460 4935 
3	4937 4936 4935 
3	4936 4841 4935 
3	4935 4460 4938 
3	4938 4937 4935 
3	4940 4939 4937 
3	4939 4936 4937 
3	4937 4938 4940 
3	4938 4941 4940 
3	4943 4942 4939 
3	4939 4940 4943 
3	4940 4941 4943 
3	4941 4944 4943 
3	4946 4945 4942 
3	4942 4943 4946 
3	4943 4944 4946 
3	4944 4947 4946 
3	4949 4948 4946 
3	4948 4945 4946 
3	4946 4947 4950 
3	4950 4949 4946 
3	4952 4949 4950 
3	4950 4951 4952 
3	4954 4953 4952 
3	4953 4949 4952 
3	4952 4951 4955 
3	4955 4954 4952 
3	4957 4956 4948 
3	4948 4949 4957 
3	4959 4958 4957 
3	4958 4956 4957 
3	4957 4949 4953 
3	4953 4959 4957 
3	4961 4960 4953 
3	4953 4954 4961 
3	4954 4955 4962 
3	4962 4961 4954 
3	4964 4963 4958 
3	4958 4959 4964 
3	4959 4953 4960 
3	4960 4964 4959 
3	4966 4965 4960 
3	4960 4961 4966 
3	4961 4962 4966 
3	4962 4967 4966 
3	4969 4968 4963 
3	4963 4964 4969 
3	4964 4960 4965 
3	4965 4969 4964 
3	4891 4970 4353 
3	4970 4425 4353 
3	4972 4971 4429 
3	4971 4428 4429 
3	4429 4425 4972 
3	4425 4970 4972 
3	4893 4973 4970 
3	4970 4891 4893 
3	4975 4974 4972 
3	4974 4971 4972 
3	4972 4970 4975 
3	4970 4973 4975 
3	4971 4976 4432 
3	4432 4428 4971 
3	4976 4977 4432 
3	4977 4433 4432 
3	4974 4978 4971 
3	4978 4976 4971 
3	4978 4979 4977 
3	4977 4976 4978 
3	4899 4980 4973 
3	4973 4893 4899 
3	4982 4981 4975 
3	4981 4974 4975 
3	4975 4973 4980 
3	4980 4982 4975 
3	4901 4983 4980 
3	4980 4899 4901 
3	4985 4984 4981 
3	4981 4982 4985 
3	4982 4980 4985 
3	4980 4983 4985 
3	4981 4986 4974 
3	4986 4978 4974 
3	4986 4987 4978 
3	4987 4979 4978 
3	4984 4988 4981 
3	4988 4986 4981 
3	4988 4989 4986 
3	4989 4987 4986 
3	4991 4990 4453 
3	4453 4454 4991 
3	4454 4433 4991 
3	4433 4977 4991 
3	4990 4992 4453 
3	4992 4455 4453 
3	4994 4993 4990 
3	4990 4991 4994 
3	4991 4977 4994 
3	4977 4979 4994 
3	4993 4995 4990 
3	4995 4992 4990 
3	4996 4938 4461 
3	4938 4460 4461 
3	4461 4455 4996 
3	4455 4992 4996 
3	4997 4941 4996 
3	4941 4938 4996 
3	4996 4992 4997 
3	4992 4995 4997 
3	4999 4998 4993 
3	4993 4994 4999 
3	4994 4979 4987 
3	4987 4999 4994 
3	4998 5000 4993 
3	5000 4995 4993 
3	5002 5001 4999 
3	5001 4998 4999 
3	4999 4987 4989 
3	4989 5002 4999 
3	5004 5003 5000 
3	5000 4998 5004 
3	5006 5005 5004 
3	5005 5003 5004 
3	5004 4998 5001 
3	5001 5006 5004 
3	5003 4944 4997 
3	4944 4941 4997 
3	4997 4995 5000 
3	5000 5003 4997 
3	5005 4947 4944 
3	4944 5003 5005 
3	4924 5007 4901 
3	5007 4983 4901 
3	4983 5008 4985 
3	5008 4984 4985 
3	5007 5009 5008 
3	5008 4983 5007 
3	4926 5010 5007 
3	5007 4924 4926 
3	5010 5011 5009 
3	5009 5007 5010 
3	5013 5012 4984 
3	5012 4988 4984 
3	4984 5008 5013 
3	5008 5009 5013 
3	5012 5014 4988 
3	5014 4989 4988 
3	5016 5015 5012 
3	5012 5013 5016 
3	5013 5009 5011 
3	5011 5016 5013 
3	5015 5017 5012 
3	5017 5014 5012 
3	4932 5018 5010 
3	5010 4926 4932 
3	5018 5019 5011 
3	5011 5010 5018 
3	4934 5020 4932 
3	5020 5018 4932 
3	5020 5021 5019 
3	5019 5018 5020 
3	5023 5022 5015 
3	5015 5016 5023 
3	5016 5011 5019 
3	5019 5023 5016 
3	5022 5024 5017 
3	5017 5015 5022 
3	5026 5025 5022 
3	5022 5023 5026 
3	5023 5019 5021 
3	5021 5026 5023 
3	5025 5027 5024 
3	5024 5022 5025 
3	5029 5028 5001 
3	5001 5002 5029 
3	5002 4989 5014 
3	5014 5029 5002 
3	5030 4951 5005 
3	5005 5006 5030 
3	5006 5001 5028 
3	5028 5030 5006 
3	5032 5031 5029 
3	5031 5028 5029 
3	5029 5014 5032 
3	5014 5017 5032 
3	5033 4955 4951 
3	4951 5030 5033 
3	5030 5028 5031 
3	5031 5033 5030 
3	4951 4950 5005 
3	4950 4947 5005 
3	5035 5034 5032 
3	5034 5031 5032 
3	5032 5017 5035 
3	5017 5024 5035 
3	5036 4962 5033 
3	4962 4955 5033 
3	5033 5031 5036 
3	5031 5034 5036 
3	5038 5037 5034 
3	5034 5035 5038 
3	5035 5024 5027 
3	5027 5038 5035 
3	5039 4967 5036 
3	4967 4962 5036 
3	5036 5034 5039 
3	5034 5037 5039 
3	5041 5040 4913 
3	4913 1928 5041 
3	1928 2079 5041 
3	2079 2088 5041 
3	5040 5042 4913 
3	5042 4914 4913 
3	5044 5043 5040 
3	5040 5041 5044 
3	5041 2088 5044 
3	2088 2091 5044 
3	5043 5045 5040 
3	5045 5042 5040 
3	5042 5046 4917 
3	4917 4914 5042 
3	5046 5047 4918 
3	4918 4917 5046 
3	5045 5048 5042 
3	5048 5046 5042 
3	5048 5049 5046 
3	5049 5047 5046 
3	2091 5050 5043 
3	5043 5044 2091 
3	5050 5051 5043 
3	5051 5045 5043 
3	5051 5052 5045 
3	5052 5048 5045 
3	5052 5053 5048 
3	5053 5049 5048 
3	2098 5054 5050 
3	5050 2091 2098 
3	5054 5055 5051 
3	5051 5050 5054 
3	5057 5056 5054 
3	5054 2098 5057 
3	2098 2101 5057 
3	2101 2102 5057 
3	5056 5058 5055 
3	5055 5054 5056 
3	5055 5059 5051 
3	5059 5052 5051 
3	5059 5060 5052 
3	5060 5053 5052 
3	5058 5061 5059 
3	5059 5055 5058 
3	5061 5062 5059 
3	5062 5060 5059 
3	5047 5063 4918 
3	5063 4929 4918 
3	5065 5064 4930 
3	4930 4929 5065 
3	5063 5066 5065 
3	5065 4929 5063 
3	5067 5066 5047 
3	5066 5063 5047 
3	5049 5053 5067 
3	5067 5047 5049 
3	5069 5068 4933 
3	4933 4930 5069 
3	4930 5064 5069 
3	5064 5070 5069 
3	5068 5071 4933 
3	5071 4934 4933 
3	5070 5072 5068 
3	5068 5069 5070 
3	5074 5073 5071 
3	5071 5068 5074 
3	5068 5072 5074 
3	5072 5075 5074 
3	5075 5076 5073 
3	5073 5074 5075 
3	5066 5070 5065 
3	5070 5064 5065 
3	5053 5077 5067 
3	5077 5066 5067 
3	5077 5078 5066 
3	5078 5070 5066 
3	5078 5075 5072 
3	5072 5070 5078 
3	5060 5079 5077 
3	5077 5053 5060 
3	5079 5080 5078 
3	5078 5077 5079 
3	5062 5081 5079 
3	5079 5060 5062 
3	5081 5082 5080 
3	5080 5079 5081 
3	5080 5083 5078 
3	5083 5075 5078 
3	5083 5084 5076 
3	5076 5075 5083 
3	5082 5085 5080 
3	5085 5083 5080 
3	5085 5086 5084 
3	5084 5083 5085 
3	2102 5087 5057 
3	5087 5056 5057 
3	2133 5088 2102 
3	5088 5087 2102 
3	5087 5089 5058 
3	5058 5056 5087 
3	5091 5090 5089 
3	5089 5087 5091 
3	5087 5088 5091 
3	5088 5092 5091 
3	5092 5093 5091 
3	5093 5090 5091 
3	5095 5094 5088 
3	5088 2133 5095 
3	2136 5096 5095 
3	5095 2133 2136 
3	5096 5097 5094 
3	5094 5095 5096 
3	5088 5094 5097 
3	5097 5092 5088 
3	2138 5098 5096 
3	5096 2136 2138 
3	5098 5099 5097 
3	5097 5096 5098 
3	5097 5100 5092 
3	5100 5093 5092 
3	5099 5101 5100 
3	5100 5097 5099 
3	5089 5102 5058 
3	5102 5061 5058 
3	5090 5103 5102 
3	5102 5089 5090 
3	5105 5104 5062 
3	5062 5061 5105 
3	5061 5102 5105 
3	5102 5103 5105 
3	5093 5106 5090 
3	5106 5103 5090 
3	5103 5107 5105 
3	5107 5104 5105 
3	5109 5108 5107 
3	5107 5103 5109 
3	5103 5106 5109 
3	5106 5110 5109 
3	5111 5110 5106 
3	5106 5093 5111 
3	5093 5100 5111 
3	5100 5101 5111 
3	5114 5113 5112 
3	5112 5100 5114 
3	5100 5112 5101 
3	5112 5115 5101 
3	5101 5116 5100 
3	5116 5114 5100 
3	5112 5113 5117 
3	5117 5115 5112 
3	2144 2146 5098 
3	5098 2138 2144 
3	2146 5118 5099 
3	5099 5098 2146 
3	5118 5119 5099 
3	5119 5101 5099 
3	2149 5120 2146 
3	5120 5118 2146 
3	5122 5121 5118 
3	5121 5119 5118 
3	5124 5123 5122 
3	5123 5121 5122 
3	5122 5118 5120 
3	5120 5124 5122 
3	5110 5125 5109 
3	5125 5108 5109 
3	5101 5115 5111 
3	5115 5110 5111 
3	5101 5115 5117 
3	5117 5116 5101 
3	5119 5126 5115 
3	5115 5101 5119 
3	5128 5127 5125 
3	5125 5110 5128 
3	5110 5115 5126 
3	5126 5128 5110 
3	5121 5128 5126 
3	5126 5119 5121 
3	5123 5129 5121 
3	5129 5128 5121 
3	5129 5130 5127 
3	5127 5128 5129 
3	5104 5131 5081 
3	5081 5062 5104 
3	5131 5132 5081 
3	5132 5082 5081 
3	5107 5133 5104 
3	5133 5131 5104 
3	5108 5134 5133 
3	5133 5107 5108 
3	5136 5135 5132 
3	5132 5131 5136 
3	5131 5133 5136 
3	5133 5134 5136 
3	5132 5137 5082 
3	5137 5085 5082 
3	5137 5138 5085 
3	5138 5086 5085 
3	5135 5139 5137 
3	5137 5132 5135 
3	5139 5140 5137 
3	5140 5138 5137 
3	5142 5141 5134 
3	5134 5108 5142 
3	5108 5125 5142 
3	5125 5127 5142 
3	5134 5143 5136 
3	5143 5135 5136 
3	5141 5144 5134 
3	5144 5143 5134 
3	5127 5145 5142 
3	5145 5141 5142 
3	5147 5146 5144 
3	5144 5141 5147 
3	5141 5145 5147 
3	5145 5148 5147 
3	5130 5148 5145 
3	5145 5127 5130 
3	5143 5149 5135 
3	5149 5139 5135 
3	5144 5150 5149 
3	5149 5143 5144 
3	5152 5151 5140 
3	5140 5139 5152 
3	5139 5149 5152 
3	5149 5150 5152 
3	5146 5153 5144 
3	5153 5150 5144 
3	5150 5154 5152 
3	5154 5151 5152 
3	5153 5155 5154 
3	5154 5150 5153 
3	5157 5156 4966 
3	5156 4965 4966 
3	4966 4967 5157 
3	4967 5158 5157 
3	5160 5159 4968 
3	4968 4969 5160 
3	4969 4965 5160 
3	4965 5156 5160 
3	5162 5161 5157 
3	5161 5156 5157 
3	5157 5158 5163 
3	5163 5162 5157 
3	5165 5164 5160 
3	5164 5159 5160 
3	5160 5156 5165 
3	5156 5161 5165 
3	5167 5166 5161 
3	5161 5162 5167 
3	5162 5163 5167 
3	5163 5168 5167 
3	5170 5169 5165 
3	5169 5164 5165 
3	5165 5161 5166 
3	5166 5170 5165 
3	5168 5171 5167 
3	5171 5166 5167 
3	5173 5172 5170 
3	5172 5169 5170 
3	5170 5166 5174 
3	5174 5173 5170 
3	5166 5171 5174 
3	5171 5175 5174 
3	5177 5176 5172 
3	5172 5173 5177 
3	5173 5174 5177 
3	5174 5178 5177 
3	5174 5175 5179 
3	5179 5178 5174 
3	5178 5180 5177 
3	5180 5176 5177 
3	5182 5181 5180 
3	5180 5178 5182 
3	5178 5179 5182 
3	5179 5183 5182 
3	5185 5184 5182 
3	5184 5181 5182 
3	5182 5183 5185 
3	5183 5186 5185 
3	5188 5187 5184 
3	5184 5185 5188 
3	5185 5186 5188 
3	5186 5189 5188 
3	5071 5190 4934 
3	5190 5020 4934 
3	5190 5191 5021 
3	5021 5020 5190 
3	5073 5192 5071 
3	5192 5190 5071 
3	5192 5193 5191 
3	5191 5190 5192 
3	5195 5194 5025 
3	5025 5026 5195 
3	5026 5021 5191 
3	5191 5195 5026 
3	5194 5196 5027 
3	5027 5025 5194 
3	5198 5197 5194 
3	5194 5195 5198 
3	5195 5191 5193 
3	5193 5198 5195 
3	5197 5199 5196 
3	5196 5194 5197 
3	5201 5200 5192 
3	5192 5073 5201 
3	5073 5076 5201 
3	5076 5084 5201 
3	5200 5202 5193 
3	5193 5192 5200 
3	5204 5203 5200 
3	5200 5201 5204 
3	5201 5084 5204 
3	5084 5086 5204 
3	5203 5205 5200 
3	5205 5202 5200 
3	5207 5206 5197 
3	5197 5198 5207 
3	5198 5193 5207 
3	5193 5202 5207 
3	5206 5208 5197 
3	5208 5199 5197 
3	5202 5209 5207 
3	5209 5206 5207 
3	5205 5210 5209 
3	5209 5202 5205 
3	5212 5211 5208 
3	5208 5206 5212 
3	5206 5209 5212 
3	5209 5210 5212 
3	5214 5213 5037 
3	5037 5038 5214 
3	5038 5027 5196 
3	5196 5214 5038 
3	5215 5158 5039 
3	5158 4967 5039 
3	5039 5037 5213 
3	5213 5215 5039 
3	5217 5216 5213 
3	5213 5214 5217 
3	5214 5196 5199 
3	5199 5217 5214 
3	5218 5163 5158 
3	5158 5215 5218 
3	5215 5213 5216 
3	5216 5218 5215 
3	5220 5219 5216 
3	5216 5217 5220 
3	5217 5199 5208 
3	5208 5220 5217 
3	5221 5168 5163 
3	5163 5218 5221 
3	5218 5216 5221 
3	5216 5219 5221 
3	5223 5222 5220 
3	5222 5219 5220 
3	5220 5208 5211 
3	5211 5223 5220 
3	5219 5224 5221 
3	5224 5168 5221 
3	5222 5225 5224 
3	5224 5219 5222 
3	5226 5175 5171 
3	5171 5168 5226 
3	5168 5224 5226 
3	5224 5225 5226 
3	5086 5227 5204 
3	5227 5203 5204 
3	5229 5228 5205 
3	5205 5203 5229 
3	5203 5227 5229 
3	5227 5230 5229 
3	5232 5231 5228 
3	5228 5229 5232 
3	5229 5230 5232 
3	5230 5233 5232 
3	5228 5234 5210 
3	5210 5205 5228 
3	5236 5235 5211 
3	5211 5212 5236 
3	5212 5210 5234 
3	5234 5236 5212 
3	5231 5237 5234 
3	5234 5228 5231 
3	5239 5238 5235 
3	5235 5236 5239 
3	5236 5234 5239 
3	5234 5237 5239 
3	5233 5240 5232 
3	5240 5231 5232 
3	5242 5241 5237 
3	5237 5231 5242 
3	5231 5240 5242 
3	5240 5243 5242 
3	5237 5244 5239 
3	5244 5238 5239 
3	5241 5245 5244 
3	5244 5237 5241 
3	5247 5246 5241 
3	5241 5242 5247 
3	5242 5243 5247 
3	5243 5248 5247 
3	5246 5249 5245 
3	5245 5241 5246 
3	5138 5230 5227 
3	5227 5086 5138 
3	5140 5233 5230 
3	5230 5138 5140 
3	5151 5250 5140 
3	5250 5233 5140 
3	5250 5243 5240 
3	5240 5233 5250 
3	5252 5251 5250 
3	5250 5151 5252 
3	5151 5154 5252 
3	5154 5155 5252 
3	5251 5248 5243 
3	5243 5250 5251 
3	5254 5253 5222 
3	5222 5223 5254 
3	5223 5211 5254 
3	5211 5235 5254 
3	5253 5255 5222 
3	5255 5225 5222 
3	5235 5256 5254 
3	5256 5253 5254 
3	5258 5257 5255 
3	5255 5253 5258 
3	5253 5256 5258 
3	5256 5259 5258 
3	5238 5259 5256 
3	5256 5235 5238 
3	5260 5179 5226 
3	5179 5175 5226 
3	5226 5225 5255 
3	5255 5260 5226 
3	5261 5183 5260 
3	5183 5179 5260 
3	5260 5255 5261 
3	5255 5257 5261 
3	5263 5262 5257 
3	5257 5258 5263 
3	5258 5259 5264 
3	5264 5263 5258 
3	5266 5265 5262 
3	5262 5263 5266 
3	5263 5264 5266 
3	5264 5267 5266 
3	5268 5264 5259 
3	5259 5238 5268 
3	5238 5244 5268 
3	5244 5245 5268 
3	5269 5267 5264 
3	5264 5268 5269 
3	5268 5245 5269 
3	5245 5249 5269 
3	5270 5186 5261 
3	5186 5183 5261 
3	5261 5257 5262 
3	5262 5270 5261 
3	5271 5189 5186 
3	5186 5270 5271 
3	5270 5262 5271 
3	5262 5265 5271 
3	5116 5117 5113 
3	5113 5114 5116 
3	5274 5273 5272 
3	5272 5275 5274 
3	5275 5272 5276 
3	5276 5277 5275 
3	5277 5278 5275 
3	5278 5274 5275 
3	5278 5279 5274 
3	5279 5273 5274 
3	5272 5273 5279 
3	5279 5276 5272 
3	5277 5276 5278 
3	5276 5279 5278 
3	3246 4815 5280 
3	5280 3692 3246 
3	4815 4816 5281 
3	5281 5280 4815 
3	3692 5280 5282 
3	5282 3695 3692 
3	5280 5281 5283 
3	5283 5282 5280 
3	5284 4819 4820 
3	4820 4847 5284 
3	5286 5285 5284 
3	5285 4819 5284 
3	5284 4847 5287 
3	5287 5286 5284 
3	4816 4819 5285 
3	5285 5281 4816 
3	5288 5281 5285 
3	5285 5286 5288 
3	5289 5283 5288 
3	5283 5281 5288 
3	5288 5286 5290 
3	5290 5289 5288 
3	5286 5287 5290 
3	5287 5291 5290 
3	3702 3695 5292 
3	3695 5282 5292 
3	3702 5292 5293 
3	5293 3703 3702 
3	5292 5282 5289 
3	5282 5283 5289 
3	5292 5289 5294 
3	5294 5293 5292 
3	3703 5293 3705 
3	5293 5295 3705 
3	5293 5294 5295 
3	5294 5296 5295 
3	5289 5290 5294 
3	5290 5297 5294 
3	5290 5291 5298 
3	5298 5297 5290 
3	5294 5297 5296 
3	5297 5299 5296 
3	5297 5298 5300 
3	5300 5299 5297 
3	5301 4848 4842 
3	4842 4843 5301 
3	5303 5302 5301 
3	5302 4848 5301 
3	5301 4843 5304 
3	5304 5303 5301 
3	5306 5305 5303 
3	5305 5302 5303 
3	5303 5304 5307 
3	5307 5306 5303 
3	5308 4843 4840 
3	4840 4841 5308 
3	5309 5304 5308 
3	5304 4843 5308 
3	5308 4841 4936 
3	4936 5309 5308 
3	5310 5307 5304 
3	5304 5309 5310 
3	5309 4936 4939 
3	4939 5310 5309 
3	4847 4848 5302 
3	5302 5287 4847 
3	5287 5302 5305 
3	5305 5291 5287 
3	5311 5291 5305 
3	5305 5306 5311 
3	5312 5298 5311 
3	5298 5291 5311 
3	5311 5306 5313 
3	5313 5312 5311 
3	5306 5307 5313 
3	5307 5314 5313 
3	5315 5300 5312 
3	5300 5298 5312 
3	5312 5313 5316 
3	5316 5315 5312 
3	5313 5314 5317 
3	5317 5316 5313 
3	5318 5314 5307 
3	5307 5310 5318 
3	5310 4939 4942 
3	4942 5318 5310 
3	5319 5317 5318 
3	5317 5314 5318 
3	5318 4942 4945 
3	4945 5319 5318 
3	5320 5299 5300 
3	5300 5315 5320 
3	5322 5321 5320 
3	5321 5299 5320 
3	5320 5315 5323 
3	5323 5322 5320 
3	5325 5324 5321 
3	5321 5322 5325 
3	5322 5323 5326 
3	5326 5325 5322 
3	3705 5295 3734 
3	5295 5327 3734 
3	5295 5296 5327 
3	5296 5328 5327 
3	3734 5327 3736 
3	5327 5329 3736 
3	5327 5328 5330 
3	5330 5329 5327 
3	5296 5299 5321 
3	5321 5328 5296 
3	5328 5321 5324 
3	5324 5330 5328 
3	5334 5331 5332 
3	5332 5333 5334 
3	5336 5335 5334 
3	5335 5331 5334 
3	5334 5333 5337 
3	5337 5336 5334 
3	5338 5330 5324 
3	5324 5325 5338 
3	5333 5332 5338 
3	5332 5330 5338 
3	5338 5325 5339 
3	5339 5333 5338 
3	5325 5326 5339 
3	5326 5340 5339 
3	5333 5339 5337 
3	5339 5341 5337 
3	5339 5340 5341 
3	5340 5342 5341 
3	3736 5329 3745 
3	5329 5331 3745 
3	5329 5330 5332 
3	5332 5331 5329 
3	3745 5331 5335 
3	5335 3747 3745 
3	5343 5316 5317 
3	5317 5319 5343 
3	5345 5344 5343 
3	5344 5316 5343 
3	5343 5319 4956 
3	4956 5345 5343 
3	5315 5316 5344 
3	5344 5323 5315 
3	5347 5346 5344 
3	5344 5345 5347 
3	5345 4956 4958 
3	4958 5347 5345 
3	5323 5344 5346 
3	5346 5326 5323 
3	5319 4945 4948 
3	4948 4956 5319 
3	5349 5348 5346 
3	5346 5347 5349 
3	5347 4958 4963 
3	4963 5349 5347 
3	5326 5346 5348 
3	5348 5340 5326 
3	5351 5350 5348 
3	5348 5349 5351 
3	5349 4963 4968 
3	4968 5351 5349 
3	5340 5348 5342 
3	5348 5350 5342 
3	5352 3747 5335 
3	5335 5336 5352 
3	3774 3773 5352 
3	3773 3747 5352 
3	5352 5336 5353 
3	5353 3774 5352 
3	5336 5337 5353 
3	5337 5354 5353 
3	3774 5353 5355 
3	5355 3775 3774 
3	5353 5354 5356 
3	5356 5355 5353 
3	5337 5341 5354 
3	5341 5357 5354 
3	5341 5342 5357 
3	5342 5358 5357 
3	5354 5357 5356 
3	5357 5359 5356 
3	5357 5358 5360 
3	5360 5359 5357 
3	3775 5355 3781 
3	5355 5361 3781 
3	5355 5356 5361 
3	5356 5362 5361 
3	3781 5361 3783 
3	5361 5363 3783 
3	5361 5362 5364 
3	5364 5363 5361 
3	5356 5359 5362 
3	5359 5365 5362 
3	5359 5360 5365 
3	5360 5366 5365 
3	5362 5365 5367 
3	5367 5364 5362 
3	5365 5366 5367 
3	5366 5368 5367 
3	5370 5369 5351 
3	5369 5350 5351 
3	5351 4968 5159 
3	5159 5370 5351 
3	5342 5350 5369 
3	5369 5358 5342 
3	5371 5358 5369 
3	5369 5370 5371 
3	5372 5360 5371 
3	5360 5358 5371 
3	5371 5370 5373 
3	5373 5372 5371 
3	5370 5159 5373 
3	5159 5164 5373 
3	5374 5366 5372 
3	5366 5360 5372 
3	5372 5373 5374 
3	5373 5375 5374 
3	5373 5164 5375 
3	5164 5169 5375 
3	5376 5368 5366 
3	5366 5374 5376 
3	5374 5375 5376 
3	5375 5377 5376 
3	5375 5169 5172 
3	5172 5377 5375 
3	3783 5363 3809 
3	5363 5378 3809 
3	5363 5364 5379 
3	5379 5378 5363 
3	5378 5380 3809 
3	5380 3813 3809 
3	5382 5381 5380 
3	5380 5378 5382 
3	5378 5379 5382 
3	5379 5383 5382 
3	5364 5367 5384 
3	5384 5379 5364 
3	5367 5368 5385 
3	5385 5384 5367 
3	5379 5384 5386 
3	5386 5383 5379 
3	5384 5385 5387 
3	5387 5386 5384 
3	3813 5380 3815 
3	5380 5381 3815 
3	5383 5388 5382 
3	5388 5381 5382 
3	5390 5389 5388 
3	5388 5383 5390 
3	5383 5386 5390 
3	5386 5391 5390 
3	5386 5387 5392 
3	5392 5391 5386 
3	5391 5393 5390 
3	5393 5389 5390 
3	5395 5394 5393 
3	5393 5391 5395 
3	5391 5392 5395 
3	5392 5396 5395 
3	3815 5381 5397 
3	5397 3825 3815 
3	5381 5388 5397 
3	5388 5389 5397 
3	3825 5397 5398 
3	5398 3827 3825 
3	5397 5389 5398 
3	5389 5399 5398 
3	5389 5393 5399 
3	5393 5394 5399 
3	5377 5400 5376 
3	5400 5368 5376 
3	5402 5401 5400 
3	5400 5377 5402 
3	5377 5172 5402 
3	5172 5176 5402 
3	5368 5400 5385 
3	5400 5401 5385 
3	5404 5403 5402 
3	5403 5401 5402 
3	5402 5176 5405 
3	5405 5404 5402 
3	5385 5401 5387 
3	5401 5403 5387 
3	5176 5180 5405 
3	5180 5181 5405 
3	5407 5406 5403 
3	5403 5404 5407 
3	5404 5405 5407 
3	5405 5408 5407 
3	5387 5403 5392 
3	5403 5406 5392 
3	5408 5409 5407 
3	5409 5406 5407 
3	5392 5406 5410 
3	5410 5396 5392 
3	5406 5409 5410 
3	5409 5411 5410 
3	5405 5181 5184 
3	5184 5408 5405 
3	5412 5411 5409 
3	5409 5408 5412 
3	5408 5184 5412 
3	5184 5187 5412 
3	570 569 5413 
3	5413 571 570 
3	569 572 5415 
3	572 5414 5415 
3	5415 5416 5413 
3	5413 569 5415 
3	5415 5414 5417 
3	5417 5416 5415 
3	572 578 5414 
3	578 5418 5414 
3	578 580 5419 
3	5419 5418 578 
3	5414 5418 5420 
3	5420 5417 5414 
3	5418 5419 5422 
3	5419 5421 5422 
3	5422 5423 5420 
3	5420 5418 5422 
3	5422 5421 5425 
3	5421 5424 5425 
3	5425 5426 5423 
3	5423 5422 5425 
3	5425 5424 5427 
3	5427 5426 5425 
3	603 602 5428 
3	5428 604 603 
3	604 5428 5430 
3	5428 5429 5430 
3	5430 5431 605 
3	605 604 5430 
3	5430 5429 5432 
3	5432 5431 5430 
3	612 611 5434 
3	611 5433 5434 
3	5434 5435 613 
3	613 612 5434 
3	5431 5433 611 
3	611 605 5431 
3	5434 5433 5436 
3	5436 5435 5434 
3	5431 5432 5438 
3	5432 5437 5438 
3	5438 5439 5433 
3	5433 5431 5438 
3	5439 5440 5436 
3	5436 5433 5439 
3	5438 5437 5441 
3	5441 5439 5438 
3	5439 5441 5442 
3	5442 5443 5439 
3	5443 5444 5440 
3	5440 5439 5443 
3	5443 5442 5445 
3	5445 5444 5443 
3	624 623 5447 
3	623 5446 5447 
3	5447 5448 625 
3	625 624 5447 
3	5447 5446 5449 
3	5449 5448 5447 
3	626 625 5450 
3	625 5448 5450 
3	5450 5419 580 
3	580 626 5450 
3	5450 5448 5451 
3	5451 5419 5450 
3	5419 5451 5421 
3	5451 5452 5421 
3	5448 5449 5454 
3	5449 5453 5454 
3	5454 5452 5451 
3	5451 5448 5454 
3	5435 5446 623 
3	623 613 5435 
3	5435 5436 5455 
3	5436 5440 5455 
3	5455 5456 5446 
3	5446 5435 5455 
3	5456 5453 5449 
3	5449 5446 5456 
3	5421 5452 5424 
3	5452 5457 5424 
3	5454 5453 5459 
3	5453 5458 5459 
3	5459 5457 5452 
3	5452 5454 5459 
3	5424 5457 5461 
3	5457 5460 5461 
3	5461 5462 5427 
3	5427 5424 5461 
3	5459 5458 5463 
3	5463 5457 5459 
3	5457 5463 5460 
3	5463 5464 5460 
3	5455 5440 5465 
3	5465 5456 5455 
3	5456 5465 5467 
3	5465 5466 5467 
3	5467 5458 5453 
3	5453 5456 5467 
3	5444 5466 5465 
3	5465 5440 5444 
3	5467 5466 5468 
3	5468 5458 5467 
3	5444 5445 5469 
3	5469 5466 5444 
3	5466 5469 5471 
3	5469 5470 5471 
3	5471 5472 5468 
3	5468 5466 5471 
3	5458 5468 5473 
3	5468 5472 5473 
3	5473 5464 5463 
3	5463 5458 5473 
3	5476 5475 5477 
3	5475 5474 5477 
3	5477 5474 5479 
3	5474 5478 5479 
3	5479 5480 5476 
3	5476 5477 5479 
3	5480 5481 5476 
3	5481 5475 5476 
3	5479 5478 5482 
3	5482 5483 5479 
3	5483 5484 5479 
3	5484 5480 5479 
3	5483 5482 5486 
3	5482 5485 5486 
3	5486 5485 5487 
3	5487 5488 5486 
3	5488 5489 5486 
3	5489 5483 5486 
3	5489 5490 5484 
3	5484 5483 5489 
3	5492 5491 5481 
3	5481 5480 5492 
3	5484 5493 5492 
3	5492 5480 5484 
3	5493 5494 5492 
3	5494 5491 5492 
3	5490 5495 5493 
3	5493 5484 5490 
3	5497 5496 5493 
3	5496 5494 5493 
3	5495 5498 5497 
3	5497 5493 5495 
3	5461 5460 5499 
3	5499 5462 5461 
3	5460 5464 5501 
3	5464 5500 5501 
3	5501 5502 5499 
3	5499 5460 5501 
3	5501 5500 5503 
3	5503 5502 5501 
3	5471 5470 5504 
3	5504 5472 5471 
3	5473 5472 5505 
3	5505 5464 5473 
3	5464 5505 5500 
3	5505 5506 5500 
3	5472 5504 5507 
3	5507 5508 5472 
3	5508 5506 5505 
3	5505 5472 5508 
3	5500 5506 5510 
3	5506 5509 5510 
3	5510 5511 5503 
3	5503 5500 5510 
3	5508 5507 5513 
3	5507 5512 5513 
3	5513 5509 5506 
3	5506 5508 5513 
3	5516 5515 5517 
3	5515 5514 5517 
3	5517 5514 5518 
3	5518 5519 5517 
3	5519 5520 5517 
3	5520 5516 5517 
3	5498 5521 5497 
3	5521 5496 5497 
3	5510 5509 5522 
3	5522 5514 5510 
3	5514 5515 5510 
3	5515 5511 5510 
3	5513 5512 5524 
3	5512 5523 5524 
3	5524 5522 5513 
3	5522 5509 5513 
3	5514 5522 5525 
3	5525 5518 5514 
3	5524 5523 5527 
3	5523 5526 5527 
3	5527 5525 5524 
3	5525 5522 5524 
3	5488 5487 5529 
3	5487 5528 5529 
3	5529 5528 5530 
3	5530 5531 5529 
3	5531 5532 5529 
3	5532 5488 5529 
3	5531 5530 5534 
3	5530 5533 5534 
3	5534 5533 5535 
3	5535 5536 5534 
3	5536 5537 5534 
3	5537 5531 5534 
3	5537 5538 5531 
3	5538 5532 5531 
3	5539 5538 5540 
3	5538 5537 5540 
3	5540 5537 5541 
3	5541 5542 5540 
3	5542 5543 5540 
3	5543 5539 5540 
3	5536 5535 5544 
3	5544 5537 5536 
3	5537 5544 5541 
3	5544 5545 5541 
3	5542 5541 5546 
3	5546 5543 5542 
3	5541 5545 5548 
3	5545 5547 5548 
3	5548 5549 5546 
3	5546 5541 5548 
3	5548 5547 5550 
3	5550 5551 5548 
3	5551 5552 5549 
3	5549 5548 5551 
3	5551 5550 5554 
3	5550 5553 5554 
3	5554 5555 5552 
3	5552 5551 5554 
3	5554 5553 5557 
3	5553 5556 5557 
3	5557 5558 5554 
3	5558 5555 5554 
3	5557 5556 5560 
3	5556 5559 5560 
3	5560 5561 5558 
3	5558 5557 5560 
3	5564 5563 5565 
3	5563 5562 5565 
3	5565 5562 5566 
3	5566 5567 5565 
3	5567 5568 5565 
3	5568 5564 5565 
3	5532 5569 5488 
3	5569 5489 5488 
3	5569 5570 5489 
3	5570 5490 5489 
3	5571 5569 5572 
3	5569 5532 5572 
3	5572 5532 5538 
3	5538 5539 5572 
3	5539 5573 5572 
3	5573 5571 5572 
3	5574 5570 5569 
3	5569 5571 5574 
3	5573 5575 5574 
3	5574 5571 5573 
3	5570 5576 5490 
3	5576 5495 5490 
3	5576 5577 5495 
3	5577 5498 5495 
3	5562 5576 5570 
3	5570 5574 5562 
3	5575 5566 5574 
3	5566 5562 5574 
3	5563 5577 5562 
3	5577 5576 5562 
3	5578 5575 5579 
3	5575 5573 5579 
3	5579 5573 5580 
3	5580 5581 5579 
3	5581 5582 5579 
3	5582 5578 5579 
3	5581 5580 5584 
3	5580 5583 5584 
3	5584 5585 5582 
3	5582 5581 5584 
3	5586 5568 5567 
3	5567 5587 5586 
3	5587 5567 5588 
3	5588 5589 5587 
3	5589 5590 5587 
3	5590 5586 5587 
3	5567 5566 5578 
3	5566 5575 5578 
3	5582 5588 5578 
3	5588 5567 5578 
3	5589 5588 5592 
3	5588 5591 5592 
3	5592 5593 5590 
3	5590 5589 5592 
3	5585 5591 5582 
3	5591 5588 5582 
3	5543 5580 5573 
3	5573 5539 5543 
3	5543 5546 5549 
3	5549 5594 5543 
3	5594 5583 5580 
3	5580 5543 5594 
3	5597 5596 5598 
3	5596 5595 5598 
3	5598 5595 5600 
3	5595 5599 5600 
3	5600 5601 5598 
3	5601 5597 5598 
3	5595 5602 5564 
3	5602 5563 5564 
3	5568 5599 5564 
3	5599 5595 5564 
3	5596 5603 5602 
3	5602 5595 5596 
3	5604 5520 5519 
3	5519 5605 5604 
3	5605 5519 5606 
3	5606 5607 5605 
3	5607 5608 5605 
3	5608 5604 5605 
3	5519 5518 5610 
3	5518 5609 5610 
3	5610 5609 5603 
3	5603 5596 5610 
3	5596 5606 5610 
3	5606 5519 5610 
3	5607 5606 5597 
3	5606 5596 5597 
3	5601 5611 5597 
3	5611 5607 5597 
3	5611 5612 5608 
3	5608 5607 5611 
3	5614 5613 5521 
3	5521 5498 5614 
3	5577 5615 5614 
3	5614 5498 5577 
3	5527 5526 5614 
3	5526 5613 5614 
3	5615 5616 5527 
3	5527 5614 5615 
3	5602 5615 5577 
3	5577 5563 5602 
3	5603 5616 5602 
3	5616 5615 5602 
3	5518 5525 5609 
3	5525 5527 5609 
3	5609 5527 5616 
3	5616 5603 5609 
3	5600 5599 5586 
3	5599 5568 5586 
3	5590 5617 5586 
3	5617 5600 5586 
3	5617 5618 5600 
3	5618 5601 5600 
3	5593 5619 5617 
3	5617 5590 5593 
3	5619 5620 5618 
3	5618 5617 5619 
3	5618 5621 5611 
3	5611 5601 5618 
3	5621 5622 5612 
3	5612 5611 5621 
3	5620 5623 5618 
3	5623 5621 5618 
3	5623 5624 5622 
3	5622 5621 5623 
3	5584 5583 5625 
3	5625 5585 5584 
3	5592 5591 5626 
3	5626 5593 5592 
3	5585 5625 5628 
3	5625 5627 5628 
3	5628 5629 5591 
3	5591 5585 5628 
3	5629 5630 5626 
3	5626 5591 5629 
3	5628 5627 5632 
3	5627 5631 5632 
3	5632 5633 5629 
3	5629 5628 5632 
3	5633 5634 5629 
3	5634 5630 5629 
3	5594 5549 5552 
3	5552 5635 5594 
3	5635 5636 5594 
3	5636 5583 5594 
3	5636 5627 5625 
3	5625 5583 5636 
3	5635 5552 5637 
3	5552 5555 5637 
3	5637 5638 5636 
3	5636 5635 5637 
3	5638 5631 5627 
3	5627 5636 5638 
3	5632 5631 5639 
3	5639 5633 5632 
3	5633 5639 5641 
3	5639 5640 5641 
3	5641 5642 5634 
3	5634 5633 5641 
3	5641 5640 5643 
3	5643 5644 5641 
3	5644 5645 5642 
3	5642 5641 5644 
3	5637 5555 5646 
3	5646 5638 5637 
3	5638 5646 5648 
3	5646 5647 5648 
3	5648 5649 5638 
3	5649 5631 5638 
3	5558 5647 5646 
3	5646 5555 5558 
3	5648 5647 5650 
3	5650 5651 5648 
3	5651 5652 5648 
3	5652 5649 5648 
3	5561 5650 5558 
3	5650 5647 5558 
3	5649 5640 5639 
3	5639 5631 5649 
3	5652 5643 5640 
3	5640 5649 5652 
3	5593 5626 5653 
3	5626 5630 5653 
3	5653 5654 5619 
3	5619 5593 5653 
3	5654 5655 5620 
3	5620 5619 5654 
3	5653 5630 5656 
3	5656 5654 5653 
3	5654 5656 5655 
3	5656 5657 5655 
3	5634 5658 5656 
3	5656 5630 5634 
3	5658 5659 5657 
3	5657 5656 5658 
3	5655 5660 5623 
3	5623 5620 5655 
3	5660 5661 5624 
3	5624 5623 5660 
3	5655 5657 5660 
3	5657 5662 5660 
3	5660 5662 5661 
3	5662 5663 5661 
3	5659 5664 5662 
3	5662 5657 5659 
3	5664 5665 5662 
3	5665 5663 5662 
3	5642 5666 5634 
3	5666 5658 5634 
3	5666 5667 5658 
3	5667 5659 5658 
3	5645 5668 5666 
3	5666 5642 5645 
3	5668 5669 5667 
3	5667 5666 5668 
3	5667 5670 5659 
3	5670 5664 5659 
3	5670 5671 5664 
3	5671 5665 5664 
3	5669 5672 5667 
3	5672 5670 5667 
3	5672 5673 5670 
3	5673 5671 5670 
3	946 945 5674 
3	5674 5675 946 
3	5675 5676 946 
3	5676 602 946 
3	948 947 5677 
3	5677 5678 948 
3	5678 5674 945 
3	945 948 5678 
3	5675 5674 5680 
3	5674 5679 5680 
3	5680 5681 5676 
3	5676 5675 5680 
3	5678 5677 5683 
3	5677 5682 5683 
3	5683 5679 5678 
3	5679 5674 5678 
3	954 953 5684 
3	5684 5685 954 
3	5685 5677 947 
3	947 954 5685 
3	953 955 5686 
3	955 983 5686 
3	5686 983 5687 
3	5687 5688 5686 
3	5688 5684 5686 
3	5684 953 5686 
3	5685 5684 5689 
3	5689 5690 5685 
3	5690 5682 5677 
3	5677 5685 5690 
3	5688 5687 5691 
3	5691 5692 5688 
3	5692 5689 5684 
3	5684 5688 5692 
3	5680 5679 5693 
3	5693 5681 5680 
3	5683 5682 5695 
3	5682 5694 5695 
3	5695 5696 5679 
3	5679 5683 5695 
3	5696 5697 5693 
3	5693 5679 5696 
3	5695 5694 5698 
3	5698 5696 5695 
3	5696 5698 5700 
3	5698 5699 5700 
3	5700 5701 5697 
3	5697 5696 5700 
3	5690 5689 5703 
3	5689 5702 5703 
3	5703 5694 5690 
3	5694 5682 5690 
3	5692 5691 5704 
3	5704 5705 5692 
3	5705 5702 5692 
3	5702 5689 5692 
3	5703 5702 5707 
3	5702 5706 5707 
3	5707 5708 5694 
3	5694 5703 5707 
3	5705 5704 5710 
3	5704 5709 5710 
3	5710 5706 5702 
3	5702 5705 5710 
3	5708 5699 5698 
3	5698 5694 5708 
3	5713 5712 5714 
3	5712 5711 5714 
3	5714 5711 5715 
3	5715 5716 5714 
3	5716 5717 5714 
3	5717 5713 5714 
3	971 970 5718 
3	5718 5711 971 
3	5711 5712 971 
3	5712 972 971 
3	970 973 5718 
3	973 5719 5718 
3	5711 5718 5715 
3	5718 5720 5715 
3	5718 5719 5720 
3	5719 5721 5720 
3	5716 5715 5723 
3	5715 5722 5723 
3	5723 5724 5716 
3	5724 5717 5716 
3	5723 5722 5725 
3	5725 5726 5723 
3	5726 5727 5724 
3	5724 5723 5726 
3	5715 5720 5722 
3	5720 5728 5722 
3	5720 5721 5729 
3	5729 5728 5720 
3	5722 5728 5730 
3	5730 5725 5722 
3	5728 5729 5731 
3	5731 5730 5728 
3	983 982 5687 
3	982 5713 5687 
3	982 972 5712 
3	5712 5713 982 
3	5687 5713 5717 
3	5717 5691 5687 
3	5691 5717 5724 
3	5724 5704 5691 
3	5704 5724 5727 
3	5727 5709 5704 
3	5700 5699 5732 
3	5732 5733 5700 
3	5733 5734 5701 
3	5701 5700 5733 
3	5733 5732 5735 
3	5735 5736 5733 
3	5736 5737 5734 
3	5734 5733 5736 
3	5707 5706 5738 
3	5738 5708 5707 
3	5710 5709 5739 
3	5739 5706 5710 
3	5706 5739 5741 
3	5739 5740 5741 
3	5741 5742 5738 
3	5738 5706 5741 
3	5741 5740 5743 
3	5743 5744 5741 
3	5744 5745 5741 
3	5745 5742 5741 
3	5708 5738 5746 
3	5738 5742 5746 
3	5746 5732 5699 
3	5699 5708 5746 
3	5746 5742 5747 
3	5742 5745 5747 
3	5747 5735 5732 
3	5732 5746 5747 
3	5736 5735 5748 
3	5748 5749 5736 
3	5749 5750 5736 
3	5750 5737 5736 
3	5485 5750 5751 
3	5750 5749 5751 
3	5751 5749 5752 
3	5752 5528 5751 
3	5528 5487 5751 
3	5487 5485 5751 
3	5749 5748 5754 
3	5748 5753 5754 
3	5754 5753 5755 
3	5755 5756 5754 
3	5756 5752 5754 
3	5752 5749 5754 
3	5744 5743 5758 
3	5743 5757 5758 
3	5758 5757 5759 
3	5759 5760 5758 
3	5760 5761 5744 
3	5744 5758 5760 
3	5761 5762 5744 
3	5762 5745 5744 
3	5753 5762 5763 
3	5762 5761 5763 
3	5763 5761 5764 
3	5764 5765 5763 
3	5765 5755 5763 
3	5755 5753 5763 
3	5760 5759 5766 
3	5766 5767 5760 
3	5767 5764 5760 
3	5764 5761 5760 
3	5747 5745 5753 
3	5745 5762 5753 
3	5753 5748 5747 
3	5748 5735 5747 
3	5726 5725 5768 
3	5768 5769 5726 
3	5769 5770 5727 
3	5727 5726 5769 
3	5769 5768 5771 
3	5771 5772 5769 
3	5772 5773 5770 
3	5770 5769 5772 
3	5725 5730 5768 
3	5730 5774 5768 
3	5730 5731 5774 
3	5731 5775 5774 
3	5768 5774 5771 
3	5774 5776 5771 
3	5774 5775 5776 
3	5775 5777 5776 
3	5772 5771 5779 
3	5771 5778 5779 
3	5779 5780 5773 
3	5773 5772 5779 
3	5779 5778 5782 
3	5778 5781 5782 
3	5782 5783 5779 
3	5783 5780 5779 
3	5771 5776 5778 
3	5776 5784 5778 
3	5776 5777 5785 
3	5785 5784 5776 
3	5778 5784 5786 
3	5786 5781 5778 
3	5784 5785 5786 
3	5785 5787 5786 
3	5709 5727 5788 
3	5727 5770 5788 
3	5788 5740 5739 
3	5739 5709 5788 
3	5788 5770 5757 
3	5770 5773 5757 
3	5757 5743 5788 
3	5743 5740 5788 
3	5757 5773 5780 
3	5780 5759 5757 
3	5759 5780 5766 
3	5780 5783 5766 
3	5676 5429 5428 
3	5428 602 5676 
3	5681 5789 5676 
3	5789 5429 5676 
3	5789 5437 5432 
3	5432 5429 5789 
3	5681 5693 5790 
3	5693 5697 5790 
3	5790 5791 5789 
3	5789 5681 5790 
3	5791 5792 5789 
3	5792 5437 5789 
3	5790 5697 5701 
3	5701 5793 5790 
3	5793 5794 5791 
3	5791 5790 5793 
3	5794 5795 5791 
3	5795 5792 5791 
3	5792 5442 5441 
3	5441 5437 5792 
3	5795 5796 5792 
3	5796 5442 5792 
3	5796 5797 5445 
3	5445 5442 5796 
3	5797 5470 5469 
3	5469 5445 5797 
3	5793 5701 5734 
3	5734 5798 5793 
3	5798 5474 5794 
3	5794 5793 5798 
3	5474 5475 5795 
3	5795 5794 5474 
3	5798 5734 5799 
3	5734 5737 5799 
3	5799 5478 5798 
3	5478 5474 5798 
3	5475 5800 5795 
3	5800 5796 5795 
3	5800 5801 5796 
3	5801 5797 5796 
3	5481 5491 5800 
3	5800 5475 5481 
3	5491 5802 5800 
3	5802 5801 5800 
3	5799 5737 5750 
3	5750 5485 5799 
3	5485 5482 5799 
3	5482 5478 5799 
3	5494 5496 5802 
3	5802 5491 5494 
3	5801 5803 5470 
3	5470 5797 5801 
3	5803 5507 5504 
3	5504 5470 5803 
3	5802 5804 5801 
3	5804 5803 5801 
3	5804 5512 5507 
3	5507 5803 5804 
3	5496 5805 5804 
3	5804 5802 5496 
3	5805 5523 5804 
3	5523 5512 5804 
3	5521 5613 5805 
3	5805 5496 5521 
3	5613 5526 5805 
3	5526 5523 5805 
3	973 1050 5719 
3	1050 5806 5719 
3	1050 1051 5807 
3	5807 5806 1050 
3	5719 5806 5808 
3	5808 5721 5719 
3	5806 5807 5810 
3	5807 5809 5810 
3	5810 5809 5811 
3	5811 5812 5810 
3	5812 5808 5810 
3	5808 5806 5810 
3	1051 1054 5813 
3	1054 1058 5813 
3	5813 1058 5814 
3	5814 5809 5813 
3	5809 5807 5813 
3	5807 1051 5813 
3	1058 1057 5814 
3	1057 5815 5814 
3	5809 5814 5811 
3	5814 5816 5811 
3	5814 5815 5816 
3	5815 5817 5816 
3	5721 5808 5818 
3	5808 5812 5818 
3	5818 5812 5819 
3	5819 5820 5818 
3	5820 5729 5818 
3	5729 5721 5818 
3	5812 5811 5821 
3	5821 5819 5812 
3	5820 5819 5822 
3	5822 5823 5820 
3	5823 5731 5729 
3	5729 5820 5823 
3	5819 5821 5822 
3	5821 5824 5822 
3	5811 5816 5821 
3	5816 5825 5821 
3	5816 5817 5825 
3	5817 5826 5825 
3	5821 5825 5824 
3	5825 5827 5824 
3	5825 5826 5828 
3	5828 5827 5825 
3	1057 1075 5829 
3	5829 5815 1057 
3	1075 1077 5830 
3	5830 5829 1075 
3	5815 5829 5831 
3	5831 5817 5815 
3	5829 5830 5832 
3	5832 5831 5829 
3	1077 1080 5830 
3	1080 5833 5830 
3	1080 1081 5833 
3	1081 5834 5833 
3	5830 5833 5832 
3	5833 5835 5832 
3	5833 5834 5836 
3	5836 5835 5833 
3	5817 5831 5837 
3	5837 5826 5817 
3	5831 5832 5838 
3	5838 5837 5831 
3	5826 5837 5839 
3	5839 5828 5826 
3	5837 5838 5840 
3	5840 5839 5837 
3	5835 5836 5841 
3	5841 5842 5835 
3	5842 5841 5843 
3	5843 5844 5842 
3	5844 5845 5842 
3	5845 5835 5842 
3	5844 5843 5847 
3	5843 5846 5847 
3	5847 5848 5845 
3	5845 5844 5847 
3	5832 5835 5845 
3	5845 5838 5832 
3	5838 5845 5848 
3	5848 5840 5838 
3	5823 5822 5849 
3	5849 5850 5823 
3	5850 5775 5823 
3	5775 5731 5823 
3	5822 5824 5851 
3	5851 5849 5822 
3	5850 5849 5852 
3	5852 5853 5850 
3	5853 5777 5850 
3	5777 5775 5850 
3	5849 5851 5854 
3	5854 5852 5849 
3	5824 5827 5855 
3	5855 5851 5824 
3	5827 5828 5856 
3	5856 5855 5827 
3	5851 5855 5857 
3	5857 5854 5851 
3	5855 5856 5858 
3	5858 5857 5855 
3	5853 5852 5860 
3	5852 5859 5860 
3	5860 5785 5853 
3	5785 5777 5853 
3	5852 5854 5859 
3	5854 5861 5859 
3	5860 5859 5863 
3	5859 5862 5863 
3	5863 5787 5785 
3	5785 5860 5863 
3	5859 5861 5862 
3	5861 5864 5862 
3	5854 5857 5861 
3	5857 5865 5861 
3	5857 5858 5865 
3	5858 5866 5865 
3	5861 5865 5864 
3	5865 5867 5864 
3	5865 5866 5867 
3	5866 5868 5867 
3	5828 5839 5869 
3	5869 5856 5828 
3	5839 5840 5869 
3	5840 5870 5869 
3	5856 5869 5871 
3	5871 5858 5856 
3	5869 5870 5872 
3	5872 5871 5869 
3	5847 5846 5874 
3	5846 5873 5874 
3	5874 5875 5847 
3	5875 5848 5847 
3	5874 5873 5877 
3	5873 5876 5877 
3	5877 5878 5874 
3	5878 5875 5874 
3	5840 5848 5870 
3	5848 5875 5870 
3	5870 5875 5872 
3	5875 5878 5872 
3	5858 5871 5879 
3	5879 5866 5858 
3	5871 5872 5880 
3	5880 5879 5871 
3	5866 5879 5868 
3	5879 5881 5868 
3	5879 5880 5882 
3	5882 5881 5879 
3	5877 5876 5883 
3	5883 5884 5877 
3	5884 5885 5878 
3	5878 5877 5884 
3	5884 5883 5886 
3	5886 5887 5884 
3	5887 5888 5885 
3	5885 5884 5887 
3	5872 5878 5885 
3	5885 5880 5872 
3	5880 5885 5888 
3	5888 5882 5880 
3	5756 5755 5889 
3	5755 5765 5889 
3	5889 5765 5890 
3	5890 5891 5889 
3	5891 5892 5889 
3	5892 5756 5889 
3	5891 5890 5894 
3	5890 5893 5894 
3	5894 5895 5891 
3	5895 5892 5891 
3	5528 5752 5896 
3	5752 5756 5896 
3	5896 5756 5892 
3	5892 5533 5896 
3	5533 5530 5896 
3	5530 5528 5896 
3	5533 5892 5895 
3	5895 5535 5533 
3	5765 5764 5890 
3	5764 5897 5890 
3	5767 5766 5899 
3	5766 5898 5899 
3	5899 5897 5767 
3	5897 5764 5767 
3	5890 5897 5893 
3	5897 5900 5893 
3	5899 5898 5902 
3	5898 5901 5902 
3	5902 5900 5897 
3	5897 5899 5902 
3	5894 5893 5903 
3	5903 5904 5894 
3	5904 5905 5894 
3	5905 5895 5894 
3	5904 5903 5907 
3	5903 5906 5907 
3	5907 5908 5905 
3	5905 5904 5907 
3	5535 5895 5909 
3	5895 5905 5909 
3	5909 5545 5544 
3	5544 5535 5909 
3	5909 5905 5910 
3	5905 5908 5910 
3	5910 5547 5545 
3	5545 5909 5910 
3	5893 5900 5911 
3	5911 5903 5893 
3	5902 5901 5912 
3	5912 5913 5902 
3	5913 5911 5900 
3	5900 5902 5913 
3	5903 5911 5914 
3	5914 5906 5903 
3	5913 5912 5915 
3	5915 5916 5913 
3	5916 5914 5911 
3	5911 5913 5916 
3	5782 5781 5917 
3	5917 5918 5782 
3	5918 5919 5782 
3	5919 5783 5782 
3	5918 5917 5920 
3	5920 5921 5918 
3	5921 5922 5919 
3	5919 5918 5921 
3	5781 5786 5923 
3	5923 5917 5781 
3	5786 5787 5924 
3	5924 5923 5786 
3	5917 5923 5925 
3	5925 5920 5917 
3	5923 5924 5926 
3	5926 5925 5923 
3	5921 5920 5928 
3	5920 5927 5928 
3	5928 5929 5922 
3	5922 5921 5928 
3	5928 5927 5931 
3	5927 5930 5931 
3	5931 5932 5929 
3	5929 5928 5931 
3	5920 5925 5933 
3	5933 5927 5920 
3	5925 5926 5934 
3	5934 5933 5925 
3	5927 5933 5930 
3	5933 5935 5930 
3	5933 5934 5936 
3	5936 5935 5933 
3	5766 5783 5898 
3	5783 5919 5898 
3	5898 5919 5901 
3	5919 5922 5901 
3	5901 5922 5929 
3	5929 5912 5901 
3	5912 5929 5915 
3	5929 5932 5915 
3	5907 5906 5938 
3	5906 5937 5938 
3	5938 5939 5908 
3	5908 5907 5938 
3	5938 5937 5941 
3	5937 5940 5941 
3	5941 5942 5938 
3	5942 5939 5938 
3	5910 5908 5939 
3	5939 5943 5910 
3	5943 5550 5547 
3	5547 5910 5943 
3	5943 5939 5944 
3	5939 5942 5944 
3	5944 5553 5550 
3	5550 5943 5944 
3	5906 5914 5937 
3	5914 5945 5937 
3	5916 5915 5947 
3	5915 5946 5947 
3	5947 5945 5916 
3	5945 5914 5916 
3	5937 5945 5940 
3	5945 5948 5940 
3	5947 5946 5950 
3	5946 5949 5950 
3	5950 5948 5947 
3	5948 5945 5947 
3	5941 5940 5952 
3	5940 5951 5952 
3	5952 5953 5942 
3	5942 5941 5952 
3	5952 5951 5954 
3	5954 5953 5952 
3	5944 5942 5955 
3	5942 5953 5955 
3	5955 5556 5944 
3	5556 5553 5944 
3	5955 5953 5957 
3	5953 5956 5957 
3	5957 5559 5556 
3	5556 5955 5957 
3	5953 5954 5956 
3	5954 5958 5956 
3	5940 5948 5951 
3	5948 5959 5951 
3	5950 5949 5960 
3	5960 5961 5950 
3	5961 5959 5950 
3	5959 5948 5950 
3	5951 5959 5963 
3	5959 5962 5963 
3	5963 5958 5954 
3	5954 5951 5963 
3	5961 5960 5964 
3	5964 5965 5961 
3	5965 5962 5961 
3	5962 5959 5961 
3	5931 5930 5967 
3	5930 5966 5967 
3	5967 5968 5932 
3	5932 5931 5967 
3	5967 5966 5969 
3	5969 5970 5967 
3	5970 5971 5967 
3	5971 5968 5967 
3	5930 5935 5966 
3	5935 5972 5966 
3	5935 5936 5973 
3	5973 5972 5935 
3	5966 5972 5974 
3	5974 5969 5966 
3	5972 5973 5974 
3	5973 5975 5974 
3	5970 5969 5977 
3	5969 5976 5977 
3	5977 5978 5971 
3	5971 5970 5977 
3	5977 5976 5979 
3	5979 5978 5977 
3	5969 5974 5980 
3	5980 5976 5969 
3	5974 5975 5980 
3	5975 5981 5980 
3	5976 5980 5983 
3	5980 5982 5983 
3	5983 5984 5979 
3	5979 5976 5983 
3	5980 5981 5982 
3	5981 5985 5982 
3	5915 5932 5946 
3	5932 5968 5946 
3	5946 5968 5949 
3	5968 5971 5949 
3	5949 5971 5960 
3	5971 5978 5960 
3	5960 5978 5986 
3	5986 5964 5960 
3	5978 5979 5986 
3	5979 5984 5986 
3	5863 5862 5987 
3	5987 5787 5863 
3	5787 5987 5924 
3	5987 5988 5924 
3	5862 5864 5990 
3	5864 5989 5990 
3	5990 5988 5987 
3	5987 5862 5990 
3	5924 5988 5926 
3	5988 5991 5926 
3	5990 5989 5993 
3	5989 5992 5993 
3	5993 5991 5990 
3	5991 5988 5990 
3	5864 5867 5989 
3	5867 5994 5989 
3	5867 5868 5994 
3	5868 5995 5994 
3	5989 5994 5992 
3	5994 5996 5992 
3	5994 5995 5996 
3	5995 5997 5996 
3	5926 5991 5934 
3	5991 5998 5934 
3	5993 5992 6000 
3	5992 5999 6000 
3	6000 5998 5993 
3	5998 5991 5993 
3	5934 5998 6001 
3	6001 5936 5934 
3	6000 5999 6003 
3	5999 6002 6003 
3	6003 6001 6000 
3	6001 5998 6000 
3	5992 5996 5999 
3	5996 6004 5999 
3	5996 5997 6004 
3	5997 6005 6004 
3	5999 6004 6002 
3	6004 6006 6002 
3	6004 6005 6006 
3	6005 6007 6006 
3	5868 5881 5995 
3	5881 6008 5995 
3	5881 5882 6008 
3	5882 6009 6008 
3	5995 6008 5997 
3	6008 6010 5997 
3	6008 6009 6010 
3	6009 6011 6010 
3	5887 5886 6013 
3	5886 6012 6013 
3	6013 6014 5888 
3	5888 5887 6013 
3	6013 6012 6015 
3	6015 6014 6013 
3	5882 5888 6014 
3	6014 6009 5882 
3	6009 6014 6011 
3	6014 6016 6011 
3	6014 6015 6016 
3	6015 6017 6016 
3	5997 6010 6005 
3	6010 6018 6005 
3	6010 6011 6018 
3	6011 6019 6018 
3	6005 6018 6007 
3	6018 6020 6007 
3	6018 6019 6021 
3	6021 6020 6018 
3	6011 6016 6019 
3	6016 6022 6019 
3	6016 6017 6022 
3	6017 6023 6022 
3	6019 6022 6024 
3	6024 6021 6019 
3	6022 6023 6024 
3	6023 6025 6024 
3	5936 6001 6026 
3	6026 5973 5936 
3	6003 6002 6028 
3	6002 6027 6028 
3	6028 6026 6001 
3	6001 6003 6028 
3	5973 6026 5975 
3	6026 6029 5975 
3	6028 6027 6031 
3	6027 6030 6031 
3	6031 6029 6026 
3	6026 6028 6031 
3	6002 6006 6027 
3	6006 6032 6027 
3	6006 6007 6032 
3	6007 6033 6032 
3	6027 6032 6034 
3	6034 6030 6027 
3	6032 6033 6034 
3	6033 6035 6034 
3	5975 6029 5981 
3	6029 6036 5981 
3	6031 6030 6038 
3	6030 6037 6038 
3	6038 6036 6031 
3	6036 6029 6031 
3	5981 6036 5985 
3	6036 6039 5985 
3	6038 6037 6041 
3	6037 6040 6041 
3	6041 6039 6036 
3	6036 6038 6041 
3	6030 6034 6042 
3	6042 6037 6030 
3	6034 6035 6043 
3	6043 6042 6034 
3	6037 6042 6040 
3	6042 6044 6040 
3	6042 6043 6045 
3	6045 6044 6042 
3	6007 6020 6033 
3	6020 6046 6033 
3	6020 6021 6047 
3	6047 6046 6020 
3	6033 6046 6035 
3	6046 6048 6035 
3	6046 6047 6048 
3	6047 6049 6048 
3	6021 6024 6050 
3	6050 6047 6021 
3	6024 6025 6050 
3	6025 6051 6050 
3	6047 6050 6049 
3	6050 6052 6049 
3	6050 6051 6052 
3	6051 6053 6052 
3	6035 6048 6054 
3	6054 6043 6035 
3	6048 6049 6054 
3	6049 6055 6054 
3	6043 6054 6056 
3	6056 6045 6043 
3	6054 6055 6057 
3	6057 6056 6054 
3	6049 6052 6055 
3	6052 6058 6055 
3	6052 6053 6059 
3	6059 6058 6052 
3	6055 6058 6060 
3	6060 6057 6055 
3	6058 6059 6061 
3	6061 6060 6058 
3	5560 5559 6062 
3	6062 5561 5560 
3	5644 5643 6063 
3	6063 5645 5644 
3	5651 5650 6065 
3	5650 6064 6065 
3	6065 6066 5652 
3	5652 5651 6065 
3	5561 6062 6068 
3	6062 6067 6068 
3	6068 6064 5650 
3	5650 5561 6068 
3	6065 6064 6069 
3	6069 6066 6065 
3	6068 6067 6071 
3	6067 6070 6071 
3	6071 6072 6064 
3	6064 6068 6071 
3	6072 6073 6069 
3	6069 6064 6072 
3	6066 6074 5652 
3	6074 5643 5652 
3	6074 6075 6063 
3	6063 5643 6074 
3	6066 6069 6076 
3	6069 6073 6076 
3	6076 6077 6074 
3	6074 6066 6076 
3	6077 6078 6074 
3	6078 6075 6074 
3	6071 6070 6079 
3	6079 6072 6071 
3	6072 6079 6081 
3	6079 6080 6081 
3	6081 6082 6073 
3	6073 6072 6081 
3	6081 6080 6084 
3	6080 6083 6084 
3	6084 6085 6082 
3	6082 6081 6084 
3	6076 6073 6086 
3	6086 6077 6076 
3	6077 6086 6088 
3	6086 6087 6088 
3	6088 6089 6078 
3	6078 6077 6088 
3	6082 6087 6086 
3	6086 6073 6082 
3	6088 6087 6090 
3	6090 6089 6088 
3	6085 6091 6082 
3	6091 6087 6082 
3	6091 6092 6090 
3	6090 6087 6091 
3	5645 6063 6093 
3	6063 6075 6093 
3	6093 6094 5668 
3	5668 5645 6093 
3	6094 6095 5669 
3	5669 5668 6094 
3	6093 6075 6096 
3	6096 6094 6093 
3	6094 6096 6098 
3	6096 6097 6098 
3	6098 6099 6095 
3	6095 6094 6098 
3	6095 6100 5669 
3	6100 5672 5669 
3	6100 6101 5672 
3	6101 5673 5672 
3	6099 6102 6100 
3	6100 6095 6099 
3	6102 6103 6101 
3	6101 6100 6102 
3	6078 6097 6096 
3	6096 6075 6078 
3	6098 6097 6099 
3	6097 6104 6099 
3	6099 6104 6105 
3	6105 6102 6099 
3	6102 6105 6107 
3	6105 6106 6107 
3	6107 6108 6103 
3	6103 6102 6107 
3	6107 6106 6109 
3	6109 6108 6107 
3	6089 6110 6078 
3	6110 6097 6078 
3	6110 6111 6104 
3	6104 6097 6110 
3	6089 6090 6112 
3	6090 6092 6112 
3	6112 6113 6110 
3	6110 6089 6112 
3	6113 6114 6111 
3	6111 6110 6113 
3	6111 6106 6105 
3	6105 6104 6111 
3	6114 6115 6111 
3	6115 6106 6111 
3	6115 6116 6109 
3	6109 6106 6115 
3	6084 6083 6117 
3	6117 6085 6084 
3	6085 6117 6119 
3	6117 6118 6119 
3	6119 6120 6091 
3	6091 6085 6119 
3	6120 6121 6092 
3	6092 6091 6120 
3	6119 6118 6122 
3	6122 6120 6119 
3	6120 6122 6123 
3	6123 6121 6120 
3	6112 6092 6124 
3	6124 6113 6112 
3	6113 6124 6125 
3	6125 6114 6113 
3	6121 6126 6124 
3	6124 6092 6121 
3	6126 6127 6125 
3	6125 6124 6126 
3	6121 6123 6129 
3	6123 6128 6129 
3	6129 6130 6126 
3	6126 6121 6129 
3	6130 6131 6126 
3	6131 6127 6126 
3	6114 6125 6132 
3	6125 6127 6132 
3	6132 6133 6115 
3	6115 6114 6132 
3	6133 6134 6115 
3	6134 6116 6115 
3	6132 6127 6135 
3	6135 6133 6132 
3	6133 6135 6134 
3	6135 6136 6134 
3	6131 6137 6135 
3	6135 6127 6131 
3	6137 6138 6136 
3	6136 6135 6137 
3	6129 6128 6139 
3	6139 6130 6129 
3	6130 6139 6131 
3	6139 6140 6131 
3	6131 6140 6141 
3	6141 6137 6131 
3	6137 6141 6138 
3	6141 6142 6138 
3	5957 5956 6143 
3	6143 5559 5957 
3	5559 6143 6145 
3	6143 6144 6145 
3	6145 6067 6062 
3	6062 5559 6145 
3	5956 5958 6147 
3	5958 6146 6147 
3	6147 6144 6143 
3	6143 5956 6147 
3	6145 6144 6149 
3	6144 6148 6149 
3	6149 6070 6067 
3	6067 6145 6149 
3	6147 6146 6151 
3	6146 6150 6151 
3	6151 6148 6147 
3	6148 6144 6147 
3	5963 5962 6153 
3	5962 6152 6153 
3	6153 6146 5963 
3	6146 5958 5963 
3	5965 5964 6155 
3	5964 6154 6155 
3	6155 6152 5962 
3	5962 5965 6155 
3	6153 6152 6157 
3	6152 6156 6157 
3	6157 6150 6146 
3	6146 6153 6157 
3	6155 6154 6158 
3	6158 6152 6155 
3	6152 6158 6156 
3	6158 6159 6156 
3	6149 6148 6161 
3	6148 6160 6161 
3	6161 6162 6070 
3	6070 6149 6161 
3	6151 6150 6164 
3	6150 6163 6164 
3	6164 6160 6148 
3	6148 6151 6164 
3	6161 6160 6165 
3	6165 6162 6161 
3	6164 6163 6166 
3	6166 6160 6164 
3	6160 6166 6168 
3	6166 6167 6168 
3	6168 6169 6165 
3	6165 6160 6168 
3	6157 6156 6170 
3	6170 6150 6157 
3	6156 6159 6172 
3	6159 6171 6172 
3	6172 6173 6170 
3	6170 6156 6172 
3	6172 6171 6175 
3	6171 6174 6175 
3	6175 6176 6173 
3	6173 6172 6175 
3	6150 6170 6163 
3	6170 6173 6163 
3	6163 6173 6177 
3	6173 6176 6177 
3	6177 6167 6166 
3	6166 6163 6177 
3	5983 5982 6179 
3	5982 6178 6179 
3	6179 6180 5983 
3	6180 5984 5983 
3	5982 5985 6181 
3	6181 6178 5982 
3	6179 6178 6183 
3	6178 6182 6183 
3	6183 6184 6180 
3	6180 6179 6183 
3	6178 6181 6185 
3	6185 6182 6178 
3	6183 6182 6186 
3	6186 6184 6183 
3	6182 6185 6188 
3	6185 6187 6188 
3	6188 6189 6186 
3	6186 6182 6188 
3	6188 6187 6190 
3	6190 6189 6188 
3	5964 5986 6191 
3	6191 6154 5964 
3	5986 5984 6191 
3	5984 6180 6191 
3	6154 6191 6193 
3	6191 6192 6193 
3	6193 6159 6158 
3	6158 6154 6193 
3	6191 6180 6192 
3	6180 6184 6192 
3	6193 6192 6195 
3	6192 6194 6195 
3	6195 6171 6159 
3	6159 6193 6195 
3	6192 6184 6196 
3	6196 6194 6192 
3	6195 6194 6197 
3	6197 6171 6195 
3	6171 6197 6174 
3	6197 6198 6174 
3	6194 6196 6200 
3	6196 6199 6200 
3	6200 6198 6197 
3	6197 6194 6200 
3	6184 6186 6196 
3	6186 6189 6196 
3	6196 6189 6201 
3	6201 6199 6196 
3	6189 6190 6201 
3	6190 6202 6201 
3	6168 6167 6203 
3	6203 6169 6168 
3	6175 6174 6204 
3	6204 6176 6175 
3	6177 6176 6205 
3	6205 6167 6177 
3	6167 6205 6207 
3	6205 6206 6207 
3	6207 6208 6203 
3	6203 6167 6207 
3	6176 6204 6210 
3	6204 6209 6210 
3	6210 6206 6205 
3	6205 6176 6210 
3	6207 6206 6212 
3	6206 6211 6212 
3	6212 6213 6208 
3	6208 6207 6212 
3	6210 6209 6215 
3	6209 6214 6215 
3	6215 6211 6206 
3	6206 6210 6215 
3	6212 6211 6216 
3	6216 6213 6212 
3	6215 6214 6217 
3	6217 6211 6215 
3	6211 6217 6219 
3	6217 6218 6219 
3	6219 6220 6216 
3	6216 6211 6219 
3	6219 6218 6221 
3	6221 6220 6219 
3	6174 6198 6223 
3	6198 6222 6223 
3	6223 6209 6204 
3	6204 6174 6223 
3	6200 6199 6224 
3	6224 6198 6200 
3	6198 6224 6222 
3	6224 6225 6222 
3	6223 6222 6226 
3	6226 6209 6223 
3	6222 6225 6228 
3	6225 6227 6228 
3	6228 6229 6226 
3	6226 6222 6228 
3	6209 6226 6214 
3	6226 6229 6214 
3	6199 6201 6231 
3	6201 6230 6231 
3	6231 6225 6224 
3	6224 6199 6231 
3	6201 6202 6232 
3	6232 6230 6201 
3	6231 6230 6233 
3	6233 6225 6231 
3	6225 6233 6227 
3	6233 6234 6227 
3	6230 6232 6236 
3	6232 6235 6236 
3	6236 6234 6233 
3	6233 6230 6236 
3	6228 6227 6237 
3	6237 6229 6228 
3	6214 6229 6239 
3	6229 6238 6239 
3	6239 6218 6217 
3	6217 6214 6239 
3	6229 6237 6238 
3	6237 6240 6238 
3	6239 6238 6241 
3	6241 6218 6239 
3	6218 6241 6243 
3	6241 6242 6243 
3	6243 6244 6221 
3	6221 6218 6243 
3	6238 6240 6246 
3	6240 6245 6246 
3	6246 6242 6241 
3	6241 6238 6246 
3	6227 6234 6248 
3	6234 6247 6248 
3	6248 6240 6237 
3	6237 6227 6248 
3	6236 6235 6249 
3	6249 6234 6236 
3	6234 6249 6247 
3	6249 6250 6247 
3	6248 6247 6251 
3	6251 6240 6248 
3	6247 6250 6253 
3	6250 6252 6253 
3	6253 6254 6251 
3	6251 6247 6253 
3	6240 6251 6245 
3	6251 6254 6245 
3	6162 6080 6079 
3	6079 6070 6162 
3	6162 6165 6255 
3	6165 6169 6255 
3	6255 6083 6080 
3	6080 6162 6255 
3	6255 6169 6256 
3	6256 6083 6255 
3	6083 6256 6258 
3	6256 6257 6258 
3	6258 6118 6117 
3	6117 6083 6258 
3	6169 6203 6259 
3	6203 6208 6259 
3	6259 6257 6256 
3	6256 6169 6259 
3	6258 6257 6260 
3	6260 6118 6258 
3	6259 6208 6261 
3	6208 6213 6261 
3	6261 6262 6257 
3	6257 6259 6261 
3	6262 6263 6260 
3	6260 6257 6262 
3	6118 6260 6264 
3	6260 6263 6264 
3	6264 6265 6122 
3	6122 6118 6264 
3	6265 6128 6123 
3	6123 6122 6265 
3	6261 6213 6266 
3	6266 6262 6261 
3	6262 6266 6267 
3	6267 6263 6262 
3	6264 6263 6268 
3	6268 6265 6264 
3	6265 6268 6269 
3	6269 6128 6265 
3	6263 6267 6271 
3	6267 6270 6271 
3	6271 6272 6268 
3	6268 6263 6271 
3	6272 6273 6269 
3	6269 6268 6272 
3	6271 6270 6274 
3	6274 6272 6271 
3	6272 6274 6276 
3	6274 6275 6276 
3	6276 6277 6273 
3	6273 6272 6276 
3	6213 6216 6278 
3	6216 6220 6278 
3	6278 6279 6266 
3	6266 6213 6278 
3	6279 6270 6267 
3	6267 6266 6279 
3	6278 6220 6280 
3	6280 6279 6278 
3	6279 6280 6281 
3	6281 6270 6279 
3	6220 6221 6282 
3	6221 6244 6282 
3	6282 6283 6280 
3	6280 6220 6282 
3	6283 6284 6281 
3	6281 6280 6283 
3	6270 6281 6285 
3	6281 6284 6285 
3	6285 6275 6274 
3	6274 6270 6285 
3	6128 6269 6286 
3	6269 6273 6286 
3	6286 6287 6139 
3	6139 6128 6286 
3	6287 6288 6140 
3	6140 6139 6287 
3	6286 6273 6289 
3	6289 6287 6286 
3	6287 6289 6288 
3	6289 6290 6288 
3	6277 6291 6289 
3	6289 6273 6277 
3	6291 6292 6290 
3	6290 6289 6291 
3	6288 6293 6141 
3	6141 6140 6288 
3	6293 6294 6142 
3	6142 6141 6293 
3	6288 6290 6293 
3	6290 6295 6293 
3	6293 6295 6296 
3	6296 6294 6293 
3	6292 6297 6295 
3	6295 6290 6292 
3	6297 6298 6295 
3	6298 6296 6295 
3	5985 6039 6299 
3	6299 6181 5985 
3	6041 6040 6300 
3	6300 6039 6041 
3	6039 6300 6299 
3	6300 6301 6299 
3	6181 6299 6302 
3	6302 6185 6181 
3	6299 6301 6302 
3	6301 6303 6302 
3	6040 6044 6305 
3	6044 6304 6305 
3	6305 6301 6300 
3	6300 6040 6305 
3	6044 6045 6304 
3	6045 6306 6304 
3	6305 6304 6308 
3	6304 6307 6308 
3	6308 6303 6301 
3	6301 6305 6308 
3	6304 6306 6307 
3	6306 6309 6307 
3	6185 6302 6310 
3	6310 6187 6185 
3	6302 6303 6311 
3	6311 6310 6302 
3	6187 6310 6313 
3	6310 6312 6313 
3	6313 6202 6190 
3	6190 6187 6313 
3	6310 6311 6314 
3	6314 6312 6310 
3	6308 6307 6315 
3	6315 6303 6308 
3	6303 6315 6311 
3	6315 6316 6311 
3	6307 6309 6318 
3	6309 6317 6318 
3	6318 6316 6315 
3	6315 6307 6318 
3	6311 6316 6319 
3	6319 6314 6311 
3	6318 6317 6320 
3	6320 6316 6318 
3	6316 6320 6319 
3	6320 6321 6319 
3	6045 6056 6306 
3	6056 6322 6306 
3	6056 6057 6323 
3	6323 6322 6056 
3	6306 6322 6309 
3	6322 6324 6309 
3	6322 6323 6325 
3	6325 6324 6322 
3	6057 6060 6326 
3	6326 6323 6057 
3	6060 6061 6326 
3	6061 6327 6326 
3	6323 6326 6328 
3	6328 6325 6323 
3	6326 6327 6328 
3	6327 6329 6328 
3	6309 6324 6330 
3	6330 6317 6309 
3	6324 6325 6331 
3	6331 6330 6324 
3	6317 6330 6333 
3	6330 6332 6333 
3	6333 6321 6320 
3	6320 6317 6333 
3	6330 6331 6332 
3	6331 6334 6332 
3	6325 6328 6335 
3	6335 6331 6325 
3	6328 6329 6336 
3	6336 6335 6328 
3	6331 6335 6337 
3	6337 6334 6331 
3	6335 6336 6338 
3	6338 6337 6335 
3	6313 6312 6339 
3	6339 6202 6313 
3	6312 6314 6341 
3	6314 6340 6341 
3	6341 6342 6339 
3	6339 6312 6341 
3	6341 6340 6343 
3	6343 6342 6341 
3	6314 6319 6344 
3	6344 6340 6314 
3	6319 6321 6345 
3	6345 6344 6319 
3	6340 6344 6347 
3	6344 6346 6347 
3	6347 6348 6343 
3	6343 6340 6347 
3	6344 6345 6346 
3	6345 6349 6346 
3	6347 6346 6350 
3	6350 6348 6347 
3	6346 6349 6350 
3	6349 6351 6350 
3	6202 6339 6232 
3	6339 6342 6232 
3	6232 6342 6352 
3	6352 6235 6232 
3	6342 6343 6352 
3	6343 6348 6352 
3	6235 6352 6354 
3	6352 6353 6354 
3	6354 6250 6249 
3	6249 6235 6354 
3	6352 6348 6355 
3	6355 6353 6352 
3	6354 6353 6356 
3	6356 6250 6354 
3	6250 6356 6252 
3	6356 6357 6252 
3	6353 6355 6356 
3	6355 6358 6356 
3	6356 6358 6357 
3	6358 6359 6357 
3	6348 6350 6355 
3	6350 6360 6355 
3	6350 6351 6361 
3	6361 6360 6350 
3	6355 6360 6362 
3	6362 6358 6355 
3	6358 6362 6359 
3	6362 6363 6359 
3	6360 6361 6365 
3	6361 6364 6365 
3	6365 6363 6362 
3	6362 6360 6365 
3	6333 6332 6321 
3	6332 6366 6321 
3	6321 6366 6345 
3	6366 6367 6345 
3	6332 6334 6368 
3	6368 6366 6332 
3	6366 6368 6367 
3	6368 6369 6367 
3	6345 6367 6349 
3	6367 6370 6349 
3	6367 6369 6371 
3	6371 6370 6367 
3	6334 6337 6373 
3	6337 6372 6373 
3	6373 6369 6368 
3	6368 6334 6373 
3	6337 6338 6374 
3	6374 6372 6337 
3	6373 6372 6375 
3	6375 6369 6373 
3	6369 6375 6371 
3	6375 6376 6371 
3	6372 6374 6375 
3	6374 6377 6375 
3	6375 6377 6378 
3	6378 6376 6375 
3	6349 6370 6379 
3	6379 6351 6349 
3	6370 6371 6381 
3	6371 6380 6381 
3	6381 6382 6379 
3	6379 6370 6381 
3	6381 6380 6383 
3	6383 6382 6381 
3	6371 6376 6384 
3	6384 6380 6371 
3	6376 6378 6385 
3	6385 6384 6376 
3	6380 6384 6383 
3	6384 6386 6383 
3	6384 6385 6387 
3	6387 6386 6384 
3	6351 6379 6361 
3	6379 6382 6361 
3	6361 6382 6388 
3	6388 6364 6361 
3	6382 6383 6388 
3	6383 6389 6388 
3	6383 6386 6389 
3	6386 6390 6389 
3	6386 6387 6390 
3	6387 6391 6390 
3	6243 6242 6392 
3	6392 6244 6243 
3	6246 6245 6393 
3	6393 6242 6246 
3	6242 6393 6394 
3	6394 6392 6242 
3	6253 6252 6395 
3	6395 6254 6253 
3	6245 6254 6396 
3	6396 6393 6245 
3	6393 6396 6398 
3	6396 6397 6398 
3	6398 6399 6394 
3	6394 6393 6398 
3	6254 6395 6401 
3	6395 6400 6401 
3	6401 6397 6396 
3	6396 6254 6401 
3	6398 6397 6402 
3	6402 6399 6398 
3	6401 6400 6403 
3	6403 6397 6401 
3	6397 6403 6404 
3	6404 6402 6397 
3	6276 6275 6405 
3	6405 6277 6276 
3	6282 6244 6406 
3	6406 6283 6282 
3	6283 6406 6407 
3	6407 6284 6283 
3	6285 6284 6408 
3	6408 6275 6285 
3	6275 6408 6409 
3	6409 6405 6275 
3	6284 6407 6411 
3	6407 6410 6411 
3	6411 6412 6408 
3	6408 6284 6411 
3	6412 6413 6409 
3	6409 6408 6412 
3	6411 6410 6414 
3	6414 6412 6411 
3	6412 6414 6415 
3	6415 6413 6412 
3	6277 6405 6416 
3	6416 6291 6277 
3	6291 6416 6417 
3	6417 6292 6291 
3	6292 6417 6418 
3	6418 6297 6292 
3	6297 6418 6419 
3	6419 6298 6297 
3	6405 6409 6420 
3	6409 6413 6420 
3	6420 6421 6416 
3	6416 6405 6420 
3	6421 6422 6416 
3	6422 6417 6416 
3	6420 6413 6423 
3	6423 6421 6420 
3	6421 6423 6424 
3	6424 6422 6421 
3	6413 6415 6426 
3	6415 6425 6426 
3	6426 6427 6423 
3	6423 6413 6426 
3	6427 6428 6423 
3	6428 6424 6423 
3	6422 6429 6417 
3	6429 6418 6417 
3	6429 6430 6418 
3	6430 6419 6418 
3	6422 6424 6431 
3	6431 6429 6422 
3	6429 6431 6432 
3	6432 6430 6429 
3	6428 6433 6424 
3	6433 6431 6424 
3	6433 6434 6431 
3	6434 6432 6431 
3	6426 6425 6435 
3	6435 6427 6426 
3	6427 6435 6428 
3	6435 6436 6428 
3	6428 6436 6437 
3	6437 6433 6428 
3	6433 6437 6438 
3	6438 6434 6433 
3	6244 6392 6439 
3	6439 6406 6244 
3	6406 6439 6441 
3	6439 6440 6441 
3	6441 6410 6407 
3	6407 6406 6441 
3	6392 6394 6442 
3	6394 6399 6442 
3	6442 6440 6439 
3	6439 6392 6442 
3	6441 6440 6443 
3	6443 6410 6441 
3	6442 6399 6444 
3	6444 6440 6442 
3	6440 6444 6446 
3	6444 6445 6446 
3	6446 6447 6443 
3	6443 6440 6446 
3	6410 6443 6448 
3	6443 6447 6448 
3	6448 6449 6414 
3	6414 6410 6448 
3	6449 6425 6415 
3	6415 6414 6449 
3	6399 6402 6451 
3	6402 6450 6451 
3	6451 6445 6444 
3	6444 6399 6451 
3	6402 6404 6450 
3	6404 6452 6450 
3	6446 6445 6453 
3	6453 6447 6446 
3	6448 6447 6454 
3	6454 6449 6448 
3	6449 6454 6455 
3	6455 6425 6449 
3	6447 6453 6456 
3	6456 6454 6447 
3	6454 6456 6457 
3	6457 6455 6454 
3	6451 6450 6458 
3	6458 6445 6451 
3	6445 6458 6459 
3	6459 6453 6445 
3	6450 6452 6460 
3	6460 6458 6450 
3	6458 6460 6462 
3	6460 6461 6462 
3	6462 6463 6459 
3	6459 6458 6462 
3	6462 6461 6464 
3	6464 6463 6462 
3	6453 6459 6465 
3	6459 6463 6465 
3	6465 6466 6456 
3	6456 6453 6465 
3	6466 6467 6457 
3	6457 6456 6466 
3	6465 6463 6468 
3	6468 6466 6465 
3	6466 6468 6469 
3	6469 6467 6466 
3	6463 6464 6468 
3	6464 6470 6468 
3	6468 6470 6471 
3	6471 6469 6468 
3	6425 6455 6472 
3	6472 6435 6425 
3	6435 6472 6473 
3	6473 6436 6435 
3	6455 6457 6474 
3	6457 6467 6474 
3	6474 6475 6472 
3	6472 6455 6474 
3	6475 6476 6473 
3	6473 6472 6475 
3	6474 6467 6477 
3	6477 6475 6474 
3	6475 6477 6478 
3	6478 6476 6475 
3	6436 6473 6479 
3	6473 6476 6479 
3	6479 6480 6437 
3	6437 6436 6479 
3	6480 6481 6437 
3	6481 6438 6437 
3	6479 6476 6482 
3	6482 6480 6479 
3	6480 6482 6481 
3	6482 6483 6481 
3	6476 6478 6482 
3	6478 6484 6482 
3	6482 6484 6483 
3	6484 6485 6483 
3	6467 6469 6486 
3	6486 6477 6467 
3	6477 6486 6487 
3	6487 6478 6477 
3	6469 6471 6489 
3	6471 6488 6489 
3	6489 6490 6486 
3	6486 6469 6489 
3	6490 6491 6487 
3	6487 6486 6490 
3	6478 6487 6492 
3	6487 6491 6492 
3	6492 6493 6484 
3	6484 6478 6492 
3	6493 6494 6484 
3	6494 6485 6484 
3	6489 6488 6495 
3	6495 6490 6489 
3	6490 6495 6496 
3	6496 6491 6490 
3	6492 6491 6497 
3	6497 6493 6492 
3	6493 6497 6498 
3	6498 6494 6493 
3	6491 6496 6497 
3	6496 6499 6497 
3	6497 6499 6498 
3	6499 6500 6498 
3	6252 6357 6395 
3	6357 6501 6395 
3	6357 6359 6502 
3	6502 6501 6357 
3	6395 6501 6400 
3	6501 6503 6400 
3	6501 6502 6503 
3	6502 6504 6503 
3	6400 6503 6505 
3	6505 6403 6400 
3	6403 6505 6507 
3	6505 6506 6507 
3	6507 6452 6404 
3	6404 6403 6507 
3	6503 6504 6508 
3	6508 6505 6503 
3	6505 6508 6506 
3	6508 6509 6506 
3	6359 6363 6511 
3	6363 6510 6511 
3	6511 6504 6502 
3	6502 6359 6511 
3	6365 6364 6512 
3	6512 6363 6365 
3	6363 6512 6510 
3	6512 6513 6510 
3	6511 6510 6514 
3	6514 6504 6511 
3	6510 6513 6514 
3	6513 6515 6514 
3	6504 6514 6517 
3	6514 6516 6517 
3	6517 6509 6508 
3	6508 6504 6517 
3	6514 6515 6518 
3	6518 6516 6514 
3	6507 6506 6519 
3	6519 6452 6507 
3	6506 6509 6520 
3	6520 6519 6506 
3	6517 6516 6521 
3	6521 6509 6517 
3	6509 6521 6522 
3	6522 6520 6509 
3	6516 6518 6523 
3	6523 6521 6516 
3	6521 6523 6525 
3	6523 6524 6525 
3	6525 6526 6522 
3	6522 6521 6525 
3	6525 6524 6527 
3	6527 6526 6525 
3	6364 6388 6512 
3	6388 6528 6512 
3	6512 6528 6513 
3	6528 6529 6513 
3	6388 6389 6528 
3	6389 6530 6528 
3	6528 6530 6529 
3	6530 6531 6529 
3	6513 6529 6532 
3	6532 6515 6513 
3	6529 6531 6533 
3	6533 6532 6529 
3	6515 6532 6534 
3	6534 6518 6515 
3	6532 6533 6534 
3	6533 6535 6534 
3	6389 6390 6530 
3	6390 6536 6530 
3	6530 6536 6531 
3	6536 6537 6531 
3	6390 6391 6538 
3	6538 6536 6390 
3	6536 6538 6539 
3	6539 6537 6536 
3	6531 6537 6540 
3	6540 6533 6531 
3	6537 6539 6542 
3	6539 6541 6542 
3	6542 6543 6540 
3	6540 6537 6542 
3	6533 6540 6535 
3	6540 6543 6535 
3	6518 6534 6544 
3	6544 6523 6518 
3	6523 6544 6545 
3	6545 6524 6523 
3	6534 6535 6546 
3	6546 6544 6534 
3	6544 6546 6547 
3	6547 6545 6544 
3	6524 6545 6527 
3	6545 6548 6527 
3	6545 6547 6549 
3	6549 6548 6545 
3	6542 6541 6550 
3	6550 6543 6542 
3	6535 6543 6551 
3	6551 6546 6535 
3	6546 6551 6547 
3	6551 6552 6547 
3	6543 6550 6551 
3	6550 6553 6551 
3	6551 6553 6552 
3	6553 6554 6552 
3	6547 6552 6555 
3	6555 6549 6547 
3	6552 6554 6555 
3	6554 6556 6555 
3	6452 6519 6557 
3	6557 6460 6452 
3	6460 6557 6461 
3	6557 6558 6461 
3	6519 6520 6560 
3	6520 6559 6560 
3	6560 6558 6557 
3	6557 6519 6560 
3	6461 6558 6561 
3	6561 6464 6461 
3	6560 6559 6562 
3	6562 6558 6560 
3	6558 6562 6563 
3	6563 6561 6558 
3	6464 6561 6564 
3	6564 6470 6464 
3	6470 6564 6566 
3	6564 6565 6566 
3	6566 6488 6471 
3	6471 6470 6566 
3	6561 6563 6568 
3	6563 6567 6568 
3	6568 6565 6564 
3	6564 6561 6568 
3	6520 6522 6559 
3	6522 6526 6559 
3	6559 6526 6569 
3	6569 6562 6559 
3	6562 6569 6570 
3	6570 6563 6562 
3	6526 6527 6571 
3	6571 6569 6526 
3	6569 6571 6573 
3	6571 6572 6573 
3	6573 6574 6570 
3	6570 6569 6573 
3	6563 6570 6567 
3	6570 6574 6567 
3	6527 6548 6575 
3	6575 6571 6527 
3	6571 6575 6572 
3	6575 6576 6572 
3	6548 6549 6578 
3	6549 6577 6578 
3	6578 6576 6575 
3	6575 6548 6578 
3	6549 6555 6579 
3	6579 6577 6549 
3	6555 6556 6580 
3	6580 6579 6555 
3	6566 6565 6581 
3	6581 6488 6566 
3	6568 6567 6582 
3	6582 6565 6568 
3	6565 6582 6581 
3	6582 6583 6581 
3	6573 6572 6584 
3	6584 6574 6573 
3	6567 6574 6585 
3	6585 6582 6567 
3	6582 6585 6586 
3	6586 6583 6582 
3	6574 6584 6585 
3	6584 6587 6585 
3	6585 6587 6588 
3	6588 6586 6585 
3	6488 6581 6495 
3	6581 6589 6495 
3	6495 6589 6496 
3	6589 6590 6496 
3	6581 6583 6591 
3	6591 6589 6581 
3	6589 6591 6592 
3	6592 6590 6589 
3	6496 6590 6593 
3	6593 6499 6496 
3	6499 6593 6500 
3	6593 6594 6500 
3	6590 6592 6596 
3	6592 6595 6596 
3	6596 6597 6593 
3	6593 6590 6596 
3	6597 6598 6594 
3	6594 6593 6597 
3	6596 6595 6599 
3	6599 6597 6596 
3	6597 6599 6598 
3	6599 6600 6598 
3	6583 6586 6601 
3	6601 6602 6583 
3	6602 6603 6583 
3	6603 6591 6583 
3	6603 6595 6592 
3	6592 6591 6603 
3	6586 6588 6601 
3	6588 6604 6601 
3	6602 6601 6605 
3	6605 6603 6602 
3	6603 6605 6606 
3	6606 6595 6603 
3	6601 6604 6607 
3	6607 6605 6601 
3	6605 6607 6606 
3	6607 6608 6606 
3	6595 6606 6599 
3	6606 6609 6599 
3	6599 6609 6600 
3	6609 6610 6600 
3	6606 6608 6609 
3	6608 6611 6609 
3	6609 6611 6612 
3	6612 6610 6609 
3	6572 6576 6613 
3	6613 6584 6572 
3	6578 6577 6614 
3	6614 6576 6578 
3	6576 6614 6613 
3	6614 6615 6613 
3	6584 6613 6616 
3	6616 6587 6584 
3	6587 6616 6618 
3	6616 6617 6618 
3	6618 6604 6588 
3	6588 6587 6618 
3	6613 6615 6619 
3	6619 6616 6613 
3	6616 6619 6617 
3	6619 6620 6617 
3	6618 6617 6621 
3	6621 6604 6618 
3	6617 6620 6622 
3	6622 6621 6617 
3	6577 6579 6614 
3	6579 6623 6614 
3	6614 6623 6624 
3	6624 6615 6614 
3	6579 6580 6623 
3	6580 6625 6623 
3	6623 6625 6626 
3	6626 6624 6623 
3	6615 6624 6628 
3	6624 6627 6628 
3	6628 6620 6619 
3	6619 6615 6628 
3	6624 6626 6629 
3	6629 6627 6624 
3	6628 6627 6630 
3	6630 6620 6628 
3	6620 6630 6622 
3	6630 6631 6622 
3	6627 6629 6632 
3	6632 6630 6627 
3	6630 6632 6631 
3	6632 6633 6631 
3	6604 6621 6607 
3	6621 6634 6607 
3	6607 6634 6608 
3	6634 6635 6608 
3	6621 6622 6634 
3	6622 6636 6634 
3	6634 6636 6635 
3	6636 6637 6635 
3	6608 6635 6611 
3	6635 6638 6611 
3	6611 6638 6639 
3	6639 6612 6611 
3	6635 6637 6638 
3	6637 6640 6638 
3	6638 6640 6641 
3	6641 6639 6638 
3	6622 6631 6636 
3	6631 6642 6636 
3	6636 6642 6637 
3	6642 6643 6637 
3	6631 6633 6642 
3	6633 6644 6642 
3	6642 6644 6645 
3	6645 6643 6642 
3	6637 6643 6646 
3	6646 6640 6637 
3	6640 6646 6648 
3	6646 6647 6648 
3	6648 6649 6641 
3	6641 6640 6648 
3	6643 6645 6651 
3	6645 6650 6651 
3	6651 6647 6643 
3	6647 6646 6643 
3	6648 6647 6652 
3	6652 6649 6648 
3	6651 6650 6653 
3	6653 6647 6651 
3	6647 6653 6654 
3	6654 6652 6647 
3	571 5413 6655 
3	5413 5416 6655 
3	6655 6656 571 
3	6656 1640 571 
3	6656 6657 1643 
3	1643 1640 6656 
3	6657 6658 1644 
3	1644 1643 6657 
3	6655 5416 6656 
3	5416 6657 6656 
3	5416 5417 6660 
3	5417 6659 6660 
3	6660 6661 5416 
3	6661 6657 5416 
3	6657 6662 6658 
3	6662 6663 6658 
3	6661 6664 6662 
3	6662 6657 6661 
3	6658 6663 1646 
3	1646 1644 6658 
3	5417 5420 6659 
3	5420 5423 6659 
3	6662 6665 6663 
3	6665 6666 6663 
3	6664 6667 6665 
3	6665 6662 6664 
3	6667 6668 6665 
3	6668 6666 6665 
3	6663 6666 1651 
3	1651 1646 6663 
3	1651 6669 1652 
3	6669 1653 1652 
3	6666 6670 6669 
3	6669 1651 6666 
3	6668 6671 6670 
3	6670 6666 6668 
3	6660 6659 6661 
3	6659 6664 6661 
3	6659 5423 6672 
3	5423 5426 6672 
3	6672 6673 6659 
3	6673 6664 6659 
3	6673 6674 6667 
3	6667 6664 6673 
3	6674 6675 6667 
3	6675 6668 6667 
3	6672 5426 6677 
3	5426 6676 6677 
3	6677 6678 6673 
3	6673 6672 6677 
3	6678 6679 6674 
3	6674 6673 6678 
3	5426 5427 6676 
3	5427 5462 6676 
3	6674 6680 6675 
3	6680 6681 6675 
3	6679 6682 6680 
3	6680 6674 6679 
3	6675 6681 6671 
3	6671 6668 6675 
3	6670 6683 6669 
3	6683 1653 6669 
3	6683 6684 1660 
3	1660 1653 6683 
3	6684 6685 1660 
3	6685 1661 1660 
3	6670 6686 6683 
3	6686 6684 6683 
3	6671 6687 6686 
3	6686 6670 6671 
3	6687 6688 6686 
3	6688 6684 6686 
3	6684 6689 6685 
3	6689 6690 6685 
3	6688 6691 6689 
3	6689 6684 6688 
3	6691 6692 6689 
3	6692 6690 6689 
3	6682 6693 6680 
3	6693 6681 6680 
3	6681 6694 6687 
3	6687 6671 6681 
3	6694 6695 6687 
3	6695 6688 6687 
3	6695 6696 6691 
3	6691 6688 6695 
3	6693 6697 6694 
3	6694 6681 6693 
3	6694 6698 6695 
3	6698 6696 6695 
3	6697 6699 6698 
3	6698 6694 6697 
3	6696 6700 6691 
3	6700 6692 6691 
3	6699 6701 6698 
3	6701 6696 6698 
3	6701 6702 6696 
3	6702 6700 6696 
3	6685 6690 1680 
3	1680 1661 6685 
3	6690 6703 1682 
3	1682 1680 6690 
3	6703 6704 1682 
3	6704 1683 1682 
3	6692 6705 6690 
3	6705 6703 6690 
3	6703 6706 6704 
3	6706 6707 6704 
3	6705 6708 6706 
3	6706 6703 6705 
3	6708 6709 6706 
3	6709 6707 6706 
3	6704 6707 1687 
3	1687 1683 6704 
3	6707 6710 1687 
3	6710 1688 1687 
3	6710 6711 1689 
3	1689 1688 6710 
3	6709 6712 6710 
3	6710 6707 6709 
3	6712 6713 6710 
3	6713 6711 6710 
3	6692 6714 6705 
3	6714 6708 6705 
3	6700 6715 6692 
3	6715 6714 6692 
3	6715 6716 6714 
3	6716 6708 6714 
3	6716 6717 6708 
3	6717 6709 6708 
3	6702 6718 6715 
3	6715 6700 6702 
3	6718 6719 6715 
3	6719 6716 6715 
3	6719 6720 6716 
3	6720 6717 6716 
3	6717 6721 6712 
3	6712 6709 6717 
3	6721 6722 6712 
3	6722 6713 6712 
3	6720 6723 6721 
3	6721 6717 6720 
3	6721 6724 6722 
3	6724 6725 6722 
3	6723 6726 6721 
3	6726 6724 6721 
3	6677 6676 6678 
3	6676 6679 6678 
3	6676 5462 6728 
3	5462 6727 6728 
3	6728 6729 6679 
3	6679 6676 6728 
3	6729 6730 6682 
3	6682 6679 6729 
3	6728 6727 6729 
3	6727 6730 6729 
3	5462 5499 6727 
3	5499 5502 6727 
3	6730 6731 6682 
3	6731 6693 6682 
3	6727 5502 6733 
3	5502 6732 6733 
3	6733 6734 6730 
3	6730 6727 6733 
3	6730 6735 6731 
3	6735 6736 6731 
3	6734 6737 6735 
3	6735 6730 6734 
3	5502 5503 6732 
3	5503 5511 6732 
3	6737 6738 6735 
3	6738 6736 6735 
3	6731 6736 6697 
3	6697 6693 6731 
3	6736 6739 6699 
3	6699 6697 6736 
3	6738 6740 6736 
3	6740 6739 6736 
3	6739 6741 6699 
3	6741 6701 6699 
3	6701 6742 6702 
3	6742 6718 6702 
3	6741 6743 6742 
3	6742 6701 6741 
3	6743 6744 6742 
3	6744 6718 6742 
3	6739 6745 6741 
3	6745 6743 6741 
3	6740 6746 6745 
3	6745 6739 6740 
3	6746 6747 6745 
3	6747 6743 6745 
3	6747 6748 6743 
3	6748 6744 6743 
3	6733 6732 6749 
3	6732 5516 6749 
3	6749 6750 6733 
3	6750 6734 6733 
3	6750 6751 6734 
3	6751 6737 6734 
3	6732 5511 5515 
3	5515 5516 6732 
3	6751 6752 6738 
3	6738 6737 6751 
3	6749 5516 5520 
3	5520 5604 6749 
3	5604 6753 6749 
3	6753 6750 6749 
3	6754 6752 6750 
3	6752 6751 6750 
3	6753 6755 6754 
3	6754 6750 6753 
3	6752 6756 6738 
3	6756 6740 6738 
3	6755 6757 6752 
3	6752 6754 6755 
3	6757 6758 6752 
3	6758 6756 6752 
3	6756 6759 6740 
3	6759 6746 6740 
3	6759 6760 6747 
3	6747 6746 6759 
3	6760 6761 6748 
3	6748 6747 6760 
3	6762 6760 6759 
3	6759 6756 6762 
3	6758 6763 6762 
3	6762 6756 6758 
3	6763 6764 6762 
3	6764 6760 6762 
3	6764 6765 6761 
3	6761 6760 6764 
3	6744 6766 6719 
3	6719 6718 6744 
3	6766 6767 6720 
3	6720 6719 6766 
3	6748 6768 6766 
3	6766 6744 6748 
3	6768 6769 6767 
3	6767 6766 6768 
3	6767 6770 6720 
3	6770 6723 6720 
3	6772 6771 6723 
3	6771 6726 6723 
3	6770 6773 6723 
3	6773 6772 6723 
3	6769 6774 6767 
3	6774 6770 6767 
3	6774 6775 6770 
3	6775 6773 6770 
3	6748 6776 6768 
3	6776 6777 6768 
3	6761 6778 6748 
3	6778 6776 6748 
3	6768 6777 6779 
3	6779 6769 6768 
3	6781 6780 6778 
3	6778 6761 6781 
3	6765 6782 6761 
3	6782 6781 6761 
3	6784 6783 6780 
3	6780 6781 6784 
3	6782 6785 6784 
3	6784 6781 6782 
3	6769 6779 6783 
3	6783 6784 6769 
3	6784 6786 6769 
3	6786 6774 6769 
3	6786 6787 6774 
3	6787 6775 6774 
3	6788 6787 6786 
3	6786 6789 6788 
3	6789 6786 6790 
3	6790 6791 6789 
3	6791 6792 6788 
3	6788 6789 6791 
3	6785 6790 6784 
3	6790 6786 6784 
3	6711 6793 1689 
3	6793 1696 1689 
3	6793 6794 1697 
3	1697 1696 6793 
3	6711 6795 6793 
3	6795 6794 6793 
3	6713 6796 6795 
3	6795 6711 6713 
3	6722 6725 6713 
3	6725 6796 6713 
3	6798 6797 6771 
3	6771 6772 6798 
3	6773 6799 6798 
3	6798 6772 6773 
3	6799 6800 6797 
3	6797 6798 6799 
3	6775 6801 6773 
3	6801 6799 6773 
3	6801 6802 6800 
3	6800 6799 6801 
3	6787 6803 6801 
3	6801 6775 6787 
3	6803 6804 6801 
3	6804 6802 6801 
3	6792 6805 6788 
3	6805 6787 6788 
3	6805 6806 6787 
3	6806 6803 6787 
3	6808 6807 6804 
3	6804 6803 6808 
3	6806 6809 6808 
3	6808 6803 6806 
3	6809 6810 6808 
3	6810 6807 6808 
3	5608 6811 5604 
3	6811 6753 5604 
3	6811 6812 6755 
3	6755 6753 6811 
3	5612 6813 5608 
3	6813 6811 5608 
3	6813 6814 6811 
3	6814 6812 6811 
3	6816 6815 6757 
3	6757 6755 6816 
3	6812 6817 6816 
3	6816 6755 6812 
3	6817 6818 6816 
3	6818 6815 6816 
3	6815 6763 6758 
3	6758 6757 6815 
3	6818 6819 6815 
3	6819 6763 6815 
3	6814 6820 6817 
3	6817 6812 6814 
3	6822 6821 6818 
3	6818 6817 6822 
3	6820 6823 6822 
3	6822 6817 6820 
3	6821 6824 6819 
3	6819 6818 6821 
3	6825 6765 6764 
3	6764 6763 6825 
3	6819 6824 6825 
3	6825 6763 6819 
3	5622 6826 6813 
3	6813 5612 5622 
3	6826 6827 6813 
3	6827 6814 6813 
3	5624 6828 6826 
3	6826 5622 5624 
3	6828 6829 6826 
3	6829 6827 6826 
3	6827 6830 6814 
3	6830 6820 6814 
3	6830 6831 6823 
3	6823 6820 6830 
3	6829 6832 6827 
3	6832 6830 6827 
3	6832 6833 6830 
3	6833 6831 6830 
3	6823 6834 6822 
3	6834 6821 6822 
3	6836 6835 6824 
3	6824 6821 6836 
3	6834 6837 6836 
3	6836 6821 6834 
3	6839 6838 6835 
3	6835 6836 6839 
3	6837 6840 6839 
3	6839 6836 6837 
3	6842 6841 6839 
3	6841 6838 6839 
3	6840 6843 6839 
3	6843 6842 6839 
3	6845 6844 6842 
3	6844 6841 6842 
3	6843 6846 6845 
3	6845 6842 6843 
3	6824 6847 6825 
3	6847 6765 6825 
3	6847 6848 6782 
3	6782 6765 6847 
3	6848 6849 6782 
3	6849 6785 6782 
3	6835 6848 6847 
3	6847 6824 6835 
3	6838 6849 6835 
3	6849 6848 6835 
3	6791 6790 6785 
3	6785 6850 6791 
3	6850 6785 6849 
3	6849 6838 6850 
3	6838 6841 6850 
3	6841 6791 6850 
3	6841 6844 6792 
3	6792 6791 6841 
3	6851 6837 6834 
3	6834 6823 6851 
3	6831 6852 6851 
3	6851 6823 6831 
3	6853 6840 6851 
3	6840 6837 6851 
3	6852 6854 6853 
3	6853 6851 6852 
3	6833 6855 6852 
3	6852 6831 6833 
3	6855 6856 6852 
3	6856 6854 6852 
3	6857 6843 6840 
3	6840 6853 6857 
3	6854 6858 6853 
3	6858 6857 6853 
3	6858 6859 6843 
3	6843 6857 6858 
3	6859 6860 6843 
3	6860 6846 6843 
3	6854 6861 6858 
3	6861 6859 6858 
3	6856 6862 6861 
3	6861 6854 6856 
3	6862 6863 6861 
3	6863 6859 6861 
3	6863 6864 6859 
3	6864 6860 6859 
3	5661 6865 5624 
3	6865 6828 5624 
3	6865 6866 6829 
3	6829 6828 6865 
3	5661 5663 6867 
3	6867 6865 5661 
3	6865 6867 6868 
3	6868 6866 6865 
3	5665 6869 6867 
3	6867 5663 5665 
3	6869 6870 6868 
3	6868 6867 6869 
3	6866 6871 6832 
3	6832 6829 6866 
3	6871 6872 6832 
3	6872 6833 6832 
3	6866 6868 6871 
3	6868 6873 6871 
3	6871 6873 6874 
3	6874 6872 6871 
3	6870 6875 6868 
3	6875 6873 6868 
3	6875 6876 6873 
3	6876 6874 6873 
3	5671 6877 6869 
3	6869 5665 5671 
3	6877 6878 6870 
3	6870 6869 6877 
3	5673 6879 6877 
3	6877 5671 5673 
3	6879 6880 6878 
3	6878 6877 6879 
3	6878 6881 6870 
3	6881 6875 6870 
3	6881 6882 6875 
3	6882 6876 6875 
3	6880 6883 6878 
3	6883 6881 6878 
3	6883 6884 6881 
3	6884 6882 6881 
3	6872 6885 6833 
3	6885 6855 6833 
3	6855 6886 6856 
3	6886 6862 6856 
3	6885 6887 6886 
3	6886 6855 6885 
3	6887 6888 6886 
3	6888 6862 6886 
3	6872 6874 6885 
3	6874 6887 6885 
3	6876 6889 6874 
3	6889 6887 6874 
3	6889 6890 6888 
3	6888 6887 6889 
3	6888 6891 6863 
3	6863 6862 6888 
3	6891 6892 6863 
3	6892 6864 6863 
3	6890 6893 6888 
3	6893 6891 6888 
3	6891 6894 6892 
3	6894 6895 6892 
3	6893 6896 6894 
3	6894 6891 6893 
3	6896 6897 6894 
3	6897 6895 6894 
3	6882 6898 6889 
3	6889 6876 6882 
3	6898 6899 6889 
3	6899 6890 6889 
3	6884 6900 6882 
3	6900 6898 6882 
3	6900 6901 6898 
3	6901 6899 6898 
3	6899 6902 6890 
3	6902 6893 6890 
3	6902 6903 6896 
3	6896 6893 6902 
3	6899 6904 6902 
3	6904 6903 6902 
3	6901 6905 6904 
3	6904 6899 6901 
3	6903 6906 6896 
3	6906 6897 6896 
3	6905 6907 6904 
3	6907 6903 6904 
3	6907 6908 6906 
3	6906 6903 6907 
3	6846 6909 6845 
3	6909 6844 6845 
3	6910 6806 6805 
3	6805 6792 6910 
3	6844 6911 6910 
3	6910 6792 6844 
3	6911 6912 6910 
3	6912 6806 6910 
3	6912 6913 6809 
3	6809 6806 6912 
3	6909 6914 6844 
3	6914 6911 6844 
3	6915 6913 6912 
3	6912 6911 6915 
3	6914 6916 6911 
3	6916 6915 6911 
3	6918 6917 6810 
3	6810 6809 6918 
3	6913 6919 6918 
3	6918 6809 6913 
3	6919 6920 6918 
3	6920 6917 6918 
3	6916 6921 6915 
3	6921 6913 6915 
3	6921 6922 6919 
3	6919 6913 6921 
3	6922 6923 6920 
3	6920 6919 6922 
3	6924 6914 6909 
3	6909 6846 6924 
3	6860 6925 6846 
3	6925 6924 6846 
3	6925 6926 6914 
3	6914 6924 6925 
3	6860 6927 6925 
3	6927 6926 6925 
3	6864 6928 6860 
3	6928 6927 6860 
3	6926 6929 6916 
3	6916 6914 6926 
3	6928 6930 6927 
3	6930 6926 6927 
3	6930 6931 6926 
3	6931 6929 6926 
3	6929 6932 6921 
3	6921 6916 6929 
3	6932 6933 6922 
3	6922 6921 6932 
3	6933 6934 6922 
3	6934 6923 6922 
3	6931 6935 6932 
3	6932 6929 6931 
3	6935 6936 6932 
3	6936 6933 6932 
3	6936 6937 6934 
3	6934 6933 6936 
3	6892 6895 6928 
3	6928 6864 6892 
3	6895 6938 6928 
3	6938 6930 6928 
3	6930 6939 6931 
3	6939 6935 6931 
3	6938 6940 6939 
3	6939 6930 6938 
3	6940 6941 6939 
3	6941 6935 6939 
3	6897 6942 6938 
3	6938 6895 6897 
3	6942 6943 6938 
3	6943 6940 6938 
3	6943 6944 6941 
3	6941 6940 6943 
3	6935 6945 6936 
3	6945 6937 6936 
3	6941 6946 6945 
3	6945 6935 6941 
3	6944 6947 6946 
3	6946 6941 6944 
3	6906 6948 6897 
3	6948 6942 6897 
3	6948 6949 6943 
3	6943 6942 6948 
3	6949 6950 6943 
3	6950 6944 6943 
3	6906 6951 6948 
3	6951 6949 6948 
3	6908 6952 6951 
3	6951 6906 6908 
3	6952 6953 6951 
3	6953 6949 6951 
3	6953 6954 6949 
3	6954 6950 6949 
3	6950 6955 6947 
3	6947 6944 6950 
3	6954 6956 6955 
3	6955 6950 6954 
3	6726 6771 6724 
3	6771 6725 6724 
3	6778 6780 6777 
3	6777 6776 6778 
3	6780 6783 6777 
3	6783 6779 6777 
3	6794 6957 1697 
3	6957 2017 1697 
3	6796 6958 6795 
3	6958 6794 6795 
3	6958 6959 6957 
3	6957 6794 6958 
3	6957 6960 2017 
3	6960 2021 2017 
3	6960 6961 2021 
3	6961 2022 2021 
3	6962 2026 2023 
3	2023 2022 6962 
3	6961 6963 6962 
3	6962 2022 6961 
3	6959 6964 6960 
3	6960 6957 6959 
3	6964 6965 6960 
3	6965 6961 6960 
3	6965 6966 6961 
3	6966 6963 6961 
3	6725 6967 6796 
3	6967 6958 6796 
3	6967 6968 6958 
3	6968 6959 6958 
3	6771 6797 6967 
3	6967 6725 6771 
3	6797 6969 6967 
3	6969 6968 6967 
3	6968 6970 6964 
3	6964 6959 6968 
3	6970 6971 6965 
3	6965 6964 6970 
3	6971 6972 6965 
3	6972 6966 6965 
3	6969 6973 6968 
3	6973 6970 6968 
3	6973 6974 6970 
3	6974 6971 6970 
3	6971 6975 6972 
3	6975 6976 6972 
3	6974 6977 6975 
3	6975 6971 6974 
3	6977 6978 6975 
3	6978 6976 6975 
3	6963 6979 6962 
3	6979 2026 6962 
3	6966 6980 6963 
3	6980 6979 6963 
3	6979 6981 2031 
3	2031 2026 6979 
3	6981 6982 2034 
3	2034 2031 6981 
3	6982 6983 2035 
3	2035 2034 6982 
3	6980 6984 6979 
3	6984 6981 6979 
3	6984 6985 6982 
3	6982 6981 6984 
3	6985 6986 6983 
3	6983 6982 6985 
3	6972 6976 6966 
3	6976 6980 6966 
3	6976 6987 6980 
3	6987 6984 6980 
3	6987 6988 6984 
3	6988 6985 6984 
3	6988 6989 6985 
3	6989 6986 6985 
3	6978 6990 6987 
3	6987 6976 6978 
3	6990 6991 6987 
3	6991 6988 6987 
3	6991 6992 6988 
3	6992 6989 6988 
3	6983 6993 2035 
3	6993 2050 2035 
3	6994 2057 2051 
3	2051 2050 6994 
3	6993 6995 6994 
3	6994 2050 6993 
3	6986 6996 6983 
3	6996 6993 6983 
3	6996 6997 6995 
3	6995 6993 6996 
3	6995 6998 6994 
3	6998 2057 6994 
3	6997 6999 6995 
3	6999 6998 6995 
3	6998 7000 2059 
3	2059 2057 6998 
3	7000 7001 2059 
3	7001 2060 2059 
3	6999 7002 6998 
3	7002 7000 6998 
3	7004 7003 7001 
3	7001 7000 7004 
3	7002 7005 7000 
3	7005 7004 7000 
3	7005 7006 7004 
3	7006 7003 7004 
3	7007 6997 6996 
3	6996 6986 7007 
3	6989 7008 7007 
3	7007 6986 6989 
3	6992 7009 7008 
3	7008 6989 6992 
3	7008 7010 7007 
3	7010 6997 7007 
3	7010 7011 6999 
3	6999 6997 7010 
3	7009 7012 7008 
3	7012 7010 7008 
3	7012 7013 7010 
3	7013 7011 7010 
3	7011 7014 6999 
3	7014 7002 6999 
3	7014 7015 7005 
3	7005 7002 7014 
3	7015 7016 7005 
3	7016 7006 7005 
3	7017 7015 7014 
3	7014 7011 7017 
3	7013 7018 7017 
3	7017 7011 7013 
3	7018 7019 7017 
3	7019 7015 7017 
3	7019 7020 7016 
3	7016 7015 7019 
3	6800 7021 6969 
3	6969 6797 6800 
3	6802 7022 7021 
3	7021 6800 6802 
3	7021 7023 6969 
3	7023 6973 6969 
3	7023 7024 6973 
3	7024 6974 6973 
3	7024 7025 6974 
3	7025 6977 6974 
3	7022 7026 7023 
3	7023 7021 7022 
3	7026 7027 7023 
3	7027 7024 7023 
3	7027 7028 7024 
3	7028 7025 7024 
3	7025 7029 6977 
3	7029 6978 6977 
3	7028 7030 7025 
3	7030 7029 7025 
3	6804 6807 7022 
3	7022 6802 6804 
3	6807 7031 7022 
3	7031 7026 7022 
3	7031 7032 7027 
3	7027 7026 7031 
3	7032 7033 7027 
3	7033 7028 7027 
3	7034 7032 7031 
3	7031 6807 7034 
3	6810 6917 7034 
3	7034 6807 6810 
3	6917 7035 7034 
3	7035 7032 7034 
3	7037 7036 7033 
3	7033 7032 7037 
3	7035 7038 7037 
3	7037 7032 7035 
3	7033 7036 7030 
3	7030 7028 7033 
3	7029 7039 6990 
3	6990 6978 7029 
3	7039 7040 6990 
3	7040 6991 6990 
3	7040 7041 6991 
3	7041 6992 6991 
3	7030 7042 7029 
3	7042 7039 7029 
3	7042 7043 7039 
3	7043 7040 7039 
3	7043 7044 7040 
3	7044 7041 7040 
3	7038 7045 7037 
3	7045 7036 7037 
3	7036 7046 7030 
3	7046 7042 7030 
3	7046 7047 7043 
3	7043 7042 7046 
3	7047 7048 7044 
3	7044 7043 7047 
3	7045 7049 7036 
3	7049 7046 7036 
3	7049 7050 7047 
3	7047 7046 7049 
3	7050 7051 7048 
3	7048 7047 7050 
3	7041 7052 6992 
3	7052 7009 6992 
3	7044 7053 7052 
3	7052 7041 7044 
3	7052 7054 7009 
3	7054 7012 7009 
3	7054 7055 7013 
3	7013 7012 7054 
3	7053 7056 7054 
3	7054 7052 7053 
3	7056 7057 7055 
3	7055 7054 7056 
3	7055 7058 7018 
3	7018 7013 7055 
3	7058 7059 7019 
3	7019 7018 7058 
3	7059 7060 7020 
3	7020 7019 7059 
3	7057 7061 7058 
3	7058 7055 7057 
3	7061 7062 7058 
3	7062 7059 7058 
3	7062 7063 7060 
3	7060 7059 7062 
3	7048 7064 7053 
3	7053 7044 7048 
3	7051 7065 7048 
3	7065 7064 7048 
3	7064 7066 7053 
3	7066 7056 7053 
3	7066 7067 7056 
3	7067 7057 7056 
3	7065 7068 7064 
3	7068 7066 7064 
3	7068 7069 7066 
3	7069 7067 7066 
3	7067 7070 7057 
3	7070 7061 7057 
3	7070 7071 7062 
3	7062 7061 7070 
3	7071 7072 7062 
3	7072 7063 7062 
3	7067 7073 7070 
3	7073 7071 7070 
3	7069 7074 7073 
3	7073 7067 7069 
3	7074 7075 7073 
3	7075 7071 7073 
3	7075 7076 7072 
3	7072 7071 7075 
3	7078 7077 2119 
3	2119 2060 7078 
3	7001 7003 7078 
3	7078 2060 7001 
3	7003 7079 7078 
3	7079 7077 7078 
3	7077 7080 2119 
3	7080 2120 2119 
3	7079 7081 7077 
3	7081 7080 7077 
3	7006 7082 7003 
3	7082 7079 7003 
3	7082 7083 7081 
3	7081 7079 7082 
3	7080 7084 2123 
3	2123 2120 7080 
3	7081 7085 7084 
3	7084 7080 7081 
3	7084 7086 2124 
3	2124 2123 7084 
3	7085 7087 7086 
3	7086 7084 7085 
3	7083 7088 7081 
3	7088 7085 7081 
3	7088 7089 7087 
3	7087 7085 7088 
3	7016 7090 7082 
3	7082 7006 7016 
3	7090 7091 7083 
3	7083 7082 7090 
3	7020 7092 7090 
3	7090 7016 7020 
3	7092 7093 7091 
3	7091 7090 7092 
3	7091 7094 7088 
3	7088 7083 7091 
3	7094 7095 7089 
3	7089 7088 7094 
3	7093 7096 7091 
3	7096 7094 7091 
3	7096 7097 7094 
3	7097 7095 7094 
3	7086 7098 2141 
3	2141 2124 7086 
3	7087 7099 7098 
3	7098 7086 7087 
3	7101 7100 2142 
3	2142 2141 7101 
3	2141 7098 7101 
3	7098 7099 7101 
3	7089 7102 7087 
3	7102 7099 7087 
3	7099 7103 7101 
3	7103 7100 7101 
3	7102 7104 7103 
3	7103 7099 7102 
3	7100 7105 2142 
3	7105 2145 2142 
3	7105 7106 2145 
3	7106 2148 2145 
3	7106 7107 2148 
3	7107 2149 2148 
3	7103 7106 7105 
3	7105 7100 7103 
3	7104 7108 7103 
3	7108 7106 7103 
3	7108 7109 7107 
3	7107 7106 7108 
3	7095 7110 7102 
3	7102 7089 7095 
3	7110 7111 7104 
3	7104 7102 7110 
3	7097 7112 7110 
3	7110 7095 7097 
3	7112 7113 7111 
3	7111 7110 7112 
3	7111 7114 7108 
3	7108 7104 7111 
3	7114 7115 7109 
3	7109 7108 7114 
3	7113 7116 7114 
3	7114 7111 7113 
3	7116 7117 7114 
3	7117 7115 7114 
3	7060 7118 7020 
3	7118 7092 7020 
3	7118 7119 7092 
3	7119 7093 7092 
3	7063 7120 7060 
3	7120 7118 7060 
3	7120 7121 7118 
3	7121 7119 7118 
3	7119 7122 7093 
3	7122 7096 7093 
3	7122 7123 7096 
3	7123 7097 7096 
3	7121 7124 7119 
3	7124 7122 7119 
3	7124 7125 7122 
3	7125 7123 7122 
3	7072 7126 7120 
3	7120 7063 7072 
3	7126 7127 7121 
3	7121 7120 7126 
3	7076 7128 7072 
3	7128 7126 7072 
3	7128 7129 7127 
3	7127 7126 7128 
3	7127 7130 7124 
3	7124 7121 7127 
3	7130 7131 7125 
3	7125 7124 7130 
3	7129 7132 7130 
3	7130 7127 7129 
3	7132 7133 7131 
3	7131 7130 7132 
3	7123 7134 7112 
3	7112 7097 7123 
3	7134 7135 7113 
3	7113 7112 7134 
3	7125 7136 7123 
3	7136 7134 7123 
3	7136 7137 7134 
3	7137 7135 7134 
3	7135 7138 7116 
3	7116 7113 7135 
3	7138 7139 7117 
3	7117 7116 7138 
3	7137 7140 7138 
3	7138 7135 7137 
3	7140 7141 7139 
3	7139 7138 7140 
3	7131 7142 7125 
3	7142 7136 7125 
3	7142 7143 7136 
3	7143 7137 7136 
3	7133 7144 7131 
3	7144 7142 7131 
3	7144 7145 7142 
3	7145 7143 7142 
3	7143 7146 7137 
3	7146 7140 7137 
3	7146 7147 7140 
3	7147 7141 7140 
3	7145 7148 7143 
3	7148 7146 7143 
3	7148 7149 7146 
3	7149 7147 7146 
3	6920 7150 7035 
3	7035 6917 6920 
3	7150 7151 7035 
3	7151 7038 7035 
3	6923 7152 6920 
3	7152 7150 6920 
3	7152 7153 7150 
3	7153 7151 7150 
3	6934 7154 6923 
3	7154 7152 6923 
3	7154 7155 7152 
3	7155 7153 7152 
3	6937 7156 6934 
3	7156 7154 6934 
3	7156 7157 7155 
3	7155 7154 7156 
3	7151 7158 7038 
3	7158 7045 7038 
3	7153 7159 7151 
3	7159 7158 7151 
3	7160 7050 7049 
3	7049 7045 7160 
3	7158 7161 7160 
3	7160 7045 7158 
3	7161 7162 7160 
3	7162 7050 7160 
3	7162 7163 7051 
3	7051 7050 7162 
3	7159 7164 7161 
3	7161 7158 7159 
3	7164 7165 7161 
3	7165 7162 7161 
3	7165 7166 7163 
3	7163 7162 7165 
3	7155 7167 7159 
3	7159 7153 7155 
3	7157 7168 7167 
3	7167 7155 7157 
3	7167 7169 7164 
3	7164 7159 7167 
3	7169 7170 7164 
3	7170 7165 7164 
3	7170 7171 7165 
3	7171 7166 7165 
3	7168 7172 7169 
3	7169 7167 7168 
3	7172 7173 7169 
3	7173 7170 7169 
3	7173 7174 7170 
3	7174 7171 7170 
3	7163 7175 7051 
3	7175 7065 7051 
3	7166 7176 7163 
3	7176 7175 7163 
3	7175 7177 7065 
3	7177 7068 7065 
3	7177 7178 7068 
3	7178 7069 7068 
3	7176 7179 7177 
3	7177 7175 7176 
3	7179 7180 7177 
3	7180 7178 7177 
3	7178 7181 7074 
3	7074 7069 7178 
3	7181 7182 7074 
3	7182 7075 7074 
3	7182 7183 7076 
3	7076 7075 7182 
3	7180 7184 7178 
3	7184 7181 7178 
3	7181 7185 7182 
3	7185 7183 7182 
3	7184 7186 7185 
3	7185 7181 7184 
3	7166 7187 7176 
3	7187 7179 7176 
3	7171 7188 7187 
3	7187 7166 7171 
3	7188 7189 7187 
3	7189 7179 7187 
3	7174 7190 7188 
3	7188 7171 7174 
3	7190 7191 7189 
3	7189 7188 7190 
3	7189 7192 7180 
3	7180 7179 7189 
3	7191 7193 7192 
3	7192 7189 7191 
3	7192 7194 7180 
3	7194 7184 7180 
3	7194 7195 7186 
3	7186 7184 7194 
3	7193 7196 7194 
3	7194 7192 7193 
3	7196 7197 7195 
3	7195 7194 7196 
3	6946 7198 6945 
3	7198 6937 6945 
3	7198 7199 7156 
3	7156 6937 7198 
3	7199 7200 7157 
3	7157 7156 7199 
3	6947 7201 7198 
3	7198 6946 6947 
3	7201 7202 7199 
3	7199 7198 7201 
3	7202 7203 7200 
3	7200 7199 7202 
3	6955 7204 7201 
3	7201 6947 6955 
3	7204 7205 7202 
3	7202 7201 7204 
3	7205 7206 7203 
3	7203 7202 7205 
3	6956 7207 6955 
3	7207 7204 6955 
3	7207 7208 7205 
3	7205 7204 7207 
3	7208 7209 7205 
3	7209 7206 7205 
3	7200 7210 7168 
3	7168 7157 7200 
3	7203 7211 7210 
3	7210 7200 7203 
3	7210 7212 7172 
3	7172 7168 7210 
3	7212 7213 7172 
3	7213 7173 7172 
3	7213 7214 7173 
3	7214 7174 7173 
3	7211 7215 7210 
3	7215 7212 7210 
3	7215 7216 7213 
3	7213 7212 7215 
3	7216 7217 7213 
3	7217 7214 7213 
3	7206 7218 7203 
3	7218 7211 7203 
3	7209 7219 7218 
3	7218 7206 7209 
3	7211 7220 7215 
3	7220 7216 7215 
3	7218 7221 7220 
3	7220 7211 7218 
3	7221 7222 7220 
3	7222 7216 7220 
3	7222 7223 7217 
3	7217 7216 7222 
3	7219 7224 7218 
3	7224 7221 7218 
3	7224 7225 7222 
3	7222 7221 7224 
3	7225 7226 7223 
3	7223 7222 7225 
3	7214 7227 7174 
3	7227 7190 7174 
3	7227 7228 7191 
3	7191 7190 7227 
3	7217 7229 7214 
3	7229 7227 7214 
3	7229 7230 7228 
3	7228 7227 7229 
3	7228 7231 7193 
3	7193 7191 7228 
3	7230 7232 7228 
3	7232 7231 7228 
3	7231 7233 7196 
3	7196 7193 7231 
3	7233 7234 7196 
3	7234 7197 7196 
3	7232 7235 7231 
3	7235 7233 7231 
3	7235 7236 7233 
3	7236 7234 7233 
3	7223 7237 7229 
3	7229 7217 7223 
3	7237 7238 7229 
3	7238 7230 7229 
3	7226 7239 7223 
3	7239 7237 7223 
3	7237 7240 7238 
3	7240 7241 7238 
3	7239 7242 7240 
3	7240 7237 7239 
3	7238 7241 7232 
3	7232 7230 7238 
3	7242 7243 7240 
3	7243 7241 7240 
3	7241 7244 7232 
3	7244 7235 7232 
3	7244 7245 7235 
3	7245 7236 7235 
3	7243 7246 7244 
3	7244 7241 7243 
3	7246 7247 7244 
3	7247 7245 7244 
3	7183 7248 7076 
3	7248 7128 7076 
3	7248 7249 7129 
3	7129 7128 7248 
3	7186 7250 7185 
3	7250 7183 7185 
3	7250 7251 7248 
3	7248 7183 7250 
3	7251 7252 7249 
3	7249 7248 7251 
3	7249 7253 7132 
3	7132 7129 7249 
3	7253 7254 7132 
3	7254 7133 7132 
3	7252 7255 7253 
3	7253 7249 7252 
3	7255 7256 7254 
3	7254 7253 7255 
3	7195 7257 7250 
3	7250 7186 7195 
3	7257 7258 7251 
3	7251 7250 7257 
3	7258 7259 7252 
3	7252 7251 7258 
3	7197 7260 7195 
3	7260 7257 7195 
3	7260 7261 7258 
3	7258 7257 7260 
3	7261 7262 7259 
3	7259 7258 7261 
3	7259 7263 7255 
3	7255 7252 7259 
3	7263 7264 7256 
3	7256 7255 7263 
3	7262 7265 7263 
3	7263 7259 7262 
3	7265 7266 7264 
3	7264 7263 7265 
3	7254 7267 7133 
3	7267 7144 7133 
3	7267 7268 7145 
3	7145 7144 7267 
3	7256 7269 7254 
3	7269 7267 7254 
3	7269 7270 7267 
3	7270 7268 7267 
3	7268 7271 7148 
3	7148 7145 7268 
3	7271 7272 7149 
3	7149 7148 7271 
3	7270 7273 7268 
3	7273 7271 7268 
3	7273 7274 7272 
3	7272 7271 7273 
3	7264 7275 7256 
3	7275 7269 7256 
3	7275 7276 7269 
3	7276 7270 7269 
3	7266 7277 7264 
3	7277 7275 7264 
3	7277 7278 7275 
3	7278 7276 7275 
3	7276 7279 7270 
3	7279 7273 7270 
3	7279 7280 7273 
3	7280 7274 7273 
3	7278 7281 7276 
3	7281 7279 7276 
3	7281 7282 7279 
3	7282 7280 7279 
3	7197 7283 7260 
3	7283 7261 7260 
3	7234 7284 7283 
3	7283 7197 7234 
3	7284 7285 7283 
3	7285 7261 7283 
3	7285 7286 7262 
3	7262 7261 7285 
3	7236 7287 7284 
3	7284 7234 7236 
3	7287 7288 7285 
3	7285 7284 7287 
3	7288 7289 7286 
3	7286 7285 7288 
3	7286 7290 7265 
3	7265 7262 7286 
3	7290 7291 7266 
3	7266 7265 7290 
3	7289 7292 7290 
3	7290 7286 7289 
3	7292 7293 7290 
3	7293 7291 7290 
3	7245 7294 7236 
3	7294 7287 7236 
3	7287 7295 7289 
3	7289 7288 7287 
3	7294 7296 7295 
3	7295 7287 7294 
3	7247 7297 7245 
3	7297 7294 7245 
3	7297 7298 7294 
3	7298 7296 7294 
3	7295 7299 7289 
3	7299 7292 7289 
3	7296 7300 7299 
3	7299 7295 7296 
3	7300 7301 7299 
3	7301 7292 7299 
3	7301 7302 7293 
3	7293 7292 7301 
3	7298 7303 7300 
3	7300 7296 7298 
3	7300 7304 7301 
3	7304 7302 7301 
3	7303 7305 7304 
3	7304 7300 7303 
3	7291 7306 7277 
3	7277 7266 7291 
3	7306 7307 7277 
3	7307 7278 7277 
3	7293 7308 7306 
3	7306 7291 7293 
3	7308 7309 7307 
3	7307 7306 7308 
3	7307 7310 7278 
3	7310 7281 7278 
3	7310 7311 7281 
3	7311 7282 7281 
3	7309 7312 7310 
3	7310 7307 7309 
3	7312 7313 7310 
3	7313 7311 7310 
3	7302 7314 7293 
3	7314 7308 7293 
3	7314 7315 7309 
3	7309 7308 7314 
3	7305 7316 7304 
3	7316 7302 7304 
3	7316 7317 7314 
3	7314 7302 7316 
3	7317 7318 7314 
3	7318 7315 7314 
3	7315 7319 7312 
3	7312 7309 7315 
3	7319 7320 7312 
3	7320 7313 7312 
3	7318 7321 7319 
3	7319 7315 7318 
3	7321 7322 7320 
3	7320 7319 7321 
3	6101 7323 5673 
3	7323 6879 5673 
3	7323 7324 6879 
3	7324 6880 6879 
3	6103 7325 7323 
3	7323 6101 6103 
3	7325 7326 7323 
3	7326 7324 7323 
3	7324 7327 6880 
3	7327 6883 6880 
3	7327 7328 6883 
3	7328 6884 6883 
3	7326 7329 7324 
3	7329 7327 7324 
3	7329 7330 7327 
3	7330 7328 7327 
3	6108 7331 6103 
3	7331 7325 6103 
3	7325 7332 7333 
3	7333 7326 7325 
3	7331 7334 7332 
3	7332 7325 7331 
3	6108 6109 7331 
3	6109 7334 7331 
3	7326 7333 7335 
3	7335 7329 7326 
3	7329 7335 7330 
3	7335 7336 7330 
3	7334 7337 7333 
3	7333 7332 7334 
3	6116 7338 6109 
3	7338 7334 6109 
3	7338 7339 7337 
3	7337 7334 7338 
3	7337 7340 7333 
3	7340 7335 7333 
3	7340 7341 7335 
3	7341 7336 7335 
3	7339 7342 7340 
3	7340 7337 7339 
3	7342 7343 7340 
3	7343 7341 7340 
3	7328 7344 6884 
3	7344 6900 6884 
3	6900 7345 6901 
3	7345 6905 6901 
3	7344 7346 7345 
3	7345 6900 7344 
3	7328 7347 7344 
3	7347 7346 7344 
3	7330 7336 7347 
3	7347 7328 7330 
3	7346 7348 7345 
3	7348 6905 7345 
3	7336 7349 7347 
3	7349 7346 7347 
3	7349 7350 7348 
3	7348 7346 7349 
3	7348 7351 6907 
3	6907 6905 7348 
3	7351 7352 6907 
3	7352 6908 6907 
3	7350 7353 7348 
3	7353 7351 7348 
3	7351 7354 7352 
3	7354 7355 7352 
3	7353 7356 7354 
3	7354 7351 7353 
3	7356 7357 7354 
3	7357 7355 7354 
3	7341 7358 7349 
3	7349 7336 7341 
3	7358 7359 7349 
3	7359 7350 7349 
3	7343 7360 7341 
3	7360 7358 7341 
3	7358 7361 7359 
3	7361 7362 7359 
3	7360 7363 7361 
3	7361 7358 7360 
3	7363 7364 7361 
3	7364 7362 7361 
3	7350 7365 7353 
3	7365 7356 7353 
3	7359 7362 7365 
3	7365 7350 7359 
3	7362 7366 7365 
3	7366 7356 7365 
3	7366 7367 7356 
3	7367 7357 7356 
3	7364 7368 7362 
3	7368 7366 7362 
3	7366 7369 7367 
3	7369 7370 7367 
3	7368 7371 7369 
3	7369 7366 7368 
3	6134 7372 6116 
3	7372 7338 6116 
3	7372 7373 7338 
3	7373 7339 7338 
3	6134 6136 7372 
3	6136 7374 7372 
3	7372 7374 7375 
3	7375 7373 7372 
3	6138 7376 7374 
3	7374 6136 6138 
3	7376 7377 7374 
3	7377 7375 7374 
3	7373 7378 7339 
3	7378 7342 7339 
3	7342 7379 7343 
3	7379 7380 7343 
3	7378 7381 7379 
3	7379 7342 7378 
3	7381 7382 7379 
3	7382 7380 7379 
3	7373 7375 7378 
3	7375 7381 7378 
3	7377 7383 7375 
3	7383 7381 7375 
3	7383 7384 7382 
3	7382 7381 7383 
3	6138 6142 7376 
3	6142 7385 7376 
3	7376 7385 7386 
3	7386 7377 7376 
3	7377 7386 7387 
3	7387 7383 7377 
3	7383 7387 7388 
3	7388 7384 7383 
3	7343 7380 7360 
3	7380 7363 7360 
3	7382 7389 7380 
3	7389 7363 7380 
3	7389 7390 7363 
3	7390 7364 7363 
3	7384 7391 7382 
3	7391 7389 7382 
3	7389 7392 7390 
3	7392 7393 7390 
3	7391 7394 7392 
3	7392 7389 7391 
3	7364 7395 7368 
3	7395 7371 7368 
3	7390 7393 7395 
3	7395 7364 7390 
3	7384 7388 7391 
3	7388 7394 7391 
3	7352 7355 6952 
3	6952 6908 7352 
3	7355 7396 6952 
3	7396 6953 6952 
3	6953 7397 6954 
3	7397 6956 6954 
3	7396 7398 7397 
3	7397 6953 7396 
3	7357 7399 7355 
3	7399 7396 7355 
3	7399 7400 7398 
3	7398 7396 7399 
3	7357 7401 7399 
3	7401 7400 7399 
3	7367 7370 7401 
3	7401 7357 7367 
3	7371 7402 7369 
3	7402 7370 7369 
3	6294 7403 6142 
3	7403 7385 6142 
3	7403 7404 7385 
3	7404 7386 7385 
3	6294 6296 7405 
3	7405 7403 6294 
3	7403 7405 7406 
3	7406 7404 7403 
3	6298 7407 6296 
3	7407 7405 6296 
3	7407 7408 7406 
3	7406 7405 7407 
3	7404 7409 7386 
3	7409 7387 7386 
3	7409 7410 7387 
3	7410 7388 7387 
3	7404 7406 7409 
3	7406 7411 7409 
3	7409 7411 7412 
3	7412 7410 7409 
3	7408 7413 7411 
3	7411 7406 7408 
3	7413 7414 7411 
3	7414 7412 7411 
3	7394 7415 7392 
3	7415 7393 7392 
3	7393 7416 7395 
3	7416 7371 7395 
3	7416 7417 7371 
3	7417 7402 7371 
3	7415 7418 7393 
3	7418 7416 7393 
3	7416 7419 7417 
3	7419 7420 7417 
3	7418 7421 7419 
3	7419 7416 7418 
3	7421 7422 7419 
3	7422 7420 7419 
3	7410 7423 7388 
3	7423 7394 7388 
3	7394 7424 7415 
3	7424 7425 7415 
3	7423 7426 7424 
3	7424 7394 7423 
3	7426 7427 7424 
3	7427 7425 7424 
3	7410 7412 7423 
3	7412 7426 7423 
3	7414 7428 7412 
3	7428 7426 7412 
3	7426 7429 7427 
3	7429 7430 7427 
3	7428 7431 7429 
3	7429 7426 7428 
3	7415 7425 7418 
3	7425 7421 7418 
3	7427 7432 7425 
3	7432 7421 7425 
3	7421 7433 7422 
3	7433 7434 7422 
3	7432 7435 7433 
3	7433 7421 7432 
3	7427 7430 7432 
3	7430 7435 7432 
3	7431 7436 7429 
3	7436 7430 7429 
3	7435 7437 7433 
3	7437 7434 7433 
3	7436 7438 7430 
3	7438 7435 7430 
3	7435 7439 7437 
3	7439 7440 7437 
3	7438 7441 7439 
3	7439 7435 7438 
3	7441 7442 7439 
3	7442 7440 7439 
3	7398 7443 7397 
3	7443 6956 7397 
3	7400 7444 7398 
3	7444 7443 7398 
3	7443 7445 6956 
3	7445 7207 6956 
3	7445 7446 7208 
3	7208 7207 7445 
3	7208 7447 7209 
3	7447 7219 7209 
3	7446 7448 7447 
3	7447 7208 7446 
3	7443 7449 7445 
3	7449 7446 7445 
3	7444 7450 7449 
3	7449 7443 7444 
3	7450 7451 7449 
3	7451 7446 7449 
3	7451 7452 7448 
3	7448 7446 7451 
3	7448 7453 7447 
3	7453 7219 7447 
3	7452 7454 7448 
3	7454 7453 7448 
3	7370 7455 7401 
3	7455 7400 7401 
3	7455 7456 7400 
3	7456 7444 7400 
3	7402 7457 7370 
3	7457 7455 7370 
3	7455 7458 7456 
3	7458 7459 7456 
3	7457 7460 7458 
3	7458 7455 7457 
3	7460 7461 7458 
3	7461 7459 7458 
3	7456 7459 7450 
3	7450 7444 7456 
3	7459 7462 7450 
3	7462 7451 7450 
3	7462 7463 7452 
3	7452 7451 7462 
3	7459 7464 7462 
3	7464 7463 7462 
3	7461 7465 7464 
3	7464 7459 7461 
3	7452 7466 7454 
3	7466 7467 7454 
3	7463 7468 7466 
3	7466 7452 7463 
3	7468 7469 7466 
3	7469 7467 7466 
3	7465 7470 7464 
3	7470 7463 7464 
3	7470 7471 7468 
3	7468 7463 7470 
3	7468 7472 7469 
3	7472 7473 7469 
3	7471 7474 7472 
3	7472 7468 7471 
3	7453 7475 7224 
3	7224 7219 7453 
3	7475 7476 7224 
3	7476 7225 7224 
3	7476 7477 7226 
3	7226 7225 7476 
3	7454 7467 7475 
3	7475 7453 7454 
3	7475 7478 7476 
3	7478 7477 7476 
3	7467 7479 7478 
3	7478 7475 7467 
3	7469 7473 7479 
3	7479 7467 7469 
3	7474 7480 7472 
3	7480 7473 7472 
3	7477 7481 7239 
3	7239 7226 7477 
3	7481 7482 7242 
3	7242 7239 7481 
3	7479 7483 7478 
3	7483 7477 7478 
3	7483 7484 7481 
3	7481 7477 7483 
3	7484 7485 7481 
3	7485 7482 7481 
3	7482 7486 7243 
3	7243 7242 7482 
3	7482 7487 7486 
3	7487 7488 7486 
3	7485 7489 7487 
3	7487 7482 7485 
3	7489 7490 7487 
3	7490 7488 7487 
3	7486 7488 7246 
3	7246 7243 7486 
3	7488 7491 7247 
3	7247 7246 7488 
3	7490 7492 7491 
3	7491 7488 7490 
3	7479 7493 7483 
3	7493 7484 7483 
3	7473 7494 7493 
3	7493 7479 7473 
3	7494 7495 7493 
3	7495 7484 7493 
3	7495 7496 7485 
3	7485 7484 7495 
3	7480 7497 7494 
3	7494 7473 7480 
3	7494 7498 7495 
3	7498 7496 7495 
3	7497 7499 7498 
3	7498 7494 7497 
3	7496 7500 7485 
3	7500 7489 7485 
3	7489 7501 7492 
3	7492 7490 7489 
3	7500 7502 7501 
3	7501 7489 7500 
3	7499 7503 7498 
3	7503 7496 7498 
3	7503 7504 7500 
3	7500 7496 7503 
3	7504 7505 7500 
3	7505 7502 7500 
3	7402 7506 7457 
3	7506 7460 7457 
3	7417 7420 7506 
3	7506 7402 7417 
3	7420 7507 7506 
3	7507 7460 7506 
3	7460 7508 7461 
3	7508 7465 7461 
3	7507 7509 7508 
3	7508 7460 7507 
3	7420 7510 7507 
3	7510 7509 7507 
3	7422 7434 7510 
3	7510 7420 7422 
3	7509 7511 7508 
3	7511 7465 7508 
3	7434 7512 7510 
3	7512 7509 7510 
3	7509 7513 7511 
3	7513 7514 7511 
3	7512 7515 7513 
3	7513 7509 7512 
3	7515 7516 7513 
3	7516 7514 7513 
3	7465 7517 7470 
3	7517 7471 7470 
3	7511 7514 7517 
3	7517 7465 7511 
3	7514 7518 7517 
3	7518 7471 7517 
3	7518 7519 7474 
3	7474 7471 7518 
3	7514 7520 7518 
3	7520 7519 7518 
3	7516 7521 7520 
3	7520 7514 7516 
3	7434 7522 7512 
3	7522 7515 7512 
3	7437 7440 7522 
3	7522 7434 7437 
3	7440 7523 7522 
3	7523 7515 7522 
3	7515 7524 7516 
3	7524 7521 7516 
3	7523 7525 7524 
3	7524 7515 7523 
3	7440 7526 7523 
3	7526 7525 7523 
3	7442 7527 7526 
3	7526 7440 7442 
3	7474 7528 7480 
3	7528 7497 7480 
3	7519 7529 7528 
3	7528 7474 7519 
3	7529 7530 7528 
3	7530 7497 7528 
3	7521 7531 7520 
3	7531 7519 7520 
3	7531 7532 7529 
3	7529 7519 7531 
3	7529 7533 7530 
3	7533 7534 7530 
3	7532 7535 7533 
3	7533 7529 7532 
3	7535 7536 7533 
3	7536 7534 7533 
3	7525 7537 7524 
3	7537 7521 7524 
3	7527 7538 7526 
3	7538 7525 7526 
3	7525 7539 7537 
3	7539 7540 7537 
3	7538 7541 7539 
3	7539 7525 7538 
3	7541 7542 7539 
3	7542 7540 7539 
3	7521 7543 7531 
3	7543 7532 7531 
3	7537 7540 7543 
3	7543 7521 7537 
3	7540 7544 7543 
3	7544 7532 7543 
3	7544 7545 7535 
3	7535 7532 7544 
3	7540 7546 7544 
3	7546 7545 7544 
3	7542 7547 7546 
3	7546 7540 7542 
3	7535 7548 7536 
3	7548 7549 7536 
3	7545 7550 7548 
3	7548 7535 7545 
3	7550 7551 7548 
3	7551 7549 7548 
3	7546 7552 7545 
3	7552 7550 7545 
3	7547 7553 7552 
3	7552 7546 7547 
3	7553 7554 7552 
3	7554 7550 7552 
3	7550 7555 7551 
3	7555 7556 7551 
3	7554 7557 7555 
3	7555 7550 7554 
3	7530 7534 7499 
3	7499 7497 7530 
3	7499 7558 7503 
3	7558 7504 7503 
3	7534 7559 7558 
3	7558 7499 7534 
3	7559 7560 7558 
3	7560 7504 7558 
3	7560 7561 7505 
3	7505 7504 7560 
3	7536 7549 7559 
3	7559 7534 7536 
3	7559 7562 7561 
3	7561 7560 7559 
3	7549 7563 7562 
3	7562 7559 7549 
3	7551 7556 7563 
3	7563 7549 7551 
3	7491 7564 7247 
3	7564 7297 7247 
3	7564 7565 7297 
3	7565 7298 7297 
3	7492 7566 7564 
3	7564 7491 7492 
3	7566 7567 7564 
3	7567 7565 7564 
3	7565 7568 7298 
3	7568 7303 7298 
3	7568 7569 7305 
3	7305 7303 7568 
3	7567 7570 7565 
3	7570 7568 7565 
3	7570 7571 7568 
3	7571 7569 7568 
3	7501 7572 7492 
3	7572 7566 7492 
3	7502 7573 7572 
3	7572 7501 7502 
3	7573 7574 7572 
3	7574 7566 7572 
3	7505 7575 7502 
3	7575 7573 7502 
3	7573 7576 7574 
3	7576 7577 7574 
3	7575 7578 7576 
3	7576 7573 7575 
3	7574 7577 7567 
3	7567 7566 7574 
3	7578 7579 7576 
3	7579 7577 7576 
3	7577 7580 7567 
3	7580 7570 7567 
3	7580 7581 7570 
3	7581 7571 7570 
3	7579 7582 7580 
3	7580 7577 7579 
3	7582 7583 7581 
3	7581 7580 7582 
3	7305 7584 7316 
3	7584 7317 7316 
3	7569 7585 7584 
3	7584 7305 7569 
3	7585 7586 7584 
3	7586 7317 7584 
3	7586 7587 7318 
3	7318 7317 7586 
3	7571 7588 7585 
3	7585 7569 7571 
3	7585 7589 7586 
3	7589 7587 7586 
3	7588 7590 7589 
3	7589 7585 7588 
3	7587 7591 7318 
3	7591 7321 7318 
3	7591 7592 7322 
3	7322 7321 7591 
3	7590 7593 7589 
3	7593 7587 7589 
3	7593 7594 7591 
3	7591 7587 7593 
3	7594 7595 7591 
3	7595 7592 7591 
3	7581 7596 7571 
3	7596 7588 7571 
3	7596 7597 7590 
3	7590 7588 7596 
3	7583 7598 7581 
3	7598 7596 7581 
3	7598 7599 7596 
3	7599 7597 7596 
3	7590 7600 7593 
3	7600 7594 7593 
3	7597 7601 7600 
3	7600 7590 7597 
3	7601 7602 7600 
3	7602 7594 7600 
3	7602 7603 7595 
3	7595 7594 7602 
3	7599 7604 7597 
3	7604 7601 7597 
3	7601 7605 7603 
3	7603 7602 7601 
3	7604 7606 7605 
3	7605 7601 7604 
3	7555 7607 7556 
3	7607 7608 7556 
3	7557 7609 7607 
3	7607 7555 7557 
3	7609 7610 7607 
3	7610 7608 7607 
3	7561 7611 7575 
3	7575 7505 7561 
3	7611 7612 7575 
3	7612 7578 7575 
3	7562 7613 7561 
3	7613 7611 7561 
3	7563 7614 7613 
3	7613 7562 7563 
3	7614 7615 7613 
3	7615 7611 7613 
3	7615 7616 7612 
3	7612 7611 7615 
3	7578 7617 7579 
3	7617 7582 7579 
3	7612 7618 7617 
3	7617 7578 7612 
3	7618 7619 7617 
3	7619 7582 7617 
3	7616 7620 7612 
3	7620 7618 7612 
3	7618 7621 7619 
3	7621 7622 7619 
3	7620 7623 7621 
3	7621 7618 7620 
3	7619 7622 7583 
3	7583 7582 7619 
3	7556 7608 7614 
3	7614 7563 7556 
3	7614 7624 7615 
3	7624 7616 7615 
3	7608 7625 7624 
3	7624 7614 7608 
3	7610 7626 7625 
3	7625 7608 7610 
3	7625 7627 7624 
3	7627 7616 7624 
3	7627 7628 7620 
3	7620 7616 7627 
3	7628 7629 7620 
3	7629 7623 7620 
3	7625 7630 7627 
3	7630 7628 7627 
3	7626 7631 7630 
3	7630 7625 7626 
3	7630 7632 7629 
3	7629 7628 7630 
3	7631 7633 7632 
3	7632 7630 7631 
3	7621 7634 7622 
3	7634 7635 7622 
3	7623 7636 7634 
3	7634 7621 7623 
3	7636 7637 7634 
3	7637 7635 7634 
3	7622 7635 7598 
3	7598 7583 7622 
3	7635 7638 7598 
3	7638 7599 7598 
3	7637 7639 7638 
3	7638 7635 7637 
3	7638 7640 7599 
3	7640 7604 7599 
3	7640 7641 7604 
3	7641 7606 7604 
3	7639 7642 7640 
3	7640 7638 7639 
3	7642 7643 7641 
3	7641 7640 7642 
3	7629 7644 7623 
3	7644 7636 7623 
3	7636 7645 7637 
3	7645 7639 7637 
3	7644 7646 7645 
3	7645 7636 7644 
3	7632 7647 7644 
3	7644 7629 7632 
3	7633 7648 7632 
3	7648 7647 7632 
3	7647 7649 7644 
3	7649 7646 7644 
3	7648 7650 7649 
3	7649 7647 7648 
3	7645 7651 7642 
3	7642 7639 7645 
3	7646 7652 7645 
3	7652 7651 7645 
3	7651 7653 7643 
3	7643 7642 7651 
3	7652 7654 7653 
3	7653 7651 7652 
3	7650 7655 7649 
3	7655 7646 7649 
3	7655 7656 7652 
3	7652 7646 7655 
3	7656 7657 7652 
3	7657 7654 7652 
3	6298 6419 7658 
3	7658 7407 6298 
3	7407 7658 7408 
3	7658 7659 7408 
3	7408 7659 7413 
3	7659 7660 7413 
3	7413 7660 7414 
3	7660 7661 7414 
3	6430 7662 6419 
3	7662 7658 6419 
3	7662 7663 7659 
3	7659 7658 7662 
3	6430 6432 7664 
3	7664 7662 6430 
3	7662 7664 7663 
3	7664 7665 7663 
3	6434 7666 7664 
3	7664 6432 6434 
3	7666 7667 7665 
3	7665 7664 7666 
3	7663 7668 7660 
3	7660 7659 7663 
3	7668 7669 7661 
3	7661 7660 7668 
3	7663 7665 7668 
3	7665 7670 7668 
3	7668 7670 7669 
3	7670 7671 7669 
3	7667 7672 7670 
3	7670 7665 7667 
3	7672 7673 7670 
3	7673 7671 7670 
3	6434 6438 7666 
3	6438 7674 7666 
3	7666 7674 7667 
3	7674 7675 7667 
3	7667 7675 7672 
3	7675 7676 7672 
3	7672 7676 7673 
3	7676 7677 7673 
3	7414 7661 7428 
3	7661 7431 7428 
3	7669 7678 7661 
3	7678 7431 7661 
3	7431 7679 7436 
3	7679 7680 7436 
3	7678 7681 7679 
3	7679 7431 7678 
3	7681 7682 7679 
3	7682 7680 7679 
3	7669 7671 7678 
3	7671 7681 7678 
3	7671 7683 7681 
3	7683 7684 7681 
3	7673 7677 7683 
3	7683 7671 7673 
3	7681 7684 7682 
3	7684 7685 7682 
3	7436 7680 7438 
3	7680 7441 7438 
3	7682 7686 7680 
3	7686 7441 7680 
3	7441 7687 7442 
3	7687 7527 7442 
3	7686 7688 7687 
3	7687 7441 7686 
3	7682 7685 7686 
3	7685 7688 7686 
3	6481 7689 7674 
3	7674 6438 6481 
3	7689 7690 7675 
3	7675 7674 7689 
3	6481 6483 7689 
3	6483 7691 7689 
3	7689 7691 7692 
3	7692 7690 7689 
3	6483 6485 7691 
3	6485 7693 7691 
3	7691 7693 7692 
3	7693 7694 7692 
3	7690 7695 7675 
3	7695 7676 7675 
3	7676 7696 7677 
3	7696 7697 7677 
3	7695 7698 7696 
3	7696 7676 7695 
3	7698 7699 7696 
3	7699 7697 7696 
3	7690 7692 7695 
3	7692 7698 7695 
3	7692 7694 7700 
3	7700 7698 7692 
3	7698 7700 7699 
3	7700 7701 7699 
3	6494 7702 7693 
3	7693 6485 6494 
3	7702 7703 7693 
3	7703 7694 7693 
3	7694 7704 7700 
3	7704 7705 7700 
3	7703 7706 7704 
3	7704 7694 7703 
3	7700 7705 7701 
3	7705 7707 7701 
3	7706 7708 7704 
3	7708 7705 7704 
3	7708 7709 7705 
3	7709 7707 7705 
3	7677 7710 7683 
3	7710 7684 7683 
3	7710 7711 7684 
3	7711 7685 7684 
3	7688 7712 7687 
3	7712 7527 7687 
3	7685 7713 7688 
3	7713 7714 7688 
3	7711 7715 7713 
3	7713 7685 7711 
3	7688 7714 7712 
3	7714 7716 7712 
3	7715 7717 7713 
3	7717 7714 7713 
3	7714 7718 7716 
3	7718 7719 7716 
3	7717 7720 7718 
3	7718 7714 7717 
3	7720 7721 7718 
3	7721 7719 7718 
3	7677 7697 7710 
3	7697 7722 7710 
3	7710 7722 7711 
3	7722 7715 7711 
3	7699 7723 7697 
3	7723 7722 7697 
3	7722 7724 7715 
3	7724 7725 7715 
3	7723 7726 7724 
3	7724 7722 7723 
3	7699 7701 7723 
3	7701 7726 7723 
3	7715 7725 7717 
3	7725 7720 7717 
3	7726 7727 7724 
3	7727 7725 7724 
3	7701 7707 7728 
3	7728 7726 7701 
3	7726 7728 7727 
3	7728 7729 7727 
3	7707 7730 7728 
3	7730 7731 7728 
3	7709 7732 7730 
3	7730 7707 7709 
3	7728 7731 7733 
3	7733 7729 7728 
3	7725 7734 7720 
3	7734 7735 7720 
3	7727 7729 7734 
3	7734 7725 7727 
3	7720 7735 7721 
3	7735 7736 7721 
3	7729 7737 7734 
3	7737 7735 7734 
3	7735 7738 7736 
3	7738 7739 7736 
3	7737 7740 7738 
3	7738 7735 7737 
3	7729 7733 7737 
3	7733 7740 7737 
3	6494 6498 7702 
3	6498 7741 7702 
3	7702 7741 7703 
3	7741 7706 7703 
3	6498 6500 7741 
3	6500 7742 7741 
3	7741 7742 7743 
3	7743 7706 7741 
3	7706 7743 7708 
3	7743 7744 7708 
3	7708 7744 7709 
3	7744 7732 7709 
3	7527 7745 7538 
3	7745 7541 7538 
3	7712 7716 7745 
3	7745 7527 7712 
3	7716 7746 7745 
3	7746 7541 7745 
3	7541 7747 7542 
3	7747 7547 7542 
3	7746 7748 7747 
3	7747 7541 7746 
3	7716 7719 7746 
3	7719 7748 7746 
3	7747 7749 7547 
3	7749 7553 7547 
3	7748 7750 7749 
3	7749 7747 7748 
3	7750 7751 7749 
3	7751 7553 7749 
3	7719 7752 7748 
3	7752 7750 7748 
3	7721 7736 7752 
3	7752 7719 7721 
3	7752 7753 7750 
3	7753 7754 7750 
3	7736 7739 7753 
3	7753 7752 7736 
3	7750 7754 7751 
3	7754 7755 7751 
3	7553 7756 7554 
3	7756 7557 7554 
3	7751 7755 7756 
3	7756 7553 7751 
3	7732 7757 7730 
3	7757 7731 7730 
3	7731 7758 7733 
3	7758 7759 7733 
3	7757 7760 7758 
3	7758 7731 7757 
3	7760 7761 7758 
3	7761 7759 7758 
3	7738 7762 7739 
3	7762 7763 7739 
3	7740 7764 7762 
3	7762 7738 7740 
3	7764 7765 7762 
3	7765 7763 7762 
3	7733 7759 7740 
3	7759 7764 7740 
3	7759 7766 7764 
3	7766 7767 7764 
3	7761 7768 7766 
3	7766 7759 7761 
3	7764 7767 7765 
3	7767 7769 7765 
3	7768 7770 7766 
3	7770 7767 7766 
3	7767 7771 7769 
3	7771 7772 7769 
3	7770 7773 7771 
3	7771 7767 7770 
3	7771 7774 7772 
3	7774 7775 7772 
3	7773 7776 7774 
3	7774 7771 7773 
3	7776 7777 7774 
3	7777 7775 7774 
3	6500 6594 7742 
3	6594 7778 7742 
3	7742 7778 7743 
3	7778 7779 7743 
3	6598 7780 7778 
3	7778 6594 6598 
3	7780 7781 7778 
3	7781 7779 7778 
3	6598 6600 7780 
3	6600 7782 7780 
3	7780 7782 7781 
3	7782 7783 7781 
3	7743 7779 7784 
3	7784 7744 7743 
3	7744 7784 7785 
3	7785 7732 7744 
3	7779 7786 7784 
3	7786 7787 7784 
3	7781 7783 7786 
3	7786 7779 7781 
3	7784 7787 7785 
3	7787 7788 7785 
3	6600 6610 7782 
3	6610 7789 7782 
3	7782 7789 7790 
3	7790 7783 7782 
3	6610 6612 7791 
3	7791 7789 6610 
3	7789 7791 7790 
3	7791 7792 7790 
3	7783 7793 7786 
3	7793 7787 7786 
3	7793 7794 7788 
3	7788 7787 7793 
3	7783 7790 7793 
3	7790 7795 7793 
3	7793 7795 7794 
3	7795 7796 7794 
3	7790 7792 7797 
3	7797 7795 7790 
3	7795 7797 7796 
3	7797 7798 7796 
3	7732 7785 7757 
3	7785 7760 7757 
3	7785 7788 7799 
3	7799 7760 7785 
3	7760 7799 7761 
3	7799 7768 7761 
3	7788 7800 7799 
3	7800 7801 7799 
3	7794 7796 7800 
3	7800 7788 7794 
3	7799 7801 7802 
3	7802 7768 7799 
3	7796 7803 7800 
3	7803 7801 7800 
3	7801 7804 7802 
3	7804 7805 7802 
3	7803 7806 7801 
3	7806 7804 7801 
3	7796 7798 7803 
3	7798 7806 7803 
3	7768 7802 7770 
3	7802 7773 7770 
3	7802 7805 7773 
3	7805 7776 7773 
3	6612 6639 7807 
3	7807 7791 6612 
3	7791 7807 7808 
3	7808 7792 7791 
3	6639 6641 7809 
3	7809 7807 6639 
3	7807 7809 7810 
3	7810 7808 7807 
3	7792 7808 7797 
3	7808 7811 7797 
3	7797 7811 7812 
3	7812 7798 7797 
3	7808 7810 7813 
3	7813 7811 7808 
3	7811 7813 7814 
3	7814 7812 7811 
3	6649 7815 6641 
3	7815 7809 6641 
3	7809 7816 7810 
3	7816 7817 7810 
3	7815 7818 7816 
3	7816 7809 7815 
3	7818 7819 7817 
3	7817 7816 7818 
3	7810 7817 7813 
3	7817 7820 7813 
3	7813 7820 7821 
3	7821 7814 7813 
3	7819 7822 7820 
3	7820 7817 7819 
3	7820 7823 7821 
3	7823 7824 7821 
3	7822 7825 7820 
3	7825 7823 7820 
3	6649 6652 7815 
3	6652 7818 7815 
3	6652 6654 7826 
3	7826 7818 6652 
3	7818 7826 7819 
3	7826 7827 7819 
3	7819 7827 7822 
3	7827 7825 7822 
3	7804 7828 7805 
3	7828 7829 7805 
3	7806 7830 7828 
3	7828 7804 7806 
3	7830 7831 7828 
3	7831 7829 7828 
3	7798 7812 7806 
3	7812 7830 7806 
3	7812 7814 7832 
3	7832 7830 7812 
3	7830 7832 7831 
3	7832 7833 7831 
3	7805 7829 7834 
3	7834 7776 7805 
3	7776 7834 7777 
3	7834 7835 7777 
3	7829 7836 7834 
3	7836 7837 7834 
3	7831 7833 7836 
3	7836 7829 7831 
3	7834 7837 7835 
3	7837 7838 7835 
3	7814 7821 7839 
3	7839 7832 7814 
3	7832 7839 7833 
3	7839 7840 7833 
3	7821 7824 7841 
3	7841 7839 7821 
3	7839 7841 7840 
3	7841 7842 7840 
3	7836 7843 7837 
3	7843 7844 7837 
3	7833 7840 7836 
3	7840 7843 7836 
3	7837 7844 7838 
3	7844 7845 7838 
3	7843 7846 7844 
3	7846 7847 7844 
3	7840 7842 7846 
3	7846 7843 7840 
3	7844 7847 7848 
3	7848 7845 7844 
3	7739 7849 7753 
3	7849 7754 7753 
3	7754 7850 7755 
3	7850 7851 7755 
3	7849 7852 7850 
3	7850 7754 7849 
3	7852 7853 7850 
3	7853 7851 7850 
3	7756 7854 7557 
3	7854 7609 7557 
3	7755 7851 7854 
3	7854 7756 7755 
3	7851 7855 7854 
3	7855 7609 7854 
3	7609 7856 7610 
3	7856 7626 7610 
3	7855 7857 7856 
3	7856 7609 7855 
3	7851 7858 7855 
3	7858 7857 7855 
3	7853 7859 7858 
3	7858 7851 7853 
3	7856 7860 7631 
3	7631 7626 7856 
3	7857 7861 7860 
3	7860 7856 7857 
3	7860 7862 7631 
3	7862 7633 7631 
3	7861 7863 7862 
3	7862 7860 7861 
3	7858 7864 7857 
3	7864 7861 7857 
3	7859 7865 7858 
3	7865 7864 7858 
3	7864 7866 7861 
3	7866 7863 7861 
3	7865 7867 7866 
3	7866 7864 7865 
3	7739 7763 7849 
3	7763 7852 7849 
3	7763 7868 7852 
3	7868 7869 7852 
3	7765 7769 7868 
3	7868 7763 7765 
3	7852 7869 7853 
3	7869 7859 7853 
3	7769 7870 7868 
3	7870 7869 7868 
3	7869 7871 7859 
3	7871 7865 7859 
3	7870 7872 7871 
3	7871 7869 7870 
3	7871 7873 7865 
3	7873 7867 7865 
3	7872 7874 7871 
3	7874 7873 7871 
3	7769 7772 7870 
3	7772 7872 7870 
3	7772 7775 7874 
3	7874 7872 7772 
3	7863 7875 7862 
3	7875 7633 7862 
3	7867 7876 7866 
3	7876 7863 7866 
3	7863 7877 7875 
3	7877 7878 7875 
3	7876 7879 7877 
3	7877 7863 7876 
3	7877 7880 7881 
3	7881 7878 7877 
3	7879 7882 7877 
3	7882 7880 7877 
3	7880 7883 7884 
3	7884 7881 7880 
3	7882 7885 7880 
3	7885 7883 7880 
3	7883 7886 7887 
3	7887 7884 7883 
3	7885 7888 7883 
3	7888 7886 7883 
3	7873 7889 7890 
3	7890 7867 7873 
3	7874 7891 7873 
3	7891 7889 7873 
3	7889 7892 7890 
3	7892 7893 7890 
3	7891 7894 7892 
3	7892 7889 7891 
3	7775 7895 7874 
3	7895 7891 7874 
3	7777 7835 7895 
3	7895 7775 7777 
3	7895 7896 7891 
3	7896 7894 7891 
3	7835 7838 7895 
3	7838 7896 7895 
3	7867 7890 7876 
3	7890 7879 7876 
3	7890 7893 7882 
3	7882 7879 7890 
3	7894 7897 7892 
3	7897 7893 7892 
3	7896 7898 7899 
3	7899 7894 7896 
3	7838 7845 7896 
3	7845 7898 7896 
3	7894 7899 7897 
3	7899 7900 7897 
3	7898 7901 7899 
3	7901 7902 7899 
3	7845 7848 7898 
3	7848 7901 7898 
3	7899 7902 7900 
3	7902 7903 7900 
3	7893 7904 7882 
3	7904 7885 7882 
3	7897 7900 7904 
3	7904 7893 7897 
3	7904 7905 7885 
3	7905 7888 7885 
3	7900 7903 7904 
3	7903 7905 7904 
3	7875 7878 7648 
3	7648 7633 7875 
3	7878 7881 7648 
3	7881 7650 7648 
3	7650 7906 7655 
3	7906 7656 7655 
3	7881 7884 7906 
3	7906 7650 7881 
3	7906 7907 7657 
3	7657 7656 7906 
3	7884 7887 7907 
3	7907 7906 7884 
3	3526 3525 7909 
3	3525 7908 7909 
3	7909 7908 7911 
3	7908 7910 7911 
3	7911 7912 7909 
3	7912 3526 7909 
3	7908 3525 7913 
3	7913 7910 7908 
3	7911 7910 7914 
3	7914 7915 7911 
3	7915 7916 7912 
3	7912 7911 7915 
3	7910 7913 7917 
3	7917 7914 7910 
3	7915 7914 7918 
3	7918 7919 7915 
3	7919 7920 7915 
3	7920 7916 7915 
3	7917 7922 7914 
3	7922 7921 7914 
3	7914 7921 7918 
3	7921 7923 7918 
3	7919 7918 7925 
3	7918 7924 7925 
3	7925 7926 7919 
3	7926 7920 7919 
3	7918 7923 7924 
3	7923 7927 7924 
3	7921 7922 7928 
3	7928 7923 7921 
3	7923 7928 7929 
3	7929 7927 7923 
3	7930 7926 7931 
3	7926 7925 7931 
3	7931 7925 7933 
3	7925 7932 7933 
3	7933 7934 7931 
3	7934 7930 7931 
3	7933 7932 7936 
3	7932 7935 7936 
3	7936 7937 7934 
3	7934 7933 7936 
3	7936 7935 7938 
3	7938 7937 7936 
3	7925 7924 7939 
3	7939 7932 7925 
3	7924 7927 7940 
3	7940 7939 7924 
3	7932 7939 7941 
3	7941 7935 7932 
3	7939 7940 7942 
3	7942 7943 7939 
3	7939 7943 7941 
3	7943 7944 7941 
3	7927 7929 7940 
3	7929 7942 7940 
3	7935 7941 7938 
3	7941 7944 7938 
3	1081 3503 7945 
3	7945 5834 1081 
3	3503 3504 7945 
3	3504 7946 7945 
3	5834 7945 5836 
3	7945 7947 5836 
3	7945 7946 7947 
3	7946 7948 7947 
3	3516 3515 7949 
3	7949 7950 3516 
3	7950 7951 3517 
3	3517 3516 7950 
3	7950 7949 7952 
3	7952 7953 7950 
3	7953 7954 7950 
3	7954 7951 7950 
3	3504 3517 7946 
3	3517 7951 7946 
3	7946 7951 7954 
3	7954 7948 7946 
3	5836 7947 7955 
3	7955 5841 5836 
3	5841 7955 7956 
3	7956 5843 5841 
3	7947 7948 7957 
3	7957 7955 7947 
3	7955 7957 7958 
3	7958 7956 7955 
3	5843 7956 5846 
3	7956 7959 5846 
3	7956 7958 7959 
3	7958 7960 7959 
3	7948 7954 7957 
3	7954 7953 7957 
3	7957 7953 7961 
3	7961 7958 7957 
3	7953 7952 7962 
3	7952 7916 7962 
3	7962 7916 7920 
3	7920 7963 7962 
3	7963 7961 7962 
3	7961 7953 7962 
3	7958 7961 7960 
3	7961 7964 7960 
3	7963 7920 7926 
3	7926 7930 7963 
3	7930 7964 7961 
3	7961 7963 7930 
3	7912 7949 3515 
3	3515 3526 7912 
3	3528 7965 3527 
3	3527 3515 3528 
3	3525 3527 7913 
3	3527 7966 7913 
3	3527 7965 7967 
3	7967 7966 3527 
3	7916 7952 7912 
3	7952 7949 7912 
3	7966 7969 7968 
3	7968 7913 7966 
3	7913 7968 7917 
3	7968 7922 7917 
3	7971 7970 7969 
3	7969 7966 7971 
3	7966 7967 7972 
3	7972 7971 7966 
3	3530 3533 7965 
3	7965 3528 3530 
3	7965 3533 7973 
3	7973 7967 7965 
3	3533 3536 7973 
3	3536 7974 7973 
3	7973 7974 7967 
3	7974 7975 7967 
3	7967 7975 7972 
3	7975 7976 7972 
3	7968 7969 7970 
3	7970 7922 7968 
3	3537 3549 7977 
3	7977 3536 3537 
3	3536 7977 7978 
3	7978 7974 3536 
3	3549 3550 7979 
3	7979 7977 3549 
3	7977 7979 7978 
3	7979 7980 7978 
3	7975 7974 7981 
3	7981 7976 7975 
3	7974 7978 7981 
3	7978 7982 7981 
3	7978 7980 7983 
3	7983 7982 7978 
3	7972 7976 7970 
3	7970 7971 7972 
3	7922 7970 7928 
3	7970 7984 7928 
3	7970 7976 7984 
3	7976 7985 7984 
3	7928 7984 7986 
3	7986 7929 7928 
3	7984 7985 7987 
3	7987 7986 7984 
3	7981 7982 7988 
3	7988 7976 7981 
3	7976 7988 7985 
3	7988 7989 7985 
3	7988 7982 7990 
3	7990 7989 7988 
3	7982 7983 7990 
3	7983 7991 7990 
3	7985 7989 7987 
3	7989 7992 7987 
3	7990 7991 7993 
3	7993 7989 7990 
3	7989 7993 7992 
3	7993 7994 7992 
3	5846 7959 5873 
3	7959 7995 5873 
3	7959 7960 7996 
3	7996 7995 7959 
3	5873 7995 7997 
3	7997 5876 5873 
3	7995 7996 7998 
3	7998 7999 7995 
3	7999 7998 8000 
3	8000 8001 7999 
3	8001 7997 7999 
3	7997 7995 7999 
3	7960 7964 8002 
3	8002 7996 7960 
3	7934 8002 7930 
3	8002 7964 7930 
3	7996 8002 7998 
3	8002 7934 7998 
3	7998 7934 7937 
3	7937 8000 7998 
3	5876 7997 8003 
3	8003 5883 5876 
3	8001 8000 8004 
3	8004 7997 8001 
3	7997 8004 8005 
3	8005 8003 7997 
3	5883 8003 8006 
3	8006 5886 5883 
3	8003 8005 8007 
3	8007 8006 8003 
3	8000 7937 8008 
3	8008 8004 8000 
3	8004 8008 8005 
3	8008 8009 8005 
3	7937 7938 8010 
3	8010 8008 7937 
3	8008 8010 8009 
3	8010 8011 8009 
3	8005 8009 8007 
3	8009 8012 8007 
3	8009 8011 8013 
3	8013 8012 8009 
3	7943 7942 8015 
3	7942 8014 8015 
3	7943 8015 7944 
3	8015 8016 7944 
3	8015 8014 8017 
3	8017 8016 8015 
3	7929 7986 7942 
3	7986 8014 7942 
3	7986 7987 8018 
3	8018 8014 7986 
3	8014 8018 8019 
3	8019 8017 8014 
3	7987 7992 8018 
3	7992 8020 8018 
3	7992 7994 8021 
3	8021 8020 7992 
3	8018 8020 8019 
3	8020 8022 8019 
3	8020 8021 8022 
3	8021 8023 8022 
3	7938 7944 8010 
3	7944 8016 8010 
3	8010 8016 8024 
3	8024 8011 8010 
3	8016 8017 8024 
3	8017 8025 8024 
3	8011 8024 8013 
3	8024 8026 8013 
3	8024 8025 8026 
3	8025 8027 8026 
3	8019 8022 8028 
3	8028 8017 8019 
3	8017 8028 8025 
3	8028 8029 8025 
3	8028 8022 8030 
3	8030 8029 8028 
3	8025 8029 8027 
3	8029 8031 8027 
3	8030 8033 8032 
3	8032 8029 8030 
3	8029 8032 8031 
3	8032 8034 8031 
3	8022 8023 8030 
3	8023 8033 8030 
3	7979 3550 8035 
3	8035 7980 7979 
3	8035 8037 8036 
3	8036 7980 8035 
3	7980 8036 7983 
3	8036 8038 7983 
3	8036 8037 8039 
3	8039 8038 8036 
3	7983 8038 8040 
3	8040 7991 7983 
3	8039 8042 8041 
3	8041 8038 8039 
3	8038 8041 8040 
3	8041 8043 8040 
3	7993 7991 8044 
3	8044 7994 7993 
3	7991 8040 8044 
3	8040 8045 8044 
3	8040 8043 8046 
3	8046 8045 8040 
3	8041 8042 8047 
3	8047 8043 8041 
3	8047 8049 8048 
3	8048 8043 8047 
3	8043 8048 8046 
3	8048 8050 8046 
3	8048 8049 8051 
3	8051 8050 8048 
3	3550 3603 8035 
3	3603 8037 8035 
3	3603 3604 8052 
3	8052 8037 3603 
3	8037 8052 8039 
3	8052 8042 8039 
3	3608 3609 8053 
3	8053 3604 3608 
3	3604 8053 8052 
3	8053 8054 8052 
3	8053 3609 8055 
3	8055 8054 8053 
3	3609 3610 8055 
3	3610 8056 8055 
3	8052 8054 8057 
3	8057 8042 8052 
3	8055 8056 8058 
3	8058 8054 8055 
3	8054 8058 8057 
3	8058 8059 8057 
3	8042 8057 8047 
3	8057 8049 8047 
3	8057 8059 8049 
3	8059 8060 8049 
3	8049 8060 8051 
3	8060 8061 8051 
3	3610 3628 8062 
3	8062 8056 3610 
3	3628 3629 8062 
3	3629 8063 8062 
3	8058 8056 8064 
3	8064 8059 8058 
3	8056 8062 8064 
3	8062 8065 8064 
3	8062 8063 8066 
3	8066 8065 8062 
3	3629 3631 8063 
3	3631 8067 8063 
3	8063 8067 8066 
3	8067 8068 8066 
3	3631 3635 8069 
3	8069 8067 3631 
3	3635 3636 8069 
3	3636 8070 8069 
3	3636 3637 8071 
3	8071 8070 3636 
3	8069 8070 8072 
3	8072 8067 8069 
3	8067 8072 8068 
3	8072 8073 8068 
3	8072 8070 8074 
3	8074 8073 8072 
3	8071 8076 8075 
3	8075 8070 8071 
3	8070 8075 8074 
3	8075 8077 8074 
3	8059 8064 8078 
3	8078 8060 8059 
3	8064 8065 8078 
3	8065 8079 8078 
3	8066 8068 8080 
3	8080 8065 8066 
3	8065 8080 8079 
3	8080 8081 8079 
3	8078 8079 8082 
3	8082 8060 8078 
3	8060 8082 8061 
3	8082 8083 8061 
3	8082 8079 8084 
3	8084 8083 8082 
3	8079 8081 8084 
3	8081 8085 8084 
3	8080 8068 8086 
3	8086 8081 8080 
3	8081 8086 8087 
3	8087 8085 8081 
3	8068 8073 8086 
3	8073 8088 8086 
3	8073 8074 8089 
3	8089 8088 8073 
3	8074 8077 8090 
3	8090 8089 8074 
3	8086 8088 8087 
3	8088 8091 8087 
3	8088 8089 8092 
3	8092 8091 8088 
3	8089 8090 8092 
3	8090 8093 8092 
3	8044 8045 8094 
3	8094 7994 8044 
3	7994 8094 8021 
3	8094 8095 8021 
3	8094 8045 8096 
3	8096 8095 8094 
3	8045 8046 8096 
3	8046 8097 8096 
3	8021 8095 8098 
3	8098 8023 8021 
3	8096 8097 8099 
3	8099 8095 8096 
3	8095 8099 8098 
3	8099 8100 8098 
3	8046 8050 8101 
3	8101 8097 8046 
3	8051 8061 8102 
3	8102 8050 8051 
3	8050 8102 8101 
3	8102 8103 8101 
3	8099 8097 8104 
3	8104 8100 8099 
3	8097 8101 8104 
3	8101 8105 8104 
3	8101 8103 8105 
3	8103 8106 8105 
3	8032 8033 8107 
3	8107 8034 8032 
3	8023 8098 8108 
3	8108 8033 8023 
3	8098 8100 8109 
3	8109 8108 8098 
3	8033 8108 8107 
3	8108 8110 8107 
3	8108 8109 8111 
3	8111 8110 8108 
3	8104 8105 8112 
3	8112 8100 8104 
3	8100 8112 8109 
3	8112 8113 8109 
3	8112 8105 8114 
3	8114 8113 8112 
3	8105 8106 8114 
3	8106 8115 8114 
3	8109 8113 8111 
3	8113 8116 8111 
3	8113 8114 8117 
3	8117 8116 8113 
3	8114 8115 8117 
3	8115 8118 8117 
3	8102 8061 8119 
3	8119 8103 8102 
3	8103 8119 8120 
3	8120 8106 8103 
3	8120 8122 8121 
3	8121 8106 8120 
3	8106 8121 8115 
3	8121 8123 8115 
3	8121 8122 8124 
3	8124 8123 8121 
3	8115 8123 8118 
3	8123 8125 8118 
3	8123 8124 8126 
3	8126 8125 8123 
3	8061 8083 8119 
3	8083 8127 8119 
3	8083 8084 8128 
3	8128 8127 8083 
3	8084 8085 8128 
3	8085 8129 8128 
3	8119 8127 8120 
3	8127 8122 8120 
3	8128 8129 8130 
3	8130 8127 8128 
3	8127 8130 8122 
3	8130 8131 8122 
3	8087 8091 8132 
3	8132 8085 8087 
3	8085 8132 8129 
3	8132 8133 8129 
3	8132 8091 8134 
3	8134 8133 8132 
3	8130 8129 8135 
3	8135 8131 8130 
3	8129 8133 8135 
3	8133 8136 8135 
3	8133 8134 8137 
3	8137 8136 8133 
3	8092 8093 8138 
3	8138 8091 8092 
3	8091 8138 8134 
3	8138 8139 8134 
3	8134 8139 8137 
3	8139 8140 8137 
3	8122 8131 8124 
3	8131 8141 8124 
3	8124 8141 8126 
3	8141 8142 8126 
3	8131 8135 8143 
3	8143 8141 8131 
3	8135 8136 8143 
3	8136 8144 8143 
3	8137 8140 8145 
3	8145 8136 8137 
3	8136 8145 8144 
3	8145 8146 8144 
3	8143 8144 8147 
3	8147 8141 8143 
3	8141 8147 8142 
3	8147 8148 8142 
3	8147 8144 8149 
3	8149 8148 8147 
3	8144 8146 8149 
3	8146 8150 8149 
3	3637 3654 8071 
3	3654 8076 8071 
3	5886 8006 8151 
3	8151 6012 5886 
3	8006 8007 8151 
3	8007 8152 8151 
3	6012 8151 8153 
3	8153 8154 6012 
3	8154 6017 6015 
3	6015 6012 8154 
3	8151 8152 8155 
3	8155 8153 8151 
3	8007 8012 8152 
3	8012 8156 8152 
3	8012 8013 8157 
3	8157 8156 8012 
3	8152 8156 8155 
3	8156 8158 8155 
3	8156 8157 8158 
3	8157 8159 8158 
3	8154 8153 8161 
3	8153 8160 8161 
3	8161 6023 8154 
3	6023 6017 8154 
3	8153 8155 8160 
3	8155 8162 8160 
3	8161 8160 8164 
3	8160 8163 8164 
3	8164 6025 8161 
3	6025 6023 8161 
3	8160 8162 8163 
3	8162 8165 8163 
3	8155 8158 8166 
3	8166 8162 8155 
3	8158 8159 8167 
3	8167 8166 8158 
3	8162 8166 8168 
3	8168 8165 8162 
3	8166 8167 8169 
3	8169 8168 8166 
3	8013 8026 8170 
3	8170 8157 8013 
3	8026 8027 8170 
3	8027 8171 8170 
3	8157 8170 8172 
3	8172 8159 8157 
3	8170 8171 8173 
3	8173 8172 8170 
3	8027 8031 8171 
3	8031 8174 8171 
3	8031 8034 8174 
3	8034 8175 8174 
3	8171 8174 8173 
3	8174 8176 8173 
3	8174 8175 8176 
3	8175 8177 8176 
3	8159 8172 8178 
3	8178 8167 8159 
3	8172 8173 8179 
3	8179 8178 8172 
3	8167 8178 8180 
3	8180 8169 8167 
3	8178 8179 8181 
3	8181 8180 8178 
3	8173 8176 8182 
3	8182 8179 8173 
3	8176 8177 8182 
3	8177 8183 8182 
3	8179 8182 8184 
3	8184 8181 8179 
3	8182 8183 8184 
3	8183 8185 8184 
3	8164 8163 8187 
3	8163 8186 8187 
3	8187 6051 8164 
3	6051 6025 8164 
3	8163 8165 8186 
3	8165 8188 8186 
3	8187 8186 8189 
3	8189 8190 8187 
3	8190 6053 6051 
3	6051 8187 8190 
3	8186 8188 8191 
3	8191 8189 8186 
3	8165 8168 8192 
3	8192 8188 8165 
3	8168 8169 8193 
3	8193 8192 8168 
3	8188 8192 8191 
3	8192 8194 8191 
3	8192 8193 8194 
3	8193 8195 8194 
3	8190 8189 8197 
3	8189 8196 8197 
3	8197 6059 8190 
3	6059 6053 8190 
3	8189 8191 8196 
3	8191 8198 8196 
3	8197 8196 8200 
3	8196 8199 8200 
3	8200 6061 8197 
3	6061 6059 8197 
3	8196 8198 8201 
3	8201 8199 8196 
3	8191 8194 8198 
3	8194 8202 8198 
3	8194 8195 8202 
3	8195 8203 8202 
3	8198 8202 8204 
3	8204 8201 8198 
3	8202 8203 8205 
3	8205 8204 8202 
3	8169 8180 8206 
3	8206 8193 8169 
3	8180 8181 8206 
3	8181 8207 8206 
3	8193 8206 8195 
3	8206 8208 8195 
3	8206 8207 8208 
3	8207 8209 8208 
3	8181 8184 8207 
3	8184 8210 8207 
3	8184 8185 8211 
3	8211 8210 8184 
3	8207 8210 8209 
3	8210 8212 8209 
3	8210 8211 8213 
3	8213 8212 8210 
3	8195 8208 8203 
3	8208 8214 8203 
3	8208 8209 8214 
3	8209 8215 8214 
3	8203 8214 8205 
3	8214 8216 8205 
3	8214 8215 8216 
3	8215 8217 8216 
3	8209 8212 8218 
3	8218 8215 8209 
3	8212 8213 8219 
3	8219 8218 8212 
3	8215 8218 8220 
3	8220 8217 8215 
3	8218 8219 8221 
3	8221 8220 8218 
3	8107 8110 8222 
3	8222 8034 8107 
3	8034 8222 8175 
3	8222 8223 8175 
3	8222 8110 8223 
3	8110 8224 8223 
3	8175 8223 8177 
3	8223 8225 8177 
3	8223 8224 8226 
3	8226 8225 8223 
3	8110 8111 8224 
3	8111 8227 8224 
3	8224 8227 8226 
3	8227 8228 8226 
3	8111 8116 8229 
3	8229 8227 8111 
3	8117 8118 8230 
3	8230 8116 8117 
3	8116 8230 8229 
3	8230 8231 8229 
3	8227 8229 8232 
3	8232 8228 8227 
3	8229 8231 8232 
3	8231 8233 8232 
3	8177 8225 8183 
3	8225 8234 8183 
3	8226 8228 8235 
3	8235 8225 8226 
3	8225 8235 8234 
3	8235 8236 8234 
3	8183 8234 8185 
3	8234 8237 8185 
3	8234 8236 8237 
3	8236 8238 8237 
3	8235 8228 8239 
3	8239 8236 8235 
3	8236 8239 8238 
3	8239 8240 8238 
3	8228 8232 8239 
3	8232 8241 8239 
3	8232 8233 8241 
3	8233 8242 8241 
3	8239 8241 8240 
3	8241 8243 8240 
3	8241 8242 8243 
3	8242 8244 8243 
3	8230 8118 8245 
3	8245 8231 8230 
3	8118 8125 8245 
3	8125 8246 8245 
3	8126 8142 8247 
3	8247 8125 8126 
3	8125 8247 8246 
3	8247 8248 8246 
3	8231 8245 8233 
3	8245 8249 8233 
3	8245 8246 8249 
3	8246 8250 8249 
3	8246 8248 8251 
3	8251 8250 8246 
3	8247 8142 8252 
3	8252 8248 8247 
3	8248 8252 8251 
3	8252 8253 8251 
3	8233 8249 8242 
3	8249 8254 8242 
3	8249 8250 8255 
3	8255 8254 8249 
3	8250 8251 8256 
3	8256 8255 8250 
3	8242 8254 8244 
3	8254 8257 8244 
3	8254 8255 8257 
3	8255 8258 8257 
3	8255 8256 8259 
3	8259 8258 8255 
3	8251 8253 8256 
3	8253 8260 8256 
3	8256 8260 8259 
3	8260 8261 8259 
3	8142 8148 8252 
3	8148 8262 8252 
3	8148 8149 8262 
3	8149 8263 8262 
3	8149 8150 8263 
3	8150 8264 8263 
3	8252 8262 8253 
3	8262 8265 8253 
3	8262 8263 8265 
3	8263 8266 8265 
3	8263 8264 8266 
3	8264 8267 8266 
3	8253 8265 8260 
3	8265 8268 8260 
3	8265 8266 8268 
3	8266 8269 8268 
3	8266 8267 8269 
3	8267 8270 8269 
3	8260 8268 8271 
3	8271 8261 8260 
3	8268 8269 8272 
3	8272 8271 8268 
3	8269 8270 8272 
3	8270 8273 8272 
3	8185 8237 8274 
3	8274 8211 8185 
3	8237 8238 8274 
3	8238 8275 8274 
3	8211 8274 8276 
3	8276 8213 8211 
3	8274 8275 8277 
3	8277 8276 8274 
3	8238 8240 8275 
3	8240 8278 8275 
3	8275 8278 8279 
3	8279 8277 8275 
3	8240 8243 8278 
3	8243 8280 8278 
3	8243 8244 8280 
3	8244 8281 8280 
3	8278 8280 8282 
3	8282 8279 8278 
3	8280 8281 8283 
3	8283 8282 8280 
3	8213 8276 8284 
3	8284 8219 8213 
3	8276 8277 8285 
3	8285 8284 8276 
3	8219 8284 8286 
3	8286 8221 8219 
3	8284 8285 8288 
3	8285 8287 8288 
3	8284 8288 8286 
3	8288 8289 8286 
3	8288 8287 8290 
3	8290 8289 8288 
3	8277 8279 8285 
3	8279 8287 8285 
3	8279 8282 8291 
3	8291 8287 8279 
3	8282 8283 8292 
3	8292 8291 8282 
3	8287 8291 8290 
3	8291 8293 8290 
3	8291 8292 8294 
3	8294 8293 8291 
3	8244 8257 8281 
3	8257 8295 8281 
3	8257 8258 8295 
3	8258 8296 8295 
3	8258 8259 8296 
3	8259 8297 8296 
3	8281 8295 8298 
3	8298 8283 8281 
3	8295 8296 8299 
3	8299 8298 8295 
3	8296 8297 8300 
3	8300 8299 8296 
3	8259 8261 8297 
3	8261 8301 8297 
3	8297 8301 8302 
3	8302 8300 8297 
3	8283 8298 8303 
3	8303 8292 8283 
3	8298 8299 8304 
3	8304 8303 8298 
3	8299 8300 8305 
3	8305 8304 8299 
3	8292 8303 8294 
3	8303 8306 8294 
3	8303 8304 8307 
3	8307 8306 8303 
3	8304 8305 8308 
3	8308 8307 8304 
3	8300 8302 8309 
3	8309 8305 8300 
3	8305 8309 8308 
3	8309 8310 8308 
3	8261 8271 8311 
3	8311 8301 8261 
3	8271 8272 8312 
3	8312 8311 8271 
3	8272 8273 8313 
3	8313 8312 8272 
3	8301 8311 8314 
3	8314 8302 8301 
3	8311 8312 8315 
3	8315 8314 8311 
3	8312 8313 8316 
3	8316 8315 8312 
3	8302 8314 8317 
3	8317 8309 8302 
3	8314 8315 8318 
3	8318 8317 8314 
3	8315 8316 8318 
3	8316 8319 8318 
3	8309 8317 8320 
3	8320 8310 8309 
3	8317 8318 8321 
3	8321 8320 8317 
3	8318 8319 8322 
3	8322 8321 8318 
3	8075 8076 8323 
3	8323 8077 8075 
3	8077 8323 8324 
3	8324 8090 8077 
3	8090 8324 8325 
3	8325 8093 8090 
3	8138 8093 8326 
3	8326 8139 8138 
3	8325 8328 8327 
3	8327 8093 8325 
3	8093 8327 8326 
3	8327 8329 8326 
3	8327 8328 8330 
3	8330 8329 8327 
3	8139 8326 8331 
3	8331 8140 8139 
3	8326 8329 8332 
3	8332 8331 8326 
3	8329 8330 8333 
3	8333 8332 8329 
3	8145 8140 8334 
3	8334 8146 8145 
3	8146 8334 8335 
3	8335 8150 8146 
3	8140 8331 8336 
3	8336 8334 8140 
3	8331 8332 8336 
3	8332 8337 8336 
3	8332 8333 8338 
3	8338 8337 8332 
3	8336 8337 8339 
3	8339 8334 8336 
3	8334 8339 8335 
3	8339 8340 8335 
3	8339 8337 8341 
3	8341 8340 8339 
3	8338 8343 8342 
3	8342 8337 8338 
3	8337 8342 8341 
3	8342 8344 8341 
3	8342 8343 8345 
3	8345 8344 8342 
3	3654 3796 8346 
3	8346 8076 3654 
3	3797 3801 8347 
3	8347 3796 3797 
3	3796 8347 8346 
3	8347 8348 8346 
3	8347 3801 8349 
3	8349 8348 8347 
3	8076 8346 8350 
3	8350 8323 8076 
3	8346 8348 8350 
3	8348 8351 8350 
3	8348 8349 8352 
3	8352 8351 8348 
3	3801 3802 8349 
3	3802 8353 8349 
3	3802 3803 8354 
3	8354 8353 3802 
3	8349 8353 8355 
3	8355 8352 8349 
3	8354 8357 8356 
3	8356 8353 8354 
3	8353 8356 8355 
3	8356 8358 8355 
3	8356 8357 8359 
3	8359 8358 8356 
3	8350 8351 8360 
3	8360 8323 8350 
3	8323 8360 8324 
3	8360 8361 8324 
3	8360 8351 8362 
3	8362 8361 8360 
3	8351 8352 8363 
3	8363 8362 8351 
3	8324 8361 8325 
3	8361 8328 8325 
3	8361 8362 8364 
3	8364 8328 8361 
3	8363 8366 8365 
3	8365 8362 8363 
3	8362 8365 8364 
3	8365 8367 8364 
3	8355 8358 8368 
3	8368 8352 8355 
3	8352 8368 8363 
3	8368 8366 8363 
3	8365 8366 8369 
3	8369 8367 8365 
3	8368 8358 8370 
3	8370 8366 8368 
3	8358 8359 8370 
3	8359 8371 8370 
3	8366 8370 8369 
3	8370 8372 8369 
3	8370 8371 8373 
3	8373 8372 8370 
3	3803 3820 8354 
3	3820 8357 8354 
3	3820 3822 8374 
3	8374 8357 3820 
3	3822 3823 8374 
3	3823 8375 8374 
3	8357 8374 8359 
3	8374 8376 8359 
3	8374 8375 8377 
3	8377 8376 8374 
3	3823 3826 8375 
3	3826 8378 8375 
3	3826 3827 8379 
3	8379 8378 3826 
3	8375 8378 8380 
3	8380 8377 8375 
3	8378 8379 8381 
3	8381 8380 8378 
3	8359 8376 8382 
3	8382 8371 8359 
3	8377 8384 8383 
3	8383 8376 8377 
3	8376 8383 8382 
3	8383 8385 8382 
3	8383 8384 8386 
3	8386 8385 8383 
3	8382 8385 8387 
3	8387 8371 8382 
3	8371 8387 8373 
3	8387 8388 8373 
3	8387 8385 8389 
3	8389 8388 8387 
3	8385 8386 8389 
3	8386 8390 8389 
3	8380 8391 8377 
3	8391 8384 8377 
3	8381 8392 8380 
3	8392 8391 8380 
3	8384 8391 8393 
3	8393 8386 8384 
3	8391 8392 8394 
3	8394 8393 8391 
3	8386 8393 8390 
3	8393 8395 8390 
3	8393 8394 8395 
3	8394 8396 8395 
3	8328 8364 8397 
3	8397 8330 8328 
3	8364 8367 8397 
3	8367 8398 8397 
3	8397 8398 8399 
3	8399 8330 8397 
3	8330 8399 8333 
3	8399 8400 8333 
3	8367 8369 8401 
3	8401 8398 8367 
3	8399 8398 8402 
3	8402 8400 8399 
3	8398 8401 8403 
3	8403 8402 8398 
3	8369 8372 8404 
3	8404 8401 8369 
3	8373 8388 8405 
3	8405 8372 8373 
3	8372 8405 8404 
3	8405 8406 8404 
3	8405 8388 8407 
3	8407 8406 8405 
3	8404 8406 8408 
3	8408 8401 8404 
3	8401 8408 8403 
3	8408 8409 8403 
3	8408 8406 8410 
3	8410 8409 8408 
3	8406 8407 8410 
3	8407 8411 8410 
3	8333 8400 8338 
3	8400 8343 8338 
3	8400 8402 8412 
3	8412 8343 8400 
3	8403 8409 8413 
3	8413 8402 8403 
3	8402 8413 8412 
3	8413 8414 8412 
3	8413 8409 8415 
3	8415 8414 8413 
3	8343 8412 8345 
3	8412 8416 8345 
3	8412 8414 8417 
3	8417 8416 8412 
3	8414 8415 8418 
3	8418 8417 8414 
3	8409 8410 8415 
3	8410 8419 8415 
3	8410 8411 8420 
3	8420 8419 8410 
3	8415 8419 8421 
3	8421 8418 8415 
3	8420 8423 8422 
3	8422 8419 8420 
3	8419 8422 8424 
3	8424 8421 8419 
3	8388 8389 8407 
3	8389 8425 8407 
3	8389 8390 8426 
3	8426 8425 8389 
3	8407 8425 8427 
3	8427 8411 8407 
3	8426 8429 8428 
3	8428 8425 8426 
3	8425 8428 8427 
3	8428 8430 8427 
3	8390 8395 8431 
3	8431 8426 8390 
3	8395 8396 8431 
3	8396 8432 8431 
3	8431 8433 8426 
3	8433 8429 8426 
3	8432 8434 8431 
3	8434 8433 8431 
3	8427 8430 8435 
3	8435 8411 8427 
3	8411 8435 8420 
3	8435 8423 8420 
3	8422 8423 8436 
3	8436 8424 8422 
3	8428 8429 8437 
3	8437 8430 8428 
3	8429 8433 8438 
3	8438 8437 8429 
3	8433 8434 8439 
3	8439 8438 8433 
3	8435 8430 8440 
3	8440 8423 8435 
3	8430 8437 8441 
3	8441 8440 8430 
3	8423 8440 8436 
3	8440 8442 8436 
3	8440 8441 8442 
3	8441 8443 8442 
3	8437 8438 8441 
3	8438 8444 8441 
3	8438 8439 8445 
3	8445 8444 8438 
3	8441 8444 8446 
3	8446 8443 8441 
3	8444 8445 8446 
3	8445 8447 8446 
3	8150 8335 8448 
3	8448 8264 8150 
3	8264 8448 8449 
3	8449 8267 8264 
3	8335 8340 8450 
3	8450 8448 8335 
3	8340 8341 8451 
3	8451 8450 8340 
3	8341 8344 8452 
3	8452 8451 8341 
3	8448 8450 8453 
3	8453 8449 8448 
3	8450 8451 8454 
3	8454 8453 8450 
3	8451 8452 8455 
3	8455 8454 8451 
3	8344 8345 8452 
3	8345 8456 8452 
3	8452 8456 8457 
3	8457 8455 8452 
3	8267 8449 8270 
3	8449 8458 8270 
3	8270 8458 8459 
3	8459 8273 8270 
3	8449 8453 8460 
3	8460 8458 8449 
3	8453 8454 8461 
3	8461 8460 8453 
3	8454 8455 8462 
3	8462 8461 8454 
3	8458 8460 8463 
3	8463 8459 8458 
3	8460 8461 8464 
3	8464 8463 8460 
3	8461 8462 8465 
3	8465 8464 8461 
3	8455 8457 8466 
3	8466 8462 8455 
3	8462 8466 8467 
3	8467 8465 8462 
3	8459 8463 8468 
3	8468 8273 8459 
3	8273 8468 8469 
3	8469 8313 8273 
3	8468 8463 8469 
3	8463 8470 8469 
3	8313 8469 8471 
3	8469 8470 8471 
3	8313 8471 8472 
3	8472 8316 8313 
3	8463 8464 8470 
3	8464 8473 8470 
3	8464 8465 8473 
3	8465 8474 8473 
3	8471 8470 8472 
3	8470 8475 8472 
3	8470 8473 8475 
3	8473 8476 8475 
3	8473 8474 8476 
3	8474 8477 8476 
3	8465 8467 8474 
3	8467 8478 8474 
3	8474 8478 8477 
3	8478 8479 8477 
3	8316 8472 8319 
3	8472 8480 8319 
3	8319 8480 8322 
3	8480 8481 8322 
3	8472 8475 8480 
3	8475 8482 8480 
3	8475 8476 8482 
3	8476 8483 8482 
3	8476 8477 8483 
3	8477 8484 8483 
3	8480 8482 8481 
3	8482 8485 8481 
3	8482 8483 8485 
3	8483 8486 8485 
3	8483 8484 8486 
3	8484 8487 8486 
3	8477 8479 8484 
3	8479 8488 8484 
3	8484 8488 8487 
3	8488 8489 8487 
3	8345 8416 8490 
3	8490 8456 8345 
3	8416 8417 8490 
3	8417 8491 8490 
3	8417 8418 8492 
3	8492 8491 8417 
3	8490 8491 8493 
3	8493 8456 8490 
3	8456 8493 8457 
3	8493 8494 8457 
3	8493 8491 8495 
3	8495 8494 8493 
3	8491 8492 8496 
3	8496 8495 8491 
3	8418 8421 8497 
3	8497 8492 8418 
3	8421 8424 8497 
3	8424 8498 8497 
3	8497 8498 8499 
3	8499 8492 8497 
3	8492 8499 8496 
3	8499 8500 8496 
3	8457 8494 8501 
3	8501 8466 8457 
3	8494 8495 8501 
3	8495 8502 8501 
3	8495 8496 8503 
3	8503 8502 8495 
3	8466 8501 8504 
3	8504 8467 8466 
3	8501 8502 8504 
3	8502 8505 8504 
3	8502 8503 8505 
3	8503 8506 8505 
3	8496 8500 8507 
3	8507 8503 8496 
3	8503 8507 8506 
3	8507 8508 8506 
3	8424 8436 8509 
3	8509 8498 8424 
3	8499 8498 8510 
3	8510 8500 8499 
3	8498 8509 8510 
3	8509 8511 8510 
3	8500 8510 8512 
3	8512 8507 8500 
3	8510 8511 8512 
3	8511 8513 8512 
3	8507 8512 8508 
3	8512 8514 8508 
3	8512 8513 8515 
3	8515 8514 8512 
3	8436 8442 8509 
3	8442 8516 8509 
3	8442 8443 8517 
3	8517 8516 8442 
3	8509 8516 8518 
3	8518 8511 8509 
3	8517 8520 8519 
3	8519 8516 8517 
3	8516 8519 8521 
3	8521 8518 8516 
3	8519 8520 8522 
3	8522 8521 8519 
3	8446 8524 8523 
3	8523 8443 8446 
3	8443 8523 8517 
3	8523 8520 8517 
3	8447 8525 8524 
3	8524 8446 8447 
3	8523 8524 8526 
3	8526 8520 8523 
3	8524 8525 8527 
3	8527 8526 8524 
3	8520 8526 8528 
3	8528 8522 8520 
3	8526 8527 8528 
3	8527 8529 8528 
3	8511 8518 8530 
3	8530 8513 8511 
3	8518 8521 8531 
3	8531 8530 8518 
3	8521 8522 8532 
3	8532 8531 8521 
3	8530 8531 8533 
3	8533 8513 8530 
3	8513 8533 8515 
3	8533 8534 8515 
3	8533 8531 8535 
3	8535 8534 8533 
3	8531 8532 8536 
3	8536 8535 8531 
3	8522 8528 8532 
3	8528 8537 8532 
3	8528 8529 8537 
3	8529 8538 8537 
3	8532 8537 8539 
3	8539 8536 8532 
3	8537 8538 8540 
3	8540 8539 8537 
3	8467 8504 8478 
3	8504 8541 8478 
3	8504 8505 8541 
3	8505 8542 8541 
3	8505 8506 8542 
3	8506 8543 8542 
3	8478 8541 8479 
3	8541 8544 8479 
3	8541 8542 8545 
3	8545 8544 8541 
3	8542 8543 8546 
3	8546 8545 8542 
3	8506 8508 8543 
3	8508 8547 8543 
3	8543 8547 8546 
3	8547 8548 8546 
3	8479 8544 8488 
3	8544 8549 8488 
3	8544 8545 8550 
3	8550 8549 8544 
3	8545 8546 8551 
3	8551 8550 8545 
3	8488 8549 8552 
3	8552 8489 8488 
3	8549 8550 8552 
3	8550 8553 8552 
3	8550 8551 8553 
3	8551 8554 8553 
3	8546 8548 8551 
3	8548 8555 8551 
3	8551 8555 8556 
3	8556 8554 8551 
3	8508 8514 8547 
3	8514 8557 8547 
3	8514 8515 8557 
3	8515 8558 8557 
3	8547 8557 8548 
3	8557 8559 8548 
3	8557 8558 8560 
3	8560 8559 8557 
3	8548 8559 8555 
3	8559 8561 8555 
3	8559 8560 8562 
3	8562 8561 8559 
3	8555 8561 8556 
3	8561 8563 8556 
3	8561 8562 8564 
3	8564 8563 8561 
3	8515 8534 8565 
3	8565 8558 8515 
3	8534 8535 8565 
3	8535 8566 8565 
3	8535 8536 8567 
3	8567 8566 8535 
3	8558 8565 8568 
3	8565 8566 8568 
3	8558 8568 8560 
3	8568 8569 8560 
3	8568 8566 8570 
3	8570 8569 8568 
3	8566 8567 8570 
3	8567 8571 8570 
3	8536 8539 8572 
3	8572 8567 8536 
3	8539 8540 8573 
3	8573 8572 8539 
3	8567 8572 8574 
3	8574 8571 8567 
3	8572 8573 8574 
3	8573 8575 8574 
3	8560 8569 8562 
3	8569 8576 8562 
3	8569 8570 8576 
3	8570 8577 8576 
3	8570 8571 8577 
3	8571 8578 8577 
3	8562 8576 8579 
3	8579 8564 8562 
3	8576 8577 8580 
3	8577 8578 8580 
3	8576 8580 8579 
3	8580 8581 8579 
3	8571 8574 8582 
3	8582 8578 8571 
3	8574 8575 8582 
3	8575 8583 8582 
3	8580 8578 8584 
3	8584 8581 8580 
3	8578 8582 8584 
3	8582 8585 8584 
3	8582 8583 8586 
3	8586 8585 8582 
3	8200 8199 8587 
3	8587 8588 8200 
3	8588 6327 8200 
3	6327 6061 8200 
3	8199 8201 8589 
3	8589 8587 8199 
3	8588 8587 8591 
3	8587 8590 8591 
3	8591 6329 8588 
3	6329 6327 8588 
3	8587 8589 8592 
3	8592 8590 8587 
3	8201 8204 8593 
3	8593 8589 8201 
3	8204 8205 8593 
3	8205 8594 8593 
3	8589 8593 8595 
3	8595 8592 8589 
3	8593 8594 8595 
3	8594 8596 8595 
3	8591 8590 6329 
3	8590 8597 6329 
3	8590 8592 8598 
3	8598 8597 8590 
3	6329 8597 6336 
3	8597 8599 6336 
3	8597 8598 8599 
3	8598 8600 8599 
3	6336 8599 8601 
3	8601 6338 6336 
3	8599 8600 8601 
3	8600 8602 8601 
3	8592 8595 8598 
3	8595 8603 8598 
3	8595 8596 8603 
3	8596 8604 8603 
3	8598 8603 8600 
3	8603 8605 8600 
3	8603 8604 8606 
3	8606 8605 8603 
3	8600 8605 8602 
3	8605 8607 8602 
3	8605 8606 8608 
3	8608 8607 8605 
3	8205 8216 8594 
3	8216 8609 8594 
3	8216 8217 8610 
3	8610 8609 8216 
3	8594 8609 8596 
3	8609 8611 8596 
3	8609 8610 8612 
3	8612 8611 8609 
3	8217 8220 8613 
3	8613 8610 8217 
3	8220 8221 8614 
3	8614 8613 8220 
3	8610 8613 8615 
3	8615 8612 8610 
3	8613 8614 8617 
3	8614 8616 8617 
3	8613 8617 8615 
3	8617 8618 8615 
3	8617 8616 8619 
3	8619 8618 8617 
3	8596 8611 8620 
3	8620 8604 8596 
3	8611 8612 8621 
3	8621 8620 8611 
3	8604 8620 8622 
3	8622 8606 8604 
3	8620 8621 8623 
3	8623 8622 8620 
3	8606 8622 8624 
3	8624 8608 8606 
3	8622 8623 8624 
3	8623 8625 8624 
3	8612 8615 8621 
3	8615 8618 8621 
3	8621 8618 8626 
3	8626 8623 8621 
3	8618 8619 8626 
3	8619 8627 8626 
3	8623 8626 8628 
3	8628 8625 8623 
3	8626 8627 8629 
3	8629 8628 8626 
3	6338 8601 8630 
3	8630 6374 6338 
3	8601 8602 8630 
3	8602 8631 8630 
3	6374 8630 6377 
3	8630 8632 6377 
3	6377 8632 6378 
3	8632 8633 6378 
3	8630 8631 8632 
3	8631 8634 8632 
3	8632 8634 8633 
3	8634 8635 8633 
3	8602 8607 8636 
3	8636 8631 8602 
3	8607 8608 8637 
3	8637 8636 8607 
3	8631 8636 8638 
3	8638 8634 8631 
3	8634 8638 8639 
3	8639 8635 8634 
3	8636 8637 8640 
3	8640 8638 8636 
3	8638 8640 8641 
3	8641 8639 8638 
3	6378 8633 6385 
3	8633 8642 6385 
3	8633 8635 8642 
3	8635 8643 8642 
3	6385 8642 6387 
3	8642 8644 6387 
3	8642 8643 8644 
3	8643 8645 8644 
3	8635 8639 8646 
3	8646 8643 8635 
3	8639 8641 8646 
3	8641 8647 8646 
3	8643 8646 8648 
3	8648 8645 8643 
3	8646 8647 8649 
3	8649 8648 8646 
3	6387 8644 6391 
3	8644 8650 6391 
3	8644 8645 8650 
3	8645 8651 8650 
3	8645 8648 8652 
3	8652 8651 8645 
3	8648 8649 8653 
3	8653 8652 8648 
3	8608 8624 8654 
3	8654 8637 8608 
3	8624 8625 8655 
3	8655 8654 8624 
3	8637 8654 8656 
3	8656 8640 8637 
3	8640 8656 8641 
3	8656 8657 8641 
3	8654 8655 8656 
3	8655 8658 8656 
3	8656 8658 8659 
3	8659 8657 8656 
3	8625 8628 8661 
3	8628 8660 8661 
3	8625 8661 8655 
3	8661 8658 8655 
3	8661 8660 8662 
3	8662 8658 8661 
3	8628 8629 8660 
3	8629 8663 8660 
3	8660 8663 8664 
3	8664 8662 8660 
3	8658 8662 8665 
3	8665 8659 8658 
3	8662 8664 8666 
3	8666 8665 8662 
3	8641 8657 8647 
3	8657 8667 8647 
3	8657 8659 8668 
3	8668 8667 8657 
3	8647 8667 8669 
3	8669 8649 8647 
3	8667 8668 8669 
3	8668 8670 8669 
3	8659 8665 8672 
3	8665 8671 8672 
3	8659 8672 8668 
3	8672 8670 8668 
3	8665 8666 8673 
3	8673 8671 8665 
3	8649 8669 8674 
3	8674 8653 8649 
3	8669 8670 8675 
3	8675 8674 8669 
3	8672 8671 8676 
3	8676 8670 8672 
3	8671 8673 8676 
3	8673 8677 8676 
3	8670 8676 8675 
3	8676 8678 8675 
3	8676 8677 8679 
3	8679 8678 8676 
3	8221 8286 8680 
3	8286 8289 8680 
3	8221 8680 8614 
3	8680 8616 8614 
3	8680 8289 8681 
3	8681 8616 8680 
3	8289 8290 8681 
3	8290 8682 8681 
3	8616 8681 8619 
3	8681 8683 8619 
3	8681 8682 8684 
3	8684 8683 8681 
3	8290 8293 8685 
3	8685 8682 8290 
3	8293 8294 8686 
3	8294 8306 8686 
3	8293 8686 8685 
3	8686 8687 8685 
3	8686 8306 8688 
3	8688 8687 8686 
3	8682 8685 8689 
3	8689 8684 8682 
3	8685 8687 8689 
3	8687 8690 8689 
3	8687 8688 8691 
3	8691 8690 8687 
3	8619 8683 8692 
3	8692 8627 8619 
3	8683 8684 8693 
3	8693 8692 8683 
3	8627 8692 8695 
3	8692 8694 8695 
3	8627 8695 8629 
3	8695 8663 8629 
3	8695 8694 8696 
3	8696 8663 8695 
3	8692 8693 8694 
3	8693 8697 8694 
3	8694 8697 8698 
3	8698 8696 8694 
3	8684 8689 8699 
3	8689 8690 8699 
3	8684 8699 8693 
3	8699 8697 8693 
3	8699 8690 8700 
3	8700 8697 8699 
3	8690 8691 8701 
3	8701 8700 8690 
3	8697 8700 8702 
3	8702 8698 8697 
3	8700 8701 8704 
3	8701 8703 8704 
3	8700 8704 8702 
3	8704 8705 8702 
3	8704 8703 8706 
3	8706 8705 8704 
3	8306 8307 8707 
3	8707 8688 8306 
3	8307 8308 8708 
3	8308 8310 8708 
3	8307 8708 8707 
3	8708 8709 8707 
3	8688 8707 8710 
3	8710 8691 8688 
3	8707 8709 8710 
3	8709 8711 8710 
3	8691 8710 8712 
3	8710 8711 8712 
3	8691 8712 8701 
3	8712 8703 8701 
3	8708 8310 8713 
3	8713 8709 8708 
3	8709 8713 8714 
3	8714 8711 8709 
3	8310 8320 8715 
3	8715 8713 8310 
3	8320 8321 8715 
3	8321 8716 8715 
3	8321 8322 8717 
3	8717 8716 8321 
3	8713 8715 8718 
3	8715 8716 8718 
3	8713 8718 8714 
3	8718 8719 8714 
3	8718 8716 8720 
3	8720 8719 8718 
3	8716 8717 8721 
3	8721 8720 8716 
3	8712 8711 8722 
3	8722 8703 8712 
3	8711 8714 8723 
3	8723 8722 8711 
3	8703 8722 8724 
3	8724 8706 8703 
3	8722 8723 8726 
3	8723 8725 8726 
3	8722 8726 8724 
3	8726 8727 8724 
3	8726 8725 8728 
3	8728 8727 8726 
3	8714 8719 8723 
3	8719 8725 8723 
3	8719 8720 8729 
3	8729 8725 8719 
3	8720 8721 8731 
3	8721 8730 8731 
3	8720 8731 8729 
3	8731 8732 8729 
3	8725 8729 8733 
3	8733 8728 8725 
3	8729 8732 8733 
3	8732 8734 8733 
3	8731 8730 8735 
3	8735 8732 8731 
3	8732 8735 8736 
3	8736 8734 8732 
3	8663 8696 8664 
3	8696 8737 8664 
3	8696 8698 8738 
3	8738 8737 8696 
3	8664 8737 8739 
3	8739 8666 8664 
3	8737 8738 8741 
3	8738 8740 8741 
3	8737 8741 8739 
3	8741 8742 8739 
3	8698 8702 8743 
3	8702 8705 8743 
3	8698 8743 8738 
3	8743 8740 8738 
3	8666 8739 8673 
3	8739 8742 8673 
3	8741 8740 8744 
3	8744 8742 8741 
3	8743 8705 8745 
3	8745 8740 8743 
3	8705 8706 8746 
3	8746 8745 8705 
3	8740 8745 8747 
3	8747 8744 8740 
3	8745 8746 8749 
3	8746 8748 8749 
3	8745 8749 8747 
3	8749 8750 8747 
3	8749 8748 8751 
3	8751 8750 8749 
3	8673 8742 8752 
3	8752 8677 8673 
3	8742 8744 8753 
3	8753 8752 8742 
3	8677 8752 8755 
3	8752 8754 8755 
3	8677 8755 8679 
3	8755 8756 8679 
3	8755 8754 8757 
3	8757 8756 8755 
3	8752 8753 8754 
3	8753 8758 8754 
3	8754 8758 8759 
3	8759 8757 8754 
3	8744 8747 8760 
3	8747 8750 8760 
3	8744 8760 8753 
3	8760 8758 8753 
3	8760 8750 8761 
3	8761 8758 8760 
3	8750 8751 8762 
3	8762 8761 8750 
3	8758 8761 8764 
3	8761 8763 8764 
3	8758 8764 8759 
3	8764 8765 8759 
3	8761 8762 8763 
3	8762 8766 8763 
3	8764 8763 8767 
3	8767 8765 8764 
3	8763 8766 8768 
3	8768 8767 8763 
3	8706 8724 8769 
3	8769 8746 8706 
3	8724 8727 8769 
3	8727 8770 8769 
3	8727 8728 8771 
3	8771 8770 8727 
3	8746 8769 8748 
3	8769 8770 8748 
3	8748 8770 8772 
3	8772 8751 8748 
3	8770 8771 8774 
3	8771 8773 8774 
3	8770 8774 8772 
3	8774 8775 8772 
3	8774 8773 8776 
3	8776 8775 8774 
3	8728 8733 8777 
3	8733 8734 8777 
3	8728 8777 8771 
3	8777 8773 8771 
3	8777 8734 8778 
3	8778 8773 8777 
3	8734 8736 8780 
3	8736 8779 8780 
3	8734 8780 8778 
3	8780 8781 8778 
3	8780 8779 8782 
3	8782 8781 8780 
3	8773 8778 8783 
3	8778 8781 8783 
3	8773 8783 8776 
3	8783 8784 8776 
3	8783 8781 8785 
3	8785 8784 8783 
3	8781 8782 8787 
3	8782 8786 8787 
3	8781 8787 8785 
3	8787 8788 8785 
3	8751 8772 8789 
3	8772 8775 8789 
3	8751 8789 8762 
3	8789 8766 8762 
3	8789 8775 8790 
3	8790 8766 8789 
3	8775 8776 8791 
3	8776 8784 8791 
3	8775 8791 8790 
3	8791 8792 8790 
3	8791 8784 8793 
3	8793 8792 8791 
3	8766 8790 8794 
3	8790 8792 8794 
3	8766 8794 8768 
3	8794 8795 8768 
3	8794 8792 8796 
3	8796 8795 8794 
3	8792 8793 8798 
3	8793 8797 8798 
3	8792 8798 8796 
3	8798 8799 8796 
3	8784 8785 8800 
3	8785 8788 8800 
3	8784 8800 8793 
3	8800 8797 8793 
3	8787 8786 8801 
3	8801 8788 8787 
3	8798 8797 8802 
3	8802 8799 8798 
3	8800 8788 8803 
3	8803 8797 8800 
3	8788 8801 8805 
3	8801 8804 8805 
3	8788 8805 8803 
3	8805 8806 8803 
3	8805 8804 8807 
3	8807 8806 8805 
3	8797 8803 8808 
3	8803 8806 8808 
3	8797 8808 8802 
3	8808 8809 8802 
3	8808 8806 8810 
3	8810 8809 8808 
3	8806 8807 8812 
3	8807 8811 8812 
3	8806 8812 8810 
3	8812 8813 8810 
3	8812 8811 8814 
3	8814 8813 8812 
3	6391 8650 6538 
3	8650 8815 6538 
3	6538 8815 8816 
3	8816 6539 6538 
3	8650 8651 8815 
3	8651 8817 8815 
3	8815 8817 8818 
3	8818 8816 8815 
3	6539 8816 8819 
3	8819 6541 6539 
3	8816 8818 8820 
3	8820 8819 8816 
3	8651 8652 8821 
3	8821 8817 8651 
3	8817 8821 8818 
3	8821 8822 8818 
3	8652 8653 8823 
3	8823 8821 8652 
3	8821 8823 8822 
3	8823 8824 8822 
3	8818 8822 8820 
3	8822 8825 8820 
3	8822 8824 8826 
3	8826 8825 8822 
3	6541 8819 8827 
3	8827 6550 6541 
3	8819 8820 8828 
3	8828 8827 8819 
3	6550 8827 8829 
3	8829 6553 6550 
3	6553 8829 6554 
3	8829 8830 6554 
3	8827 8828 8831 
3	8831 8829 8827 
3	8829 8831 8832 
3	8832 8830 8829 
3	6554 8830 6556 
3	8830 8833 6556 
3	8830 8832 8834 
3	8834 8833 8830 
3	8820 8825 8828 
3	8825 8835 8828 
3	8825 8826 8835 
3	8826 8836 8835 
3	8828 8835 8831 
3	8835 8837 8831 
3	8831 8837 8838 
3	8838 8832 8831 
3	8835 8836 8839 
3	8839 8837 8835 
3	8837 8839 8838 
3	8839 8840 8838 
3	8832 8838 8841 
3	8841 8834 8832 
3	8838 8840 8841 
3	8840 8842 8841 
3	8653 8674 8843 
3	8843 8823 8653 
3	8823 8843 8844 
3	8844 8824 8823 
3	8674 8675 8845 
3	8845 8843 8674 
3	8843 8845 8846 
3	8846 8844 8843 
3	8824 8844 8848 
3	8844 8847 8848 
3	8824 8848 8826 
3	8848 8836 8826 
3	8844 8846 8849 
3	8849 8847 8844 
3	8848 8847 8850 
3	8850 8836 8848 
3	8847 8849 8850 
3	8849 8851 8850 
3	8675 8678 8852 
3	8852 8845 8675 
3	8845 8852 8853 
3	8853 8846 8845 
3	8678 8679 8852 
3	8679 8756 8852 
3	8852 8756 8854 
3	8854 8853 8852 
3	8846 8853 8855 
3	8855 8849 8846 
3	8853 8854 8855 
3	8854 8856 8855 
3	8849 8855 8851 
3	8855 8857 8851 
3	8855 8856 8858 
3	8858 8857 8855 
3	8836 8850 8839 
3	8850 8859 8839 
3	8839 8859 8840 
3	8859 8860 8840 
3	8850 8851 8859 
3	8851 8861 8859 
3	8859 8861 8860 
3	8861 8862 8860 
3	8840 8860 8842 
3	8860 8863 8842 
3	8860 8862 8863 
3	8862 8864 8863 
3	8851 8857 8861 
3	8857 8865 8861 
3	8861 8865 8862 
3	8865 8866 8862 
3	8857 8858 8865 
3	8858 8867 8865 
3	8865 8867 8868 
3	8868 8866 8865 
3	8862 8866 8869 
3	8869 8864 8862 
3	8866 8868 8869 
3	8868 8870 8869 
3	6556 8833 6580 
3	8833 8871 6580 
3	8833 8834 8872 
3	8872 8871 8833 
3	8834 8841 8873 
3	8873 8872 8834 
3	8841 8842 8873 
3	8842 8874 8873 
3	8842 8863 8874 
3	8863 8875 8874 
3	8863 8864 8876 
3	8876 8875 8863 
3	8864 8869 8878 
3	8869 8877 8878 
3	8864 8878 8876 
3	8878 8879 8876 
3	8878 8877 8880 
3	8880 8879 8878 
3	8869 8870 8881 
3	8881 8877 8869 
3	8877 8881 8880 
3	8881 8882 8880 
3	6580 8871 6625 
3	8871 8883 6625 
3	6625 8883 8884 
3	8884 6626 6625 
3	8871 8872 8885 
3	8885 8883 8871 
3	8883 8885 8886 
3	8886 8884 8883 
3	6626 8884 8887 
3	8887 6629 6626 
3	8884 8886 8888 
3	8888 8887 8884 
3	6629 8887 8889 
3	8889 6632 6629 
3	6632 8889 6633 
3	8889 8890 6633 
3	8887 8888 8889 
3	8888 8891 8889 
3	8889 8891 8890 
3	8891 8892 8890 
3	8872 8873 8893 
3	8893 8885 8872 
3	8885 8893 8894 
3	8894 8886 8885 
3	8873 8874 8893 
3	8874 8895 8893 
3	8893 8895 8894 
3	8895 8896 8894 
3	8886 8894 8897 
3	8897 8888 8886 
3	8894 8896 8897 
3	8896 8898 8897 
3	8888 8897 8891 
3	8897 8899 8891 
3	8891 8899 8900 
3	8900 8892 8891 
3	8897 8898 8899 
3	8898 8901 8899 
3	8899 8901 8902 
3	8902 8900 8899 
3	6633 8890 8903 
3	8903 6644 6633 
3	6644 8903 8905 
3	8903 8904 8905 
3	8905 6650 6644 
3	6650 6645 6644 
3	8890 8892 8906 
3	8906 8903 8890 
3	8903 8906 8907 
3	8907 8904 8903 
3	8892 8900 8908 
3	8908 8906 8892 
3	8906 8908 8907 
3	8908 8909 8907 
3	8900 8902 8908 
3	8902 8910 8908 
3	8908 8910 8909 
3	8910 8911 8909 
3	8905 8904 8912 
3	8912 6650 8905 
3	8904 8907 8913 
3	8913 8912 8904 
3	6650 8912 8914 
3	8914 6653 6650 
3	6653 8914 8915 
3	8915 6654 6653 
3	8912 8913 8914 
3	8913 8916 8914 
3	8914 8916 8915 
3	8916 8917 8915 
3	8907 8909 8913 
3	8909 8918 8913 
3	8909 8911 8918 
3	8911 8919 8918 
3	8913 8918 8920 
3	8920 8916 8913 
3	8916 8920 8921 
3	8921 8917 8916 
3	8918 8919 8922 
3	8922 8920 8918 
3	8920 8922 8923 
3	8923 8921 8920 
3	8874 8875 8895 
3	8875 8924 8895 
3	8895 8924 8896 
3	8924 8925 8896 
3	8875 8876 8924 
3	8876 8879 8924 
3	8924 8879 8925 
3	8879 8926 8925 
3	8896 8925 8898 
3	8925 8927 8898 
3	8925 8926 8928 
3	8928 8927 8925 
3	8898 8927 8901 
3	8927 8929 8901 
3	8901 8929 8930 
3	8930 8902 8901 
3	8927 8928 8929 
3	8928 8931 8929 
3	8929 8931 8932 
3	8932 8930 8929 
3	8879 8880 8926 
3	8880 8933 8926 
3	8880 8882 8933 
3	8882 8934 8933 
3	8926 8933 8936 
3	8933 8935 8936 
3	8926 8936 8928 
3	8936 8931 8928 
3	8936 8935 8937 
3	8937 8931 8936 
3	8933 8934 8935 
3	8934 8938 8935 
3	8935 8938 8939 
3	8939 8937 8935 
3	8931 8937 8932 
3	8937 8940 8932 
3	8937 8939 8940 
3	8939 8941 8940 
3	8902 8930 8910 
3	8930 8942 8910 
3	8910 8942 8943 
3	8943 8911 8910 
3	8930 8932 8944 
3	8944 8942 8930 
3	8942 8944 8946 
3	8944 8945 8946 
3	8942 8946 8943 
3	8946 8947 8943 
3	8946 8945 8948 
3	8948 8947 8946 
3	8932 8940 8949 
3	8949 8944 8932 
3	8944 8949 8950 
3	8950 8945 8944 
3	8940 8941 8951 
3	8951 8949 8940 
3	8949 8951 8952 
3	8952 8950 8949 
3	8945 8950 8954 
3	8950 8953 8954 
3	8945 8954 8948 
3	8954 8955 8948 
3	8954 8953 8956 
3	8956 8955 8954 
3	8950 8952 8957 
3	8957 8953 8950 
3	8953 8957 8959 
3	8957 8958 8959 
3	8953 8959 8956 
3	8959 8960 8956 
3	8911 8943 8919 
3	8943 8947 8919 
3	8919 8947 8922 
3	8947 8961 8922 
3	8922 8961 8923 
3	8961 8962 8923 
3	8947 8948 8961 
3	8948 8955 8961 
3	8961 8955 8962 
3	8955 8963 8962 
3	8955 8956 8963 
3	8956 8960 8963 
3	8756 8757 8965 
3	8757 8964 8965 
3	8756 8965 8854 
3	8965 8856 8854 
3	8757 8759 8964 
3	8759 8765 8964 
3	8965 8964 8966 
3	8966 8856 8965 
3	8964 8765 8967 
3	8967 8966 8964 
3	8856 8966 8969 
3	8966 8968 8969 
3	8856 8969 8858 
3	8969 8867 8858 
3	8969 8968 8970 
3	8970 8867 8969 
3	8966 8967 8968 
3	8967 8971 8968 
3	8968 8971 8972 
3	8972 8970 8968 
3	8765 8767 8973 
3	8973 8967 8765 
3	8767 8768 8974 
3	8768 8795 8974 
3	8767 8974 8973 
3	8974 8975 8973 
3	8974 8795 8976 
3	8976 8975 8974 
3	8967 8973 8971 
3	8973 8975 8971 
3	8971 8975 8978 
3	8975 8977 8978 
3	8971 8978 8972 
3	8978 8979 8972 
3	8975 8976 8977 
3	8976 8980 8977 
3	8867 8970 8982 
3	8970 8981 8982 
3	8867 8982 8868 
3	8982 8870 8868 
3	8970 8972 8981 
3	8972 8979 8981 
3	8795 8796 8983 
3	8796 8799 8983 
3	8795 8983 8976 
3	8983 8980 8976 
3	8978 8977 8984 
3	8984 8979 8978 
3	8977 8980 8985 
3	8985 8984 8977 
3	8982 8981 8986 
3	8986 8870 8982 
3	8981 8979 8987 
3	8987 8986 8981 
3	8870 8986 8881 
3	8986 8988 8881 
3	8881 8988 8989 
3	8989 8882 8881 
3	8986 8987 8988 
3	8987 8990 8988 
3	8988 8990 8992 
3	8990 8991 8992 
3	8988 8992 8989 
3	8992 8993 8989 
3	8992 8991 8994 
3	8994 8993 8992 
3	8979 8984 8996 
3	8984 8995 8996 
3	8979 8996 8987 
3	8996 8990 8987 
3	8996 8995 8997 
3	8997 8990 8996 
3	8984 8985 8995 
3	8985 8998 8995 
3	8995 8998 9000 
3	8998 8999 9000 
3	8995 9000 8997 
3	9000 9001 8997 
3	8990 8997 8991 
3	8997 9001 8991 
3	9000 8999 9002 
3	9002 9001 9000 
3	8991 9001 9004 
3	9001 9003 9004 
3	8991 9004 8994 
3	9004 9005 8994 
3	9004 9003 9006 
3	9006 9005 9004 
3	9001 9002 9003 
3	9002 9007 9003 
3	9003 9007 9009 
3	9007 9008 9009 
3	9003 9009 9006 
3	9009 9010 9006 
3	9009 9008 9012 
3	9008 9011 9012 
3	9009 9012 9010 
3	9012 9013 9010 
3	9012 9011 9014 
3	9014 9013 9012 
3	8983 8799 9015 
3	9015 8980 8983 
3	8799 8802 9016 
3	8802 8809 9016 
3	8799 9016 9015 
3	9016 9017 9015 
3	9016 8809 9018 
3	9018 9017 9016 
3	8980 9015 9019 
3	9015 9017 9019 
3	8980 9019 8985 
3	9019 8998 8985 
3	9019 9017 9020 
3	9020 8998 9019 
3	9017 9018 9022 
3	9018 9021 9022 
3	9017 9022 9020 
3	9022 9023 9020 
3	9022 9021 9025 
3	9021 9024 9025 
3	9022 9025 9023 
3	9025 9026 9023 
3	9025 9024 9027 
3	9027 9026 9025 
3	8809 8810 9028 
3	8810 8813 9028 
3	8809 9028 9018 
3	9028 9021 9018 
3	9028 8813 9029 
3	9029 9021 9028 
3	8813 8814 9031 
3	8814 9030 9031 
3	8813 9031 9029 
3	9031 9032 9029 
3	9031 9030 9034 
3	9030 9033 9034 
3	9031 9034 9032 
3	9034 9035 9032 
3	9021 9029 9024 
3	9029 9032 9024 
3	9024 9032 9036 
3	9032 9035 9036 
3	9024 9036 9027 
3	9036 9037 9027 
3	8998 9020 8999 
3	9020 9023 8999 
3	8999 9023 9038 
3	9023 9026 9038 
3	8999 9038 9002 
3	9038 9007 9002 
3	9038 9026 9039 
3	9039 9007 9038 
3	9026 9027 9040 
3	9027 9037 9040 
3	9026 9040 9039 
3	9040 9041 9039 
3	9007 9039 9008 
3	9039 9041 9008 
3	9034 9033 9042 
3	9042 9035 9034 
3	9036 9035 9044 
3	9035 9043 9044 
3	9036 9044 9037 
3	9044 9045 9037 
3	9044 9043 9046 
3	9046 9045 9044 
3	9035 9042 9043 
3	9042 9047 9043 
3	9043 9047 9049 
3	9047 9048 9049 
3	9043 9049 9046 
3	9049 9050 9046 
3	9049 9048 9051 
3	9051 9052 9049 
3	9049 9052 9050 
3	9052 9053 9050 
3	9052 9051 9054 
3	9054 9055 9052 
3	9052 9055 9053 
3	9055 9056 9053 
3	9040 9037 9057 
3	9037 9045 9057 
3	9040 9057 9058 
3	9058 9041 9040 
3	9057 9045 9060 
3	9045 9059 9060 
3	9057 9060 9058 
3	9060 9061 9058 
3	9008 9041 9058 
3	9058 9011 9008 
3	9011 9058 9062 
3	9058 9061 9062 
3	9011 9062 9014 
3	9062 9063 9014 
3	9060 9059 9064 
3	9064 9061 9060 
3	9062 9061 9065 
3	9065 9066 9062 
3	9062 9066 9067 
3	9067 9063 9062 
3	9066 9065 9068 
3	9068 9069 9066 
3	9066 9069 9070 
3	9070 9067 9066 
3	9061 9064 9065 
3	9064 9071 9065 
3	9065 9071 9072 
3	9072 9068 9065 
3	9045 9046 9059 
3	9046 9050 9059 
3	9059 9050 9073 
3	9050 9053 9073 
3	9059 9073 9064 
3	9073 9071 9064 
3	9073 9053 9074 
3	9053 9056 9074 
3	9073 9074 9072 
3	9072 9071 9073 
3	8882 8989 8934 
3	8989 8993 8934 
3	8934 8993 9075 
3	9075 8938 8934 
3	8938 9075 9077 
3	9075 9076 9077 
3	8938 9077 8939 
3	9077 8941 8939 
3	8993 8994 9075 
3	8994 9005 9075 
3	9075 9005 9078 
3	9078 9076 9075 
3	9005 9006 9078 
3	9006 9010 9078 
3	9077 9076 9079 
3	9079 8941 9077 
3	9076 9078 9081 
3	9078 9080 9081 
3	9076 9081 9079 
3	9081 9082 9079 
3	9081 9080 9084 
3	9080 9083 9084 
3	9081 9084 9082 
3	9084 9085 9082 
3	8941 9079 8951 
3	9079 9082 8951 
3	8951 9082 8952 
3	9082 9085 8952 
3	9084 9083 9086 
3	9086 9085 9084 
3	8952 9085 9087 
3	9087 8957 8952 
3	8957 9087 9088 
3	9088 8958 8957 
3	9085 9086 9087 
3	9086 9089 9087 
3	9087 9089 9088 
3	9089 9090 9088 
3	9078 9010 9080 
3	9010 9013 9080 
3	9080 9013 9091 
3	9091 9083 9080 
3	9013 9014 9091 
3	9014 9063 9091 
3	9083 9091 9093 
3	9091 9092 9093 
3	9083 9093 9086 
3	9093 9089 9086 
3	9093 9092 9095 
3	9092 9094 9095 
3	9093 9095 9090 
3	9090 9089 9093 
3	9091 9063 9067 
3	9067 9092 9091 
3	9092 9067 9094 
3	9067 9070 9094 
3	8322 8481 8717 
3	8481 9096 8717 
3	8717 9096 8721 
3	9096 8730 8721 
3	8481 8485 9096 
3	8485 9097 9096 
3	8485 8486 9097 
3	8486 9098 9097 
3	8486 8487 9099 
3	9099 9098 8486 
3	9096 9097 9100 
3	9100 8730 9096 
3	9097 9098 9100 
3	9098 9101 9100 
3	9098 9099 9103 
3	9099 9102 9103 
3	9098 9103 9101 
3	9103 9104 9101 
3	8487 8489 9099 
3	8489 9102 9099 
3	8730 9100 9105 
3	9100 9101 9105 
3	8730 9105 8735 
3	9105 9106 8735 
3	9105 9101 9107 
3	9107 9106 9105 
3	9101 9104 9107 
3	9104 9108 9107 
3	8735 9106 8736 
3	9106 8779 8736 
3	9106 9107 9109 
3	9109 8779 9106 
3	9107 9108 9109 
3	9108 9110 9109 
3	8779 9109 9111 
3	9109 9110 9111 
3	8779 9111 8782 
3	9111 8786 8782 
3	9103 9102 9112 
3	9112 9104 9103 
3	8489 8552 9113 
3	8552 8553 9113 
3	8489 9113 9102 
3	9113 9114 9102 
3	9113 8553 9115 
3	9115 9114 9113 
3	8553 8554 9115 
3	8554 9116 9115 
3	9102 9114 9112 
3	9114 9117 9112 
3	9114 9115 9118 
3	9118 9117 9114 
3	9115 9116 9118 
3	9116 9119 9118 
3	8554 8556 9120 
3	8556 8563 9120 
3	8554 9120 9116 
3	9120 9121 9116 
3	9120 8563 9122 
3	9122 9121 9120 
3	9116 9121 9123 
3	9123 9119 9116 
3	9121 9122 9125 
3	9122 9124 9125 
3	9121 9125 9123 
3	9125 9126 9123 
3	9104 9112 9127 
3	9127 9108 9104 
3	9108 9127 9129 
3	9127 9128 9129 
3	9108 9129 9110 
3	9129 9130 9110 
3	9129 9128 9131 
3	9131 9130 9129 
3	9112 9117 9127 
3	9117 9128 9127 
3	9117 9118 9132 
3	9118 9119 9132 
3	9117 9132 9128 
3	9132 9133 9128 
3	9128 9133 9131 
3	9133 9134 9131 
3	9132 9119 9135 
3	9135 9133 9132 
3	9119 9123 9135 
3	9123 9136 9135 
3	9123 9126 9137 
3	9137 9136 9123 
3	9133 9135 9138 
3	9135 9136 9138 
3	9133 9138 9134 
3	9138 9139 9134 
3	9138 9136 9140 
3	9140 9139 9138 
3	9136 9137 9140 
3	9137 9141 9140 
3	9125 9124 9142 
3	9142 9126 9125 
3	9126 9142 9144 
3	9142 9143 9144 
3	9126 9144 9137 
3	9144 9145 9137 
3	9144 9143 9146 
3	9146 9145 9144 
3	9137 9145 9147 
3	9147 9141 9137 
3	9145 9146 9149 
3	9146 9148 9149 
3	9145 9149 9147 
3	9149 9150 9147 
3	9149 9148 9151 
3	9151 9152 9149 
3	9149 9152 9150 
3	9152 9153 9150 
3	9152 9151 9154 
3	9154 9153 9152 
3	8563 8564 9122 
3	8564 9124 9122 
3	8564 8579 9155 
3	9155 9124 8564 
3	8579 8581 9156 
3	9156 9155 8579 
3	9124 9155 9142 
3	9155 9143 9142 
3	9155 9156 9157 
3	9157 9143 9155 
3	8581 8584 9158 
3	8584 8585 9158 
3	8581 9158 9156 
3	9158 9159 9156 
3	9158 8585 8586 
3	8586 9160 9158 
3	9158 9160 9161 
3	9161 9159 9158 
3	9156 9159 9162 
3	9162 9157 9156 
3	9159 9161 9163 
3	9163 9162 9159 
3	9143 9157 9146 
3	9157 9148 9146 
3	9157 9162 9148 
3	9162 9151 9148 
3	9162 9163 9164 
3	9164 9151 9162 
3	9151 9164 9154 
3	9164 9165 9154 
3	9111 9110 9166 
3	9166 8786 9111 
3	9110 9130 9166 
3	9130 9167 9166 
3	9130 9131 9168 
3	9131 9134 9168 
3	9130 9168 9167 
3	9168 9169 9167 
3	8786 9166 9170 
3	9166 9167 9170 
3	8786 9170 8801 
3	9170 8804 8801 
3	9170 9167 9171 
3	9171 8804 9170 
3	9167 9169 9171 
3	9169 9172 9171 
3	9168 9134 9173 
3	9173 9169 9168 
3	9169 9173 9175 
3	9173 9174 9175 
3	9169 9175 9172 
3	9175 9176 9172 
3	9175 9174 9177 
3	9177 9176 9175 
3	9134 9139 9173 
3	9139 9174 9173 
3	9139 9140 9178 
3	9140 9141 9178 
3	9139 9178 9174 
3	9178 9179 9174 
3	9174 9179 9177 
3	9179 9180 9177 
3	8804 9171 9181 
3	9171 9172 9181 
3	8804 9181 8807 
3	9181 8811 8807 
3	9181 9172 9182 
3	9182 8811 9181 
3	9172 9176 9182 
3	9176 9183 9182 
3	9176 9177 9184 
3	9177 9180 9184 
3	9176 9184 9183 
3	9184 9185 9183 
3	8811 9182 9186 
3	9182 9183 9186 
3	8811 9186 8814 
3	9186 9030 8814 
3	9186 9183 9187 
3	9183 9185 9187 
3	9186 9187 9030 
3	9187 9033 9030 
3	9178 9141 9188 
3	9188 9179 9178 
3	9141 9147 9188 
3	9147 9189 9188 
3	9147 9150 9189 
3	9150 9190 9189 
3	9179 9188 9191 
3	9188 9189 9191 
3	9179 9191 9180 
3	9191 9192 9180 
3	9191 9189 9190 
3	9190 9193 9191 
3	9191 9193 9194 
3	9194 9192 9191 
3	9150 9153 9190 
3	9153 9195 9190 
3	9153 9154 9196 
3	9154 9165 9196 
3	9153 9196 9197 
3	9197 9195 9153 
3	9193 9190 9195 
3	9195 9198 9193 
3	9193 9198 9194 
3	9198 9199 9194 
3	9198 9195 9200 
3	9200 9199 9198 
3	9195 9197 9200 
3	9197 9201 9200 
3	9184 9180 9202 
3	9180 9192 9202 
3	9184 9202 9185 
3	9202 9203 9185 
3	9202 9192 9204 
3	9204 9203 9202 
3	9187 9185 9205 
3	9205 9033 9187 
3	9185 9203 9205 
3	9203 9206 9205 
3	9203 9204 9208 
3	9204 9207 9208 
3	9203 9208 9206 
3	9208 9209 9206 
3	9208 9207 9210 
3	9210 9211 9208 
3	9208 9211 9209 
3	9211 9212 9209 
3	9211 9210 9214 
3	9210 9213 9214 
3	9211 9214 9215 
3	9215 9212 9211 
3	9192 9194 9204 
3	9194 9207 9204 
3	9194 9199 9210 
3	9210 9207 9194 
3	9199 9200 9216 
3	9200 9201 9216 
3	9199 9216 9213 
3	9213 9210 9199 
3	9033 9205 9217 
3	9205 9206 9217 
3	9033 9217 9042 
3	9217 9047 9042 
3	9217 9206 9209 
3	9209 9218 9217 
3	9217 9218 9047 
3	9218 9048 9047 
3	9218 9209 9212 
3	9212 9219 9218 
3	9218 9219 9048 
3	9219 9051 9048 
3	9219 9212 9215 
3	9215 9220 9219 
3	9219 9220 9051 
3	9220 9054 9051 
3	7107 9221 5120 
3	5120 2149 7107 
3	9223 9222 5124 
3	9222 5123 5124 
3	5124 5120 9223 
3	5120 9221 9223 
3	7109 9224 9221 
3	9221 7107 7109 
3	9226 9225 9222 
3	9222 9223 9226 
3	9223 9221 9226 
3	9221 9224 9226 
3	9222 9227 5129 
3	5129 5123 9222 
3	9227 9228 5129 
3	9228 5130 5129 
3	9225 9229 9222 
3	9229 9227 9222 
3	9231 9230 9228 
3	9228 9227 9231 
3	9229 9232 9231 
3	9231 9227 9229 
3	9232 9233 9231 
3	9233 9230 9231 
3	7115 9234 7109 
3	9234 9224 7109 
3	9224 9235 9225 
3	9225 9226 9224 
3	9234 9236 9235 
3	9235 9224 9234 
3	7117 9237 9234 
3	9234 7115 7117 
3	9237 9238 9234 
3	9238 9236 9234 
3	9235 9232 9229 
3	9229 9225 9235 
3	9236 9239 9232 
3	9232 9235 9236 
3	9239 9240 9232 
3	9240 9233 9232 
3	9238 9241 9236 
3	9241 9239 9236 
3	9243 9242 9240 
3	9240 9239 9243 
3	9241 9244 9243 
3	9243 9239 9241 
3	5148 9245 5147 
3	9245 5146 5147 
3	9247 9246 5148 
3	5148 5130 9247 
3	9228 9230 9247 
3	9247 5130 9228 
3	9249 9248 9246 
3	9246 9247 9249 
3	9230 9250 9249 
3	9249 9247 9230 
3	9252 9251 9245 
3	9245 5148 9252 
3	5148 9246 9252 
3	9246 9253 9252 
3	9246 9248 9253 
3	9248 9254 9253 
3	9233 9255 9250 
3	9250 9230 9233 
3	9253 9256 9252 
3	9256 9251 9252 
3	9258 9257 9256 
3	9256 9253 9258 
3	9253 9254 9258 
3	9254 9259 9258 
3	9261 9260 5153 
3	5153 5146 9261 
3	5146 9245 9261 
3	9245 9251 9261 
3	9260 9262 5153 
3	9262 5155 5153 
3	9251 9263 9261 
3	9263 9260 9261 
3	9265 9264 9262 
3	9262 9260 9265 
3	9260 9263 9265 
3	9263 9266 9265 
3	9267 9266 9263 
3	9263 9251 9267 
3	9251 9256 9267 
3	9256 9257 9267 
3	9240 9242 9255 
3	9255 9233 9240 
3	9259 9268 9258 
3	9268 9257 9258 
3	9266 9269 9265 
3	9269 9264 9265 
3	9271 9270 9266 
3	9266 9267 9271 
3	9267 9257 9272 
3	9272 9271 9267 
3	9257 9268 9273 
3	9273 9272 9257 
3	9270 9274 9269 
3	9269 9266 9270 
3	9272 9275 9271 
3	9275 9270 9271 
3	9277 9276 9275 
3	9275 9272 9277 
3	9272 9273 9277 
3	9273 9278 9277 
3	9280 9279 9274 
3	9274 9270 9280 
3	9270 9275 9280 
3	9275 9276 9280 
3	9282 9281 9237 
3	9237 7117 9282 
3	7139 9283 7117 
3	9283 9282 7117 
3	9285 9284 9237 
3	9284 9238 9237 
3	9237 9281 9286 
3	9286 9285 9237 
3	7139 9285 9283 
3	9285 9286 9283 
3	7141 9287 9285 
3	9285 7139 7141 
3	9286 9288 9284 
3	9284 9285 9286 
3	9287 9289 9286 
3	9286 9285 9287 
3	9284 9290 9238 
3	9290 9241 9238 
3	9290 9291 9241 
3	9291 9244 9241 
3	9288 9291 9290 
3	9290 9284 9288 
3	7147 9292 9287 
3	9287 7141 7147 
3	9292 9293 9289 
3	9289 9287 9292 
3	7149 9294 7147 
3	9294 9292 7147 
3	9292 9295 9293 
3	9295 9296 9293 
3	9294 9297 9295 
3	9295 9292 9294 
3	9295 9298 9299 
3	9299 9296 9295 
3	9297 9300 9298 
3	9298 9295 9297 
3	9300 9301 9298 
3	9301 9299 9298 
3	9303 9302 9277 
3	9302 9276 9277 
3	9277 9278 9304 
3	9304 9303 9277 
3	9276 9305 9280 
3	9305 9279 9280 
3	9302 9306 9305 
3	9305 9276 9302 
3	9308 9307 9303 
3	9307 9302 9303 
3	9303 9304 9309 
3	9309 9308 9303 
3	9307 9310 9306 
3	9306 9302 9307 
3	9312 9308 9309 
3	9309 9311 9312 
3	9314 9313 9312 
3	9313 9308 9312 
3	9312 9311 9315 
3	9315 9314 9312 
3	9317 9316 9313 
3	9313 9314 9317 
3	9314 9315 9317 
3	9315 9318 9317 
3	9313 9319 9307 
3	9307 9308 9313 
3	9319 9320 9307 
3	9320 9310 9307 
3	9316 9321 9313 
3	9321 9319 9313 
3	9321 9322 9320 
3	9320 9319 9321 
3	5189 9323 5188 
3	9323 5187 5188 
3	5248 9324 5247 
3	9324 5246 5247 
3	9326 9325 5249 
3	5249 5246 9326 
3	5246 9324 9326 
3	9324 9327 9326 
3	9327 9328 9326 
3	9328 9325 9326 
3	5155 9329 5252 
3	9329 5251 5252 
3	9262 9330 9329 
3	9329 5155 9262 
3	9332 9331 5248 
3	5248 5251 9332 
3	5251 9329 9332 
3	9329 9330 9332 
3	9264 9333 9330 
3	9330 9262 9264 
3	9330 9334 9332 
3	9334 9331 9332 
3	9333 9335 9334 
3	9334 9330 9333 
3	9331 9327 9324 
3	9324 5248 9331 
3	9337 9336 9327 
3	9327 9331 9337 
3	9331 9334 9337 
3	9334 9335 9337 
3	9336 9338 9328 
3	9328 9327 9336 
3	9340 9339 9333 
3	9333 9264 9340 
3	9264 9269 9340 
3	9269 9274 9340 
3	9339 9341 9335 
3	9335 9333 9339 
3	9274 9342 9340 
3	9342 9339 9340 
3	9344 9343 9341 
3	9341 9339 9344 
3	9339 9342 9344 
3	9342 9345 9344 
3	9279 9345 9342 
3	9342 9274 9279 
3	9347 9346 9336 
3	9336 9337 9347 
3	9337 9335 9347 
3	9335 9341 9347 
3	9346 9348 9338 
3	9338 9336 9346 
3	9341 9349 9347 
3	9349 9346 9347 
3	9343 9350 9349 
3	9349 9341 9343 
3	9352 9351 9348 
3	9348 9346 9352 
3	9346 9349 9352 
3	9349 9350 9352 
3	5267 9353 5266 
3	9353 5265 5266 
3	5249 9354 5269 
3	9354 5267 5269 
3	9325 9355 9354 
3	9354 5249 9325 
3	9357 9356 9353 
3	9353 5267 9357 
3	5267 9354 9357 
3	9354 9355 9357 
3	9359 9358 9355 
3	9355 9325 9359 
3	9325 9328 9359 
3	9328 9338 9359 
3	9361 9360 9356 
3	9356 9357 9361 
3	9357 9355 9361 
3	9355 9358 9361 
3	5265 9362 5271 
3	9362 5189 5271 
3	9364 9363 9362 
3	9362 5265 9364 
3	5265 9353 9364 
3	9353 9356 9364 
3	9366 9365 9323 
3	9323 5189 9366 
3	5189 9362 9366 
3	9362 9363 9366 
3	9368 9367 9363 
3	9363 9364 9368 
3	9364 9356 9368 
3	9356 9360 9368 
3	9370 9369 9365 
3	9365 9366 9370 
3	9366 9363 9370 
3	9363 9367 9370 
3	9372 9371 9358 
3	9358 9359 9372 
3	9359 9338 9372 
3	9338 9348 9372 
3	9358 9373 9361 
3	9373 9360 9361 
3	9371 9374 9373 
3	9373 9358 9371 
3	9348 9375 9372 
3	9375 9371 9372 
3	9377 9376 9374 
3	9374 9371 9377 
3	9371 9375 9377 
3	9375 9378 9377 
3	9360 9379 9368 
3	9379 9367 9368 
3	9367 9380 9370 
3	9380 9369 9370 
3	9382 9381 9380 
3	9380 9367 9382 
3	9367 9379 9382 
3	9379 9383 9382 
3	9385 9384 9381 
3	9381 9382 9385 
3	9382 9383 9385 
3	9383 9386 9385 
3	9387 9383 9379 
3	9379 9360 9387 
3	9360 9373 9387 
3	9373 9374 9387 
3	9388 9386 9383 
3	9383 9387 9388 
3	9387 9374 9388 
3	9374 9376 9388 
3	9351 9378 9375 
3	9375 9348 9351 
3	9345 9389 9344 
3	9389 9343 9344 
3	9391 9390 9345 
3	9345 9279 9391 
3	9279 9305 9391 
3	9305 9306 9391 
3	9390 9392 9389 
3	9389 9345 9390 
3	9394 9393 9390 
3	9390 9391 9394 
3	9391 9306 9394 
3	9306 9310 9394 
3	9393 9395 9390 
3	9395 9392 9390 
3	9397 9396 9350 
3	9350 9343 9397 
3	9343 9389 9397 
3	9389 9392 9397 
3	9350 9398 9352 
3	9398 9351 9352 
3	9396 9399 9398 
3	9398 9350 9396 
3	9392 9400 9397 
3	9400 9396 9397 
3	9402 9401 9399 
3	9399 9396 9402 
3	9396 9400 9402 
3	9400 9403 9402 
3	9395 9403 9400 
3	9400 9392 9395 
3	9310 9404 9394 
3	9404 9393 9394 
3	9320 9405 9404 
3	9404 9310 9320 
3	9407 9406 9395 
3	9395 9393 9407 
3	9393 9404 9407 
3	9404 9405 9407 
3	9322 9408 9320 
3	9408 9405 9320 
3	9405 9409 9407 
3	9409 9406 9407 
3	9408 9410 9409 
3	9409 9405 9408 
3	9412 9411 9401 
3	9401 9402 9412 
3	9402 9403 9412 
3	9403 9413 9412 
3	9413 9414 9412 
3	9414 9411 9412 
3	9406 9413 9403 
3	9403 9395 9406 
3	9416 9415 9413 
3	9413 9406 9416 
3	9406 9409 9416 
3	9409 9410 9416 
3	9415 9417 9414 
3	9414 9413 9415 
3	9419 9418 9376 
3	9376 9377 9419 
3	9377 9378 9419 
3	9378 9420 9419 
3	9420 9421 9419 
3	9421 9418 9419 
3	9386 9422 9385 
3	9422 9384 9385 
3	9376 9423 9388 
3	9423 9386 9388 
3	9418 9424 9423 
3	9423 9376 9418 
3	9426 9425 9422 
3	9422 9386 9426 
3	9386 9423 9426 
3	9423 9424 9426 
3	9428 9427 9424 
3	9424 9418 9428 
3	9418 9421 9428 
3	9421 9429 9428 
3	9431 9430 9426 
3	9430 9425 9426 
3	9426 9424 9427 
3	9427 9431 9426 
3	9433 9432 9427 
3	9427 9428 9433 
3	9428 9429 9433 
3	9429 9434 9433 
3	9436 9435 9430 
3	9430 9431 9436 
3	9431 9427 9436 
3	9427 9432 9436 
3	9434 9437 9433 
3	9437 9432 9433 
3	9432 9438 9436 
3	9438 9435 9436 
3	9440 9439 9438 
3	9438 9432 9440 
3	9432 9437 9440 
3	9437 9441 9440 
3	9442 9420 9378 
3	9378 9351 9442 
3	9351 9398 9442 
3	9398 9399 9442 
3	9444 9443 9420 
3	9420 9442 9444 
3	9442 9399 9444 
3	9399 9401 9444 
3	9443 9429 9421 
3	9421 9420 9443 
3	9401 9445 9444 
3	9445 9443 9444 
3	9411 9446 9445 
3	9445 9401 9411 
3	9447 9434 9429 
3	9429 9443 9447 
3	9443 9445 9447 
3	9445 9446 9447 
3	9449 9448 9446 
3	9446 9411 9449 
3	9411 9414 9449 
3	9414 9417 9449 
3	9451 9450 9434 
3	9434 9447 9451 
3	9447 9446 9451 
3	9446 9448 9451 
3	9450 9441 9437 
3	9437 9434 9450 
3	7272 9452 7149 
3	9452 9294 7149 
3	9452 9453 9294 
3	9453 9297 9294 
3	7274 9454 9452 
3	9452 7272 7274 
3	9454 9455 9453 
3	9453 9452 9454 
3	9456 9301 9300 
3	9300 9297 9456 
3	9453 9457 9456 
3	9456 9297 9453 
3	9453 9458 9457 
3	9458 9459 9457 
3	9455 9460 9458 
3	9458 9453 9455 
3	9460 9461 9458 
3	9461 9459 9458 
3	7280 9462 9454 
3	9454 7274 7280 
3	9462 9463 9455 
3	9455 9454 9462 
3	7282 9464 7280 
3	9464 9462 7280 
3	9464 9465 9463 
3	9463 9462 9464 
3	9463 9466 9460 
3	9460 9455 9463 
3	9466 9467 9461 
3	9461 9460 9466 
3	9465 9468 9466 
3	9466 9463 9465 
3	9468 9469 9467 
3	9467 9466 9468 
3	9318 9470 9317 
3	9470 9316 9317 
3	9472 9471 9321 
3	9321 9316 9472 
3	9316 9470 9472 
3	9470 9473 9472 
3	9471 9474 9321 
3	9474 9322 9321 
3	9473 9475 9471 
3	9471 9472 9473 
3	9477 9476 9474 
3	9474 9471 9477 
3	9471 9475 9478 
3	9478 9477 9471 
3	9480 9479 9476 
3	9476 9477 9480 
3	9477 9478 9480 
3	9478 9481 9480 
3	9481 9482 9480 
3	9482 9479 9480 
3	7311 9483 7282 
3	9483 9464 7282 
3	9483 9484 9464 
3	9484 9465 9464 
3	7313 9485 7311 
3	9485 9483 7311 
3	9485 9486 9483 
3	9486 9484 9483 
3	9484 9487 9468 
3	9468 9465 9484 
3	9487 9488 9469 
3	9469 9468 9487 
3	9486 9489 9487 
3	9487 9484 9486 
3	9489 9490 9487 
3	9490 9488 9487 
3	7320 9491 7313 
3	9491 9485 7313 
3	9491 9492 9485 
3	9492 9486 9485 
3	7322 9493 9491 
3	9491 7320 7322 
3	9493 9494 9491 
3	9494 9492 9491 
3	9492 9495 9486 
3	9495 9489 9486 
3	9489 9496 9490 
3	9496 9497 9490 
3	9495 9498 9496 
3	9496 9489 9495 
3	9494 9499 9492 
3	9499 9495 9492 
3	9499 9500 9495 
3	9500 9498 9495 
3	9498 9501 9496 
3	9501 9497 9496 
3	9498 9502 9503 
3	9503 9501 9498 
3	9500 9504 9502 
3	9502 9498 9500 
3	9504 9505 9502 
3	9505 9503 9502 
3	9509 9506 9507 
3	9507 9508 9509 
3	9511 9510 9509 
3	9510 9506 9509 
3	9509 9508 9512 
3	9512 9511 9509 
3	9514 9511 9513 
3	9511 9512 9513 
3	9516 9515 9514 
3	9515 9511 9514 
3	9514 9513 9517 
3	9517 9516 9514 
3	9515 9518 9510 
3	9510 9511 9515 
3	9474 9519 9322 
3	9519 9408 9322 
3	9519 9520 9410 
3	9410 9408 9519 
3	9476 9521 9474 
3	9521 9519 9474 
3	9521 9522 9520 
3	9520 9519 9521 
3	9524 9523 9415 
3	9415 9416 9524 
3	9416 9410 9524 
3	9410 9520 9524 
3	9523 9525 9417 
3	9417 9415 9523 
3	9520 9526 9524 
3	9526 9523 9524 
3	9522 9527 9526 
3	9526 9520 9522 
3	9529 9528 9525 
3	9525 9523 9529 
3	9523 9526 9529 
3	9526 9527 9529 
3	9479 9530 9476 
3	9530 9521 9476 
3	9530 9531 9521 
3	9531 9522 9521 
3	9533 9532 9530 
3	9530 9479 9533 
3	9479 9482 9533 
3	9482 9534 9533 
3	9532 9535 9530 
3	9535 9531 9530 
3	9531 9536 9527 
3	9527 9522 9531 
3	9538 9537 9528 
3	9528 9529 9538 
3	9529 9527 9536 
3	9536 9538 9529 
3	9535 9539 9536 
3	9536 9531 9535 
3	9541 9540 9537 
3	9537 9538 9541 
3	9538 9536 9539 
3	9539 9541 9538 
3	9543 9542 9439 
3	9439 9440 9543 
3	9440 9441 9544 
3	9544 9543 9440 
3	9546 9545 9542 
3	9542 9543 9546 
3	9543 9544 9547 
3	9547 9546 9543 
3	9549 9548 9545 
3	9545 9546 9549 
3	9546 9547 9549 
3	9547 9550 9549 
3	9550 9551 9549 
3	9551 9548 9549 
3	9553 9552 9448 
3	9448 9449 9553 
3	9449 9417 9553 
3	9417 9525 9553 
3	9448 9554 9451 
3	9554 9450 9451 
3	9552 9555 9554 
3	9554 9448 9552 
3	9525 9556 9553 
3	9556 9552 9553 
3	9558 9557 9555 
3	9555 9552 9558 
3	9552 9556 9558 
3	9556 9559 9558 
3	9528 9559 9556 
3	9556 9525 9528 
3	9560 9544 9441 
3	9441 9450 9560 
3	9450 9554 9560 
3	9554 9555 9560 
3	9561 9547 9544 
3	9544 9560 9561 
3	9560 9555 9557 
3	9557 9561 9560 
3	9563 9562 9557 
3	9557 9558 9563 
3	9558 9559 9564 
3	9564 9563 9558 
3	9566 9565 9562 
3	9562 9563 9566 
3	9563 9564 9567 
3	9567 9566 9563 
3	9537 9564 9559 
3	9559 9528 9537 
3	9540 9567 9564 
3	9564 9537 9540 
3	9568 9550 9547 
3	9547 9561 9568 
3	9561 9557 9562 
3	9562 9568 9561 
3	9570 9569 9550 
3	9550 9568 9570 
3	9568 9562 9570 
3	9562 9565 9570 
3	9569 9571 9551 
3	9551 9550 9569 
3	9573 9572 9533 
3	9572 9532 9533 
3	9533 9534 9573 
3	9534 9574 9573 
3	9572 9575 9532 
3	9575 9535 9532 
3	9506 9576 9573 
3	9576 9572 9573 
3	9573 9574 9507 
3	9507 9506 9573 
3	9576 9577 9572 
3	9577 9575 9572 
3	9575 9578 9535 
3	9578 9539 9535 
3	9580 9579 9541 
3	9579 9540 9541 
3	9541 9539 9578 
3	9578 9580 9541 
3	9577 9581 9575 
3	9581 9578 9575 
3	9583 9582 9580 
3	9582 9579 9580 
3	9580 9578 9583 
3	9578 9581 9583 
3	9510 9584 9576 
3	9576 9506 9510 
3	9584 9585 9577 
3	9577 9576 9584 
3	9518 9586 9584 
3	9584 9510 9518 
3	9586 9587 9585 
3	9585 9584 9586 
3	9585 9588 9577 
3	9588 9581 9577 
3	9590 9589 9583 
3	9589 9582 9583 
3	9583 9581 9590 
3	9581 9588 9590 
3	9587 9591 9585 
3	9591 9588 9585 
3	9593 9592 9590 
3	9592 9589 9590 
3	9590 9588 9593 
3	9588 9591 9593 
3	9595 9594 9566 
3	9594 9565 9566 
3	9566 9567 9595 
3	9567 9596 9595 
3	9598 9597 9595 
3	9597 9594 9595 
3	9595 9596 9598 
3	9596 9599 9598 
3	9579 9596 9567 
3	9567 9540 9579 
3	9582 9599 9579 
3	9599 9596 9579 
3	9565 9600 9570 
3	9600 9569 9570 
3	9594 9601 9600 
3	9600 9565 9594 
3	9603 9602 9571 
3	9571 9569 9603 
3	9569 9600 9603 
3	9600 9601 9603 
3	9597 9604 9594 
3	9604 9601 9594 
3	9606 9605 9603 
3	9605 9602 9603 
3	9603 9601 9606 
3	9601 9604 9606 
3	9608 9607 9597 
3	9597 9598 9608 
3	9598 9599 9608 
3	9599 9609 9608 
3	9611 9610 9608 
3	9610 9607 9608 
3	9608 9609 9611 
3	9609 9612 9611 
3	9589 9609 9582 
3	9609 9599 9582 
3	9592 9612 9589 
3	9612 9609 9589 
3	9607 9613 9597 
3	9613 9604 9597 
3	9615 9614 9606 
3	9614 9605 9606 
3	9606 9604 9613 
3	9613 9615 9606 
3	9616 9615 9613 
3	9613 9607 9616 
3	9618 9617 9616 
3	9617 9615 9616 
3	9616 9607 9610 
3	9610 9618 9616 
3	9617 9619 9615 
3	9619 9614 9615 
3	9244 9620 9243 
3	9620 9242 9243 
3	9250 9254 9249 
3	9254 9248 9249 
3	9623 9622 9621 
3	9621 9248 9623 
3	9248 9621 9254 
3	9621 9624 9254 
3	9254 9625 9623 
3	9623 9248 9254 
3	9625 9626 9623 
3	9626 9622 9623 
3	9255 9259 9250 
3	9259 9254 9250 
3	9254 9624 9259 
3	9624 9268 9259 
3	9259 9627 9625 
3	9625 9254 9259 
3	9627 9628 9625 
3	9628 9626 9625 
3	9621 9622 9624 
3	9622 9626 9624 
3	9624 9626 9628 
3	9628 9268 9624 
3	9629 9627 9259 
3	9259 9255 9629 
3	9242 9630 9629 
3	9629 9255 9242 
3	9630 9631 9629 
3	9631 9627 9629 
3	9631 9632 9628 
3	9628 9627 9631 
3	9620 9633 9630 
3	9630 9242 9620 
3	9633 9634 9631 
3	9631 9630 9633 
3	9634 9635 9631 
3	9635 9632 9631 
3	9268 9628 9632 
3	9632 9273 9268 
3	9273 9632 9635 
3	9635 9278 9273 
3	9283 9286 9281 
3	9281 9282 9283 
3	9289 9636 9288 
3	9288 9286 9289 
3	9291 9637 9620 
3	9620 9244 9291 
3	9636 9638 9288 
3	9638 9291 9288 
3	9640 9639 9637 
3	9637 9291 9640 
3	9638 9641 9291 
3	9641 9640 9291 
3	9641 9642 9640 
3	9642 9639 9640 
3	9293 9296 9636 
3	9636 9289 9293 
3	9296 9299 9636 
3	9299 9638 9636 
3	9638 9643 9641 
3	9643 9642 9641 
3	9299 9644 9638 
3	9644 9643 9638 
3	9301 9645 9644 
3	9644 9299 9301 
3	9637 9639 9620 
3	9639 9633 9620 
3	9639 9646 9633 
3	9646 9634 9633 
3	9647 9278 9635 
3	9635 9634 9647 
3	9648 9304 9647 
3	9304 9278 9647 
3	9647 9634 9646 
3	9646 9648 9647 
3	9637 9648 9646 
3	9646 9639 9637 
3	9643 9311 9648 
3	9648 9637 9643 
3	9637 9639 9642 
3	9642 9643 9637 
3	9311 9309 9648 
3	9309 9304 9648 
3	9644 9315 9643 
3	9315 9311 9643 
3	9645 9318 9315 
3	9315 9644 9645 
3	9457 9459 9456 
3	9459 9301 9456 
3	9459 9649 9301 
3	9649 9645 9301 
3	9461 9650 9459 
3	9650 9649 9459 
3	9467 9651 9461 
3	9651 9650 9461 
3	9469 9652 9651 
3	9651 9467 9469 
3	9649 9653 9318 
3	9318 9645 9649 
3	9653 9473 9470 
3	9470 9318 9653 
3	9650 9654 9649 
3	9654 9653 9649 
3	9654 9655 9653 
3	9655 9473 9653 
3	9655 9478 9475 
3	9475 9473 9655 
3	9651 9656 9650 
3	9656 9654 9650 
3	9656 9657 9654 
3	9657 9655 9654 
3	9652 9658 9651 
3	9658 9656 9651 
3	9658 9659 9656 
3	9659 9657 9656 
3	9657 9481 9478 
3	9478 9655 9657 
3	9659 9660 9481 
3	9481 9657 9659 
3	9660 9534 9482 
3	9482 9481 9660 
3	9488 9661 9652 
3	9652 9469 9488 
3	9490 9497 9661 
3	9661 9488 9490 
3	9661 9662 9658 
3	9658 9652 9661 
3	9662 9663 9658 
3	9663 9659 9658 
3	9497 9664 9662 
3	9662 9661 9497 
3	9664 9665 9663 
3	9663 9662 9664 
3	9663 9666 9659 
3	9666 9660 9659 
3	9666 9574 9660 
3	9574 9534 9660 
3	9665 9508 9663 
3	9508 9666 9663 
3	9508 9507 9666 
3	9507 9574 9666 
3	9501 9503 9664 
3	9664 9497 9501 
3	9503 9513 9664 
3	9513 9665 9664 
3	9505 9517 9503 
3	9517 9513 9503 
3	9513 9512 9665 
3	9512 9508 9665 
3	5396 9667 5395 
3	9667 5394 5395 
3	3827 5398 9668 
3	9668 8379 3827 
3	5398 5399 9669 
3	9669 9668 5398 
3	8379 9668 9670 
3	9670 8381 8379 
3	9668 9669 9670 
3	9669 9671 9670 
3	5399 5394 9672 
3	9672 9669 5399 
3	5394 9667 9672 
3	9667 9673 9672 
3	9669 9672 9674 
3	9674 9671 9669 
3	9672 9673 9674 
3	9673 9675 9674 
3	9670 9676 8392 
3	8392 8381 9670 
3	9671 9677 9670 
3	9677 9676 9670 
3	8392 9676 8394 
3	9676 9678 8394 
3	9676 9677 9678 
3	9677 9679 9678 
3	8394 9678 9680 
3	9680 8396 8394 
3	9678 9679 9681 
3	9681 9680 9678 
3	9682 9679 9677 
3	9677 9671 9682 
3	9671 9674 9682 
3	9674 9683 9682 
3	9674 9675 9683 
3	9675 9684 9683 
3	9683 9685 9682 
3	9685 9679 9682 
3	9684 9686 9683 
3	9686 9685 9683 
3	9679 9685 9681 
3	9685 9687 9681 
3	9685 9686 9687 
3	9686 9688 9687 
3	9689 9673 9667 
3	9667 5396 9689 
3	5396 5410 9689 
3	5410 9690 9689 
3	5410 5411 9690 
3	5411 9691 9690 
3	9690 9692 9689 
3	9692 9673 9689 
3	9694 9693 9690 
3	9693 9692 9690 
3	9690 9691 9694 
3	9691 9695 9694 
3	9696 9691 5411 
3	5411 5412 9696 
3	5412 5187 9696 
3	5187 9697 9696 
3	5187 9323 9697 
3	9323 9365 9697 
3	9697 9698 9696 
3	9698 9691 9696 
3	9700 9699 9698 
3	9698 9697 9700 
3	9697 9365 9700 
3	9365 9369 9700 
3	9691 9698 9695 
3	9698 9699 9695 
3	9673 9692 9675 
3	9692 9693 9675 
3	9702 9701 9693 
3	9693 9694 9702 
3	9694 9695 9702 
3	9695 9703 9702 
3	9703 9704 9702 
3	9704 9701 9702 
3	9706 9705 9699 
3	9699 9700 9706 
3	9700 9369 9706 
3	9369 9707 9706 
3	9695 9699 9703 
3	9699 9705 9703 
3	9707 9708 9706 
3	9708 9705 9706 
3	9710 9709 9704 
3	9704 9703 9710 
3	9703 9705 9710 
3	9705 9711 9710 
3	9705 9708 9711 
3	9708 9712 9711 
3	9675 9693 9684 
3	9693 9701 9684 
3	9713 9688 9686 
3	9686 9684 9713 
3	9684 9701 9713 
3	9701 9714 9713 
3	9701 9704 9714 
3	9704 9709 9714 
3	8396 9680 8432 
3	9680 9715 8432 
3	9680 9681 9715 
3	9681 9716 9715 
3	9715 9717 8434 
3	8434 8432 9715 
3	9716 9718 9715 
3	9718 9717 9715 
3	9681 9687 9719 
3	9719 9716 9681 
3	9687 9688 9719 
3	9688 9720 9719 
3	9722 9721 9718 
3	9718 9716 9722 
3	9716 9719 9722 
3	9719 9723 9722 
3	9719 9720 9723 
3	9720 9724 9723 
3	9723 9725 9722 
3	9725 9721 9722 
3	9724 9726 9725 
3	9725 9723 9724 
3	9711 9727 9710 
3	9727 9709 9710 
3	9729 9728 9727 
3	9727 9711 9729 
3	9711 9712 9729 
3	9712 9730 9729 
3	9732 9731 9728 
3	9728 9729 9732 
3	9729 9730 9732 
3	9730 9733 9732 
3	9714 9734 9713 
3	9734 9688 9713 
3	9736 9735 9714 
3	9735 9734 9714 
3	9714 9709 9736 
3	9709 9737 9736 
3	9688 9734 9720 
3	9734 9735 9720 
3	9739 9738 9735 
3	9735 9736 9739 
3	9736 9737 9739 
3	9737 9740 9739 
3	9720 9735 9738 
3	9738 9724 9720 
3	9709 9727 9737 
3	9727 9728 9737 
3	9737 9728 9740 
3	9728 9731 9740 
3	9733 9741 9732 
3	9741 9731 9732 
3	9740 9742 9739 
3	9742 9738 9739 
3	9744 9743 9724 
3	9743 9726 9724 
3	9724 9738 9744 
3	9738 9745 9744 
3	9738 9742 9745 
3	9742 9746 9745 
3	9748 9747 9743 
3	9743 9744 9748 
3	9744 9745 9748 
3	9745 9749 9748 
3	9745 9746 9750 
3	9750 9749 9745 
3	9751 9746 9742 
3	9742 9740 9751 
3	9740 9731 9751 
3	9731 9752 9751 
3	9731 9741 9752 
3	9741 9753 9752 
3	9752 9754 9751 
3	9754 9746 9751 
3	9756 9755 9754 
3	9754 9752 9756 
3	9752 9753 9756 
3	9753 9757 9756 
3	9746 9754 9750 
3	9754 9755 9750 
3	8434 9717 8439 
3	9717 9758 8439 
3	9717 9718 9758 
3	9718 9721 9758 
3	8439 9758 9759 
3	9759 8445 8439 
3	9758 9721 9760 
3	9760 9759 9758 
3	8445 9759 8447 
3	9759 9761 8447 
3	9759 9760 9762 
3	9762 9761 9759 
3	9721 9725 9760 
3	9725 9763 9760 
3	9725 9726 9763 
3	9726 9743 9763 
3	9760 9763 9764 
3	9764 9762 9760 
3	9763 9743 9764 
3	9743 9747 9764 
3	9369 9380 9707 
3	9380 9381 9707 
3	9765 9712 9708 
3	9708 9707 9765 
3	9707 9381 9765 
3	9381 9384 9765 
3	9766 9730 9712 
3	9712 9765 9766 
3	9765 9384 9766 
3	9384 9767 9766 
3	9384 9422 9767 
3	9422 9425 9767 
3	9767 9768 9766 
3	9768 9730 9766 
3	9770 9769 9768 
3	9768 9767 9770 
3	9767 9425 9770 
3	9425 9430 9770 
3	9730 9768 9733 
3	9768 9769 9733 
3	9772 9771 9769 
3	9769 9770 9772 
3	9770 9430 9772 
3	9430 9435 9772 
3	9773 9753 9741 
3	9741 9733 9773 
3	9733 9769 9773 
3	9769 9771 9773 
3	9435 9774 9772 
3	9774 9771 9772 
3	9775 9757 9753 
3	9753 9773 9775 
3	9773 9771 9775 
3	9771 9776 9775 
3	9771 9774 9776 
3	9774 9777 9776 
3	9778 9777 9774 
3	9774 9435 9778 
3	9435 9438 9778 
3	9438 9439 9778 
3	9749 9779 9748 
3	9779 9747 9748 
3	9781 9780 9779 
3	9779 9749 9781 
3	9749 9750 9781 
3	9750 9782 9781 
3	9784 9783 9780 
3	9780 9781 9784 
3	9781 9782 9784 
3	9782 9785 9784 
3	9787 9786 9756 
3	9786 9755 9756 
3	9756 9757 9788 
3	9788 9787 9756 
3	9750 9755 9782 
3	9755 9786 9782 
3	9790 9789 9786 
3	9786 9787 9790 
3	9787 9788 9790 
3	9788 9791 9790 
3	9782 9786 9785 
3	9786 9789 9785 
3	9785 9792 9784 
3	9792 9783 9784 
3	9791 9793 9790 
3	9793 9789 9790 
3	9795 9794 9792 
3	9792 9785 9795 
3	9785 9789 9796 
3	9796 9795 9785 
3	9789 9793 9796 
3	9793 9797 9796 
3	9799 9798 9795 
3	9798 9794 9795 
3	9795 9796 9799 
3	9796 9800 9799 
3	9796 9797 9801 
3	9801 9800 9796 
3	9761 9802 8447 
3	9802 8525 8447 
3	9804 9803 9802 
3	9802 9761 9804 
3	9761 9762 9804 
3	9762 9805 9804 
3	8525 9802 8527 
3	9802 9803 8527 
3	9805 9806 9804 
3	9806 9803 9804 
3	8527 9803 8529 
3	9803 9807 8529 
3	9803 9806 9807 
3	9806 9808 9807 
3	9762 9764 9809 
3	9809 9805 9762 
3	9764 9747 9810 
3	9810 9809 9764 
3	9811 9808 9806 
3	9806 9805 9811 
3	9805 9809 9811 
3	9809 9812 9811 
3	9809 9810 9813 
3	9813 9812 9809 
3	8529 9807 8538 
3	9807 9814 8538 
3	9807 9808 9814 
3	9808 9815 9814 
3	8538 9814 9816 
3	9816 8540 8538 
3	9814 9815 9817 
3	9817 9816 9814 
3	9812 9818 9811 
3	9818 9808 9811 
3	9820 9819 9818 
3	9818 9812 9820 
3	9812 9813 9820 
3	9813 9821 9820 
3	9808 9818 9815 
3	9818 9819 9815 
3	9823 9822 9820 
3	9822 9819 9820 
3	9820 9821 9823 
3	9821 9824 9823 
3	9815 9819 9817 
3	9819 9822 9817 
3	9747 9779 9810 
3	9779 9780 9810 
3	9810 9780 9813 
3	9780 9783 9813 
3	9813 9783 9825 
3	9825 9821 9813 
3	9783 9792 9825 
3	9792 9794 9825 
3	9821 9825 9824 
3	9825 9826 9824 
3	9825 9794 9826 
3	9794 9798 9826 
3	9828 9827 9798 
3	9798 9799 9828 
3	9799 9800 9829 
3	9829 9828 9799 
3	9800 9801 9829 
3	9801 9830 9829 
3	9832 9831 9827 
3	9827 9828 9832 
3	9828 9829 9833 
3	9833 9832 9828 
3	9829 9830 9834 
3	9834 9833 9829 
3	9836 9835 9832 
3	9835 9831 9832 
3	9832 9833 9837 
3	9837 9836 9832 
3	9833 9834 9837 
3	9834 9838 9837 
3	9840 9839 9836 
3	9839 9835 9836 
3	9836 9837 9841 
3	9841 9840 9836 
3	9837 9838 9841 
3	9838 9842 9841 
3	8540 9816 9843 
3	9843 8573 8540 
3	9816 9817 9844 
3	9844 9843 9816 
3	8573 9843 8575 
3	9843 9845 8575 
3	9843 9844 9845 
3	9844 9846 9845 
3	9848 9847 9822 
3	9822 9823 9848 
3	9823 9824 9849 
3	9849 9848 9823 
3	9817 9822 9844 
3	9822 9847 9844 
3	9851 9850 9847 
3	9847 9848 9851 
3	9848 9849 9852 
3	9852 9851 9848 
3	9844 9847 9850 
3	9850 9846 9844 
3	8575 9845 8583 
3	9845 9853 8583 
3	9845 9846 9854 
3	9854 9853 9845 
3	8583 9853 9855 
3	9855 8586 8583 
3	9853 9854 9856 
3	9856 9855 9853 
3	9858 9857 9850 
3	9850 9851 9858 
3	9851 9852 9859 
3	9859 9858 9851 
3	9846 9850 9857 
3	9857 9854 9846 
3	9860 9854 9857 
3	9857 9858 9860 
3	9861 9856 9860 
3	9856 9854 9860 
3	9860 9858 9862 
3	9862 9861 9860 
3	9858 9859 9862 
3	9859 9863 9862 
3	9824 9826 9864 
3	9864 9849 9824 
3	9826 9798 9827 
3	9827 9864 9826 
3	9849 9864 9865 
3	9865 9852 9849 
3	9864 9827 9831 
3	9831 9865 9864 
3	9852 9865 9859 
3	9865 9866 9859 
3	9865 9831 9866 
3	9831 9835 9866 
3	9859 9866 9863 
3	9866 9867 9863 
3	9866 9835 9839 
3	9839 9867 9866 
3	9776 9868 9775 
3	9868 9757 9775 
3	9870 9869 9868 
3	9868 9776 9870 
3	9776 9777 9870 
3	9777 9871 9870 
3	9873 9872 9870 
3	9872 9869 9870 
3	9870 9871 9873 
3	9871 9874 9873 
3	9875 9871 9778 
3	9871 9777 9778 
3	9778 9439 9875 
3	9439 9542 9875 
3	9876 9874 9875 
3	9874 9871 9875 
3	9875 9542 9876 
3	9542 9545 9876 
3	9757 9868 9788 
3	9868 9869 9788 
3	9788 9869 9872 
3	9872 9791 9788 
3	9878 9877 9873 
3	9877 9872 9873 
3	9873 9874 9878 
3	9874 9879 9878 
3	9881 9880 9878 
3	9880 9877 9878 
3	9878 9879 9881 
3	9879 9882 9881 
3	9883 9879 9876 
3	9879 9874 9876 
3	9876 9545 9883 
3	9545 9548 9883 
3	9884 9882 9879 
3	9879 9883 9884 
3	9883 9548 9884 
3	9548 9885 9884 
3	9548 9551 9885 
3	9551 9571 9885 
3	9886 9797 9793 
3	9793 9791 9886 
3	9791 9872 9886 
3	9872 9877 9886 
3	9887 9801 9886 
3	9801 9797 9886 
3	9886 9877 9887 
3	9877 9880 9887 
3	9889 9888 9881 
3	9888 9880 9881 
3	9881 9882 9890 
3	9890 9889 9881 
3	9892 9891 9888 
3	9888 9889 9892 
3	9889 9890 9892 
3	9890 9893 9892 
3	9885 9894 9884 
3	9894 9882 9884 
3	9896 9895 9894 
3	9894 9885 9896 
3	9885 9571 9602 
3	9602 9896 9885 
3	9882 9894 9890 
3	9894 9895 9890 
3	9898 9897 9896 
3	9897 9895 9896 
3	9896 9602 9898 
3	9602 9605 9898 
3	9890 9895 9893 
3	9895 9897 9893 
3	9899 9830 9887 
3	9830 9801 9887 
3	9887 9880 9899 
3	9880 9888 9899 
3	9900 9834 9830 
3	9830 9899 9900 
3	9899 9888 9891 
3	9891 9900 9899 
3	9902 9901 9891 
3	9891 9892 9902 
3	9892 9893 9902 
3	9893 9903 9902 
3	9905 9904 9901 
3	9901 9902 9905 
3	9902 9903 9905 
3	9903 9906 9905 
3	9908 9907 9898 
3	9907 9897 9898 
3	9898 9605 9908 
3	9605 9614 9908 
3	9893 9897 9903 
3	9897 9907 9903 
3	9910 9909 9908 
3	9909 9907 9908 
3	9908 9614 9619 
3	9619 9910 9908 
3	9903 9907 9909 
3	9909 9906 9903 
3	9911 9838 9834 
3	9834 9900 9911 
3	9900 9891 9901 
3	9901 9911 9900 
3	9912 9842 9838 
3	9838 9911 9912 
3	9911 9901 9904 
3	9904 9912 9911 
3	7592 9913 9493 
3	9493 7322 7592 
3	9913 9914 9493 
3	9914 9494 9493 
3	7595 9915 7592 
3	9915 9913 7592 
3	9915 9916 9913 
3	9916 9914 9913 
3	9914 9917 9494 
3	9917 9499 9494 
3	9917 9918 9499 
3	9918 9500 9499 
3	9916 9919 9914 
3	9919 9917 9914 
3	9919 9920 9917 
3	9920 9918 9917 
3	7603 9921 9915 
3	9915 7595 7603 
3	9921 9922 9915 
3	9922 9916 9915 
3	7605 9923 7603 
3	9923 9921 7603 
3	7606 9924 9923 
3	9923 7605 7606 
3	9924 9925 9923 
3	9925 9921 9923 
3	9925 9926 9922 
3	9922 9921 9925 
3	9922 9927 9916 
3	9927 9919 9916 
3	9927 9928 9919 
3	9928 9920 9919 
3	9926 9929 9927 
3	9927 9922 9926 
3	9929 9930 9927 
3	9930 9928 9927 
3	9918 9931 9504 
3	9504 9500 9918 
3	9504 9516 9517 
3	9517 9505 9504 
3	9931 9932 9516 
3	9516 9504 9931 
3	9920 9933 9931 
3	9931 9918 9920 
3	9933 9934 9932 
3	9932 9931 9933 
3	9932 9935 9515 
3	9515 9516 9932 
3	9935 9936 9518 
3	9518 9515 9935 
3	9934 9937 9932 
3	9937 9935 9932 
3	9937 9938 9936 
3	9936 9935 9937 
3	9928 9939 9933 
3	9933 9920 9928 
3	9939 9940 9934 
3	9934 9933 9939 
3	9930 9941 9939 
3	9939 9928 9930 
3	9941 9942 9939 
3	9942 9940 9939 
3	9940 9943 9937 
3	9937 9934 9940 
3	9943 9944 9937 
3	9944 9938 9937 
3	9942 9945 9940 
3	9945 9943 9940 
3	9945 9946 9943 
3	9946 9944 9943 
3	7641 9947 7606 
3	9947 9924 7606 
3	9924 9948 9925 
3	9948 9926 9925 
3	9947 9949 9948 
3	9948 9924 9947 
3	7643 9950 9947 
3	9947 7641 7643 
3	9950 9951 9947 
3	9951 9949 9947 
3	9948 9952 9929 
3	9929 9926 9948 
3	9949 9953 9952 
3	9952 9948 9949 
3	9952 9954 9930 
3	9930 9929 9952 
3	9953 9955 9954 
3	9954 9952 9953 
3	9951 9956 9949 
3	9956 9953 9949 
3	9956 9957 9955 
3	9955 9953 9956 
3	7653 9958 7643 
3	9958 9950 7643 
3	7654 9959 9958 
3	9958 7653 7654 
3	9959 9960 9958 
3	9960 9950 9958 
3	7657 9961 7654 
3	9961 9959 7654 
3	9959 9962 9960 
3	9962 9963 9960 
3	9961 9964 9962 
3	9962 9959 9961 
3	9960 9963 9951 
3	9951 9950 9960 
3	9962 9965 9963 
3	9965 9966 9963 
3	9964 9967 9965 
3	9965 9962 9964 
3	9965 9968 9969 
3	9969 9966 9965 
3	9967 9970 9968 
3	9968 9965 9967 
3	9963 9966 9951 
3	9966 9956 9951 
3	9966 9969 9957 
3	9957 9956 9966 
3	9954 9971 9941 
3	9941 9930 9954 
3	9955 9972 9971 
3	9971 9954 9955 
3	9971 9973 9941 
3	9973 9942 9941 
3	9972 9974 9971 
3	9974 9973 9971 
3	9957 9975 9972 
3	9972 9955 9957 
3	9975 9976 9974 
3	9974 9972 9975 
3	9973 9977 9942 
3	9977 9945 9942 
3	9974 9978 9973 
3	9978 9977 9973 
3	9977 9979 9946 
3	9946 9945 9977 
3	9978 9980 9977 
3	9980 9979 9977 
3	9976 9981 9974 
3	9981 9978 9974 
3	9981 9982 9978 
3	9982 9980 9978 
3	9968 9983 9984 
3	9984 9969 9968 
3	9970 9985 9983 
3	9983 9968 9970 
3	9983 9986 9987 
3	9987 9984 9983 
3	9985 9988 9983 
3	9988 9986 9983 
3	9969 9984 9975 
3	9975 9957 9969 
3	9984 9987 9975 
3	9987 9976 9975 
3	9990 9989 9981 
3	9981 9976 9990 
3	9986 9991 9990 
3	9991 9989 9990 
3	9990 9976 9987 
3	9987 9986 9990 
3	9989 9992 9981 
3	9992 9982 9981 
3	9991 9993 9992 
3	9992 9989 9991 
3	9988 9994 9991 
3	9991 9986 9988 
3	9994 9995 9991 
3	9995 9993 9991 
3	9999 9996 9997 
3	9997 9998 9999 
3	10001 10000 9999 
3	10000 9996 9999 
3	9999 9998 10002 
3	10002 10001 9999 
3	9936 10003 9586 
3	9586 9518 9936 
3	10003 10004 9586 
3	10004 9587 9586 
3	9938 10005 10003 
3	10003 9936 9938 
3	10005 10006 10003 
3	10006 10004 10003 
3	10004 10007 9587 
3	10007 9591 9587 
3	10009 10008 9593 
3	10008 9592 9593 
3	9593 9591 10007 
3	10007 10009 9593 
3	10010 10009 10007 
3	10007 10004 10010 
3	10012 10011 10010 
3	10011 10009 10010 
3	10010 10004 10006 
3	10006 10012 10010 
3	10011 10013 10009 
3	10013 10008 10009 
3	9944 10014 9938 
3	10014 10005 9938 
3	10015 10012 10006 
3	10006 10005 10015 
3	10017 10016 10015 
3	10016 10012 10015 
3	10015 10005 10014 
3	10014 10017 10015 
3	10018 10017 10014 
3	10014 9944 10018 
3	9979 10019 10018 
3	10019 10017 10018 
3	10018 9944 9946 
3	9946 9979 10018 
3	10019 10020 10016 
3	10016 10017 10019 
3	10024 10021 10022 
3	10022 10023 10024 
3	10026 10025 10024 
3	10025 10021 10024 
3	10024 10023 10027 
3	10027 10026 10024 
3	10016 10023 10011 
3	10011 10012 10016 
3	10023 10022 10011 
3	10022 10013 10011 
3	10020 10027 10016 
3	10027 10023 10016 
3	10028 9910 9619 
3	9619 9617 10028 
3	10030 10029 10028 
3	10029 9910 10028 
3	10028 9617 10031 
3	10031 10030 10028 
3	10033 10032 10030 
3	10032 10029 10030 
3	10030 10031 10033 
3	10031 10034 10033 
3	10036 10035 10033 
3	10035 10032 10033 
3	10033 10034 10037 
3	10037 10036 10033 
3	10039 10036 10037 
3	10037 10038 10039 
3	10041 10040 10039 
3	10040 10036 10039 
3	10039 10038 10042 
3	10042 10041 10039 
3	10044 10043 10035 
3	10035 10036 10044 
3	10046 10045 10044 
3	10045 10043 10044 
3	10044 10036 10040 
3	10040 10046 10044 
3	10048 10047 9611 
3	10047 9610 9611 
3	9611 9612 10049 
3	10049 10048 9611 
3	10050 10048 10049 
3	10049 10008 10050 
3	10052 10051 10050 
3	10051 10048 10050 
3	10050 10008 10013 
3	10013 10052 10050 
3	10051 10053 10048 
3	10053 10047 10048 
3	10008 10049 9592 
3	10049 9612 9592 
3	10054 10031 9618 
3	10031 9617 9618 
3	9618 9610 10054 
3	9610 10047 10054 
3	10055 10034 10054 
3	10034 10031 10054 
3	10054 10047 10053 
3	10053 10055 10054 
3	10021 10056 10052 
3	10056 10051 10052 
3	10052 10013 10022 
3	10022 10021 10052 
3	10057 10055 10053 
3	10053 10051 10057 
3	10058 10038 10057 
3	10038 10055 10057 
3	10057 10051 10056 
3	10056 10058 10057 
3	10025 10059 10021 
3	10059 10056 10021 
3	10060 10042 10058 
3	10042 10038 10058 
3	10058 10056 10059 
3	10059 10060 10058 
3	10038 10037 10055 
3	10037 10034 10055 
3	10064 10061 10062 
3	10062 10063 10064 
3	10066 10065 10064 
3	10065 10061 10064 
3	10064 10063 10067 
3	10067 10066 10064 
3	10061 10068 10069 
3	10069 10062 10061 
3	10065 10070 10061 
3	10070 10068 10061 
3	10074 10071 10072 
3	10072 10073 10074 
3	10076 10075 10074 
3	10075 10071 10074 
3	10074 10073 10077 
3	10077 10076 10074 
3	9980 10073 10019 
3	10019 9979 9980 
3	10073 10072 10019 
3	10072 10020 10019 
3	9982 10077 9980 
3	10077 10073 9980 
3	10078 10026 10027 
3	10027 10020 10078 
3	10071 10079 10078 
3	10079 10026 10078 
3	10078 10020 10072 
3	10072 10071 10078 
3	10079 10080 10026 
3	10080 10025 10026 
3	10075 10081 10071 
3	10081 10079 10071 
3	10083 10082 10080 
3	10080 10079 10083 
3	10085 10084 10083 
3	10084 10082 10083 
3	10083 10079 10081 
3	10081 10085 10083 
3	9992 10076 10077 
3	10077 9982 9992 
3	9993 10086 9992 
3	10086 10076 9992 
3	10086 10087 10076 
3	10087 10075 10076 
3	10089 10088 10086 
3	10086 9993 10089 
3	10091 10090 10089 
3	10090 10088 10089 
3	10089 9993 9995 
3	9995 10091 10089 
3	10088 10063 10087 
3	10087 10086 10088 
3	10090 10067 10088 
3	10067 10063 10088 
3	10092 10085 10081 
3	10081 10075 10092 
3	10063 10062 10092 
3	10062 10085 10092 
3	10092 10075 10087 
3	10087 10063 10092 
3	10062 10069 10085 
3	10069 10084 10085 
3	10096 10093 10094 
3	10094 10095 10096 
3	10098 10097 10096 
3	10097 10093 10096 
3	10096 10095 10099 
3	10099 10098 10096 
3	10103 10100 10101 
3	10101 10102 10103 
3	10105 10104 10103 
3	10104 10100 10103 
3	10103 10102 10106 
3	10106 10105 10103 
3	10093 10107 10041 
3	10107 10040 10041 
3	10041 10042 10094 
3	10094 10093 10041 
3	10102 10101 10046 
3	10101 10045 10046 
3	10046 10040 10107 
3	10107 10102 10046 
3	10108 10102 10107 
3	10107 10093 10108 
3	10109 10106 10108 
3	10106 10102 10108 
3	10108 10093 10097 
3	10097 10109 10108 
3	10113 10110 10111 
3	10111 10112 10113 
3	10115 10114 10113 
3	10114 10110 10113 
3	10113 10112 10116 
3	10116 10115 10113 
3	10117 10098 10099 
3	10099 10084 10117 
3	10068 10118 10117 
3	10118 10098 10117 
3	10117 10084 10069 
3	10069 10068 10117 
3	10119 10109 10097 
3	10097 10098 10119 
3	10112 10111 10119 
3	10111 10109 10119 
3	10119 10098 10118 
3	10118 10112 10119 
3	10120 10112 10118 
3	10118 10068 10120 
3	10121 10116 10120 
3	10116 10112 10120 
3	10120 10068 10070 
3	10070 10121 10120 
3	10122 10105 10106 
3	10106 10109 10122 
3	10110 10123 10122 
3	10123 10105 10122 
3	10122 10109 10111 
3	10111 10110 10122 
3	10125 10124 10104 
3	10104 10105 10125 
3	9998 9997 10125 
3	9997 10124 10125 
3	10125 10105 10123 
3	10123 9998 10125 
3	10126 9998 10123 
3	10123 10110 10126 
3	10127 10002 10126 
3	10002 9998 10126 
3	10126 10110 10114 
3	10114 10127 10126 
3	10128 10060 10059 
3	10059 10025 10128 
3	10082 10095 10128 
3	10095 10060 10128 
3	10128 10025 10080 
3	10080 10082 10128 
3	10095 10094 10060 
3	10094 10042 10060 
3	10084 10099 10082 
3	10099 10095 10082 
3	7823 10129 7824 
3	10129 10130 7824 
3	7825 10131 7823 
3	10131 10129 7823 
3	10129 10132 10130 
3	10132 10133 10130 
3	10131 10134 10132 
3	10132 10129 10131 
3	10134 10135 10132 
3	10135 10133 10132 
3	6654 8915 10136 
3	10136 7826 6654 
3	7826 10136 7827 
3	10136 10137 7827 
3	8915 8917 10138 
3	10138 10136 8915 
3	10136 10138 10137 
3	10138 10139 10137 
3	7827 10137 7825 
3	10137 10131 7825 
3	10137 10139 10131 
3	10139 10134 10131 
3	8917 8921 10140 
3	10140 10138 8917 
3	10138 10140 10139 
3	10140 10141 10139 
3	8921 8923 10142 
3	10142 10140 8921 
3	10140 10142 10143 
3	10143 10141 10140 
3	10139 10141 10144 
3	10144 10134 10139 
3	10134 10144 10135 
3	10144 10145 10135 
3	10141 10143 10144 
3	10143 10146 10144 
3	10144 10146 10145 
3	10146 10147 10145 
3	7824 10130 10148 
3	10148 7841 7824 
3	7841 10148 10149 
3	10149 7842 7841 
3	10130 10133 10150 
3	10150 10148 10130 
3	10148 10150 10149 
3	10150 10151 10149 
3	7842 10152 7846 
3	10152 7847 7846 
3	7847 10153 7848 
3	10153 10154 7848 
3	10152 10155 10153 
3	10153 7847 10152 
3	10153 10156 10157 
3	10157 10154 10153 
3	10155 10158 10153 
3	10158 10156 10153 
3	7842 10149 10152 
3	10149 10155 10152 
3	10149 10151 10155 
3	10151 10158 10155 
3	10133 10159 10150 
3	10159 10160 10150 
3	10135 10145 10159 
3	10159 10133 10135 
3	10150 10160 10151 
3	10160 10161 10151 
3	10159 10162 10163 
3	10163 10160 10159 
3	10145 10147 10162 
3	10162 10159 10145 
3	10160 10163 10164 
3	10164 10161 10160 
3	10156 10165 10166 
3	10166 10157 10156 
3	10158 10167 10156 
3	10167 10165 10156 
3	10165 10168 10166 
3	10168 10169 10166 
3	10167 10170 10165 
3	10170 10168 10165 
3	10151 10161 10158 
3	10161 10167 10158 
3	10161 10164 10170 
3	10170 10167 10161 
3	8959 8958 10171 
3	10171 10172 8959 
3	8959 10172 8960 
3	10172 10173 8960 
3	10172 10171 10174 
3	10174 10175 10172 
3	10172 10175 10176 
3	10176 10173 10172 
3	10179 10175 10177 
3	10177 10178 10179 
3	10180 10176 10179 
3	10176 10175 10179 
3	10179 10178 10181 
3	10181 10180 10179 
3	10178 10177 10182 
3	10182 10183 10178 
3	10178 10183 10181 
3	10183 10184 10181 
3	10175 10174 10177 
3	10174 10185 10177 
3	10177 10185 10182 
3	10185 10186 10182 
3	8923 8962 10187 
3	10187 10142 8923 
3	10142 10187 10188 
3	10188 10143 10142 
3	8962 8963 10189 
3	10189 10187 8962 
3	10187 10189 10180 
3	10180 10188 10187 
3	10143 10188 10190 
3	10190 10146 10143 
3	10146 10190 10191 
3	10191 10147 10146 
3	10188 10180 10181 
3	10181 10190 10188 
3	10190 10181 10184 
3	10184 10191 10190 
3	8963 8960 10173 
3	10173 10189 8963 
3	10189 10173 10176 
3	10176 10180 10189 
3	10162 10192 10193 
3	10193 10163 10162 
3	10147 10191 10192 
3	10192 10162 10147 
3	10163 10193 10194 
3	10194 10164 10163 
3	10192 10183 10195 
3	10195 10193 10192 
3	10191 10184 10192 
3	10184 10183 10192 
3	10193 10195 10194 
3	10195 10196 10194 
3	10168 10197 10169 
3	10197 10198 10169 
3	10170 10199 10197 
3	10197 10168 10170 
3	10197 10200 10201 
3	10201 10198 10197 
3	10199 10202 10200 
3	10200 10197 10199 
3	10164 10194 10199 
3	10199 10170 10164 
3	10194 10196 10202 
3	10202 10199 10194 
3	10183 10182 10195 
3	10182 10203 10195 
3	10195 10203 10196 
3	10203 10204 10196 
3	10182 10186 10203 
3	10186 10205 10203 
3	10203 10205 10206 
3	10206 10204 10203 
3	10200 10207 10208 
3	10208 10201 10200 
3	10202 10209 10200 
3	10209 10207 10200 
3	10212 10210 10211 
3	10211 10207 10212 
3	10204 10206 10212 
3	10206 10210 10212 
3	10212 10207 10209 
3	10209 10204 10212 
3	10207 10211 10213 
3	10213 10208 10207 
3	10196 10204 10209 
3	10209 10202 10196 
3	7886 10214 10215 
3	10215 7887 7886 
3	7888 10216 7886 
3	10216 10214 7886 
3	10214 10217 10215 
3	10217 10218 10215 
3	10216 10219 10214 
3	10219 10217 10214 
3	10217 10220 10218 
3	10220 10221 10218 
3	10219 10222 10217 
3	10222 10220 10217 
3	10220 10223 10221 
3	10223 10224 10221 
3	10222 10225 10223 
3	10223 10220 10222 
3	7901 10226 7902 
3	10226 10227 7902 
3	7848 10154 10226 
3	10226 7901 7848 
3	7902 10227 10228 
3	10228 7903 7902 
3	10154 10229 10226 
3	10229 10227 10226 
3	10227 10230 10228 
3	10230 10231 10228 
3	10229 10232 10230 
3	10230 10227 10229 
3	7905 10233 7888 
3	10233 10216 7888 
3	7903 10228 7905 
3	10228 10233 7905 
3	10233 10234 10216 
3	10234 10219 10216 
3	10228 10231 10233 
3	10231 10234 10233 
3	10230 10235 10236 
3	10236 10231 10230 
3	10232 10237 10235 
3	10235 10230 10232 
3	10235 10238 10236 
3	10238 10239 10236 
3	10237 10240 10235 
3	10240 10238 10235 
3	10234 10241 10219 
3	10241 10222 10219 
3	10231 10236 10234 
3	10236 10241 10234 
3	10241 10242 10225 
3	10225 10222 10241 
3	10236 10239 10242 
3	10242 10241 10236 
3	7907 10243 9961 
3	9961 7657 7907 
3	7887 10215 10243 
3	10243 7907 7887 
3	10243 10244 9964 
3	9964 9961 10243 
3	10215 10218 10244 
3	10244 10243 10215 
3	10244 10245 9967 
3	9967 9964 10244 
3	10218 10221 10245 
3	10245 10244 10218 
3	10245 10246 9970 
3	9970 9967 10245 
3	10221 10224 10245 
3	10224 10246 10245 
3	10223 10247 10224 
3	10247 10248 10224 
3	10225 10249 10247 
3	10247 10223 10225 
3	10247 10250 10251 
3	10251 10248 10247 
3	10249 10252 10250 
3	10250 10247 10249 
3	10250 10253 10254 
3	10254 10251 10250 
3	10252 10255 10253 
3	10253 10250 10252 
3	10253 10256 10254 
3	10256 10257 10254 
3	10255 10258 10256 
3	10256 10253 10255 
3	10238 10259 10239 
3	10259 10260 10239 
3	10240 10261 10238 
3	10261 10259 10238 
3	10259 10262 10263 
3	10263 10260 10259 
3	10261 10264 10262 
3	10262 10259 10261 
3	10242 10265 10249 
3	10249 10225 10242 
3	10239 10260 10265 
3	10265 10242 10239 
3	10265 10266 10252 
3	10252 10249 10265 
3	10260 10263 10266 
3	10266 10265 10260 
3	10262 10267 10268 
3	10268 10263 10262 
3	10264 10269 10262 
3	10269 10267 10262 
3	10272 10270 10271 
3	10271 10267 10272 
3	10208 10213 10272 
3	10213 10270 10272 
3	10272 10267 10269 
3	10269 10208 10272 
3	10267 10271 10273 
3	10273 10268 10267 
3	10266 10274 10255 
3	10255 10252 10266 
3	10263 10268 10274 
3	10274 10266 10263 
3	10274 10275 10258 
3	10258 10255 10274 
3	10268 10273 10274 
3	10273 10275 10274 
3	10246 10276 9970 
3	10276 9985 9970 
3	10224 10248 10246 
3	10248 10276 10246 
3	10276 10277 9985 
3	10277 9988 9985 
3	10248 10251 10276 
3	10251 10277 10276 
3	10277 10278 9988 
3	10278 9994 9988 
3	10251 10254 10277 
3	10254 10278 10277 
3	10278 10091 9995 
3	9995 9994 10278 
3	10254 10257 10278 
3	10257 10091 10278 
3	10154 10157 10229 
3	10157 10232 10229 
3	10157 10166 10237 
3	10237 10232 10157 
3	10166 10169 10237 
3	10169 10240 10237 
3	10169 10198 10240 
3	10198 10261 10240 
3	10198 10201 10264 
3	10264 10261 10198 
3	10201 10208 10269 
3	10269 10264 10201 
3	10282 10279 10280 
3	10280 10281 10282 
3	10284 10283 10282 
3	10283 10279 10282 
3	10282 10281 10285 
3	10285 10284 10282 
3	10289 10286 10287 
3	10287 10288 10289 
3	10291 10290 10289 
3	10290 10286 10289 
3	10289 10288 10292 
3	10292 10291 10289 
3	10296 10293 10294 
3	10294 10295 10296 
3	10298 10297 10296 
3	10297 10293 10296 
3	10296 10295 10299 
3	10299 10298 10296 
3	10300 10288 10298 
3	10298 10279 10300 
3	10301 10292 10300 
3	10292 10288 10300 
3	10300 10279 10283 
3	10283 10301 10300 
3	10279 10298 10299 
3	10299 10280 10279 
3	10288 10287 10297 
3	10297 10298 10288 
3	9055 9054 10303 
3	9054 10302 10303 
3	9055 10303 10304 
3	10304 9056 9055 
3	10303 10302 10306 
3	10302 10305 10306 
3	10303 10306 10307 
3	10307 10304 10303 
3	10306 10305 10308 
3	10308 10309 10306 
3	10306 10309 10307 
3	10309 10310 10307 
3	10309 10308 10311 
3	10311 10312 10309 
3	10309 10312 10310 
3	10312 10313 10310 
3	9069 9068 10315 
3	9068 10314 10315 
3	9069 10315 10316 
3	10316 9070 9069 
3	10315 10314 10318 
3	10314 10317 10318 
3	10315 10318 10319 
3	10319 10316 10315 
3	9068 9072 10314 
3	9072 10320 10314 
3	10314 10320 10317 
3	10320 10321 10317 
3	10318 10317 10322 
3	10322 10323 10318 
3	10318 10323 10319 
3	10323 10324 10319 
3	10323 10322 10326 
3	10322 10325 10326 
3	10323 10326 10324 
3	10326 10327 10324 
3	10317 10321 10328 
3	10328 10322 10317 
3	10322 10328 10329 
3	10329 10325 10322 
3	9074 9056 10330 
3	9056 10304 10330 
3	9074 10330 10320 
3	10320 9072 9074 
3	10330 10304 10331 
3	10304 10307 10331 
3	10330 10331 10321 
3	10321 10320 10330 
3	10331 10307 10310 
3	10310 10332 10331 
3	10331 10332 10321 
3	10332 10328 10321 
3	10332 10310 10313 
3	10313 10333 10332 
3	10332 10333 10329 
3	10329 10328 10332 
3	10337 10334 10335 
3	10335 10336 10337 
3	10339 10338 10337 
3	10338 10334 10337 
3	10337 10336 10340 
3	10340 10339 10337 
3	10336 10335 10341 
3	10341 10342 10336 
3	10336 10342 10343 
3	10343 10340 10336 
3	10347 10344 10345 
3	10345 10346 10347 
3	10349 10348 10347 
3	10348 10344 10347 
3	10347 10346 10350 
3	10350 10349 10347 
3	10351 10349 10350 
3	10350 10334 10351 
3	10353 10352 10351 
3	10352 10349 10351 
3	10351 10334 10338 
3	10338 10353 10351 
3	10312 10311 10348 
3	10348 10349 10312 
3	10312 10349 10352 
3	10352 10313 10312 
3	10354 10001 10002 
3	10002 10127 10354 
3	10335 10355 10354 
3	10355 10001 10354 
3	10354 10127 10341 
3	10341 10335 10354 
3	10346 10345 10000 
3	10000 10001 10346 
3	10346 10001 10355 
3	10355 10350 10346 
3	10334 10350 10355 
3	10355 10335 10334 
3	10357 10333 10353 
3	10353 10356 10357 
3	10325 10329 10357 
3	10329 10333 10357 
3	10357 10356 10358 
3	10358 10325 10357 
3	10356 10353 10338 
3	10338 10339 10356 
3	10356 10339 10359 
3	10359 10358 10356 
3	10326 10325 10358 
3	10358 10286 10326 
3	10326 10286 10290 
3	10290 10327 10326 
3	10286 10358 10359 
3	10359 10287 10286 
3	10360 10339 10340 
3	10340 10293 10360 
3	10287 10359 10360 
3	10359 10339 10360 
3	10360 10293 10297 
3	10297 10287 10360 
3	10293 10340 10343 
3	10343 10294 10293 
3	10333 10313 10352 
3	10352 10353 10333 
3	8958 9088 10361 
3	10361 10171 8958 
3	10171 10361 10362 
3	10362 10174 10171 
3	9088 9090 10363 
3	10363 10361 9088 
3	10361 10363 10364 
3	10364 10362 10361 
3	10174 10362 10185 
3	10362 10365 10185 
3	10185 10365 10186 
3	10365 10366 10186 
3	10362 10364 10367 
3	10367 10365 10362 
3	10365 10367 10368 
3	10368 10366 10365 
3	9095 9094 10370 
3	9094 10369 10370 
3	9095 10370 10363 
3	10363 9090 9095 
3	10370 10369 10372 
3	10369 10371 10372 
3	10370 10372 10364 
3	10364 10363 10370 
3	9094 9070 10369 
3	9070 10316 10369 
3	10369 10316 10371 
3	10316 10319 10371 
3	10372 10371 10373 
3	10373 10374 10372 
3	10372 10374 10364 
3	10374 10367 10364 
3	10374 10373 10375 
3	10375 10376 10374 
3	10374 10376 10368 
3	10368 10367 10374 
3	10371 10319 10324 
3	10324 10373 10371 
3	10373 10324 10327 
3	10327 10375 10373 
3	10379 10376 10377 
3	10377 10378 10379 
3	10366 10368 10379 
3	10368 10376 10379 
3	10379 10378 10380 
3	10380 10366 10379 
3	10378 10377 10301 
3	10301 10381 10378 
3	10378 10381 10380 
3	10381 10382 10380 
3	10186 10366 10380 
3	10380 10205 10186 
3	10205 10380 10382 
3	10382 10206 10205 
3	10210 10381 10284 
3	10284 10211 10210 
3	10206 10382 10381 
3	10381 10210 10206 
3	10211 10284 10285 
3	10285 10213 10211 
3	10381 10301 10283 
3	10283 10284 10381 
3	10376 10375 10377 
3	10375 10291 10377 
3	10377 10291 10292 
3	10292 10301 10377 
3	10375 10327 10290 
3	10290 10291 10375 
3	10383 10066 10067 
3	10067 10090 10383 
3	10385 10384 10383 
3	10384 10066 10383 
3	10383 10090 10386 
3	10386 10385 10383 
3	10256 10385 10386 
3	10386 10257 10256 
3	10258 10387 10256 
3	10387 10385 10256 
3	10389 10388 10384 
3	10384 10385 10389 
3	10391 10390 10389 
3	10390 10388 10389 
3	10389 10385 10387 
3	10387 10391 10389 
3	10395 10392 10393 
3	10393 10394 10395 
3	10397 10396 10395 
3	10396 10392 10395 
3	10395 10394 10398 
3	10398 10397 10395 
3	10384 10399 10066 
3	10399 10065 10066 
3	10400 10121 10070 
3	10070 10065 10400 
3	10394 10393 10400 
3	10393 10121 10400 
3	10400 10065 10399 
3	10399 10394 10400 
3	10388 10394 10399 
3	10399 10384 10388 
3	10390 10398 10388 
3	10398 10394 10388 
3	10402 10401 10391 
3	10391 10275 10402 
3	10271 10403 10402 
3	10403 10401 10402 
3	10402 10275 10273 
3	10273 10271 10402 
3	10401 10404 10390 
3	10390 10391 10401 
3	10403 10405 10401 
3	10405 10404 10401 
3	10270 10281 10403 
3	10403 10271 10270 
3	10213 10285 10270 
3	10285 10281 10270 
3	10281 10280 10405 
3	10405 10403 10281 
3	10275 10391 10387 
3	10387 10258 10275 
3	10406 10295 10397 
3	10397 10404 10406 
3	10280 10299 10406 
3	10299 10295 10406 
3	10406 10404 10405 
3	10405 10280 10406 
3	10404 10397 10398 
3	10398 10390 10404 
3	10295 10294 10396 
3	10396 10397 10295 
3	10257 10386 10091 
3	10386 10090 10091 
3	10407 10115 10116 
3	10116 10121 10407 
3	10392 10408 10407 
3	10408 10115 10407 
3	10407 10121 10393 
3	10393 10392 10407 
3	10409 10127 10114 
3	10114 10115 10409 
3	10342 10341 10409 
3	10341 10127 10409 
3	10409 10115 10408 
3	10408 10342 10409 
3	10410 10342 10408 
3	10408 10392 10410 
3	10294 10343 10410 
3	10343 10342 10410 
3	10410 10392 10396 
3	10396 10294 10410 
3	10414 10411 10412 
3	10412 10413 10414 
3	10416 10415 10414 
3	10415 10411 10414 
3	10414 10413 10417 
3	10417 10416 10414 
3	10421 10418 10419 
3	10419 10420 10421 
3	10423 10422 10421 
3	10422 10418 10421 
3	10421 10420 10424 
3	10424 10423 10421 
3	10413 10412 10422 
3	10422 10423 10413 
3	10413 10423 10425 
3	10425 10417 10413 
3	10423 10424 10425 
3	10424 10426 10425 
3	10427 9867 9839 
3	9839 9840 10427 
3	10429 10428 10427 
3	10428 9867 10427 
3	10427 9840 10430 
3	10430 10429 10427 
3	10432 10431 10428 
3	10428 10429 10432 
3	10420 10419 10432 
3	10419 10431 10432 
3	10432 10429 10433 
3	10433 10420 10432 
3	10429 10430 10433 
3	10430 10434 10433 
3	9840 9841 10430 
3	9841 10435 10430 
3	9841 9842 10436 
3	10436 10435 9841 
3	10438 10435 10436 
3	10436 10437 10438 
3	10440 10439 10438 
3	10439 10435 10438 
3	10438 10437 10441 
3	10441 10440 10438 
3	10430 10435 10439 
3	10439 10434 10430 
3	10420 10433 10424 
3	10433 10442 10424 
3	10433 10434 10443 
3	10443 10442 10433 
3	10424 10442 10444 
3	10444 10426 10424 
3	10442 10443 10445 
3	10445 10444 10442 
3	10447 10446 10440 
3	10446 10439 10440 
3	10440 10441 10448 
3	10448 10447 10440 
3	10434 10439 10446 
3	10446 10443 10434 
3	10449 10443 10446 
3	10446 10447 10449 
3	10450 10445 10449 
3	10445 10443 10449 
3	10449 10447 10451 
3	10451 10450 10449 
3	10447 10448 10452 
3	10452 10451 10447 
3	9160 8586 10453 
3	8586 9855 10453 
3	9160 10453 10454 
3	10454 9161 9160 
3	10453 9855 9861 
3	9855 9856 9861 
3	10453 9861 10455 
3	10455 10454 10453 
3	9161 10454 10456 
3	10456 9163 9161 
3	10454 10455 10456 
3	10455 10457 10456 
3	9861 9862 10455 
3	9862 10458 10455 
3	9862 9863 10458 
3	9863 10431 10458 
3	10455 10458 10457 
3	10458 10418 10457 
3	10458 10431 10419 
3	10419 10418 10458 
3	9163 10456 9164 
3	10456 10411 9164 
3	10456 10457 10412 
3	10412 10411 10456 
3	9164 10411 10415 
3	10415 9165 9164 
3	10457 10418 10422 
3	10422 10412 10457 
3	9863 9867 10428 
3	10428 10431 9863 
3	9196 9165 10415 
3	10415 10416 9196 
3	9196 10416 10459 
3	10459 9197 9196 
3	10416 10417 10459 
3	10417 10460 10459 
3	10462 10459 10460 
3	10460 10461 10462 
3	10464 10463 10462 
3	10463 10459 10462 
3	10462 10461 10465 
3	10465 10464 10462 
3	9197 10459 10463 
3	10463 9201 9197 
3	10417 10425 10466 
3	10466 10460 10417 
3	10425 10426 10467 
3	10467 10466 10425 
3	10461 10460 10468 
3	10460 10466 10468 
3	10461 10468 10465 
3	10468 10469 10465 
3	10468 10466 10467 
3	10467 10470 10468 
3	10468 10470 10471 
3	10471 10469 10468 
3	9214 9213 10473 
3	9213 10472 10473 
3	9214 10473 10474 
3	10474 9215 9214 
3	10473 10472 10475 
3	10475 10476 10473 
3	10473 10476 10474 
3	10476 10477 10474 
3	10476 10475 10478 
3	10478 10479 10476 
3	10476 10479 10477 
3	10479 10480 10477 
3	10479 10478 10481 
3	10481 10482 10479 
3	10479 10482 10483 
3	10483 10480 10479 
3	9216 9201 10463 
3	10463 10464 9216 
3	9216 10464 10472 
3	10472 9213 9216 
3	10464 10465 10472 
3	10465 10475 10472 
3	10465 10469 10475 
3	10469 10478 10475 
3	10469 10471 10481 
3	10481 10478 10469 
3	10485 10451 10452 
3	10452 10484 10485 
3	10487 10486 10485 
3	10486 10451 10485 
3	10485 10484 10488 
3	10488 10487 10485 
3	10490 10489 10486 
3	10486 10487 10490 
3	10492 10491 10490 
3	10491 10489 10490 
3	10490 10487 10493 
3	10493 10492 10490 
3	10487 10488 10494 
3	10494 10493 10487 
3	10496 10426 10444 
3	10444 10495 10496 
3	10470 10467 10496 
3	10467 10426 10496 
3	10496 10495 10497 
3	10497 10470 10496 
3	10495 10444 10445 
3	10445 10450 10495 
3	10495 10450 10489 
3	10489 10497 10495 
3	10470 10497 10498 
3	10498 10471 10470 
3	10497 10489 10491 
3	10491 10498 10497 
3	10450 10451 10486 
3	10486 10489 10450 
3	10500 10471 10498 
3	10498 10499 10500 
3	10482 10481 10500 
3	10481 10471 10500 
3	10500 10499 10501 
3	10501 10482 10500 
3	10499 10498 10491 
3	10491 10492 10499 
3	10499 10492 10502 
3	10502 10501 10499 
3	10504 10501 10502 
3	10502 10503 10504 
3	10344 10505 10504 
3	10505 10501 10504 
3	10504 10503 10345 
3	10345 10344 10504 
3	10482 10501 10505 
3	10505 10483 10482 
3	10506 10493 10494 
3	10494 10124 10506 
3	9996 10507 10506 
3	10507 10493 10506 
3	10506 10124 9997 
3	9997 9996 10506 
3	10492 10493 10507 
3	10507 10502 10492 
3	10503 10502 10507 
3	10507 9996 10503 
3	10503 9996 10000 
3	10000 10345 10503 
3	10509 10508 9904 
3	9904 9905 10509 
3	9905 9906 10510 
3	10510 10509 9905 
3	10512 10511 10509 
3	10511 10508 10509 
3	10509 10510 10513 
3	10513 10512 10509 
3	10514 9906 9909 
3	9909 9910 10514 
3	10515 10510 10514 
3	10510 9906 10514 
3	10514 9910 10029 
3	10029 10515 10514 
3	10516 10513 10510 
3	10510 10515 10516 
3	10515 10029 10032 
3	10032 10516 10515 
3	10437 10436 9912 
3	10436 9842 9912 
3	9912 9904 10508 
3	10508 10437 9912 
3	10437 10508 10511 
3	10511 10441 10437 
3	10517 10441 10511 
3	10511 10512 10517 
3	10518 10448 10517 
3	10448 10441 10517 
3	10517 10512 10519 
3	10519 10518 10517 
3	10512 10513 10520 
3	10520 10519 10512 
3	10521 10519 10520 
3	10520 10043 10521 
3	10523 10522 10521 
3	10522 10519 10521 
3	10521 10043 10045 
3	10045 10523 10521 
3	10484 10452 10518 
3	10452 10448 10518 
3	10518 10519 10522 
3	10522 10484 10518 
3	10043 10520 10516 
3	10520 10513 10516 
3	10516 10032 10035 
3	10035 10043 10516 
3	10100 10524 10523 
3	10524 10522 10523 
3	10523 10045 10101 
3	10101 10100 10523 
3	10484 10522 10524 
3	10524 10488 10484 
3	10525 10488 10524 
3	10524 10100 10525 
3	10124 10494 10525 
3	10494 10488 10525 
3	10525 10100 10104 
3	10104 10124 10525 
3	9220 9215 10526 
3	9215 10474 10526 
3	9220 10526 10302 
3	10302 9054 9220 
3	10526 10474 10477 
3	10477 10527 10526 
3	10526 10527 10305 
3	10305 10302 10526 
3	10527 10477 10480 
3	10480 10528 10527 
3	10527 10528 10305 
3	10528 10308 10305 
3	10528 10480 10483 
3	10483 10529 10528 
3	10528 10529 10308 
3	10529 10311 10308 
3	10529 10483 10505 
3	10505 10344 10529 
3	10529 10344 10348 
3	10348 10311 10529 
