This file contains any messages produced by compilers while
running configure, to aid debugging if configure makes a mistake.

It was created by NFFT configure 3.2.2, which was
generated by GNU Autoconf 2.68.  Invocation command line was

  $ /workspace/cvcsoft/TexMol/third-party/nfft/configure --prefix=/workspace/cvcsoft/TexMol/release --disable-shared

## --------- ##
## Platform. ##
## --------- ##

hostname = electron.ices.utexas.edu
uname -m = x86_64
uname -r = 2.6.32-279.22.1.el6.x86_64
uname -s = Linux
uname -v = #1 SMP Tue Feb 5 14:33:39 CST 2013

/usr/bin/uname -p = unknown
/bin/uname -X     = unknown

/bin/arch              = x86_64
/usr/bin/arch -k       = unknown
/usr/convex/getsysinfo = unknown
/usr/bin/hostinfo      = unknown
/bin/machine           = unknown
/usr/bin/oslevel       = unknown
/bin/universe          = unknown

PATH: /opt/apps/ossw/applications/cmake/cmake-2.8.9/sl6/bin
PATH: /usr/lib64/qt-3.3/bin
PATH: /usr/bin
PATH: /usr/local/bin
PATH: /bin
PATH: /usr/local/sbin
PATH: /usr/sbin
PATH: /sbin
PATH: /opt/apps/hdfview/2.5
PATH: /h1/muhibur/bin
PATH: /h1/muhibur/local/bin
PATH: /h1/muhibur/bin/pybib
PATH: /h1/muhibur/bin/meshlab
PATH: /opt/nrn/x86_64/bin
PATH: /net/neutron/workspace/muhibur/scratch/MolSurf/bin
PATH: /net/neutron/workspace/muhibur/scratch/TexMol-Qt/bin
PATH: /net/neutron/workspace/muhibur/scratch/flexiblefitting/bin
PATH: /net/neutron/workspace/muhibur/F2Dock/src


## ----------- ##
## Core tests. ##
## ----------- ##

configure:2652: checking build system type
configure:2666: result: x86_64-unknown-linux-gnu
configure:2686: checking host system type
configure:2699: result: x86_64-unknown-linux-gnu
configure:2777: checking how to print strings
configure:2804: result: printf
configure:2873: checking for gcc
configure:2889: found /usr/bin/gcc
configure:2900: result: gcc
configure:3129: checking for C compiler version
configure:3138: gcc --version >&5
gcc (GCC) 4.4.6 20120305 (Red Hat 4.4.6-4)
Copyright (C) 2010 Free Software Foundation, Inc.
This is free software; see the source for copying conditions.  There is NO
warranty; not even for MERCHANTABILITY or FITNESS FOR A PARTICULAR PURPOSE.

configure:3149: $? = 0
configure:3138: gcc -v >&5
Using built-in specs.
Target: x86_64-redhat-linux
Configured with: ../configure --prefix=/usr --mandir=/usr/share/man --infodir=/usr/share/info --with-bugurl=http://bugzilla.redhat.com/bugzilla --enable-bootstrap --enable-shared --enable-threads=posix --enable-checking=release --with-system-zlib --enable-__cxa_atexit --disable-libunwind-exceptions --enable-gnu-unique-object --enable-languages=c,c++,objc,obj-c++,java,fortran,ada --enable-java-awt=gtk --disable-dssi --with-java-home=/usr/lib/jvm/java-1.5.0-gcj-1.5.0.0/jre --enable-libgcj-multifile --enable-java-maintainer-mode --with-ecj-jar=/usr/share/java/eclipse-ecj.jar --disable-libjava-multilib --with-ppl --with-cloog --with-tune=generic --with-arch_32=i686 --build=x86_64-redhat-linux
Thread model: posix
gcc version 4.4.6 20120305 (Red Hat 4.4.6-4) (GCC) 
configure:3149: $? = 0
configure:3138: gcc -V >&5
gcc: '-V' option must have argument
configure:3149: $? = 1
configure:3138: gcc -qversion >&5
gcc: unrecognized option '-qversion'
gcc: no input files
configure:3149: $? = 1
configure:3169: checking whether the C compiler works
configure:3191: gcc    conftest.c  >&5
configure:3195: $? = 0
configure:3243: result: yes
configure:3246: checking for C compiler default output file name
configure:3248: result: a.out
configure:3254: checking for suffix of executables
configure:3261: gcc -o conftest    conftest.c  >&5
configure:3265: $? = 0
configure:3287: result: 
configure:3309: checking whether we are cross compiling
configure:3317: gcc -o conftest    conftest.c  >&5
configure:3321: $? = 0
configure:3328: ./conftest
configure:3332: $? = 0
configure:3347: result: no
configure:3352: checking for suffix of object files
configure:3374: gcc -c   conftest.c >&5
configure:3378: $? = 0
configure:3399: result: o
configure:3403: checking whether we are using the GNU C compiler
configure:3422: gcc -c   conftest.c >&5
configure:3422: $? = 0
configure:3431: result: yes
configure:3440: checking whether gcc accepts -g
configure:3460: gcc -c -g  conftest.c >&5
configure:3460: $? = 0
configure:3501: result: yes
configure:3518: checking for gcc option to accept ISO C89
configure:3582: gcc  -c -g -O2  conftest.c >&5
configure:3582: $? = 0
configure:3595: result: none needed
configure:3615: checking for a sed that does not truncate output
configure:3679: result: /bin/sed
configure:3697: checking for grep that handles long lines and -e
configure:3755: result: /bin/grep
configure:3760: checking for egrep
configure:3822: result: /bin/grep -E
configure:3827: checking for fgrep
configure:3889: result: /bin/grep -F
configure:3924: checking for ld used by gcc
configure:3991: result: /usr/bin/ld
configure:3998: checking if the linker (/usr/bin/ld) is GNU ld
configure:4013: result: yes
configure:4025: checking for BSD- or MS-compatible name lister (nm)
configure:4074: result: /usr/bin/nm -B
configure:4204: checking the name lister (/usr/bin/nm -B) interface
configure:4211: gcc -c -g -O2  conftest.c >&5
configure:4214: /usr/bin/nm -B "conftest.o"
configure:4217: output
0000000000000000 B some_variable
configure:4224: result: BSD nm
configure:4227: checking whether ln -s works
configure:4231: result: yes
configure:4239: checking the maximum length of command line arguments
configure:4369: result: 1966080
configure:4386: checking whether the shell understands some XSI constructs
configure:4396: result: yes
configure:4400: checking whether the shell understands "+="
configure:4406: result: yes
configure:4441: checking how to convert x86_64-unknown-linux-gnu file names to x86_64-unknown-linux-gnu format
configure:4481: result: func_convert_file_noop
configure:4488: checking how to convert x86_64-unknown-linux-gnu file names to toolchain format
configure:4508: result: func_convert_file_noop
configure:4515: checking for /usr/bin/ld option to reload object files
configure:4522: result: -r
configure:4596: checking for objdump
configure:4612: found /usr/bin/objdump
configure:4623: result: objdump
configure:4652: checking how to recognize dependent libraries
configure:4854: result: pass_all
configure:4939: checking for dlltool
configure:4969: result: no
configure:4996: checking how to associate runtime and link libraries
configure:5023: result: printf %s\n
configure:5084: checking for ar
configure:5100: found /usr/bin/ar
configure:5111: result: ar
configure:5148: checking for archiver @FILE support
configure:5165: gcc -c -g -O2  conftest.c >&5
configure:5165: $? = 0
configure:5168: ar cru libconftest.a @conftest.lst >&5
configure:5171: $? = 0
configure:5176: ar cru libconftest.a @conftest.lst >&5
ar: conftest.o: No such file or directory
configure:5179: $? = 1
configure:5191: result: @
configure:5249: checking for strip
configure:5265: found /usr/bin/strip
configure:5276: result: strip
configure:5348: checking for ranlib
configure:5364: found /usr/bin/ranlib
configure:5375: result: ranlib
configure:5452: checking for gawk
configure:5468: found /usr/bin/gawk
configure:5479: result: gawk
configure:5519: checking command to parse /usr/bin/nm -B output from gcc object
configure:5639: gcc -c -g -O2  conftest.c >&5
configure:5642: $? = 0
configure:5646: /usr/bin/nm -B conftest.o \| sed -n -e 's/^.*[ ]\([ABCDGIRSTW][ABCDGIRSTW]*\)[ ][ ]*\([_A-Za-z][_A-Za-z0-9]*\)$/\1 \2 \2/p' | sed '/ __gnu_lto/d' \> conftest.nm
configure:5649: $? = 0
configure:5715: gcc -o conftest -g -O2   conftest.c conftstm.o >&5
configure:5718: $? = 0
configure:5756: result: ok
configure:5793: checking for sysroot
configure:5823: result: no
configure:5900: gcc -c -g -O2  conftest.c >&5
configure:5903: $? = 0
configure:6079: checking for mt
configure:6109: result: no
configure:6129: checking if : is a manifest tool
configure:6135: : '-?'
configure:6143: result: no
configure:6785: checking how to run the C preprocessor
configure:6816: gcc -E  conftest.c
configure:6816: $? = 0
configure:6830: gcc -E  conftest.c
conftest.c:9:28: error: ac_nonexistent.h: No such file or directory
configure:6830: $? = 1
configure: failed program was:
| /* confdefs.h */
| #define PACKAGE_NAME "NFFT"
| #define PACKAGE_TARNAME "nfft"
| #define PACKAGE_VERSION "3.2.2"
| #define PACKAGE_STRING "NFFT 3.2.2"
| #define PACKAGE_BUGREPORT "bugs@nfft.org"
| #define PACKAGE_URL ""
| /* end confdefs.h.  */
| #include <ac_nonexistent.h>
configure:6855: result: gcc -E
configure:6875: gcc -E  conftest.c
configure:6875: $? = 0
configure:6889: gcc -E  conftest.c
conftest.c:9:28: error: ac_nonexistent.h: No such file or directory
configure:6889: $? = 1
configure: failed program was:
| /* confdefs.h */
| #define PACKAGE_NAME "NFFT"
| #define PACKAGE_TARNAME "nfft"
| #define PACKAGE_VERSION "3.2.2"
| #define PACKAGE_STRING "NFFT 3.2.2"
| #define PACKAGE_BUGREPORT "bugs@nfft.org"
| #define PACKAGE_URL ""
| /* end confdefs.h.  */
| #include <ac_nonexistent.h>
configure:6918: checking for ANSI C header files
configure:6938: gcc -c -g -O2  conftest.c >&5
configure:6938: $? = 0
configure:7011: gcc -o conftest -g -O2   conftest.c  >&5
configure:7011: $? = 0
configure:7011: ./conftest
configure:7011: $? = 0
configure:7022: result: yes
configure:7035: checking for sys/types.h
configure:7035: gcc -c -g -O2  conftest.c >&5
configure:7035: $? = 0
configure:7035: result: yes
configure:7035: checking for sys/stat.h
configure:7035: gcc -c -g -O2  conftest.c >&5
configure:7035: $? = 0
configure:7035: result: yes
configure:7035: checking for stdlib.h
configure:7035: gcc -c -g -O2  conftest.c >&5
configure:7035: $? = 0
configure:7035: result: yes
configure:7035: checking for string.h
configure:7035: gcc -c -g -O2  conftest.c >&5
configure:7035: $? = 0
configure:7035: result: yes
configure:7035: checking for memory.h
configure:7035: gcc -c -g -O2  conftest.c >&5
configure:7035: $? = 0
configure:7035: result: yes
configure:7035: checking for strings.h
configure:7035: gcc -c -g -O2  conftest.c >&5
configure:7035: $? = 0
configure:7035: result: yes
configure:7035: checking for inttypes.h
configure:7035: gcc -c -g -O2  conftest.c >&5
configure:7035: $? = 0
configure:7035: result: yes
configure:7035: checking for stdint.h
configure:7035: gcc -c -g -O2  conftest.c >&5
configure:7035: $? = 0
configure:7035: result: yes
configure:7035: checking for unistd.h
configure:7035: gcc -c -g -O2  conftest.c >&5
configure:7035: $? = 0
configure:7035: result: yes
configure:7049: checking for dlfcn.h
configure:7049: gcc -c -g -O2  conftest.c >&5
configure:7049: $? = 0
configure:7049: result: yes
configure:7553: checking for objdir
configure:7568: result: .libs
configure:7839: checking if gcc supports -fno-rtti -fno-exceptions
configure:7857: gcc -c -g -O2  -fno-rtti -fno-exceptions conftest.c >&5
cc1: warning: command line option "-fno-rtti" is valid for C++/ObjC++ but not for C
configure:7861: $? = 0
configure:7874: result: no
configure:8201: checking for gcc option to produce PIC
configure:8208: result: -fPIC -DPIC
configure:8216: checking if gcc PIC flag -fPIC -DPIC works
configure:8234: gcc -c -g -O2  -fPIC -DPIC -DPIC conftest.c >&5
configure:8238: $? = 0
configure:8251: result: yes
configure:8280: checking if gcc static flag -static works
configure:8308: result: no
configure:8323: checking if gcc supports -c -o file.o
configure:8344: gcc -c -g -O2  -o out/conftest2.o conftest.c >&5
configure:8348: $? = 0
configure:8370: result: yes
configure:8378: checking if gcc supports -c -o file.o
configure:8425: result: yes
configure:8458: checking whether the gcc linker (/usr/bin/ld -m elf_x86_64) supports shared libraries
configure:9611: result: yes
configure:9851: checking dynamic linker characteristics
configure:10362: gcc -o conftest -g -O2   -Wl,-rpath -Wl,/foo conftest.c  >&5
configure:10362: $? = 0
configure:10584: result: GNU/Linux ld.so
configure:10691: checking how to hardcode library paths into programs
configure:10716: result: immediate
configure:11256: checking whether stripping libraries is possible
configure:11261: result: yes
configure:11296: checking if libtool supports shared libraries
configure:11298: result: yes
configure:11301: checking whether to build shared libraries
configure:11322: result: no
configure:11325: checking whether to build static libraries
configure:11329: result: yes
configure:11377: checking whether make sets $(MAKE)
configure:11399: result: yes
configure:11426: checking for a BSD-compatible install
configure:11494: result: /usr/bin/install -c
configure:11505: checking whether build environment is sane
configure:11555: result: yes
configure:11696: checking for a thread-safe mkdir -p
configure:11735: result: /bin/mkdir -p
configure:11765: checking for style of include used by make
configure:11793: result: GNU
configure:11878: checking dependency style of gcc
configure:11988: result: gcc3
configure:12011: checking whether to enable maintainer-specific portions of Makefiles
configure:12020: result: no
configure:12337: checking window function
configure:12363: result: kaiserbessel
configure:12380: checking for C compiler vendor
configure:12404: gcc -c -g -O2  conftest.c >&5
conftest.c: In function 'main':
conftest.c:30: error: 'thisisanerror' undeclared (first use in this function)
conftest.c:30: error: (Each undeclared identifier is reported only once
conftest.c:30: error: for each function it appears in.)
configure:12404: $? = 1
configure: failed program was:
| /* confdefs.h */
| #define PACKAGE_NAME "NFFT"
| #define PACKAGE_TARNAME "nfft"
| #define PACKAGE_VERSION "3.2.2"
| #define PACKAGE_STRING "NFFT 3.2.2"
| #define PACKAGE_BUGREPORT "bugs@nfft.org"
| #define PACKAGE_URL ""
| #define STDC_HEADERS 1
| #define HAVE_SYS_TYPES_H 1
| #define HAVE_SYS_STAT_H 1
| #define HAVE_STDLIB_H 1
| #define HAVE_STRING_H 1
| #define HAVE_MEMORY_H 1
| #define HAVE_STRINGS_H 1
| #define HAVE_INTTYPES_H 1
| #define HAVE_STDINT_H 1
| #define HAVE_UNISTD_H 1
| #define HAVE_DLFCN_H 1
| #define LT_OBJDIR ".libs/"
| #define PACKAGE "nfft"
| #define VERSION "3.2.2"
| #define KAISER_BESSEL 1
| /* end confdefs.h.  */
| 
| int
| main ()
| {
| 
| #if !(defined(__ICC) || defined(__ECC) || defined(__INTEL_COMPILER))
|       thisisanerror;
| #endif
| 
|   ;
|   return 0;
| }
configure:12404: gcc -c -g -O2  conftest.c >&5
conftest.c: In function 'main':
conftest.c:30: error: 'thisisanerror' undeclared (first use in this function)
conftest.c:30: error: (Each undeclared identifier is reported only once
conftest.c:30: error: for each function it appears in.)
configure:12404: $? = 1
configure: failed program was:
| /* confdefs.h */
| #define PACKAGE_NAME "NFFT"
| #define PACKAGE_TARNAME "nfft"
| #define PACKAGE_VERSION "3.2.2"
| #define PACKAGE_STRING "NFFT 3.2.2"
| #define PACKAGE_BUGREPORT "bugs@nfft.org"
| #define PACKAGE_URL ""
| #define STDC_HEADERS 1
| #define HAVE_SYS_TYPES_H 1
| #define HAVE_SYS_STAT_H 1
| #define HAVE_STDLIB_H 1
| #define HAVE_STRING_H 1
| #define HAVE_MEMORY_H 1
| #define HAVE_STRINGS_H 1
| #define HAVE_INTTYPES_H 1
| #define HAVE_STDINT_H 1
| #define HAVE_UNISTD_H 1
| #define HAVE_DLFCN_H 1
| #define LT_OBJDIR ".libs/"
| #define PACKAGE "nfft"
| #define VERSION "3.2.2"
| #define KAISER_BESSEL 1
| /* end confdefs.h.  */
| 
| int
| main ()
| {
| 
| #if !(defined(__xlc__) || defined(__xlC__) || defined(__IBMC__) || defined(__IBMCPP__))
|       thisisanerror;
| #endif
| 
|   ;
|   return 0;
| }
configure:12404: gcc -c -g -O2  conftest.c >&5
conftest.c: In function 'main':
conftest.c:30: error: 'thisisanerror' undeclared (first use in this function)
conftest.c:30: error: (Each undeclared identifier is reported only once
conftest.c:30: error: for each function it appears in.)
configure:12404: $? = 1
configure: failed program was:
| /* confdefs.h */
| #define PACKAGE_NAME "NFFT"
| #define PACKAGE_TARNAME "nfft"
| #define PACKAGE_VERSION "3.2.2"
| #define PACKAGE_STRING "NFFT 3.2.2"
| #define PACKAGE_BUGREPORT "bugs@nfft.org"
| #define PACKAGE_URL ""
| #define STDC_HEADERS 1
| #define HAVE_SYS_TYPES_H 1
| #define HAVE_SYS_STAT_H 1
| #define HAVE_STDLIB_H 1
| #define HAVE_STRING_H 1
| #define HAVE_MEMORY_H 1
| #define HAVE_STRINGS_H 1
| #define HAVE_INTTYPES_H 1
| #define HAVE_STDINT_H 1
| #define HAVE_UNISTD_H 1
| #define HAVE_DLFCN_H 1
| #define LT_OBJDIR ".libs/"
| #define PACKAGE "nfft"
| #define VERSION "3.2.2"
| #define KAISER_BESSEL 1
| /* end confdefs.h.  */
| 
| int
| main ()
| {
| 
| #if !(defined(__PATHCC__) || defined(__PATHSCALE__))
|       thisisanerror;
| #endif
| 
|   ;
|   return 0;
| }
configure:12404: gcc -c -g -O2  conftest.c >&5
conftest.c: In function 'main':
conftest.c:30: error: 'thisisanerror' undeclared (first use in this function)
conftest.c:30: error: (Each undeclared identifier is reported only once
conftest.c:30: error: for each function it appears in.)
configure:12404: $? = 1
configure: failed program was:
| /* confdefs.h */
| #define PACKAGE_NAME "NFFT"
| #define PACKAGE_TARNAME "nfft"
| #define PACKAGE_VERSION "3.2.2"
| #define PACKAGE_STRING "NFFT 3.2.2"
| #define PACKAGE_BUGREPORT "bugs@nfft.org"
| #define PACKAGE_URL ""
| #define STDC_HEADERS 1
| #define HAVE_SYS_TYPES_H 1
| #define HAVE_SYS_STAT_H 1
| #define HAVE_STDLIB_H 1
| #define HAVE_STRING_H 1
| #define HAVE_MEMORY_H 1
| #define HAVE_STRINGS_H 1
| #define HAVE_INTTYPES_H 1
| #define HAVE_STDINT_H 1
| #define HAVE_UNISTD_H 1
| #define HAVE_DLFCN_H 1
| #define LT_OBJDIR ".libs/"
| #define PACKAGE "nfft"
| #define VERSION "3.2.2"
| #define KAISER_BESSEL 1
| /* end confdefs.h.  */
| 
| int
| main ()
| {
| 
| #if !(defined(__APPLE_CC__) || defined(__APPLE__))
|       thisisanerror;
| #endif
| 
|   ;
|   return 0;
| }
configure:12404: gcc -c -g -O2  conftest.c >&5
configure:12404: $? = 0
configure:12411: result: gnu
configure:12416: checking for gcc option to accept ISO C99
configure:12565: gcc  -c -g -O2  conftest.c >&5
conftest.c:74: error: expected ';', ',' or ')' before 'text'
conftest.c: In function 'main':
conftest.c:128: error: expected '=', ',', ';', 'asm' or '__attribute__' before 'newvar'
conftest.c:128: error: 'newvar' undeclared (first use in this function)
conftest.c:128: error: (Each undeclared identifier is reported only once
conftest.c:128: error: for each function it appears in.)
conftest.c:138: error: 'for' loop initial declarations are only allowed in C99 mode
conftest.c:138: note: use option -std=c99 or -std=gnu99 to compile your code
configure:12565: $? = 1
configure: failed program was:
| /* confdefs.h */
| #define PACKAGE_NAME "NFFT"
| #define PACKAGE_TARNAME "nfft"
| #define PACKAGE_VERSION "3.2.2"
| #define PACKAGE_STRING "NFFT 3.2.2"
| #define PACKAGE_BUGREPORT "bugs@nfft.org"
| #define PACKAGE_URL ""
| #define STDC_HEADERS 1
| #define HAVE_SYS_TYPES_H 1
| #define HAVE_SYS_STAT_H 1
| #define HAVE_STDLIB_H 1
| #define HAVE_STRING_H 1
| #define HAVE_MEMORY_H 1
| #define HAVE_STRINGS_H 1
| #define HAVE_INTTYPES_H 1
| #define HAVE_STDINT_H 1
| #define HAVE_UNISTD_H 1
| #define HAVE_DLFCN_H 1
| #define LT_OBJDIR ".libs/"
| #define PACKAGE "nfft"
| #define VERSION "3.2.2"
| #define KAISER_BESSEL 1
| /* end confdefs.h.  */
| #include <stdarg.h>
| #include <stdbool.h>
| #include <stdlib.h>
| #include <wchar.h>
| #include <stdio.h>
| 
| // Check varargs macros.  These examples are taken from C99 6.10.3.5.
| #define debug(...) fprintf (stderr, __VA_ARGS__)
| #define showlist(...) puts (#__VA_ARGS__)
| #define report(test,...) ((test) ? puts (#test) : printf (__VA_ARGS__))
| static void
| test_varargs_macros (void)
| {
|   int x = 1234;
|   int y = 5678;
|   debug ("Flag");
|   debug ("X = %d\n", x);
|   showlist (The first, second, and third items.);
|   report (x>y, "x is %d but y is %d", x, y);
| }
| 
| // Check long long types.
| #define BIG64 18446744073709551615ull
| #define BIG32 4294967295ul
| #define BIG_OK (BIG64 / BIG32 == 4294967297ull && BIG64 % BIG32 == 0)
| #if !BIG_OK
|   your preprocessor is broken;
| #endif
| #if BIG_OK
| #else
|   your preprocessor is broken;
| #endif
| static long long int bignum = -9223372036854775807LL;
| static unsigned long long int ubignum = BIG64;
| 
| struct incomplete_array
| {
|   int datasize;
|   double data[];
| };
| 
| struct named_init {
|   int number;
|   const wchar_t *name;
|   double average;
| };
| 
| typedef const char *ccp;
| 
| static inline int
| test_restrict (ccp restrict text)
| {
|   // See if C++-style comments work.
|   // Iterate through items via the restricted pointer.
|   // Also check for declarations in for loops.
|   for (unsigned int i = 0; *(text+i) != '\0'; ++i)
|     continue;
|   return 0;
| }
| 
| // Check varargs and va_copy.
| static void
| test_varargs (const char *format, ...)
| {
|   va_list args;
|   va_start (args, format);
|   va_list args_copy;
|   va_copy (args_copy, args);
| 
|   const char *str;
|   int number;
|   float fnumber;
| 
|   while (*format)
|     {
|       switch (*format++)
| 	{
| 	case 's': // string
| 	  str = va_arg (args_copy, const char *);
| 	  break;
| 	case 'd': // int
| 	  number = va_arg (args_copy, int);
| 	  break;
| 	case 'f': // float
| 	  fnumber = va_arg (args_copy, double);
| 	  break;
| 	default:
| 	  break;
| 	}
|     }
|   va_end (args_copy);
|   va_end (args);
| }
| 
| int
| main ()
| {
| 
|   // Check bool.
|   _Bool success = false;
| 
|   // Check restrict.
|   if (test_restrict ("String literal") == 0)
|     success = true;
|   char *restrict newvar = "Another string";
| 
|   // Check varargs.
|   test_varargs ("s, d' f .", "string", 65, 34.234);
|   test_varargs_macros ();
| 
|   // Check flexible array members.
|   struct incomplete_array *ia =
|     malloc (sizeof (struct incomplete_array) + (sizeof (double) * 10));
|   ia->datasize = 10;
|   for (int i = 0; i < ia->datasize; ++i)
|     ia->data[i] = i * 1.234;
| 
|   // Check named initializers.
|   struct named_init ni = {
|     .number = 34,
|     .name = L"Test wide string",
|     .average = 543.34343,
|   };
| 
|   ni.number = 58;
| 
|   int dynamic_array[ni.number];
|   dynamic_array[ni.number - 1] = 543;
| 
|   // work around unused variable warnings
|   return (!success || bignum == 0LL || ubignum == 0uLL || newvar[0] == 'x'
| 	  || dynamic_array[ni.number - 1] != 543);
| 
|   ;
|   return 0;
| }
configure:12565: gcc -std=gnu99 -c -g -O2  conftest.c >&5
configure:12565: $? = 0
configure:12585: result: -std=gnu99
configure:12596: checking whether gcc -std=gnu99 and cc understand -c and -o together
configure:12627: gcc -std=gnu99 -c conftest.c -o conftest2.o >&5
configure:12631: $? = 0
configure:12637: gcc -std=gnu99 -c conftest.c -o conftest2.o >&5
configure:12641: $? = 0
configure:12652: cc -c conftest.c >&5
configure:12656: $? = 0
configure:12664: cc -c conftest.c -o conftest2.o >&5
configure:12668: $? = 0
configure:12674: cc -c conftest.c -o conftest2.o >&5
configure:12678: $? = 0
configure:12696: result: yes
configure:12723: checking for an ANSI C-conforming const
configure:12788: gcc -std=gnu99 -c -g -O2  conftest.c >&5
configure:12788: $? = 0
configure:12795: result: yes
configure:12805: checking for C/C++ restrict keyword
configure:12830: gcc -std=gnu99 -c -g -O2  conftest.c >&5
configure:12830: $? = 0
configure:12838: result: __restrict
configure:12853: checking for inline
configure:12869: gcc -std=gnu99 -c -g -O2  conftest.c >&5
configure:12869: $? = 0
configure:12877: result: inline
configure:12916: checking dependency style of gcc
configure:13024: result: gcc3
configure:13044: checking whether ln -s works
configure:13048: result: yes
configure:13144: checking fftw3.h usability
configure:13144: gcc -c -g -O2   conftest.c >&5
configure:13144: $? = 0
configure:13144: result: yes
configure:13144: checking fftw3.h presence
configure:13144: gcc -E   conftest.c
configure:13144: $? = 0
configure:13144: result: yes
configure:13144: checking for fftw3.h
configure:13144: result: yes
configure:13155: checking for fftw_execute in -lfftw3
configure:13180: gcc -o conftest -g -O2     conftest.c -lfftw3   >&5
configure:13180: $? = 0
configure:13189: result: yes
configure:13395: checking for OpenMP flag of C compiler
configure:13431: gcc -o conftest -g -O2 -fopenmp   conftest.c  >&5
configure:13431: $? = 0
configure:13440: result: -fopenmp
configure:13522: checking whether to check for Matlab
configure:13526: result: no
configure:14669: checking whether C compiler accepts -malign-double
configure:14688: gcc -c -malign-double   conftest.c >&5
configure:14688: $? = 0
configure:14698: result: yes
configure:14708: checking whether C compiler accepts -fstrict-aliasing
configure:14727: gcc -c -fstrict-aliasing   conftest.c >&5
configure:14727: $? = 0
configure:14737: result: yes
configure:14747: checking whether C compiler accepts -ffast-math
configure:14766: gcc -c -ffast-math   conftest.c >&5
configure:14766: $? = 0
configure:14776: result: yes
configure:14797: checking for gcc architecture flag
configure:14799: result: 
configure:14821: checking for x86 cpuid 0 output
configure:14858: gcc -o conftest -O3 -fomit-frame-pointer -malign-double -fstrict-aliasing -ffast-math     conftest.c  -lfftw3 >&5
conftest.c: Assembler messages:
conftest.c:35: Error: suffix or operands invalid for `push'
conftest.c:37: Error: suffix or operands invalid for `pop'
conftest.c:40: Error: suffix or operands invalid for `push'
conftest.c:43: Error: suffix or operands invalid for `pop'
configure:14858: $? = 1
configure: program exited with status 1
configure: failed program was:
| /* confdefs.h */
| #define PACKAGE_NAME "NFFT"
| #define PACKAGE_TARNAME "nfft"
| #define PACKAGE_VERSION "3.2.2"
| #define PACKAGE_STRING "NFFT 3.2.2"
| #define PACKAGE_BUGREPORT "bugs@nfft.org"
| #define PACKAGE_URL ""
| #define STDC_HEADERS 1
| #define HAVE_SYS_TYPES_H 1
| #define HAVE_SYS_STAT_H 1
| #define HAVE_STDLIB_H 1
| #define HAVE_STRING_H 1
| #define HAVE_MEMORY_H 1
| #define HAVE_STRINGS_H 1
| #define HAVE_INTTYPES_H 1
| #define HAVE_STDINT_H 1
| #define HAVE_UNISTD_H 1
| #define HAVE_DLFCN_H 1
| #define LT_OBJDIR ".libs/"
| #define PACKAGE "nfft"
| #define VERSION "3.2.2"
| #define KAISER_BESSEL 1
| #define restrict __restrict
| #define HAVE_LIBFFTW3 1
| #define HAVE_OPENMP 1
| #define MATLAB_ARGCHECKS 1
| /* end confdefs.h.  */
| #include <stdio.h>
| int
| main ()
| {
| 
|      int op = 0, eax, ebx, ecx, edx;
|      FILE *f;
|      __asm__("push %%ebx\n\t"
|              "cpuid\n\t"
|              "pop %%ebx"
|              : "=a" (eax), "=c" (ecx), "=d" (edx)
|              : "a" (op));
|      __asm__("push %%ebx\n\t"
|              "cpuid\n\t"
|              "mov %%ebx, %%eax\n\t"
|              "pop %%ebx"
|              : "=a" (ebx), "=c" (ecx), "=d" (edx)
|              : "a" (op));
|      f = fopen("conftest_cpuid", "w"); if (!f) return 1;
|      fprintf(f, "%x:%x:%x:%x\n", eax, ebx, ecx, edx);
|      fclose(f);
|      return 0;
| 
|   ;
|   return 0;
| }
configure:14868: result: unknown
configure:14884: checking for x86 cpuid 1 output
configure:14921: gcc -o conftest -O3 -fomit-frame-pointer -malign-double -fstrict-aliasing -ffast-math     conftest.c  -lfftw3 >&5
conftest.c: Assembler messages:
conftest.c:35: Error: suffix or operands invalid for `push'
conftest.c:37: Error: suffix or operands invalid for `pop'
conftest.c:40: Error: suffix or operands invalid for `push'
conftest.c:43: Error: suffix or operands invalid for `pop'
configure:14921: $? = 1
configure: program exited with status 1
configure: failed program was:
| /* confdefs.h */
| #define PACKAGE_NAME "NFFT"
| #define PACKAGE_TARNAME "nfft"
| #define PACKAGE_VERSION "3.2.2"
| #define PACKAGE_STRING "NFFT 3.2.2"
| #define PACKAGE_BUGREPORT "bugs@nfft.org"
| #define PACKAGE_URL ""
| #define STDC_HEADERS 1
| #define HAVE_SYS_TYPES_H 1
| #define HAVE_SYS_STAT_H 1
| #define HAVE_STDLIB_H 1
| #define HAVE_STRING_H 1
| #define HAVE_MEMORY_H 1
| #define HAVE_STRINGS_H 1
| #define HAVE_INTTYPES_H 1
| #define HAVE_STDINT_H 1
| #define HAVE_UNISTD_H 1
| #define HAVE_DLFCN_H 1
| #define LT_OBJDIR ".libs/"
| #define PACKAGE "nfft"
| #define VERSION "3.2.2"
| #define KAISER_BESSEL 1
| #define restrict __restrict
| #define HAVE_LIBFFTW3 1
| #define HAVE_OPENMP 1
| #define MATLAB_ARGCHECKS 1
| /* end confdefs.h.  */
| #include <stdio.h>
| int
| main ()
| {
| 
|      int op = 1, eax, ebx, ecx, edx;
|      FILE *f;
|      __asm__("push %%ebx\n\t"
|              "cpuid\n\t"
|              "pop %%ebx"
|              : "=a" (eax), "=c" (ecx), "=d" (edx)
|              : "a" (op));
|      __asm__("push %%ebx\n\t"
|              "cpuid\n\t"
|              "mov %%ebx, %%eax\n\t"
|              "pop %%ebx"
|              : "=a" (ebx), "=c" (ecx), "=d" (edx)
|              : "a" (op));
|      f = fopen("conftest_cpuid", "w"); if (!f) return 1;
|      fprintf(f, "%x:%x:%x:%x\n", eax, ebx, ecx, edx);
|      fclose(f);
|      return 0;
| 
|   ;
|   return 0;
| }
configure:14931: result: unknown
configure:15157: checking whether C compiler accepts -march=native
configure:15172: gcc -c -march=native   conftest.c >&5
configure:15172: $? = 0
configure:15180: result: yes
configure:15197: checking for gcc architecture flag
configure:15199: result: -march=native
configure:15643: checking whether C compiler accepts -O3 -fomit-frame-pointer -malign-double -fstrict-aliasing -ffast-math -march=native
configure:15658: gcc -c -O3 -fomit-frame-pointer -malign-double -fstrict-aliasing -ffast-math -march=native   conftest.c >&5
configure:15658: $? = 0
configure:15666: result: yes
configure:15730: checking math.h usability
configure:15730: gcc -c -O3 -fomit-frame-pointer -malign-double -fstrict-aliasing -ffast-math -march=native -std=gnu99   conftest.c >&5
configure:15730: $? = 0
configure:15730: result: yes
configure:15730: checking math.h presence
configure:15730: gcc -E   conftest.c
configure:15730: $? = 0
configure:15730: result: yes
configure:15730: checking for math.h
configure:15730: result: yes
configure:15730: checking stdio.h usability
configure:15730: gcc -c -O3 -fomit-frame-pointer -malign-double -fstrict-aliasing -ffast-math -march=native -std=gnu99   conftest.c >&5
configure:15730: $? = 0
configure:15730: result: yes
configure:15730: checking stdio.h presence
configure:15730: gcc -E   conftest.c
configure:15730: $? = 0
configure:15730: result: yes
configure:15730: checking for stdio.h
configure:15730: result: yes
configure:15730: checking for stdlib.h
configure:15730: result: yes
configure:15730: checking time.h usability
configure:15730: gcc -c -O3 -fomit-frame-pointer -malign-double -fstrict-aliasing -ffast-math -march=native -std=gnu99   conftest.c >&5
configure:15730: $? = 0
configure:15730: result: yes
configure:15730: checking time.h presence
configure:15730: gcc -E   conftest.c
configure:15730: $? = 0
configure:15730: result: yes
configure:15730: checking for time.h
configure:15730: result: yes
configure:15730: checking sys/time.h usability
configure:15730: gcc -c -O3 -fomit-frame-pointer -malign-double -fstrict-aliasing -ffast-math -march=native -std=gnu99   conftest.c >&5
configure:15730: $? = 0
configure:15730: result: yes
configure:15730: checking sys/time.h presence
configure:15730: gcc -E   conftest.c
configure:15730: $? = 0
configure:15730: result: yes
configure:15730: checking for sys/time.h
configure:15730: result: yes
configure:15730: checking complex.h usability
configure:15730: gcc -c -O3 -fomit-frame-pointer -malign-double -fstrict-aliasing -ffast-math -march=native -std=gnu99   conftest.c >&5
configure:15730: $? = 0
configure:15730: result: yes
configure:15730: checking complex.h presence
configure:15730: gcc -E   conftest.c
configure:15730: $? = 0
configure:15730: result: yes
configure:15730: checking for complex.h
configure:15730: result: yes
configure:15730: checking for string.h
configure:15730: result: yes
configure:15730: checking float.h usability
configure:15730: gcc -c -O3 -fomit-frame-pointer -malign-double -fstrict-aliasing -ffast-math -march=native -std=gnu99   conftest.c >&5
configure:15730: $? = 0
configure:15730: result: yes
configure:15730: checking float.h presence
configure:15730: gcc -E   conftest.c
configure:15730: $? = 0
configure:15730: result: yes
configure:15730: checking for float.h
configure:15730: result: yes
configure:15730: checking limits.h usability
configure:15730: gcc -c -O3 -fomit-frame-pointer -malign-double -fstrict-aliasing -ffast-math -march=native -std=gnu99   conftest.c >&5
configure:15730: $? = 0
configure:15730: result: yes
configure:15730: checking limits.h presence
configure:15730: gcc -E   conftest.c
configure:15730: $? = 0
configure:15730: result: yes
configure:15730: checking for limits.h
configure:15730: result: yes
configure:15730: checking stdarg.h usability
configure:15730: gcc -c -O3 -fomit-frame-pointer -malign-double -fstrict-aliasing -ffast-math -march=native -std=gnu99   conftest.c >&5
configure:15730: $? = 0
configure:15730: result: yes
configure:15730: checking stdarg.h presence
configure:15730: gcc -E   conftest.c
configure:15730: $? = 0
configure:15730: result: yes
configure:15730: checking for stdarg.h
configure:15730: result: yes
configure:15730: checking stddef.h usability
configure:15730: gcc -c -O3 -fomit-frame-pointer -malign-double -fstrict-aliasing -ffast-math -march=native -std=gnu99   conftest.c >&5
configure:15730: $? = 0
configure:15730: result: yes
configure:15730: checking stddef.h presence
configure:15730: gcc -E   conftest.c
configure:15730: $? = 0
configure:15730: result: yes
configure:15730: checking for stddef.h
configure:15730: result: yes
configure:15730: checking for sys/types.h
configure:15730: result: yes
configure:15730: checking for stdint.h
configure:15730: result: yes
configure:15730: checking for inttypes.h
configure:15730: result: yes
configure:15730: checking stdbool.h usability
configure:15730: gcc -c -O3 -fomit-frame-pointer -malign-double -fstrict-aliasing -ffast-math -march=native -std=gnu99   conftest.c >&5
configure:15730: $? = 0
configure:15730: result: yes
configure:15730: checking stdbool.h presence
configure:15730: gcc -E   conftest.c
configure:15730: $? = 0
configure:15730: result: yes
configure:15730: checking for stdbool.h
configure:15730: result: yes
configure:15730: checking malloc.h usability
configure:15730: gcc -c -O3 -fomit-frame-pointer -malign-double -fstrict-aliasing -ffast-math -march=native -std=gnu99   conftest.c >&5
configure:15730: $? = 0
configure:15730: result: yes
configure:15730: checking malloc.h presence
configure:15730: gcc -E   conftest.c
configure:15730: $? = 0
configure:15730: result: yes
configure:15730: checking for malloc.h
configure:15730: result: yes
configure:15730: checking c_asm.h usability
configure:15730: gcc -c -O3 -fomit-frame-pointer -malign-double -fstrict-aliasing -ffast-math -march=native -std=gnu99   conftest.c >&5
conftest.c:77:19: error: c_asm.h: No such file or directory
configure:15730: $? = 1
configure: failed program was:
| /* confdefs.h */
| #define PACKAGE_NAME "NFFT"
| #define PACKAGE_TARNAME "nfft"
| #define PACKAGE_VERSION "3.2.2"
| #define PACKAGE_STRING "NFFT 3.2.2"
| #define PACKAGE_BUGREPORT "bugs@nfft.org"
| #define PACKAGE_URL ""
| #define STDC_HEADERS 1
| #define HAVE_SYS_TYPES_H 1
| #define HAVE_SYS_STAT_H 1
| #define HAVE_STDLIB_H 1
| #define HAVE_STRING_H 1
| #define HAVE_MEMORY_H 1
| #define HAVE_STRINGS_H 1
| #define HAVE_INTTYPES_H 1
| #define HAVE_STDINT_H 1
| #define HAVE_UNISTD_H 1
| #define HAVE_DLFCN_H 1
| #define LT_OBJDIR ".libs/"
| #define PACKAGE "nfft"
| #define VERSION "3.2.2"
| #define KAISER_BESSEL 1
| #define restrict __restrict
| #define HAVE_LIBFFTW3 1
| #define HAVE_OPENMP 1
| #define MATLAB_ARGCHECKS 1
| #define HAVE_MATH_H 1
| #define HAVE_STDIO_H 1
| #define HAVE_STDLIB_H 1
| #define HAVE_TIME_H 1
| #define HAVE_SYS_TIME_H 1
| #define HAVE_COMPLEX_H 1
| #define HAVE_STRING_H 1
| #define HAVE_FLOAT_H 1
| #define HAVE_LIMITS_H 1
| #define HAVE_STDARG_H 1
| #define HAVE_STDDEF_H 1
| #define HAVE_SYS_TYPES_H 1
| #define HAVE_STDINT_H 1
| #define HAVE_INTTYPES_H 1
| #define HAVE_STDBOOL_H 1
| #define HAVE_MALLOC_H 1
| /* end confdefs.h.  */
| #include <stdio.h>
| #ifdef HAVE_SYS_TYPES_H
| # include <sys/types.h>
| #endif
| #ifdef HAVE_SYS_STAT_H
| # include <sys/stat.h>
| #endif
| #ifdef STDC_HEADERS
| # include <stdlib.h>
| # include <stddef.h>
| #else
| # ifdef HAVE_STDLIB_H
| #  include <stdlib.h>
| # endif
| #endif
| #ifdef HAVE_STRING_H
| # if !defined STDC_HEADERS && defined HAVE_MEMORY_H
| #  include <memory.h>
| # endif
| # include <string.h>
| #endif
| #ifdef HAVE_STRINGS_H
| # include <strings.h>
| #endif
| #ifdef HAVE_INTTYPES_H
| # include <inttypes.h>
| #endif
| #ifdef HAVE_STDINT_H
| # include <stdint.h>
| #endif
| #ifdef HAVE_UNISTD_H
| # include <unistd.h>
| #endif
| #include <c_asm.h>
configure:15730: result: no
configure:15730: checking c_asm.h presence
configure:15730: gcc -E   conftest.c
conftest.c:44:19: error: c_asm.h: No such file or directory
configure:15730: $? = 1
configure: failed program was:
| /* confdefs.h */
| #define PACKAGE_NAME "NFFT"
| #define PACKAGE_TARNAME "nfft"
| #define PACKAGE_VERSION "3.2.2"
| #define PACKAGE_STRING "NFFT 3.2.2"
| #define PACKAGE_BUGREPORT "bugs@nfft.org"
| #define PACKAGE_URL ""
| #define STDC_HEADERS 1
| #define HAVE_SYS_TYPES_H 1
| #define HAVE_SYS_STAT_H 1
| #define HAVE_STDLIB_H 1
| #define HAVE_STRING_H 1
| #define HAVE_MEMORY_H 1
| #define HAVE_STRINGS_H 1
| #define HAVE_INTTYPES_H 1
| #define HAVE_STDINT_H 1
| #define HAVE_UNISTD_H 1
| #define HAVE_DLFCN_H 1
| #define LT_OBJDIR ".libs/"
| #define PACKAGE "nfft"
| #define VERSION "3.2.2"
| #define KAISER_BESSEL 1
| #define restrict __restrict
| #define HAVE_LIBFFTW3 1
| #define HAVE_OPENMP 1
| #define MATLAB_ARGCHECKS 1
| #define HAVE_MATH_H 1
| #define HAVE_STDIO_H 1
| #define HAVE_STDLIB_H 1
| #define HAVE_TIME_H 1
| #define HAVE_SYS_TIME_H 1
| #define HAVE_COMPLEX_H 1
| #define HAVE_STRING_H 1
| #define HAVE_FLOAT_H 1
| #define HAVE_LIMITS_H 1
| #define HAVE_STDARG_H 1
| #define HAVE_STDDEF_H 1
| #define HAVE_SYS_TYPES_H 1
| #define HAVE_STDINT_H 1
| #define HAVE_INTTYPES_H 1
| #define HAVE_STDBOOL_H 1
| #define HAVE_MALLOC_H 1
| /* end confdefs.h.  */
| #include <c_asm.h>
configure:15730: result: no
configure:15730: checking for c_asm.h
configure:15730: result: no
configure:15730: checking intrinsics.h usability
configure:15730: gcc -c -O3 -fomit-frame-pointer -malign-double -fstrict-aliasing -ffast-math -march=native -std=gnu99   conftest.c >&5
conftest.c:77:24: error: intrinsics.h: No such file or directory
configure:15730: $? = 1
configure: failed program was:
| /* confdefs.h */
| #define PACKAGE_NAME "NFFT"
| #define PACKAGE_TARNAME "nfft"
| #define PACKAGE_VERSION "3.2.2"
| #define PACKAGE_STRING "NFFT 3.2.2"
| #define PACKAGE_BUGREPORT "bugs@nfft.org"
| #define PACKAGE_URL ""
| #define STDC_HEADERS 1
| #define HAVE_SYS_TYPES_H 1
| #define HAVE_SYS_STAT_H 1
| #define HAVE_STDLIB_H 1
| #define HAVE_STRING_H 1
| #define HAVE_MEMORY_H 1
| #define HAVE_STRINGS_H 1
| #define HAVE_INTTYPES_H 1
| #define HAVE_STDINT_H 1
| #define HAVE_UNISTD_H 1
| #define HAVE_DLFCN_H 1
| #define LT_OBJDIR ".libs/"
| #define PACKAGE "nfft"
| #define VERSION "3.2.2"
| #define KAISER_BESSEL 1
| #define restrict __restrict
| #define HAVE_LIBFFTW3 1
| #define HAVE_OPENMP 1
| #define MATLAB_ARGCHECKS 1
| #define HAVE_MATH_H 1
| #define HAVE_STDIO_H 1
| #define HAVE_STDLIB_H 1
| #define HAVE_TIME_H 1
| #define HAVE_SYS_TIME_H 1
| #define HAVE_COMPLEX_H 1
| #define HAVE_STRING_H 1
| #define HAVE_FLOAT_H 1
| #define HAVE_LIMITS_H 1
| #define HAVE_STDARG_H 1
| #define HAVE_STDDEF_H 1
| #define HAVE_SYS_TYPES_H 1
| #define HAVE_STDINT_H 1
| #define HAVE_INTTYPES_H 1
| #define HAVE_STDBOOL_H 1
| #define HAVE_MALLOC_H 1
| /* end confdefs.h.  */
| #include <stdio.h>
| #ifdef HAVE_SYS_TYPES_H
| # include <sys/types.h>
| #endif
| #ifdef HAVE_SYS_STAT_H
| # include <sys/stat.h>
| #endif
| #ifdef STDC_HEADERS
| # include <stdlib.h>
| # include <stddef.h>
| #else
| # ifdef HAVE_STDLIB_H
| #  include <stdlib.h>
| # endif
| #endif
| #ifdef HAVE_STRING_H
| # if !defined STDC_HEADERS && defined HAVE_MEMORY_H
| #  include <memory.h>
| # endif
| # include <string.h>
| #endif
| #ifdef HAVE_STRINGS_H
| # include <strings.h>
| #endif
| #ifdef HAVE_INTTYPES_H
| # include <inttypes.h>
| #endif
| #ifdef HAVE_STDINT_H
| # include <stdint.h>
| #endif
| #ifdef HAVE_UNISTD_H
| # include <unistd.h>
| #endif
| #include <intrinsics.h>
configure:15730: result: no
configure:15730: checking intrinsics.h presence
configure:15730: gcc -E   conftest.c
conftest.c:44:24: error: intrinsics.h: No such file or directory
configure:15730: $? = 1
configure: failed program was:
| /* confdefs.h */
| #define PACKAGE_NAME "NFFT"
| #define PACKAGE_TARNAME "nfft"
| #define PACKAGE_VERSION "3.2.2"
| #define PACKAGE_STRING "NFFT 3.2.2"
| #define PACKAGE_BUGREPORT "bugs@nfft.org"
| #define PACKAGE_URL ""
| #define STDC_HEADERS 1
| #define HAVE_SYS_TYPES_H 1
| #define HAVE_SYS_STAT_H 1
| #define HAVE_STDLIB_H 1
| #define HAVE_STRING_H 1
| #define HAVE_MEMORY_H 1
| #define HAVE_STRINGS_H 1
| #define HAVE_INTTYPES_H 1
| #define HAVE_STDINT_H 1
| #define HAVE_UNISTD_H 1
| #define HAVE_DLFCN_H 1
| #define LT_OBJDIR ".libs/"
| #define PACKAGE "nfft"
| #define VERSION "3.2.2"
| #define KAISER_BESSEL 1
| #define restrict __restrict
| #define HAVE_LIBFFTW3 1
| #define HAVE_OPENMP 1
| #define MATLAB_ARGCHECKS 1
| #define HAVE_MATH_H 1
| #define HAVE_STDIO_H 1
| #define HAVE_STDLIB_H 1
| #define HAVE_TIME_H 1
| #define HAVE_SYS_TIME_H 1
| #define HAVE_COMPLEX_H 1
| #define HAVE_STRING_H 1
| #define HAVE_FLOAT_H 1
| #define HAVE_LIMITS_H 1
| #define HAVE_STDARG_H 1
| #define HAVE_STDDEF_H 1
| #define HAVE_SYS_TYPES_H 1
| #define HAVE_STDINT_H 1
| #define HAVE_INTTYPES_H 1
| #define HAVE_STDBOOL_H 1
| #define HAVE_MALLOC_H 1
| /* end confdefs.h.  */
| #include <intrinsics.h>
configure:15730: result: no
configure:15730: checking for intrinsics.h
configure:15730: result: no
configure:15730: checking mach/mach_time.h usability
configure:15730: gcc -c -O3 -fomit-frame-pointer -malign-double -fstrict-aliasing -ffast-math -march=native -std=gnu99   conftest.c >&5
conftest.c:77:28: error: mach/mach_time.h: No such file or directory
configure:15730: $? = 1
configure: failed program was:
| /* confdefs.h */
| #define PACKAGE_NAME "NFFT"
| #define PACKAGE_TARNAME "nfft"
| #define PACKAGE_VERSION "3.2.2"
| #define PACKAGE_STRING "NFFT 3.2.2"
| #define PACKAGE_BUGREPORT "bugs@nfft.org"
| #define PACKAGE_URL ""
| #define STDC_HEADERS 1
| #define HAVE_SYS_TYPES_H 1
| #define HAVE_SYS_STAT_H 1
| #define HAVE_STDLIB_H 1
| #define HAVE_STRING_H 1
| #define HAVE_MEMORY_H 1
| #define HAVE_STRINGS_H 1
| #define HAVE_INTTYPES_H 1
| #define HAVE_STDINT_H 1
| #define HAVE_UNISTD_H 1
| #define HAVE_DLFCN_H 1
| #define LT_OBJDIR ".libs/"
| #define PACKAGE "nfft"
| #define VERSION "3.2.2"
| #define KAISER_BESSEL 1
| #define restrict __restrict
| #define HAVE_LIBFFTW3 1
| #define HAVE_OPENMP 1
| #define MATLAB_ARGCHECKS 1
| #define HAVE_MATH_H 1
| #define HAVE_STDIO_H 1
| #define HAVE_STDLIB_H 1
| #define HAVE_TIME_H 1
| #define HAVE_SYS_TIME_H 1
| #define HAVE_COMPLEX_H 1
| #define HAVE_STRING_H 1
| #define HAVE_FLOAT_H 1
| #define HAVE_LIMITS_H 1
| #define HAVE_STDARG_H 1
| #define HAVE_STDDEF_H 1
| #define HAVE_SYS_TYPES_H 1
| #define HAVE_STDINT_H 1
| #define HAVE_INTTYPES_H 1
| #define HAVE_STDBOOL_H 1
| #define HAVE_MALLOC_H 1
| /* end confdefs.h.  */
| #include <stdio.h>
| #ifdef HAVE_SYS_TYPES_H
| # include <sys/types.h>
| #endif
| #ifdef HAVE_SYS_STAT_H
| # include <sys/stat.h>
| #endif
| #ifdef STDC_HEADERS
| # include <stdlib.h>
| # include <stddef.h>
| #else
| # ifdef HAVE_STDLIB_H
| #  include <stdlib.h>
| # endif
| #endif
| #ifdef HAVE_STRING_H
| # if !defined STDC_HEADERS && defined HAVE_MEMORY_H
| #  include <memory.h>
| # endif
| # include <string.h>
| #endif
| #ifdef HAVE_STRINGS_H
| # include <strings.h>
| #endif
| #ifdef HAVE_INTTYPES_H
| # include <inttypes.h>
| #endif
| #ifdef HAVE_STDINT_H
| # include <stdint.h>
| #endif
| #ifdef HAVE_UNISTD_H
| # include <unistd.h>
| #endif
| #include <mach/mach_time.h>
configure:15730: result: no
configure:15730: checking mach/mach_time.h presence
configure:15730: gcc -E   conftest.c
conftest.c:44:28: error: mach/mach_time.h: No such file or directory
configure:15730: $? = 1
configure: failed program was:
| /* confdefs.h */
| #define PACKAGE_NAME "NFFT"
| #define PACKAGE_TARNAME "nfft"
| #define PACKAGE_VERSION "3.2.2"
| #define PACKAGE_STRING "NFFT 3.2.2"
| #define PACKAGE_BUGREPORT "bugs@nfft.org"
| #define PACKAGE_URL ""
| #define STDC_HEADERS 1
| #define HAVE_SYS_TYPES_H 1
| #define HAVE_SYS_STAT_H 1
| #define HAVE_STDLIB_H 1
| #define HAVE_STRING_H 1
| #define HAVE_MEMORY_H 1
| #define HAVE_STRINGS_H 1
| #define HAVE_INTTYPES_H 1
| #define HAVE_STDINT_H 1
| #define HAVE_UNISTD_H 1
| #define HAVE_DLFCN_H 1
| #define LT_OBJDIR ".libs/"
| #define PACKAGE "nfft"
| #define VERSION "3.2.2"
| #define KAISER_BESSEL 1
| #define restrict __restrict
| #define HAVE_LIBFFTW3 1
| #define HAVE_OPENMP 1
| #define MATLAB_ARGCHECKS 1
| #define HAVE_MATH_H 1
| #define HAVE_STDIO_H 1
| #define HAVE_STDLIB_H 1
| #define HAVE_TIME_H 1
| #define HAVE_SYS_TIME_H 1
| #define HAVE_COMPLEX_H 1
| #define HAVE_STRING_H 1
| #define HAVE_FLOAT_H 1
| #define HAVE_LIMITS_H 1
| #define HAVE_STDARG_H 1
| #define HAVE_STDDEF_H 1
| #define HAVE_SYS_TYPES_H 1
| #define HAVE_STDINT_H 1
| #define HAVE_INTTYPES_H 1
| #define HAVE_STDBOOL_H 1
| #define HAVE_MALLOC_H 1
| /* end confdefs.h.  */
| #include <mach/mach_time.h>
configure:15730: result: no
configure:15730: checking for mach/mach_time.h
configure:15730: result: no
configure:15741: checking whether time.h and sys/time.h may both be included
configure:15761: gcc -c -O3 -fomit-frame-pointer -malign-double -fstrict-aliasing -ffast-math -march=native -std=gnu99   conftest.c >&5
configure:15761: $? = 0
configure:15768: result: yes
configure:15777: checking for size_t
configure:15777: gcc -c -O3 -fomit-frame-pointer -malign-double -fstrict-aliasing -ffast-math -march=native -std=gnu99   conftest.c >&5
configure:15777: $? = 0
configure:15777: gcc -c -O3 -fomit-frame-pointer -malign-double -fstrict-aliasing -ffast-math -march=native -std=gnu99   conftest.c >&5
conftest.c: In function 'main':
conftest.c:81: error: expected expression before ')' token
configure:15777: $? = 1
configure: failed program was:
| /* confdefs.h */
| #define PACKAGE_NAME "NFFT"
| #define PACKAGE_TARNAME "nfft"
| #define PACKAGE_VERSION "3.2.2"
| #define PACKAGE_STRING "NFFT 3.2.2"
| #define PACKAGE_BUGREPORT "bugs@nfft.org"
| #define PACKAGE_URL ""
| #define STDC_HEADERS 1
| #define HAVE_SYS_TYPES_H 1
| #define HAVE_SYS_STAT_H 1
| #define HAVE_STDLIB_H 1
| #define HAVE_STRING_H 1
| #define HAVE_MEMORY_H 1
| #define HAVE_STRINGS_H 1
| #define HAVE_INTTYPES_H 1
| #define HAVE_STDINT_H 1
| #define HAVE_UNISTD_H 1
| #define HAVE_DLFCN_H 1
| #define LT_OBJDIR ".libs/"
| #define PACKAGE "nfft"
| #define VERSION "3.2.2"
| #define KAISER_BESSEL 1
| #define restrict __restrict
| #define HAVE_LIBFFTW3 1
| #define HAVE_OPENMP 1
| #define MATLAB_ARGCHECKS 1
| #define HAVE_MATH_H 1
| #define HAVE_STDIO_H 1
| #define HAVE_STDLIB_H 1
| #define HAVE_TIME_H 1
| #define HAVE_SYS_TIME_H 1
| #define HAVE_COMPLEX_H 1
| #define HAVE_STRING_H 1
| #define HAVE_FLOAT_H 1
| #define HAVE_LIMITS_H 1
| #define HAVE_STDARG_H 1
| #define HAVE_STDDEF_H 1
| #define HAVE_SYS_TYPES_H 1
| #define HAVE_STDINT_H 1
| #define HAVE_INTTYPES_H 1
| #define HAVE_STDBOOL_H 1
| #define HAVE_MALLOC_H 1
| #define TIME_WITH_SYS_TIME 1
| /* end confdefs.h.  */
| #include <stdio.h>
| #ifdef HAVE_SYS_TYPES_H
| # include <sys/types.h>
| #endif
| #ifdef HAVE_SYS_STAT_H
| # include <sys/stat.h>
| #endif
| #ifdef STDC_HEADERS
| # include <stdlib.h>
| # include <stddef.h>
| #else
| # ifdef HAVE_STDLIB_H
| #  include <stdlib.h>
| # endif
| #endif
| #ifdef HAVE_STRING_H
| # if !defined STDC_HEADERS && defined HAVE_MEMORY_H
| #  include <memory.h>
| # endif
| # include <string.h>
| #endif
| #ifdef HAVE_STRINGS_H
| # include <strings.h>
| #endif
| #ifdef HAVE_INTTYPES_H
| # include <inttypes.h>
| #endif
| #ifdef HAVE_STDINT_H
| # include <stdint.h>
| #endif
| #ifdef HAVE_UNISTD_H
| # include <unistd.h>
| #endif
| int
| main ()
| {
| if (sizeof ((size_t)))
| 	    return 0;
|   ;
|   return 0;
| }
configure:15777: result: yes
configure:15788: checking for long double
configure:15788: gcc -c -O3 -fomit-frame-pointer -malign-double -fstrict-aliasing -ffast-math -march=native -std=gnu99   conftest.c >&5
configure:15788: $? = 0
configure:15788: gcc -c -O3 -fomit-frame-pointer -malign-double -fstrict-aliasing -ffast-math -march=native -std=gnu99   conftest.c >&5
conftest.c: In function 'main':
conftest.c:81: error: expected expression before ')' token
configure:15788: $? = 1
configure: failed program was:
| /* confdefs.h */
| #define PACKAGE_NAME "NFFT"
| #define PACKAGE_TARNAME "nfft"
| #define PACKAGE_VERSION "3.2.2"
| #define PACKAGE_STRING "NFFT 3.2.2"
| #define PACKAGE_BUGREPORT "bugs@nfft.org"
| #define PACKAGE_URL ""
| #define STDC_HEADERS 1
| #define HAVE_SYS_TYPES_H 1
| #define HAVE_SYS_STAT_H 1
| #define HAVE_STDLIB_H 1
| #define HAVE_STRING_H 1
| #define HAVE_MEMORY_H 1
| #define HAVE_STRINGS_H 1
| #define HAVE_INTTYPES_H 1
| #define HAVE_STDINT_H 1
| #define HAVE_UNISTD_H 1
| #define HAVE_DLFCN_H 1
| #define LT_OBJDIR ".libs/"
| #define PACKAGE "nfft"
| #define VERSION "3.2.2"
| #define KAISER_BESSEL 1
| #define restrict __restrict
| #define HAVE_LIBFFTW3 1
| #define HAVE_OPENMP 1
| #define MATLAB_ARGCHECKS 1
| #define HAVE_MATH_H 1
| #define HAVE_STDIO_H 1
| #define HAVE_STDLIB_H 1
| #define HAVE_TIME_H 1
| #define HAVE_SYS_TIME_H 1
| #define HAVE_COMPLEX_H 1
| #define HAVE_STRING_H 1
| #define HAVE_FLOAT_H 1
| #define HAVE_LIMITS_H 1
| #define HAVE_STDARG_H 1
| #define HAVE_STDDEF_H 1
| #define HAVE_SYS_TYPES_H 1
| #define HAVE_STDINT_H 1
| #define HAVE_INTTYPES_H 1
| #define HAVE_STDBOOL_H 1
| #define HAVE_MALLOC_H 1
| #define TIME_WITH_SYS_TIME 1
| /* end confdefs.h.  */
| #include <stdio.h>
| #ifdef HAVE_SYS_TYPES_H
| # include <sys/types.h>
| #endif
| #ifdef HAVE_SYS_STAT_H
| # include <sys/stat.h>
| #endif
| #ifdef STDC_HEADERS
| # include <stdlib.h>
| # include <stddef.h>
| #else
| # ifdef HAVE_STDLIB_H
| #  include <stdlib.h>
| # endif
| #endif
| #ifdef HAVE_STRING_H
| # if !defined STDC_HEADERS && defined HAVE_MEMORY_H
| #  include <memory.h>
| # endif
| # include <string.h>
| #endif
| #ifdef HAVE_STRINGS_H
| # include <strings.h>
| #endif
| #ifdef HAVE_INTTYPES_H
| # include <inttypes.h>
| #endif
| #ifdef HAVE_STDINT_H
| # include <stdint.h>
| #endif
| #ifdef HAVE_UNISTD_H
| # include <unistd.h>
| #endif
| int
| main ()
| {
| if (sizeof ((long double)))
| 	    return 0;
|   ;
|   return 0;
| }
configure:15788: result: yes
configure:15795: checking for hrtime_t
configure:15795: gcc -c -O3 -fomit-frame-pointer -malign-double -fstrict-aliasing -ffast-math -march=native -std=gnu99   conftest.c >&5
conftest.c: In function 'main':
conftest.c:55: error: 'hrtime_t' undeclared (first use in this function)
conftest.c:55: error: (Each undeclared identifier is reported only once
conftest.c:55: error: for each function it appears in.)
configure:15795: $? = 1
configure: failed program was:
| /* confdefs.h */
| #define PACKAGE_NAME "NFFT"
| #define PACKAGE_TARNAME "nfft"
| #define PACKAGE_VERSION "3.2.2"
| #define PACKAGE_STRING "NFFT 3.2.2"
| #define PACKAGE_BUGREPORT "bugs@nfft.org"
| #define PACKAGE_URL ""
| #define STDC_HEADERS 1
| #define HAVE_SYS_TYPES_H 1
| #define HAVE_SYS_STAT_H 1
| #define HAVE_STDLIB_H 1
| #define HAVE_STRING_H 1
| #define HAVE_MEMORY_H 1
| #define HAVE_STRINGS_H 1
| #define HAVE_INTTYPES_H 1
| #define HAVE_STDINT_H 1
| #define HAVE_UNISTD_H 1
| #define HAVE_DLFCN_H 1
| #define LT_OBJDIR ".libs/"
| #define PACKAGE "nfft"
| #define VERSION "3.2.2"
| #define KAISER_BESSEL 1
| #define restrict __restrict
| #define HAVE_LIBFFTW3 1
| #define HAVE_OPENMP 1
| #define MATLAB_ARGCHECKS 1
| #define HAVE_MATH_H 1
| #define HAVE_STDIO_H 1
| #define HAVE_STDLIB_H 1
| #define HAVE_TIME_H 1
| #define HAVE_SYS_TIME_H 1
| #define HAVE_COMPLEX_H 1
| #define HAVE_STRING_H 1
| #define HAVE_FLOAT_H 1
| #define HAVE_LIMITS_H 1
| #define HAVE_STDARG_H 1
| #define HAVE_STDDEF_H 1
| #define HAVE_SYS_TYPES_H 1
| #define HAVE_STDINT_H 1
| #define HAVE_INTTYPES_H 1
| #define HAVE_STDBOOL_H 1
| #define HAVE_MALLOC_H 1
| #define TIME_WITH_SYS_TIME 1
| #define HAVE_LONG_DOUBLE 1
| /* end confdefs.h.  */
| 
| #if HAVE_SYS_TIME_H
| #include <sys/time.h>
| #endif
| 
| 
| int
| main ()
| {
| if (sizeof (hrtime_t))
| 	 return 0;
|   ;
|   return 0;
| }
configure:15795: result: no
configure:15807: checking for uintptr_t
configure:15807: gcc -c -O3 -fomit-frame-pointer -malign-double -fstrict-aliasing -ffast-math -march=native -std=gnu99   conftest.c >&5
configure:15807: $? = 0
configure:15807: gcc -c -O3 -fomit-frame-pointer -malign-double -fstrict-aliasing -ffast-math -march=native -std=gnu99   conftest.c >&5
conftest.c: In function 'main':
conftest.c:86: error: expected expression before ')' token
configure:15807: $? = 1
configure: failed program was:
| /* confdefs.h */
| #define PACKAGE_NAME "NFFT"
| #define PACKAGE_TARNAME "nfft"
| #define PACKAGE_VERSION "3.2.2"
| #define PACKAGE_STRING "NFFT 3.2.2"
| #define PACKAGE_BUGREPORT "bugs@nfft.org"
| #define PACKAGE_URL ""
| #define STDC_HEADERS 1
| #define HAVE_SYS_TYPES_H 1
| #define HAVE_SYS_STAT_H 1
| #define HAVE_STDLIB_H 1
| #define HAVE_STRING_H 1
| #define HAVE_MEMORY_H 1
| #define HAVE_STRINGS_H 1
| #define HAVE_INTTYPES_H 1
| #define HAVE_STDINT_H 1
| #define HAVE_UNISTD_H 1
| #define HAVE_DLFCN_H 1
| #define LT_OBJDIR ".libs/"
| #define PACKAGE "nfft"
| #define VERSION "3.2.2"
| #define KAISER_BESSEL 1
| #define restrict __restrict
| #define HAVE_LIBFFTW3 1
| #define HAVE_OPENMP 1
| #define MATLAB_ARGCHECKS 1
| #define HAVE_MATH_H 1
| #define HAVE_STDIO_H 1
| #define HAVE_STDLIB_H 1
| #define HAVE_TIME_H 1
| #define HAVE_SYS_TIME_H 1
| #define HAVE_COMPLEX_H 1
| #define HAVE_STRING_H 1
| #define HAVE_FLOAT_H 1
| #define HAVE_LIMITS_H 1
| #define HAVE_STDARG_H 1
| #define HAVE_STDDEF_H 1
| #define HAVE_SYS_TYPES_H 1
| #define HAVE_STDINT_H 1
| #define HAVE_INTTYPES_H 1
| #define HAVE_STDBOOL_H 1
| #define HAVE_MALLOC_H 1
| #define TIME_WITH_SYS_TIME 1
| #define HAVE_LONG_DOUBLE 1
| /* end confdefs.h.  */
| #include <stdio.h>
| #ifdef HAVE_SYS_TYPES_H
| # include <sys/types.h>
| #endif
| #ifdef HAVE_SYS_STAT_H
| # include <sys/stat.h>
| #endif
| #ifdef STDC_HEADERS
| # include <stdlib.h>
| # include <stddef.h>
| #else
| # ifdef HAVE_STDLIB_H
| #  include <stdlib.h>
| # endif
| #endif
| #ifdef HAVE_STRING_H
| # if !defined STDC_HEADERS && defined HAVE_MEMORY_H
| #  include <memory.h>
| # endif
| # include <string.h>
| #endif
| #ifdef HAVE_STRINGS_H
| # include <strings.h>
| #endif
| #ifdef HAVE_INTTYPES_H
| # include <inttypes.h>
| #endif
| #ifdef HAVE_STDINT_H
| # include <stdint.h>
| #endif
| #ifdef HAVE_UNISTD_H
| # include <unistd.h>
| #endif
| #ifdef HAVE_STDINT_H
| #  include <stdint.h>
| #endif
| 
| int
| main ()
| {
| if (sizeof ((uintptr_t)))
| 	    return 0;
|   ;
|   return 0;
| }
configure:15807: result: yes
configure:15860: checking size of int
configure:15865: gcc -o conftest -O3 -fomit-frame-pointer -malign-double -fstrict-aliasing -ffast-math -march=native -std=gnu99    conftest.c  >&5
configure:15865: $? = 0
configure:15865: ./conftest
configure:15865: $? = 0
configure:15879: result: 4
configure:15893: checking size of unsigned int
configure:15898: gcc -o conftest -O3 -fomit-frame-pointer -malign-double -fstrict-aliasing -ffast-math -march=native -std=gnu99    conftest.c  >&5
configure:15898: $? = 0
configure:15898: ./conftest
configure:15898: $? = 0
configure:15912: result: 4
configure:15926: checking size of long
configure:15931: gcc -o conftest -O3 -fomit-frame-pointer -malign-double -fstrict-aliasing -ffast-math -march=native -std=gnu99    conftest.c  >&5
configure:15931: $? = 0
configure:15931: ./conftest
configure:15931: $? = 0
configure:15945: result: 8
configure:15959: checking size of unsigned long
configure:15964: gcc -o conftest -O3 -fomit-frame-pointer -malign-double -fstrict-aliasing -ffast-math -march=native -std=gnu99    conftest.c  >&5
configure:15964: $? = 0
configure:15964: ./conftest
configure:15964: $? = 0
configure:15978: result: 8
configure:15992: checking size of long long
configure:15997: gcc -o conftest -O3 -fomit-frame-pointer -malign-double -fstrict-aliasing -ffast-math -march=native -std=gnu99    conftest.c  >&5
configure:15997: $? = 0
configure:15997: ./conftest
configure:15997: $? = 0
configure:16011: result: 8
configure:16025: checking size of unsigned long long
configure:16030: gcc -o conftest -O3 -fomit-frame-pointer -malign-double -fstrict-aliasing -ffast-math -march=native -std=gnu99    conftest.c  >&5
configure:16030: $? = 0
configure:16030: ./conftest
configure:16030: $? = 0
configure:16044: result: 8
configure:16058: checking size of size_t
configure:16063: gcc -o conftest -O3 -fomit-frame-pointer -malign-double -fstrict-aliasing -ffast-math -march=native -std=gnu99    conftest.c  >&5
configure:16063: $? = 0
configure:16063: ./conftest
configure:16063: $? = 0
configure:16077: result: 8
configure:16091: checking size of ptrdiff_t
configure:16096: gcc -o conftest -O3 -fomit-frame-pointer -malign-double -fstrict-aliasing -ffast-math -march=native -std=gnu99    conftest.c  >&5
configure:16096: $? = 0
configure:16096: ./conftest
configure:16096: $? = 0
configure:16110: result: 8
configure:16124: checking size of float
configure:16129: gcc -o conftest -O3 -fomit-frame-pointer -malign-double -fstrict-aliasing -ffast-math -march=native -std=gnu99    conftest.c  >&5
configure:16129: $? = 0
configure:16129: ./conftest
configure:16129: $? = 0
configure:16143: result: 4
configure:16157: checking size of double
configure:16162: gcc -o conftest -O3 -fomit-frame-pointer -malign-double -fstrict-aliasing -ffast-math -march=native -std=gnu99    conftest.c  >&5
configure:16162: $? = 0
configure:16162: ./conftest
configure:16162: $? = 0
configure:16176: result: 8
configure:16190: checking size of long double
configure:16195: gcc -o conftest -O3 -fomit-frame-pointer -malign-double -fstrict-aliasing -ffast-math -march=native -std=gnu99    conftest.c  >&5
configure:16195: $? = 0
configure:16195: ./conftest
configure:16195: $? = 0
configure:16209: result: 16
configure:16223: checking for working alloca.h
configure:16240: gcc -o conftest -O3 -fomit-frame-pointer -malign-double -fstrict-aliasing -ffast-math -march=native -std=gnu99    conftest.c  >&5
configure:16240: $? = 0
configure:16248: result: yes
configure:16256: checking for alloca
configure:16293: gcc -o conftest -O3 -fomit-frame-pointer -malign-double -fstrict-aliasing -ffast-math -march=native -std=gnu99    conftest.c  >&5
configure:16293: $? = 0
configure:16301: result: yes
configure:16410: checking for working strtod
configure:16451: gcc -o conftest -O3 -fomit-frame-pointer -malign-double -fstrict-aliasing -ffast-math -march=native -std=gnu99    conftest.c  >&5
configure:16451: $? = 0
configure:16451: ./conftest
configure:16451: $? = 0
configure:16461: result: yes
configure:16525: checking for vprintf
configure:16525: gcc -o conftest -O3 -fomit-frame-pointer -malign-double -fstrict-aliasing -ffast-math -march=native -std=gnu99    conftest.c  >&5
conftest.c:83: warning: conflicting types for built-in function 'vprintf'
configure:16525: $? = 0
configure:16525: result: yes
configure:16531: checking for _doprnt
configure:16531: gcc -o conftest -O3 -fomit-frame-pointer -malign-double -fstrict-aliasing -ffast-math -march=native -std=gnu99    conftest.c  >&5
/tmp/ccGBKfwh.o: In function `main':
conftest.c:(.text+0x7): undefined reference to `_doprnt'
collect2: ld returned 1 exit status
configure:16531: $? = 1
configure: failed program was:
| /* confdefs.h */
| #define PACKAGE_NAME "NFFT"
| #define PACKAGE_TARNAME "nfft"
| #define PACKAGE_VERSION "3.2.2"
| #define PACKAGE_STRING "NFFT 3.2.2"
| #define PACKAGE_BUGREPORT "bugs@nfft.org"
| #define PACKAGE_URL ""
| #define STDC_HEADERS 1
| #define HAVE_SYS_TYPES_H 1
| #define HAVE_SYS_STAT_H 1
| #define HAVE_STDLIB_H 1
| #define HAVE_STRING_H 1
| #define HAVE_MEMORY_H 1
| #define HAVE_STRINGS_H 1
| #define HAVE_INTTYPES_H 1
| #define HAVE_STDINT_H 1
| #define HAVE_UNISTD_H 1
| #define HAVE_DLFCN_H 1
| #define LT_OBJDIR ".libs/"
| #define PACKAGE "nfft"
| #define VERSION "3.2.2"
| #define KAISER_BESSEL 1
| #define restrict __restrict
| #define HAVE_LIBFFTW3 1
| #define HAVE_OPENMP 1
| #define MATLAB_ARGCHECKS 1
| #define HAVE_MATH_H 1
| #define HAVE_STDIO_H 1
| #define HAVE_STDLIB_H 1
| #define HAVE_TIME_H 1
| #define HAVE_SYS_TIME_H 1
| #define HAVE_COMPLEX_H 1
| #define HAVE_STRING_H 1
| #define HAVE_FLOAT_H 1
| #define HAVE_LIMITS_H 1
| #define HAVE_STDARG_H 1
| #define HAVE_STDDEF_H 1
| #define HAVE_SYS_TYPES_H 1
| #define HAVE_STDINT_H 1
| #define HAVE_INTTYPES_H 1
| #define HAVE_STDBOOL_H 1
| #define HAVE_MALLOC_H 1
| #define TIME_WITH_SYS_TIME 1
| #define HAVE_LONG_DOUBLE 1
| #define HAVE_UINTPTR_T 1
| #define SIZEOF_INT 4
| #define SIZEOF_UNSIGNED_INT 4
| #define SIZEOF_LONG 8
| #define SIZEOF_UNSIGNED_LONG 8
| #define SIZEOF_LONG_LONG 8
| #define SIZEOF_UNSIGNED_LONG_LONG 8
| #define SIZEOF_SIZE_T 8
| #define SIZEOF_PTRDIFF_T 8
| #define SIZEOF_FLOAT 4
| #define SIZEOF_DOUBLE 8
| #define SIZEOF_LONG_DOUBLE 16
| #define HAVE_ALLOCA_H 1
| #define HAVE_ALLOCA 1
| #define HAVE_VPRINTF 1
| /* end confdefs.h.  */
| /* Define _doprnt to an innocuous variant, in case <limits.h> declares _doprnt.
|    For example, HP-UX 11i <limits.h> declares gettimeofday.  */
| #define _doprnt innocuous__doprnt
| 
| /* System header to define __stub macros and hopefully few prototypes,
|     which can conflict with char _doprnt (); below.
|     Prefer <limits.h> to <assert.h> if __STDC__ is defined, since
|     <limits.h> exists even on freestanding compilers.  */
| 
| #ifdef __STDC__
| # include <limits.h>
| #else
| # include <assert.h>
| #endif
| 
| #undef _doprnt
| 
| /* Override any GCC internal prototype to avoid an error.
|    Use char because int might match the return type of a GCC
|    builtin and then its argument prototype would still apply.  */
| #ifdef __cplusplus
| extern "C"
| #endif
| char _doprnt ();
| /* The GNU C library defines this for functions which it implements
|     to always fail with ENOSYS.  Some functions are actually named
|     something starting with __ and the normal name is an alias.  */
| #if defined __stub__doprnt || defined __stub____doprnt
| choke me
| #endif
| 
| int
| main ()
| {
| return _doprnt ();
|   ;
|   return 0;
| }
configure:16531: result: no
configure:16543: checking for sin in -lm
configure:16568: gcc -o conftest -O3 -fomit-frame-pointer -malign-double -fstrict-aliasing -ffast-math -march=native -std=gnu99    conftest.c -lm   >&5
conftest.c:68: warning: conflicting types for built-in function 'sin'
configure:16568: $? = 0
configure:16577: result: yes
configure:16593: checking for gethrtime
configure:16593: gcc -o conftest -O3 -fomit-frame-pointer -malign-double -fstrict-aliasing -ffast-math -march=native -std=gnu99    conftest.c  >&5
/tmp/ccCtJaXs.o: In function `main':
conftest.c:(.text+0x7): undefined reference to `gethrtime'
collect2: ld returned 1 exit status
configure:16593: $? = 1
configure: failed program was:
| /* confdefs.h */
| #define PACKAGE_NAME "NFFT"
| #define PACKAGE_TARNAME "nfft"
| #define PACKAGE_VERSION "3.2.2"
| #define PACKAGE_STRING "NFFT 3.2.2"
| #define PACKAGE_BUGREPORT "bugs@nfft.org"
| #define PACKAGE_URL ""
| #define STDC_HEADERS 1
| #define HAVE_SYS_TYPES_H 1
| #define HAVE_SYS_STAT_H 1
| #define HAVE_STDLIB_H 1
| #define HAVE_STRING_H 1
| #define HAVE_MEMORY_H 1
| #define HAVE_STRINGS_H 1
| #define HAVE_INTTYPES_H 1
| #define HAVE_STDINT_H 1
| #define HAVE_UNISTD_H 1
| #define HAVE_DLFCN_H 1
| #define LT_OBJDIR ".libs/"
| #define PACKAGE "nfft"
| #define VERSION "3.2.2"
| #define KAISER_BESSEL 1
| #define restrict __restrict
| #define HAVE_LIBFFTW3 1
| #define HAVE_OPENMP 1
| #define MATLAB_ARGCHECKS 1
| #define HAVE_MATH_H 1
| #define HAVE_STDIO_H 1
| #define HAVE_STDLIB_H 1
| #define HAVE_TIME_H 1
| #define HAVE_SYS_TIME_H 1
| #define HAVE_COMPLEX_H 1
| #define HAVE_STRING_H 1
| #define HAVE_FLOAT_H 1
| #define HAVE_LIMITS_H 1
| #define HAVE_STDARG_H 1
| #define HAVE_STDDEF_H 1
| #define HAVE_SYS_TYPES_H 1
| #define HAVE_STDINT_H 1
| #define HAVE_INTTYPES_H 1
| #define HAVE_STDBOOL_H 1
| #define HAVE_MALLOC_H 1
| #define TIME_WITH_SYS_TIME 1
| #define HAVE_LONG_DOUBLE 1
| #define HAVE_UINTPTR_T 1
| #define SIZEOF_INT 4
| #define SIZEOF_UNSIGNED_INT 4
| #define SIZEOF_LONG 8
| #define SIZEOF_UNSIGNED_LONG 8
| #define SIZEOF_LONG_LONG 8
| #define SIZEOF_UNSIGNED_LONG_LONG 8
| #define SIZEOF_SIZE_T 8
| #define SIZEOF_PTRDIFF_T 8
| #define SIZEOF_FLOAT 4
| #define SIZEOF_DOUBLE 8
| #define SIZEOF_LONG_DOUBLE 16
| #define HAVE_ALLOCA_H 1
| #define HAVE_ALLOCA 1
| #define HAVE_VPRINTF 1
| #define HAVE_LIBM 1
| /* end confdefs.h.  */
| /* Define gethrtime to an innocuous variant, in case <limits.h> declares gethrtime.
|    For example, HP-UX 11i <limits.h> declares gettimeofday.  */
| #define gethrtime innocuous_gethrtime
| 
| /* System header to define __stub macros and hopefully few prototypes,
|     which can conflict with char gethrtime (); below.
|     Prefer <limits.h> to <assert.h> if __STDC__ is defined, since
|     <limits.h> exists even on freestanding compilers.  */
| 
| #ifdef __STDC__
| # include <limits.h>
| #else
| # include <assert.h>
| #endif
| 
| #undef gethrtime
| 
| /* Override any GCC internal prototype to avoid an error.
|    Use char because int might match the return type of a GCC
|    builtin and then its argument prototype would still apply.  */
| #ifdef __cplusplus
| extern "C"
| #endif
| char gethrtime ();
| /* The GNU C library defines this for functions which it implements
|     to always fail with ENOSYS.  Some functions are actually named
|     something starting with __ and the normal name is an alias.  */
| #if defined __stub_gethrtime || defined __stub___gethrtime
| choke me
| #endif
| 
| int
| main ()
| {
| return gethrtime ();
|   ;
|   return 0;
| }
configure:16593: result: no
configure:16593: checking for read_real_time
configure:16593: gcc -o conftest -O3 -fomit-frame-pointer -malign-double -fstrict-aliasing -ffast-math -march=native -std=gnu99    conftest.c  >&5
/tmp/cc8hTRLx.o: In function `main':
conftest.c:(.text+0x7): undefined reference to `read_real_time'
collect2: ld returned 1 exit status
configure:16593: $? = 1
configure: failed program was:
| /* confdefs.h */
| #define PACKAGE_NAME "NFFT"
| #define PACKAGE_TARNAME "nfft"
| #define PACKAGE_VERSION "3.2.2"
| #define PACKAGE_STRING "NFFT 3.2.2"
| #define PACKAGE_BUGREPORT "bugs@nfft.org"
| #define PACKAGE_URL ""
| #define STDC_HEADERS 1
| #define HAVE_SYS_TYPES_H 1
| #define HAVE_SYS_STAT_H 1
| #define HAVE_STDLIB_H 1
| #define HAVE_STRING_H 1
| #define HAVE_MEMORY_H 1
| #define HAVE_STRINGS_H 1
| #define HAVE_INTTYPES_H 1
| #define HAVE_STDINT_H 1
| #define HAVE_UNISTD_H 1
| #define HAVE_DLFCN_H 1
| #define LT_OBJDIR ".libs/"
| #define PACKAGE "nfft"
| #define VERSION "3.2.2"
| #define KAISER_BESSEL 1
| #define restrict __restrict
| #define HAVE_LIBFFTW3 1
| #define HAVE_OPENMP 1
| #define MATLAB_ARGCHECKS 1
| #define HAVE_MATH_H 1
| #define HAVE_STDIO_H 1
| #define HAVE_STDLIB_H 1
| #define HAVE_TIME_H 1
| #define HAVE_SYS_TIME_H 1
| #define HAVE_COMPLEX_H 1
| #define HAVE_STRING_H 1
| #define HAVE_FLOAT_H 1
| #define HAVE_LIMITS_H 1
| #define HAVE_STDARG_H 1
| #define HAVE_STDDEF_H 1
| #define HAVE_SYS_TYPES_H 1
| #define HAVE_STDINT_H 1
| #define HAVE_INTTYPES_H 1
| #define HAVE_STDBOOL_H 1
| #define HAVE_MALLOC_H 1
| #define TIME_WITH_SYS_TIME 1
| #define HAVE_LONG_DOUBLE 1
| #define HAVE_UINTPTR_T 1
| #define SIZEOF_INT 4
| #define SIZEOF_UNSIGNED_INT 4
| #define SIZEOF_LONG 8
| #define SIZEOF_UNSIGNED_LONG 8
| #define SIZEOF_LONG_LONG 8
| #define SIZEOF_UNSIGNED_LONG_LONG 8
| #define SIZEOF_SIZE_T 8
| #define SIZEOF_PTRDIFF_T 8
| #define SIZEOF_FLOAT 4
| #define SIZEOF_DOUBLE 8
| #define SIZEOF_LONG_DOUBLE 16
| #define HAVE_ALLOCA_H 1
| #define HAVE_ALLOCA 1
| #define HAVE_VPRINTF 1
| #define HAVE_LIBM 1
| /* end confdefs.h.  */
| /* Define read_real_time to an innocuous variant, in case <limits.h> declares read_real_time.
|    For example, HP-UX 11i <limits.h> declares gettimeofday.  */
| #define read_real_time innocuous_read_real_time
| 
| /* System header to define __stub macros and hopefully few prototypes,
|     which can conflict with char read_real_time (); below.
|     Prefer <limits.h> to <assert.h> if __STDC__ is defined, since
|     <limits.h> exists even on freestanding compilers.  */
| 
| #ifdef __STDC__
| # include <limits.h>
| #else
| # include <assert.h>
| #endif
| 
| #undef read_real_time
| 
| /* Override any GCC internal prototype to avoid an error.
|    Use char because int might match the return type of a GCC
|    builtin and then its argument prototype would still apply.  */
| #ifdef __cplusplus
| extern "C"
| #endif
| char read_real_time ();
| /* The GNU C library defines this for functions which it implements
|     to always fail with ENOSYS.  Some functions are actually named
|     something starting with __ and the normal name is an alias.  */
| #if defined __stub_read_real_time || defined __stub___read_real_time
| choke me
| #endif
| 
| int
| main ()
| {
| return read_real_time ();
|   ;
|   return 0;
| }
configure:16593: result: no
configure:16593: checking for time_base_to_time
configure:16593: gcc -o conftest -O3 -fomit-frame-pointer -malign-double -fstrict-aliasing -ffast-math -march=native -std=gnu99    conftest.c  >&5
/tmp/cc6I13bD.o: In function `main':
conftest.c:(.text+0x7): undefined reference to `time_base_to_time'
collect2: ld returned 1 exit status
configure:16593: $? = 1
configure: failed program was:
| /* confdefs.h */
| #define PACKAGE_NAME "NFFT"
| #define PACKAGE_TARNAME "nfft"
| #define PACKAGE_VERSION "3.2.2"
| #define PACKAGE_STRING "NFFT 3.2.2"
| #define PACKAGE_BUGREPORT "bugs@nfft.org"
| #define PACKAGE_URL ""
| #define STDC_HEADERS 1
| #define HAVE_SYS_TYPES_H 1
| #define HAVE_SYS_STAT_H 1
| #define HAVE_STDLIB_H 1
| #define HAVE_STRING_H 1
| #define HAVE_MEMORY_H 1
| #define HAVE_STRINGS_H 1
| #define HAVE_INTTYPES_H 1
| #define HAVE_STDINT_H 1
| #define HAVE_UNISTD_H 1
| #define HAVE_DLFCN_H 1
| #define LT_OBJDIR ".libs/"
| #define PACKAGE "nfft"
| #define VERSION "3.2.2"
| #define KAISER_BESSEL 1
| #define restrict __restrict
| #define HAVE_LIBFFTW3 1
| #define HAVE_OPENMP 1
| #define MATLAB_ARGCHECKS 1
| #define HAVE_MATH_H 1
| #define HAVE_STDIO_H 1
| #define HAVE_STDLIB_H 1
| #define HAVE_TIME_H 1
| #define HAVE_SYS_TIME_H 1
| #define HAVE_COMPLEX_H 1
| #define HAVE_STRING_H 1
| #define HAVE_FLOAT_H 1
| #define HAVE_LIMITS_H 1
| #define HAVE_STDARG_H 1
| #define HAVE_STDDEF_H 1
| #define HAVE_SYS_TYPES_H 1
| #define HAVE_STDINT_H 1
| #define HAVE_INTTYPES_H 1
| #define HAVE_STDBOOL_H 1
| #define HAVE_MALLOC_H 1
| #define TIME_WITH_SYS_TIME 1
| #define HAVE_LONG_DOUBLE 1
| #define HAVE_UINTPTR_T 1
| #define SIZEOF_INT 4
| #define SIZEOF_UNSIGNED_INT 4
| #define SIZEOF_LONG 8
| #define SIZEOF_UNSIGNED_LONG 8
| #define SIZEOF_LONG_LONG 8
| #define SIZEOF_UNSIGNED_LONG_LONG 8
| #define SIZEOF_SIZE_T 8
| #define SIZEOF_PTRDIFF_T 8
| #define SIZEOF_FLOAT 4
| #define SIZEOF_DOUBLE 8
| #define SIZEOF_LONG_DOUBLE 16
| #define HAVE_ALLOCA_H 1
| #define HAVE_ALLOCA 1
| #define HAVE_VPRINTF 1
| #define HAVE_LIBM 1
| /* end confdefs.h.  */
| /* Define time_base_to_time to an innocuous variant, in case <limits.h> declares time_base_to_time.
|    For example, HP-UX 11i <limits.h> declares gettimeofday.  */
| #define time_base_to_time innocuous_time_base_to_time
| 
| /* System header to define __stub macros and hopefully few prototypes,
|     which can conflict with char time_base_to_time (); below.
|     Prefer <limits.h> to <assert.h> if __STDC__ is defined, since
|     <limits.h> exists even on freestanding compilers.  */
| 
| #ifdef __STDC__
| # include <limits.h>
| #else
| # include <assert.h>
| #endif
| 
| #undef time_base_to_time
| 
| /* Override any GCC internal prototype to avoid an error.
|    Use char because int might match the return type of a GCC
|    builtin and then its argument prototype would still apply.  */
| #ifdef __cplusplus
| extern "C"
| #endif
| char time_base_to_time ();
| /* The GNU C library defines this for functions which it implements
|     to always fail with ENOSYS.  Some functions are actually named
|     something starting with __ and the normal name is an alias.  */
| #if defined __stub_time_base_to_time || defined __stub___time_base_to_time
| choke me
| #endif
| 
| int
| main ()
| {
| return time_base_to_time ();
|   ;
|   return 0;
| }
configure:16593: result: no
configure:16593: checking for clock_gettime
configure:16593: gcc -o conftest -O3 -fomit-frame-pointer -malign-double -fstrict-aliasing -ffast-math -march=native -std=gnu99    conftest.c  >&5
/tmp/ccGzFODE.o: In function `main':
conftest.c:(.text+0x7): undefined reference to `clock_gettime'
collect2: ld returned 1 exit status
configure:16593: $? = 1
configure: failed program was:
| /* confdefs.h */
| #define PACKAGE_NAME "NFFT"
| #define PACKAGE_TARNAME "nfft"
| #define PACKAGE_VERSION "3.2.2"
| #define PACKAGE_STRING "NFFT 3.2.2"
| #define PACKAGE_BUGREPORT "bugs@nfft.org"
| #define PACKAGE_URL ""
| #define STDC_HEADERS 1
| #define HAVE_SYS_TYPES_H 1
| #define HAVE_SYS_STAT_H 1
| #define HAVE_STDLIB_H 1
| #define HAVE_STRING_H 1
| #define HAVE_MEMORY_H 1
| #define HAVE_STRINGS_H 1
| #define HAVE_INTTYPES_H 1
| #define HAVE_STDINT_H 1
| #define HAVE_UNISTD_H 1
| #define HAVE_DLFCN_H 1
| #define LT_OBJDIR ".libs/"
| #define PACKAGE "nfft"
| #define VERSION "3.2.2"
| #define KAISER_BESSEL 1
| #define restrict __restrict
| #define HAVE_LIBFFTW3 1
| #define HAVE_OPENMP 1
| #define MATLAB_ARGCHECKS 1
| #define HAVE_MATH_H 1
| #define HAVE_STDIO_H 1
| #define HAVE_STDLIB_H 1
| #define HAVE_TIME_H 1
| #define HAVE_SYS_TIME_H 1
| #define HAVE_COMPLEX_H 1
| #define HAVE_STRING_H 1
| #define HAVE_FLOAT_H 1
| #define HAVE_LIMITS_H 1
| #define HAVE_STDARG_H 1
| #define HAVE_STDDEF_H 1
| #define HAVE_SYS_TYPES_H 1
| #define HAVE_STDINT_H 1
| #define HAVE_INTTYPES_H 1
| #define HAVE_STDBOOL_H 1
| #define HAVE_MALLOC_H 1
| #define TIME_WITH_SYS_TIME 1
| #define HAVE_LONG_DOUBLE 1
| #define HAVE_UINTPTR_T 1
| #define SIZEOF_INT 4
| #define SIZEOF_UNSIGNED_INT 4
| #define SIZEOF_LONG 8
| #define SIZEOF_UNSIGNED_LONG 8
| #define SIZEOF_LONG_LONG 8
| #define SIZEOF_UNSIGNED_LONG_LONG 8
| #define SIZEOF_SIZE_T 8
| #define SIZEOF_PTRDIFF_T 8
| #define SIZEOF_FLOAT 4
| #define SIZEOF_DOUBLE 8
| #define SIZEOF_LONG_DOUBLE 16
| #define HAVE_ALLOCA_H 1
| #define HAVE_ALLOCA 1
| #define HAVE_VPRINTF 1
| #define HAVE_LIBM 1
| /* end confdefs.h.  */
| /* Define clock_gettime to an innocuous variant, in case <limits.h> declares clock_gettime.
|    For example, HP-UX 11i <limits.h> declares gettimeofday.  */
| #define clock_gettime innocuous_clock_gettime
| 
| /* System header to define __stub macros and hopefully few prototypes,
|     which can conflict with char clock_gettime (); below.
|     Prefer <limits.h> to <assert.h> if __STDC__ is defined, since
|     <limits.h> exists even on freestanding compilers.  */
| 
| #ifdef __STDC__
| # include <limits.h>
| #else
| # include <assert.h>
| #endif
| 
| #undef clock_gettime
| 
| /* Override any GCC internal prototype to avoid an error.
|    Use char because int might match the return type of a GCC
|    builtin and then its argument prototype would still apply.  */
| #ifdef __cplusplus
| extern "C"
| #endif
| char clock_gettime ();
| /* The GNU C library defines this for functions which it implements
|     to always fail with ENOSYS.  Some functions are actually named
|     something starting with __ and the normal name is an alias.  */
| #if defined __stub_clock_gettime || defined __stub___clock_gettime
| choke me
| #endif
| 
| int
| main ()
| {
| return clock_gettime ();
|   ;
|   return 0;
| }
configure:16593: result: no
configure:16593: checking for mach_absolute_time
configure:16593: gcc -o conftest -O3 -fomit-frame-pointer -malign-double -fstrict-aliasing -ffast-math -march=native -std=gnu99    conftest.c  >&5
/tmp/ccyLnoAL.o: In function `main':
conftest.c:(.text+0x7): undefined reference to `mach_absolute_time'
collect2: ld returned 1 exit status
configure:16593: $? = 1
configure: failed program was:
| /* confdefs.h */
| #define PACKAGE_NAME "NFFT"
| #define PACKAGE_TARNAME "nfft"
| #define PACKAGE_VERSION "3.2.2"
| #define PACKAGE_STRING "NFFT 3.2.2"
| #define PACKAGE_BUGREPORT "bugs@nfft.org"
| #define PACKAGE_URL ""
| #define STDC_HEADERS 1
| #define HAVE_SYS_TYPES_H 1
| #define HAVE_SYS_STAT_H 1
| #define HAVE_STDLIB_H 1
| #define HAVE_STRING_H 1
| #define HAVE_MEMORY_H 1
| #define HAVE_STRINGS_H 1
| #define HAVE_INTTYPES_H 1
| #define HAVE_STDINT_H 1
| #define HAVE_UNISTD_H 1
| #define HAVE_DLFCN_H 1
| #define LT_OBJDIR ".libs/"
| #define PACKAGE "nfft"
| #define VERSION "3.2.2"
| #define KAISER_BESSEL 1
| #define restrict __restrict
| #define HAVE_LIBFFTW3 1
| #define HAVE_OPENMP 1
| #define MATLAB_ARGCHECKS 1
| #define HAVE_MATH_H 1
| #define HAVE_STDIO_H 1
| #define HAVE_STDLIB_H 1
| #define HAVE_TIME_H 1
| #define HAVE_SYS_TIME_H 1
| #define HAVE_COMPLEX_H 1
| #define HAVE_STRING_H 1
| #define HAVE_FLOAT_H 1
| #define HAVE_LIMITS_H 1
| #define HAVE_STDARG_H 1
| #define HAVE_STDDEF_H 1
| #define HAVE_SYS_TYPES_H 1
| #define HAVE_STDINT_H 1
| #define HAVE_INTTYPES_H 1
| #define HAVE_STDBOOL_H 1
| #define HAVE_MALLOC_H 1
| #define TIME_WITH_SYS_TIME 1
| #define HAVE_LONG_DOUBLE 1
| #define HAVE_UINTPTR_T 1
| #define SIZEOF_INT 4
| #define SIZEOF_UNSIGNED_INT 4
| #define SIZEOF_LONG 8
| #define SIZEOF_UNSIGNED_LONG 8
| #define SIZEOF_LONG_LONG 8
| #define SIZEOF_UNSIGNED_LONG_LONG 8
| #define SIZEOF_SIZE_T 8
| #define SIZEOF_PTRDIFF_T 8
| #define SIZEOF_FLOAT 4
| #define SIZEOF_DOUBLE 8
| #define SIZEOF_LONG_DOUBLE 16
| #define HAVE_ALLOCA_H 1
| #define HAVE_ALLOCA 1
| #define HAVE_VPRINTF 1
| #define HAVE_LIBM 1
| /* end confdefs.h.  */
| /* Define mach_absolute_time to an innocuous variant, in case <limits.h> declares mach_absolute_time.
|    For example, HP-UX 11i <limits.h> declares gettimeofday.  */
| #define mach_absolute_time innocuous_mach_absolute_time
| 
| /* System header to define __stub macros and hopefully few prototypes,
|     which can conflict with char mach_absolute_time (); below.
|     Prefer <limits.h> to <assert.h> if __STDC__ is defined, since
|     <limits.h> exists even on freestanding compilers.  */
| 
| #ifdef __STDC__
| # include <limits.h>
| #else
| # include <assert.h>
| #endif
| 
| #undef mach_absolute_time
| 
| /* Override any GCC internal prototype to avoid an error.
|    Use char because int might match the return type of a GCC
|    builtin and then its argument prototype would still apply.  */
| #ifdef __cplusplus
| extern "C"
| #endif
| char mach_absolute_time ();
| /* The GNU C library defines this for functions which it implements
|     to always fail with ENOSYS.  Some functions are actually named
|     something starting with __ and the normal name is an alias.  */
| #if defined __stub_mach_absolute_time || defined __stub___mach_absolute_time
| choke me
| #endif
| 
| int
| main ()
| {
| return mach_absolute_time ();
|   ;
|   return 0;
| }
configure:16593: result: no
configure:16606: checking for memset
configure:16606: gcc -o conftest -O3 -fomit-frame-pointer -malign-double -fstrict-aliasing -ffast-math -march=native -std=gnu99    conftest.c  >&5
conftest.c:85: warning: conflicting types for built-in function 'memset'
configure:16606: $? = 0
configure:16606: result: yes
configure:16606: checking for posix_memalign
configure:16606: gcc -o conftest -O3 -fomit-frame-pointer -malign-double -fstrict-aliasing -ffast-math -march=native -std=gnu99    conftest.c  >&5
configure:16606: $? = 0
configure:16606: result: yes
configure:16606: checking for memalign
configure:16606: gcc -o conftest -O3 -fomit-frame-pointer -malign-double -fstrict-aliasing -ffast-math -march=native -std=gnu99    conftest.c  >&5
configure:16606: $? = 0
configure:16606: result: yes
configure:16618: checking for _mm_malloc
configure:16618: gcc -o conftest -O3 -fomit-frame-pointer -malign-double -fstrict-aliasing -ffast-math -march=native -std=gnu99    conftest.c  >&5
/tmp/ccB1LLGT.o: In function `main':
conftest.c:(.text+0x7): undefined reference to `_mm_malloc'
collect2: ld returned 1 exit status
configure:16618: $? = 1
configure: failed program was:
| /* confdefs.h */
| #define PACKAGE_NAME "NFFT"
| #define PACKAGE_TARNAME "nfft"
| #define PACKAGE_VERSION "3.2.2"
| #define PACKAGE_STRING "NFFT 3.2.2"
| #define PACKAGE_BUGREPORT "bugs@nfft.org"
| #define PACKAGE_URL ""
| #define STDC_HEADERS 1
| #define HAVE_SYS_TYPES_H 1
| #define HAVE_SYS_STAT_H 1
| #define HAVE_STDLIB_H 1
| #define HAVE_STRING_H 1
| #define HAVE_MEMORY_H 1
| #define HAVE_STRINGS_H 1
| #define HAVE_INTTYPES_H 1
| #define HAVE_STDINT_H 1
| #define HAVE_UNISTD_H 1
| #define HAVE_DLFCN_H 1
| #define LT_OBJDIR ".libs/"
| #define PACKAGE "nfft"
| #define VERSION "3.2.2"
| #define KAISER_BESSEL 1
| #define restrict __restrict
| #define HAVE_LIBFFTW3 1
| #define HAVE_OPENMP 1
| #define MATLAB_ARGCHECKS 1
| #define HAVE_MATH_H 1
| #define HAVE_STDIO_H 1
| #define HAVE_STDLIB_H 1
| #define HAVE_TIME_H 1
| #define HAVE_SYS_TIME_H 1
| #define HAVE_COMPLEX_H 1
| #define HAVE_STRING_H 1
| #define HAVE_FLOAT_H 1
| #define HAVE_LIMITS_H 1
| #define HAVE_STDARG_H 1
| #define HAVE_STDDEF_H 1
| #define HAVE_SYS_TYPES_H 1
| #define HAVE_STDINT_H 1
| #define HAVE_INTTYPES_H 1
| #define HAVE_STDBOOL_H 1
| #define HAVE_MALLOC_H 1
| #define TIME_WITH_SYS_TIME 1
| #define HAVE_LONG_DOUBLE 1
| #define HAVE_UINTPTR_T 1
| #define SIZEOF_INT 4
| #define SIZEOF_UNSIGNED_INT 4
| #define SIZEOF_LONG 8
| #define SIZEOF_UNSIGNED_LONG 8
| #define SIZEOF_LONG_LONG 8
| #define SIZEOF_UNSIGNED_LONG_LONG 8
| #define SIZEOF_SIZE_T 8
| #define SIZEOF_PTRDIFF_T 8
| #define SIZEOF_FLOAT 4
| #define SIZEOF_DOUBLE 8
| #define SIZEOF_LONG_DOUBLE 16
| #define HAVE_ALLOCA_H 1
| #define HAVE_ALLOCA 1
| #define HAVE_VPRINTF 1
| #define HAVE_LIBM 1
| #define HAVE_MEMSET 1
| #define HAVE_POSIX_MEMALIGN 1
| #define HAVE_MEMALIGN 1
| /* end confdefs.h.  */
| /* Define _mm_malloc to an innocuous variant, in case <limits.h> declares _mm_malloc.
|    For example, HP-UX 11i <limits.h> declares gettimeofday.  */
| #define _mm_malloc innocuous__mm_malloc
| 
| /* System header to define __stub macros and hopefully few prototypes,
|     which can conflict with char _mm_malloc (); below.
|     Prefer <limits.h> to <assert.h> if __STDC__ is defined, since
|     <limits.h> exists even on freestanding compilers.  */
| 
| #ifdef __STDC__
| # include <limits.h>
| #else
| # include <assert.h>
| #endif
| 
| #undef _mm_malloc
| 
| /* Override any GCC internal prototype to avoid an error.
|    Use char because int might match the return type of a GCC
|    builtin and then its argument prototype would still apply.  */
| #ifdef __cplusplus
| extern "C"
| #endif
| char _mm_malloc ();
| /* The GNU C library defines this for functions which it implements
|     to always fail with ENOSYS.  Some functions are actually named
|     something starting with __ and the normal name is an alias.  */
| #if defined __stub__mm_malloc || defined __stub____mm_malloc
| choke me
| #endif
| 
| int
| main ()
| {
| return _mm_malloc ();
|   ;
|   return 0;
| }
configure:16618: result: no
configure:16618: checking for _mm_free
configure:16618: gcc -o conftest -O3 -fomit-frame-pointer -malign-double -fstrict-aliasing -ffast-math -march=native -std=gnu99    conftest.c  >&5
/tmp/ccAxXq5W.o: In function `main':
conftest.c:(.text+0x7): undefined reference to `_mm_free'
collect2: ld returned 1 exit status
configure:16618: $? = 1
configure: failed program was:
| /* confdefs.h */
| #define PACKAGE_NAME "NFFT"
| #define PACKAGE_TARNAME "nfft"
| #define PACKAGE_VERSION "3.2.2"
| #define PACKAGE_STRING "NFFT 3.2.2"
| #define PACKAGE_BUGREPORT "bugs@nfft.org"
| #define PACKAGE_URL ""
| #define STDC_HEADERS 1
| #define HAVE_SYS_TYPES_H 1
| #define HAVE_SYS_STAT_H 1
| #define HAVE_STDLIB_H 1
| #define HAVE_STRING_H 1
| #define HAVE_MEMORY_H 1
| #define HAVE_STRINGS_H 1
| #define HAVE_INTTYPES_H 1
| #define HAVE_STDINT_H 1
| #define HAVE_UNISTD_H 1
| #define HAVE_DLFCN_H 1
| #define LT_OBJDIR ".libs/"
| #define PACKAGE "nfft"
| #define VERSION "3.2.2"
| #define KAISER_BESSEL 1
| #define restrict __restrict
| #define HAVE_LIBFFTW3 1
| #define HAVE_OPENMP 1
| #define MATLAB_ARGCHECKS 1
| #define HAVE_MATH_H 1
| #define HAVE_STDIO_H 1
| #define HAVE_STDLIB_H 1
| #define HAVE_TIME_H 1
| #define HAVE_SYS_TIME_H 1
| #define HAVE_COMPLEX_H 1
| #define HAVE_STRING_H 1
| #define HAVE_FLOAT_H 1
| #define HAVE_LIMITS_H 1
| #define HAVE_STDARG_H 1
| #define HAVE_STDDEF_H 1
| #define HAVE_SYS_TYPES_H 1
| #define HAVE_STDINT_H 1
| #define HAVE_INTTYPES_H 1
| #define HAVE_STDBOOL_H 1
| #define HAVE_MALLOC_H 1
| #define TIME_WITH_SYS_TIME 1
| #define HAVE_LONG_DOUBLE 1
| #define HAVE_UINTPTR_T 1
| #define SIZEOF_INT 4
| #define SIZEOF_UNSIGNED_INT 4
| #define SIZEOF_LONG 8
| #define SIZEOF_UNSIGNED_LONG 8
| #define SIZEOF_LONG_LONG 8
| #define SIZEOF_UNSIGNED_LONG_LONG 8
| #define SIZEOF_SIZE_T 8
| #define SIZEOF_PTRDIFF_T 8
| #define SIZEOF_FLOAT 4
| #define SIZEOF_DOUBLE 8
| #define SIZEOF_LONG_DOUBLE 16
| #define HAVE_ALLOCA_H 1
| #define HAVE_ALLOCA 1
| #define HAVE_VPRINTF 1
| #define HAVE_LIBM 1
| #define HAVE_MEMSET 1
| #define HAVE_POSIX_MEMALIGN 1
| #define HAVE_MEMALIGN 1
| /* end confdefs.h.  */
| /* Define _mm_free to an innocuous variant, in case <limits.h> declares _mm_free.
|    For example, HP-UX 11i <limits.h> declares gettimeofday.  */
| #define _mm_free innocuous__mm_free
| 
| /* System header to define __stub macros and hopefully few prototypes,
|     which can conflict with char _mm_free (); below.
|     Prefer <limits.h> to <assert.h> if __STDC__ is defined, since
|     <limits.h> exists even on freestanding compilers.  */
| 
| #ifdef __STDC__
| # include <limits.h>
| #else
| # include <assert.h>
| #endif
| 
| #undef _mm_free
| 
| /* Override any GCC internal prototype to avoid an error.
|    Use char because int might match the return type of a GCC
|    builtin and then its argument prototype would still apply.  */
| #ifdef __cplusplus
| extern "C"
| #endif
| char _mm_free ();
| /* The GNU C library defines this for functions which it implements
|     to always fail with ENOSYS.  Some functions are actually named
|     something starting with __ and the normal name is an alias.  */
| #if defined __stub__mm_free || defined __stub____mm_free
| choke me
| #endif
| 
| int
| main ()
| {
| return _mm_free ();
|   ;
|   return 0;
| }
configure:16618: result: no
configure:16618: checking for sysctl
configure:16618: gcc -o conftest -O3 -fomit-frame-pointer -malign-double -fstrict-aliasing -ffast-math -march=native -std=gnu99    conftest.c  >&5
configure:16618: $? = 0
configure:16618: result: yes
configure:16630: checking for abort
configure:16630: gcc -o conftest -O3 -fomit-frame-pointer -malign-double -fstrict-aliasing -ffast-math -march=native -std=gnu99    conftest.c  >&5
conftest.c:89: warning: conflicting types for built-in function 'abort'
configure:16630: $? = 0
configure:16630: result: yes
configure:16630: checking for snprintf
configure:16630: gcc -o conftest -O3 -fomit-frame-pointer -malign-double -fstrict-aliasing -ffast-math -march=native -std=gnu99    conftest.c  >&5
conftest.c:90: warning: conflicting types for built-in function 'snprintf'
configure:16630: $? = 0
configure:16630: result: yes
configure:16630: checking for sqrt
configure:16630: gcc -o conftest -O3 -fomit-frame-pointer -malign-double -fstrict-aliasing -ffast-math -march=native -std=gnu99    conftest.c  >&5
conftest.c:91: warning: conflicting types for built-in function 'sqrt'
/tmp/ccZt2rxc.o: In function `main':
conftest.c:(.text+0x7): undefined reference to `sqrt'
collect2: ld returned 1 exit status
configure:16630: $? = 1
configure: failed program was:
| /* confdefs.h */
| #define PACKAGE_NAME "NFFT"
| #define PACKAGE_TARNAME "nfft"
| #define PACKAGE_VERSION "3.2.2"
| #define PACKAGE_STRING "NFFT 3.2.2"
| #define PACKAGE_BUGREPORT "bugs@nfft.org"
| #define PACKAGE_URL ""
| #define STDC_HEADERS 1
| #define HAVE_SYS_TYPES_H 1
| #define HAVE_SYS_STAT_H 1
| #define HAVE_STDLIB_H 1
| #define HAVE_STRING_H 1
| #define HAVE_MEMORY_H 1
| #define HAVE_STRINGS_H 1
| #define HAVE_INTTYPES_H 1
| #define HAVE_STDINT_H 1
| #define HAVE_UNISTD_H 1
| #define HAVE_DLFCN_H 1
| #define LT_OBJDIR ".libs/"
| #define PACKAGE "nfft"
| #define VERSION "3.2.2"
| #define KAISER_BESSEL 1
| #define restrict __restrict
| #define HAVE_LIBFFTW3 1
| #define HAVE_OPENMP 1
| #define MATLAB_ARGCHECKS 1
| #define HAVE_MATH_H 1
| #define HAVE_STDIO_H 1
| #define HAVE_STDLIB_H 1
| #define HAVE_TIME_H 1
| #define HAVE_SYS_TIME_H 1
| #define HAVE_COMPLEX_H 1
| #define HAVE_STRING_H 1
| #define HAVE_FLOAT_H 1
| #define HAVE_LIMITS_H 1
| #define HAVE_STDARG_H 1
| #define HAVE_STDDEF_H 1
| #define HAVE_SYS_TYPES_H 1
| #define HAVE_STDINT_H 1
| #define HAVE_INTTYPES_H 1
| #define HAVE_STDBOOL_H 1
| #define HAVE_MALLOC_H 1
| #define TIME_WITH_SYS_TIME 1
| #define HAVE_LONG_DOUBLE 1
| #define HAVE_UINTPTR_T 1
| #define SIZEOF_INT 4
| #define SIZEOF_UNSIGNED_INT 4
| #define SIZEOF_LONG 8
| #define SIZEOF_UNSIGNED_LONG 8
| #define SIZEOF_LONG_LONG 8
| #define SIZEOF_UNSIGNED_LONG_LONG 8
| #define SIZEOF_SIZE_T 8
| #define SIZEOF_PTRDIFF_T 8
| #define SIZEOF_FLOAT 4
| #define SIZEOF_DOUBLE 8
| #define SIZEOF_LONG_DOUBLE 16
| #define HAVE_ALLOCA_H 1
| #define HAVE_ALLOCA 1
| #define HAVE_VPRINTF 1
| #define HAVE_LIBM 1
| #define HAVE_MEMSET 1
| #define HAVE_POSIX_MEMALIGN 1
| #define HAVE_MEMALIGN 1
| #define HAVE_SYSCTL 1
| #define HAVE_ABORT 1
| #define HAVE_SNPRINTF 1
| /* end confdefs.h.  */
| /* Define sqrt to an innocuous variant, in case <limits.h> declares sqrt.
|    For example, HP-UX 11i <limits.h> declares gettimeofday.  */
| #define sqrt innocuous_sqrt
| 
| /* System header to define __stub macros and hopefully few prototypes,
|     which can conflict with char sqrt (); below.
|     Prefer <limits.h> to <assert.h> if __STDC__ is defined, since
|     <limits.h> exists even on freestanding compilers.  */
| 
| #ifdef __STDC__
| # include <limits.h>
| #else
| # include <assert.h>
| #endif
| 
| #undef sqrt
| 
| /* Override any GCC internal prototype to avoid an error.
|    Use char because int might match the return type of a GCC
|    builtin and then its argument prototype would still apply.  */
| #ifdef __cplusplus
| extern "C"
| #endif
| char sqrt ();
| /* The GNU C library defines this for functions which it implements
|     to always fail with ENOSYS.  Some functions are actually named
|     something starting with __ and the normal name is an alias.  */
| #if defined __stub_sqrt || defined __stub___sqrt
| choke me
| #endif
| 
| int
| main ()
| {
| return sqrt ();
|   ;
|   return 0;
| }
configure:16630: result: no
configure:16642: checking for sleep
configure:16642: gcc -o conftest -O3 -fomit-frame-pointer -malign-double -fstrict-aliasing -ffast-math -march=native -std=gnu99    conftest.c  >&5
configure:16642: $? = 0
configure:16642: result: yes
configure:16642: checking for usleep
configure:16642: gcc -o conftest -O3 -fomit-frame-pointer -malign-double -fstrict-aliasing -ffast-math -march=native -std=gnu99    conftest.c  >&5
configure:16642: $? = 0
configure:16642: result: yes
configure:16642: checking for nanosleep
configure:16642: gcc -o conftest -O3 -fomit-frame-pointer -malign-double -fstrict-aliasing -ffast-math -march=native -std=gnu99    conftest.c  >&5
configure:16642: $? = 0
configure:16642: result: yes
configure:16642: checking for drand48
configure:16642: gcc -o conftest -O3 -fomit-frame-pointer -malign-double -fstrict-aliasing -ffast-math -march=native -std=gnu99    conftest.c  >&5
configure:16642: $? = 0
configure:16642: result: yes
configure:16642: checking for srand48
configure:16642: gcc -o conftest -O3 -fomit-frame-pointer -malign-double -fstrict-aliasing -ffast-math -march=native -std=gnu99    conftest.c  >&5
configure:16642: $? = 0
configure:16642: result: yes
configure:16652: checking whether memalign is declared
configure:16652: gcc -c -O3 -fomit-frame-pointer -malign-double -fstrict-aliasing -ffast-math -march=native -std=gnu99   conftest.c >&5
conftest.c: In function 'main':
conftest.c:113: error: 'memalign' undeclared (first use in this function)
conftest.c:113: error: (Each undeclared identifier is reported only once
conftest.c:113: error: for each function it appears in.)
configure:16652: $? = 1
configure: failed program was:
| /* confdefs.h */
| #define PACKAGE_NAME "NFFT"
| #define PACKAGE_TARNAME "nfft"
| #define PACKAGE_VERSION "3.2.2"
| #define PACKAGE_STRING "NFFT 3.2.2"
| #define PACKAGE_BUGREPORT "bugs@nfft.org"
| #define PACKAGE_URL ""
| #define STDC_HEADERS 1
| #define HAVE_SYS_TYPES_H 1
| #define HAVE_SYS_STAT_H 1
| #define HAVE_STDLIB_H 1
| #define HAVE_STRING_H 1
| #define HAVE_MEMORY_H 1
| #define HAVE_STRINGS_H 1
| #define HAVE_INTTYPES_H 1
| #define HAVE_STDINT_H 1
| #define HAVE_UNISTD_H 1
| #define HAVE_DLFCN_H 1
| #define LT_OBJDIR ".libs/"
| #define PACKAGE "nfft"
| #define VERSION "3.2.2"
| #define KAISER_BESSEL 1
| #define restrict __restrict
| #define HAVE_LIBFFTW3 1
| #define HAVE_OPENMP 1
| #define MATLAB_ARGCHECKS 1
| #define HAVE_MATH_H 1
| #define HAVE_STDIO_H 1
| #define HAVE_STDLIB_H 1
| #define HAVE_TIME_H 1
| #define HAVE_SYS_TIME_H 1
| #define HAVE_COMPLEX_H 1
| #define HAVE_STRING_H 1
| #define HAVE_FLOAT_H 1
| #define HAVE_LIMITS_H 1
| #define HAVE_STDARG_H 1
| #define HAVE_STDDEF_H 1
| #define HAVE_SYS_TYPES_H 1
| #define HAVE_STDINT_H 1
| #define HAVE_INTTYPES_H 1
| #define HAVE_STDBOOL_H 1
| #define HAVE_MALLOC_H 1
| #define TIME_WITH_SYS_TIME 1
| #define HAVE_LONG_DOUBLE 1
| #define HAVE_UINTPTR_T 1
| #define SIZEOF_INT 4
| #define SIZEOF_UNSIGNED_INT 4
| #define SIZEOF_LONG 8
| #define SIZEOF_UNSIGNED_LONG 8
| #define SIZEOF_LONG_LONG 8
| #define SIZEOF_UNSIGNED_LONG_LONG 8
| #define SIZEOF_SIZE_T 8
| #define SIZEOF_PTRDIFF_T 8
| #define SIZEOF_FLOAT 4
| #define SIZEOF_DOUBLE 8
| #define SIZEOF_LONG_DOUBLE 16
| #define HAVE_ALLOCA_H 1
| #define HAVE_ALLOCA 1
| #define HAVE_VPRINTF 1
| #define HAVE_LIBM 1
| #define HAVE_MEMSET 1
| #define HAVE_POSIX_MEMALIGN 1
| #define HAVE_MEMALIGN 1
| #define HAVE_SYSCTL 1
| #define HAVE_ABORT 1
| #define HAVE_SNPRINTF 1
| #define HAVE_SLEEP 1
| #define HAVE_USLEEP 1
| #define HAVE_NANOSLEEP 1
| #define HAVE_DRAND48 1
| #define HAVE_SRAND48 1
| /* end confdefs.h.  */
| #include <stdio.h>
| #ifdef HAVE_SYS_TYPES_H
| # include <sys/types.h>
| #endif
| #ifdef HAVE_SYS_STAT_H
| # include <sys/stat.h>
| #endif
| #ifdef STDC_HEADERS
| # include <stdlib.h>
| # include <stddef.h>
| #else
| # ifdef HAVE_STDLIB_H
| #  include <stdlib.h>
| # endif
| #endif
| #ifdef HAVE_STRING_H
| # if !defined STDC_HEADERS && defined HAVE_MEMORY_H
| #  include <memory.h>
| # endif
| # include <string.h>
| #endif
| #ifdef HAVE_STRINGS_H
| # include <strings.h>
| #endif
| #ifdef HAVE_INTTYPES_H
| # include <inttypes.h>
| #endif
| #ifdef HAVE_STDINT_H
| # include <stdint.h>
| #endif
| #ifdef HAVE_UNISTD_H
| # include <unistd.h>
| #endif
| int
| main ()
| {
| #ifndef memalign
| #ifdef __cplusplus
|   (void) memalign;
| #else
|   (void) memalign;
| #endif
| #endif
| 
|   ;
|   return 0;
| }
configure:16652: result: no
configure:16662: checking whether posix_memalign is declared
configure:16662: gcc -c -O3 -fomit-frame-pointer -malign-double -fstrict-aliasing -ffast-math -march=native -std=gnu99   conftest.c >&5
configure:16662: $? = 0
configure:16662: result: yes
configure:16673: checking whether sleep is declared
configure:16673: gcc -c -O3 -fomit-frame-pointer -malign-double -fstrict-aliasing -ffast-math -march=native -std=gnu99   conftest.c >&5
configure:16673: $? = 0
configure:16673: result: yes
configure:16685: checking whether nanosleep is declared
configure:16685: gcc -c -O3 -fomit-frame-pointer -malign-double -fstrict-aliasing -ffast-math -march=native -std=gnu99   conftest.c >&5
configure:16685: $? = 0
configure:16685: result: yes
configure:16697: checking whether drand48 is declared
configure:16697: gcc -c -O3 -fomit-frame-pointer -malign-double -fstrict-aliasing -ffast-math -march=native -std=gnu99   conftest.c >&5
configure:16697: $? = 0
configure:16697: result: yes
configure:16709: checking whether srand48 is declared
configure:16709: gcc -c -O3 -fomit-frame-pointer -malign-double -fstrict-aliasing -ffast-math -march=native -std=gnu99   conftest.c >&5
configure:16709: $? = 0
configure:16709: result: yes
configure:16723: checking for _rtc intrinsic
configure:16739: gcc -o conftest -O3 -fomit-frame-pointer -malign-double -fstrict-aliasing -ffast-math -march=native -std=gnu99    conftest.c  >&5
conftest.c: In function 'main':
conftest.c:85: warning: implicit declaration of function '_rtc'
/tmp/ccbduPcK.o: In function `main':
conftest.c:(.text+0x7): undefined reference to `_rtc'
collect2: ld returned 1 exit status
configure:16739: $? = 1
configure: failed program was:
| /* confdefs.h */
| #define PACKAGE_NAME "NFFT"
| #define PACKAGE_TARNAME "nfft"
| #define PACKAGE_VERSION "3.2.2"
| #define PACKAGE_STRING "NFFT 3.2.2"
| #define PACKAGE_BUGREPORT "bugs@nfft.org"
| #define PACKAGE_URL ""
| #define STDC_HEADERS 1
| #define HAVE_SYS_TYPES_H 1
| #define HAVE_SYS_STAT_H 1
| #define HAVE_STDLIB_H 1
| #define HAVE_STRING_H 1
| #define HAVE_MEMORY_H 1
| #define HAVE_STRINGS_H 1
| #define HAVE_INTTYPES_H 1
| #define HAVE_STDINT_H 1
| #define HAVE_UNISTD_H 1
| #define HAVE_DLFCN_H 1
| #define LT_OBJDIR ".libs/"
| #define PACKAGE "nfft"
| #define VERSION "3.2.2"
| #define KAISER_BESSEL 1
| #define restrict __restrict
| #define HAVE_LIBFFTW3 1
| #define HAVE_OPENMP 1
| #define MATLAB_ARGCHECKS 1
| #define HAVE_MATH_H 1
| #define HAVE_STDIO_H 1
| #define HAVE_STDLIB_H 1
| #define HAVE_TIME_H 1
| #define HAVE_SYS_TIME_H 1
| #define HAVE_COMPLEX_H 1
| #define HAVE_STRING_H 1
| #define HAVE_FLOAT_H 1
| #define HAVE_LIMITS_H 1
| #define HAVE_STDARG_H 1
| #define HAVE_STDDEF_H 1
| #define HAVE_SYS_TYPES_H 1
| #define HAVE_STDINT_H 1
| #define HAVE_INTTYPES_H 1
| #define HAVE_STDBOOL_H 1
| #define HAVE_MALLOC_H 1
| #define TIME_WITH_SYS_TIME 1
| #define HAVE_LONG_DOUBLE 1
| #define HAVE_UINTPTR_T 1
| #define SIZEOF_INT 4
| #define SIZEOF_UNSIGNED_INT 4
| #define SIZEOF_LONG 8
| #define SIZEOF_UNSIGNED_LONG 8
| #define SIZEOF_LONG_LONG 8
| #define SIZEOF_UNSIGNED_LONG_LONG 8
| #define SIZEOF_SIZE_T 8
| #define SIZEOF_PTRDIFF_T 8
| #define SIZEOF_FLOAT 4
| #define SIZEOF_DOUBLE 8
| #define SIZEOF_LONG_DOUBLE 16
| #define HAVE_ALLOCA_H 1
| #define HAVE_ALLOCA 1
| #define HAVE_VPRINTF 1
| #define HAVE_LIBM 1
| #define HAVE_MEMSET 1
| #define HAVE_POSIX_MEMALIGN 1
| #define HAVE_MEMALIGN 1
| #define HAVE_SYSCTL 1
| #define HAVE_ABORT 1
| #define HAVE_SNPRINTF 1
| #define HAVE_SLEEP 1
| #define HAVE_USLEEP 1
| #define HAVE_NANOSLEEP 1
| #define HAVE_DRAND48 1
| #define HAVE_SRAND48 1
| #define HAVE_DECL_MEMALIGN 0
| #define HAVE_DECL_POSIX_MEMALIGN 1
| #define HAVE_DECL_SLEEP 1
| #define HAVE_DECL_NANOSLEEP 1
| #define HAVE_DECL_DRAND48 1
| #define HAVE_DECL_SRAND48 1
| /* end confdefs.h.  */
| #ifdef HAVE_INTRINSICS_H
| #include <intrinsics.h>
| #endif
| int
| main ()
| {
| _rtc()
|   ;
|   return 0;
| }
configure:16748: result: no
configure:16751: checking whether a cycle counter is available
configure:16762: gcc -E   -I/workspace/cvcsoft/TexMol/third-party/nfft/include conftest.c
configure:16762: $? = 0
configure:16768: result: yes
configure:16809: gcc -o conftest -O3 -fomit-frame-pointer -malign-double -fstrict-aliasing -ffast-math -march=native -std=gnu99   -I/workspace/cvcsoft/TexMol/third-party/nfft/include  conftest.c  >&5
configure:16809: $? = 0
configure:16809: ./conftest
configure:16809: $? = 0
configure:17858: checking for copysign
configure:17858: gcc -o conftest -O3 -fomit-frame-pointer -malign-double -fstrict-aliasing -ffast-math -march=native -std=gnu99    conftest.c  >&5
conftest.c:102: warning: conflicting types for built-in function 'copysign'
configure:17858: $? = 0
configure:17858: result: yes
configure:17858: checking for nextafter
configure:17858: gcc -o conftest -O3 -fomit-frame-pointer -malign-double -fstrict-aliasing -ffast-math -march=native -std=gnu99    conftest.c  >&5
conftest.c:103: warning: conflicting types for built-in function 'nextafter'
/tmp/cc5I2N2S.o: In function `main':
conftest.c:(.text+0x7): undefined reference to `nextafter'
collect2: ld returned 1 exit status
configure:17858: $? = 1
configure: failed program was:
| /* confdefs.h */
| #define PACKAGE_NAME "NFFT"
| #define PACKAGE_TARNAME "nfft"
| #define PACKAGE_VERSION "3.2.2"
| #define PACKAGE_STRING "NFFT 3.2.2"
| #define PACKAGE_BUGREPORT "bugs@nfft.org"
| #define PACKAGE_URL ""
| #define STDC_HEADERS 1
| #define HAVE_SYS_TYPES_H 1
| #define HAVE_SYS_STAT_H 1
| #define HAVE_STDLIB_H 1
| #define HAVE_STRING_H 1
| #define HAVE_MEMORY_H 1
| #define HAVE_STRINGS_H 1
| #define HAVE_INTTYPES_H 1
| #define HAVE_STDINT_H 1
| #define HAVE_UNISTD_H 1
| #define HAVE_DLFCN_H 1
| #define LT_OBJDIR ".libs/"
| #define PACKAGE "nfft"
| #define VERSION "3.2.2"
| #define KAISER_BESSEL 1
| #define restrict __restrict
| #define HAVE_LIBFFTW3 1
| #define HAVE_OPENMP 1
| #define MATLAB_ARGCHECKS 1
| #define HAVE_MATH_H 1
| #define HAVE_STDIO_H 1
| #define HAVE_STDLIB_H 1
| #define HAVE_TIME_H 1
| #define HAVE_SYS_TIME_H 1
| #define HAVE_COMPLEX_H 1
| #define HAVE_STRING_H 1
| #define HAVE_FLOAT_H 1
| #define HAVE_LIMITS_H 1
| #define HAVE_STDARG_H 1
| #define HAVE_STDDEF_H 1
| #define HAVE_SYS_TYPES_H 1
| #define HAVE_STDINT_H 1
| #define HAVE_INTTYPES_H 1
| #define HAVE_STDBOOL_H 1
| #define HAVE_MALLOC_H 1
| #define TIME_WITH_SYS_TIME 1
| #define HAVE_LONG_DOUBLE 1
| #define HAVE_UINTPTR_T 1
| #define SIZEOF_INT 4
| #define SIZEOF_UNSIGNED_INT 4
| #define SIZEOF_LONG 8
| #define SIZEOF_UNSIGNED_LONG 8
| #define SIZEOF_LONG_LONG 8
| #define SIZEOF_UNSIGNED_LONG_LONG 8
| #define SIZEOF_SIZE_T 8
| #define SIZEOF_PTRDIFF_T 8
| #define SIZEOF_FLOAT 4
| #define SIZEOF_DOUBLE 8
| #define SIZEOF_LONG_DOUBLE 16
| #define HAVE_ALLOCA_H 1
| #define HAVE_ALLOCA 1
| #define HAVE_VPRINTF 1
| #define HAVE_LIBM 1
| #define HAVE_MEMSET 1
| #define HAVE_POSIX_MEMALIGN 1
| #define HAVE_MEMALIGN 1
| #define HAVE_SYSCTL 1
| #define HAVE_ABORT 1
| #define HAVE_SNPRINTF 1
| #define HAVE_SLEEP 1
| #define HAVE_USLEEP 1
| #define HAVE_NANOSLEEP 1
| #define HAVE_DRAND48 1
| #define HAVE_SRAND48 1
| #define HAVE_DECL_MEMALIGN 0
| #define HAVE_DECL_POSIX_MEMALIGN 1
| #define HAVE_DECL_SLEEP 1
| #define HAVE_DECL_NANOSLEEP 1
| #define HAVE_DECL_DRAND48 1
| #define HAVE_DECL_SRAND48 1
| #define HAVE_COPYSIGN 1
| /* end confdefs.h.  */
| /* Define nextafter to an innocuous variant, in case <limits.h> declares nextafter.
|    For example, HP-UX 11i <limits.h> declares gettimeofday.  */
| #define nextafter innocuous_nextafter
| 
| /* System header to define __stub macros and hopefully few prototypes,
|     which can conflict with char nextafter (); below.
|     Prefer <limits.h> to <assert.h> if __STDC__ is defined, since
|     <limits.h> exists even on freestanding compilers.  */
| 
| #ifdef __STDC__
| # include <limits.h>
| #else
| # include <assert.h>
| #endif
| 
| #undef nextafter
| 
| /* Override any GCC internal prototype to avoid an error.
|    Use char because int might match the return type of a GCC
|    builtin and then its argument prototype would still apply.  */
| #ifdef __cplusplus
| extern "C"
| #endif
| char nextafter ();
| /* The GNU C library defines this for functions which it implements
|     to always fail with ENOSYS.  Some functions are actually named
|     something starting with __ and the normal name is an alias.  */
| #if defined __stub_nextafter || defined __stub___nextafter
| choke me
| #endif
| 
| int
| main ()
| {
| return nextafter ();
|   ;
|   return 0;
| }
configure:17858: result: no
configure:17858: checking for nan
configure:17858: gcc -o conftest -O3 -fomit-frame-pointer -malign-double -fstrict-aliasing -ffast-math -march=native -std=gnu99    conftest.c  >&5
conftest.c:103: warning: conflicting types for built-in function 'nan'
/tmp/ccFNL9hX.o: In function `main':
conftest.c:(.text+0x7): undefined reference to `nan'
collect2: ld returned 1 exit status
configure:17858: $? = 1
configure: failed program was:
| /* confdefs.h */
| #define PACKAGE_NAME "NFFT"
| #define PACKAGE_TARNAME "nfft"
| #define PACKAGE_VERSION "3.2.2"
| #define PACKAGE_STRING "NFFT 3.2.2"
| #define PACKAGE_BUGREPORT "bugs@nfft.org"
| #define PACKAGE_URL ""
| #define STDC_HEADERS 1
| #define HAVE_SYS_TYPES_H 1
| #define HAVE_SYS_STAT_H 1
| #define HAVE_STDLIB_H 1
| #define HAVE_STRING_H 1
| #define HAVE_MEMORY_H 1
| #define HAVE_STRINGS_H 1
| #define HAVE_INTTYPES_H 1
| #define HAVE_STDINT_H 1
| #define HAVE_UNISTD_H 1
| #define HAVE_DLFCN_H 1
| #define LT_OBJDIR ".libs/"
| #define PACKAGE "nfft"
| #define VERSION "3.2.2"
| #define KAISER_BESSEL 1
| #define restrict __restrict
| #define HAVE_LIBFFTW3 1
| #define HAVE_OPENMP 1
| #define MATLAB_ARGCHECKS 1
| #define HAVE_MATH_H 1
| #define HAVE_STDIO_H 1
| #define HAVE_STDLIB_H 1
| #define HAVE_TIME_H 1
| #define HAVE_SYS_TIME_H 1
| #define HAVE_COMPLEX_H 1
| #define HAVE_STRING_H 1
| #define HAVE_FLOAT_H 1
| #define HAVE_LIMITS_H 1
| #define HAVE_STDARG_H 1
| #define HAVE_STDDEF_H 1
| #define HAVE_SYS_TYPES_H 1
| #define HAVE_STDINT_H 1
| #define HAVE_INTTYPES_H 1
| #define HAVE_STDBOOL_H 1
| #define HAVE_MALLOC_H 1
| #define TIME_WITH_SYS_TIME 1
| #define HAVE_LONG_DOUBLE 1
| #define HAVE_UINTPTR_T 1
| #define SIZEOF_INT 4
| #define SIZEOF_UNSIGNED_INT 4
| #define SIZEOF_LONG 8
| #define SIZEOF_UNSIGNED_LONG 8
| #define SIZEOF_LONG_LONG 8
| #define SIZEOF_UNSIGNED_LONG_LONG 8
| #define SIZEOF_SIZE_T 8
| #define SIZEOF_PTRDIFF_T 8
| #define SIZEOF_FLOAT 4
| #define SIZEOF_DOUBLE 8
| #define SIZEOF_LONG_DOUBLE 16
| #define HAVE_ALLOCA_H 1
| #define HAVE_ALLOCA 1
| #define HAVE_VPRINTF 1
| #define HAVE_LIBM 1
| #define HAVE_MEMSET 1
| #define HAVE_POSIX_MEMALIGN 1
| #define HAVE_MEMALIGN 1
| #define HAVE_SYSCTL 1
| #define HAVE_ABORT 1
| #define HAVE_SNPRINTF 1
| #define HAVE_SLEEP 1
| #define HAVE_USLEEP 1
| #define HAVE_NANOSLEEP 1
| #define HAVE_DRAND48 1
| #define HAVE_SRAND48 1
| #define HAVE_DECL_MEMALIGN 0
| #define HAVE_DECL_POSIX_MEMALIGN 1
| #define HAVE_DECL_SLEEP 1
| #define HAVE_DECL_NANOSLEEP 1
| #define HAVE_DECL_DRAND48 1
| #define HAVE_DECL_SRAND48 1
| #define HAVE_COPYSIGN 1
| /* end confdefs.h.  */
| /* Define nan to an innocuous variant, in case <limits.h> declares nan.
|    For example, HP-UX 11i <limits.h> declares gettimeofday.  */
| #define nan innocuous_nan
| 
| /* System header to define __stub macros and hopefully few prototypes,
|     which can conflict with char nan (); below.
|     Prefer <limits.h> to <assert.h> if __STDC__ is defined, since
|     <limits.h> exists even on freestanding compilers.  */
| 
| #ifdef __STDC__
| # include <limits.h>
| #else
| # include <assert.h>
| #endif
| 
| #undef nan
| 
| /* Override any GCC internal prototype to avoid an error.
|    Use char because int might match the return type of a GCC
|    builtin and then its argument prototype would still apply.  */
| #ifdef __cplusplus
| extern "C"
| #endif
| char nan ();
| /* The GNU C library defines this for functions which it implements
|     to always fail with ENOSYS.  Some functions are actually named
|     something starting with __ and the normal name is an alias.  */
| #if defined __stub_nan || defined __stub___nan
| choke me
| #endif
| 
| int
| main ()
| {
| return nan ();
|   ;
|   return 0;
| }
configure:17858: result: no
configure:17858: checking for ceil
configure:17858: gcc -o conftest -O3 -fomit-frame-pointer -malign-double -fstrict-aliasing -ffast-math -march=native -std=gnu99    conftest.c  >&5
conftest.c:103: warning: conflicting types for built-in function 'ceil'
/tmp/cc7jbtd4.o: In function `main':
conftest.c:(.text+0x7): undefined reference to `ceil'
collect2: ld returned 1 exit status
configure:17858: $? = 1
configure: failed program was:
| /* confdefs.h */
| #define PACKAGE_NAME "NFFT"
| #define PACKAGE_TARNAME "nfft"
| #define PACKAGE_VERSION "3.2.2"
| #define PACKAGE_STRING "NFFT 3.2.2"
| #define PACKAGE_BUGREPORT "bugs@nfft.org"
| #define PACKAGE_URL ""
| #define STDC_HEADERS 1
| #define HAVE_SYS_TYPES_H 1
| #define HAVE_SYS_STAT_H 1
| #define HAVE_STDLIB_H 1
| #define HAVE_STRING_H 1
| #define HAVE_MEMORY_H 1
| #define HAVE_STRINGS_H 1
| #define HAVE_INTTYPES_H 1
| #define HAVE_STDINT_H 1
| #define HAVE_UNISTD_H 1
| #define HAVE_DLFCN_H 1
| #define LT_OBJDIR ".libs/"
| #define PACKAGE "nfft"
| #define VERSION "3.2.2"
| #define KAISER_BESSEL 1
| #define restrict __restrict
| #define HAVE_LIBFFTW3 1
| #define HAVE_OPENMP 1
| #define MATLAB_ARGCHECKS 1
| #define HAVE_MATH_H 1
| #define HAVE_STDIO_H 1
| #define HAVE_STDLIB_H 1
| #define HAVE_TIME_H 1
| #define HAVE_SYS_TIME_H 1
| #define HAVE_COMPLEX_H 1
| #define HAVE_STRING_H 1
| #define HAVE_FLOAT_H 1
| #define HAVE_LIMITS_H 1
| #define HAVE_STDARG_H 1
| #define HAVE_STDDEF_H 1
| #define HAVE_SYS_TYPES_H 1
| #define HAVE_STDINT_H 1
| #define HAVE_INTTYPES_H 1
| #define HAVE_STDBOOL_H 1
| #define HAVE_MALLOC_H 1
| #define TIME_WITH_SYS_TIME 1
| #define HAVE_LONG_DOUBLE 1
| #define HAVE_UINTPTR_T 1
| #define SIZEOF_INT 4
| #define SIZEOF_UNSIGNED_INT 4
| #define SIZEOF_LONG 8
| #define SIZEOF_UNSIGNED_LONG 8
| #define SIZEOF_LONG_LONG 8
| #define SIZEOF_UNSIGNED_LONG_LONG 8
| #define SIZEOF_SIZE_T 8
| #define SIZEOF_PTRDIFF_T 8
| #define SIZEOF_FLOAT 4
| #define SIZEOF_DOUBLE 8
| #define SIZEOF_LONG_DOUBLE 16
| #define HAVE_ALLOCA_H 1
| #define HAVE_ALLOCA 1
| #define HAVE_VPRINTF 1
| #define HAVE_LIBM 1
| #define HAVE_MEMSET 1
| #define HAVE_POSIX_MEMALIGN 1
| #define HAVE_MEMALIGN 1
| #define HAVE_SYSCTL 1
| #define HAVE_ABORT 1
| #define HAVE_SNPRINTF 1
| #define HAVE_SLEEP 1
| #define HAVE_USLEEP 1
| #define HAVE_NANOSLEEP 1
| #define HAVE_DRAND48 1
| #define HAVE_SRAND48 1
| #define HAVE_DECL_MEMALIGN 0
| #define HAVE_DECL_POSIX_MEMALIGN 1
| #define HAVE_DECL_SLEEP 1
| #define HAVE_DECL_NANOSLEEP 1
| #define HAVE_DECL_DRAND48 1
| #define HAVE_DECL_SRAND48 1
| #define HAVE_COPYSIGN 1
| /* end confdefs.h.  */
| /* Define ceil to an innocuous variant, in case <limits.h> declares ceil.
|    For example, HP-UX 11i <limits.h> declares gettimeofday.  */
| #define ceil innocuous_ceil
| 
| /* System header to define __stub macros and hopefully few prototypes,
|     which can conflict with char ceil (); below.
|     Prefer <limits.h> to <assert.h> if __STDC__ is defined, since
|     <limits.h> exists even on freestanding compilers.  */
| 
| #ifdef __STDC__
| # include <limits.h>
| #else
| # include <assert.h>
| #endif
| 
| #undef ceil
| 
| /* Override any GCC internal prototype to avoid an error.
|    Use char because int might match the return type of a GCC
|    builtin and then its argument prototype would still apply.  */
| #ifdef __cplusplus
| extern "C"
| #endif
| char ceil ();
| /* The GNU C library defines this for functions which it implements
|     to always fail with ENOSYS.  Some functions are actually named
|     something starting with __ and the normal name is an alias.  */
| #if defined __stub_ceil || defined __stub___ceil
| choke me
| #endif
| 
| int
| main ()
| {
| return ceil ();
|   ;
|   return 0;
| }
configure:17858: result: no
configure:17858: checking for floor
configure:17858: gcc -o conftest -O3 -fomit-frame-pointer -malign-double -fstrict-aliasing -ffast-math -march=native -std=gnu99    conftest.c  >&5
conftest.c:103: warning: conflicting types for built-in function 'floor'
/tmp/ccj0RHP5.o: In function `main':
conftest.c:(.text+0x7): undefined reference to `floor'
collect2: ld returned 1 exit status
configure:17858: $? = 1
configure: failed program was:
| /* confdefs.h */
| #define PACKAGE_NAME "NFFT"
| #define PACKAGE_TARNAME "nfft"
| #define PACKAGE_VERSION "3.2.2"
| #define PACKAGE_STRING "NFFT 3.2.2"
| #define PACKAGE_BUGREPORT "bugs@nfft.org"
| #define PACKAGE_URL ""
| #define STDC_HEADERS 1
| #define HAVE_SYS_TYPES_H 1
| #define HAVE_SYS_STAT_H 1
| #define HAVE_STDLIB_H 1
| #define HAVE_STRING_H 1
| #define HAVE_MEMORY_H 1
| #define HAVE_STRINGS_H 1
| #define HAVE_INTTYPES_H 1
| #define HAVE_STDINT_H 1
| #define HAVE_UNISTD_H 1
| #define HAVE_DLFCN_H 1
| #define LT_OBJDIR ".libs/"
| #define PACKAGE "nfft"
| #define VERSION "3.2.2"
| #define KAISER_BESSEL 1
| #define restrict __restrict
| #define HAVE_LIBFFTW3 1
| #define HAVE_OPENMP 1
| #define MATLAB_ARGCHECKS 1
| #define HAVE_MATH_H 1
| #define HAVE_STDIO_H 1
| #define HAVE_STDLIB_H 1
| #define HAVE_TIME_H 1
| #define HAVE_SYS_TIME_H 1
| #define HAVE_COMPLEX_H 1
| #define HAVE_STRING_H 1
| #define HAVE_FLOAT_H 1
| #define HAVE_LIMITS_H 1
| #define HAVE_STDARG_H 1
| #define HAVE_STDDEF_H 1
| #define HAVE_SYS_TYPES_H 1
| #define HAVE_STDINT_H 1
| #define HAVE_INTTYPES_H 1
| #define HAVE_STDBOOL_H 1
| #define HAVE_MALLOC_H 1
| #define TIME_WITH_SYS_TIME 1
| #define HAVE_LONG_DOUBLE 1
| #define HAVE_UINTPTR_T 1
| #define SIZEOF_INT 4
| #define SIZEOF_UNSIGNED_INT 4
| #define SIZEOF_LONG 8
| #define SIZEOF_UNSIGNED_LONG 8
| #define SIZEOF_LONG_LONG 8
| #define SIZEOF_UNSIGNED_LONG_LONG 8
| #define SIZEOF_SIZE_T 8
| #define SIZEOF_PTRDIFF_T 8
| #define SIZEOF_FLOAT 4
| #define SIZEOF_DOUBLE 8
| #define SIZEOF_LONG_DOUBLE 16
| #define HAVE_ALLOCA_H 1
| #define HAVE_ALLOCA 1
| #define HAVE_VPRINTF 1
| #define HAVE_LIBM 1
| #define HAVE_MEMSET 1
| #define HAVE_POSIX_MEMALIGN 1
| #define HAVE_MEMALIGN 1
| #define HAVE_SYSCTL 1
| #define HAVE_ABORT 1
| #define HAVE_SNPRINTF 1
| #define HAVE_SLEEP 1
| #define HAVE_USLEEP 1
| #define HAVE_NANOSLEEP 1
| #define HAVE_DRAND48 1
| #define HAVE_SRAND48 1
| #define HAVE_DECL_MEMALIGN 0
| #define HAVE_DECL_POSIX_MEMALIGN 1
| #define HAVE_DECL_SLEEP 1
| #define HAVE_DECL_NANOSLEEP 1
| #define HAVE_DECL_DRAND48 1
| #define HAVE_DECL_SRAND48 1
| #define HAVE_COPYSIGN 1
| /* end confdefs.h.  */
| /* Define floor to an innocuous variant, in case <limits.h> declares floor.
|    For example, HP-UX 11i <limits.h> declares gettimeofday.  */
| #define floor innocuous_floor
| 
| /* System header to define __stub macros and hopefully few prototypes,
|     which can conflict with char floor (); below.
|     Prefer <limits.h> to <assert.h> if __STDC__ is defined, since
|     <limits.h> exists even on freestanding compilers.  */
| 
| #ifdef __STDC__
| # include <limits.h>
| #else
| # include <assert.h>
| #endif
| 
| #undef floor
| 
| /* Override any GCC internal prototype to avoid an error.
|    Use char because int might match the return type of a GCC
|    builtin and then its argument prototype would still apply.  */
| #ifdef __cplusplus
| extern "C"
| #endif
| char floor ();
| /* The GNU C library defines this for functions which it implements
|     to always fail with ENOSYS.  Some functions are actually named
|     something starting with __ and the normal name is an alias.  */
| #if defined __stub_floor || defined __stub___floor
| choke me
| #endif
| 
| int
| main ()
| {
| return floor ();
|   ;
|   return 0;
| }
configure:17858: result: no
configure:17858: checking for nearbyint
configure:17858: gcc -o conftest -O3 -fomit-frame-pointer -malign-double -fstrict-aliasing -ffast-math -march=native -std=gnu99    conftest.c  >&5
conftest.c:103: warning: conflicting types for built-in function 'nearbyint'
/tmp/ccj6Kc2b.o: In function `main':
conftest.c:(.text+0x7): undefined reference to `nearbyint'
collect2: ld returned 1 exit status
configure:17858: $? = 1
configure: failed program was:
| /* confdefs.h */
| #define PACKAGE_NAME "NFFT"
| #define PACKAGE_TARNAME "nfft"
| #define PACKAGE_VERSION "3.2.2"
| #define PACKAGE_STRING "NFFT 3.2.2"
| #define PACKAGE_BUGREPORT "bugs@nfft.org"
| #define PACKAGE_URL ""
| #define STDC_HEADERS 1
| #define HAVE_SYS_TYPES_H 1
| #define HAVE_SYS_STAT_H 1
| #define HAVE_STDLIB_H 1
| #define HAVE_STRING_H 1
| #define HAVE_MEMORY_H 1
| #define HAVE_STRINGS_H 1
| #define HAVE_INTTYPES_H 1
| #define HAVE_STDINT_H 1
| #define HAVE_UNISTD_H 1
| #define HAVE_DLFCN_H 1
| #define LT_OBJDIR ".libs/"
| #define PACKAGE "nfft"
| #define VERSION "3.2.2"
| #define KAISER_BESSEL 1
| #define restrict __restrict
| #define HAVE_LIBFFTW3 1
| #define HAVE_OPENMP 1
| #define MATLAB_ARGCHECKS 1
| #define HAVE_MATH_H 1
| #define HAVE_STDIO_H 1
| #define HAVE_STDLIB_H 1
| #define HAVE_TIME_H 1
| #define HAVE_SYS_TIME_H 1
| #define HAVE_COMPLEX_H 1
| #define HAVE_STRING_H 1
| #define HAVE_FLOAT_H 1
| #define HAVE_LIMITS_H 1
| #define HAVE_STDARG_H 1
| #define HAVE_STDDEF_H 1
| #define HAVE_SYS_TYPES_H 1
| #define HAVE_STDINT_H 1
| #define HAVE_INTTYPES_H 1
| #define HAVE_STDBOOL_H 1
| #define HAVE_MALLOC_H 1
| #define TIME_WITH_SYS_TIME 1
| #define HAVE_LONG_DOUBLE 1
| #define HAVE_UINTPTR_T 1
| #define SIZEOF_INT 4
| #define SIZEOF_UNSIGNED_INT 4
| #define SIZEOF_LONG 8
| #define SIZEOF_UNSIGNED_LONG 8
| #define SIZEOF_LONG_LONG 8
| #define SIZEOF_UNSIGNED_LONG_LONG 8
| #define SIZEOF_SIZE_T 8
| #define SIZEOF_PTRDIFF_T 8
| #define SIZEOF_FLOAT 4
| #define SIZEOF_DOUBLE 8
| #define SIZEOF_LONG_DOUBLE 16
| #define HAVE_ALLOCA_H 1
| #define HAVE_ALLOCA 1
| #define HAVE_VPRINTF 1
| #define HAVE_LIBM 1
| #define HAVE_MEMSET 1
| #define HAVE_POSIX_MEMALIGN 1
| #define HAVE_MEMALIGN 1
| #define HAVE_SYSCTL 1
| #define HAVE_ABORT 1
| #define HAVE_SNPRINTF 1
| #define HAVE_SLEEP 1
| #define HAVE_USLEEP 1
| #define HAVE_NANOSLEEP 1
| #define HAVE_DRAND48 1
| #define HAVE_SRAND48 1
| #define HAVE_DECL_MEMALIGN 0
| #define HAVE_DECL_POSIX_MEMALIGN 1
| #define HAVE_DECL_SLEEP 1
| #define HAVE_DECL_NANOSLEEP 1
| #define HAVE_DECL_DRAND48 1
| #define HAVE_DECL_SRAND48 1
| #define HAVE_COPYSIGN 1
| /* end confdefs.h.  */
| /* Define nearbyint to an innocuous variant, in case <limits.h> declares nearbyint.
|    For example, HP-UX 11i <limits.h> declares gettimeofday.  */
| #define nearbyint innocuous_nearbyint
| 
| /* System header to define __stub macros and hopefully few prototypes,
|     which can conflict with char nearbyint (); below.
|     Prefer <limits.h> to <assert.h> if __STDC__ is defined, since
|     <limits.h> exists even on freestanding compilers.  */
| 
| #ifdef __STDC__
| # include <limits.h>
| #else
| # include <assert.h>
| #endif
| 
| #undef nearbyint
| 
| /* Override any GCC internal prototype to avoid an error.
|    Use char because int might match the return type of a GCC
|    builtin and then its argument prototype would still apply.  */
| #ifdef __cplusplus
| extern "C"
| #endif
| char nearbyint ();
| /* The GNU C library defines this for functions which it implements
|     to always fail with ENOSYS.  Some functions are actually named
|     something starting with __ and the normal name is an alias.  */
| #if defined __stub_nearbyint || defined __stub___nearbyint
| choke me
| #endif
| 
| int
| main ()
| {
| return nearbyint ();
|   ;
|   return 0;
| }
configure:17858: result: no
configure:17858: checking for rint
configure:17858: gcc -o conftest -O3 -fomit-frame-pointer -malign-double -fstrict-aliasing -ffast-math -march=native -std=gnu99    conftest.c  >&5
conftest.c:103: warning: conflicting types for built-in function 'rint'
/tmp/ccN9oe5c.o: In function `main':
conftest.c:(.text+0x7): undefined reference to `rint'
collect2: ld returned 1 exit status
configure:17858: $? = 1
configure: failed program was:
| /* confdefs.h */
| #define PACKAGE_NAME "NFFT"
| #define PACKAGE_TARNAME "nfft"
| #define PACKAGE_VERSION "3.2.2"
| #define PACKAGE_STRING "NFFT 3.2.2"
| #define PACKAGE_BUGREPORT "bugs@nfft.org"
| #define PACKAGE_URL ""
| #define STDC_HEADERS 1
| #define HAVE_SYS_TYPES_H 1
| #define HAVE_SYS_STAT_H 1
| #define HAVE_STDLIB_H 1
| #define HAVE_STRING_H 1
| #define HAVE_MEMORY_H 1
| #define HAVE_STRINGS_H 1
| #define HAVE_INTTYPES_H 1
| #define HAVE_STDINT_H 1
| #define HAVE_UNISTD_H 1
| #define HAVE_DLFCN_H 1
| #define LT_OBJDIR ".libs/"
| #define PACKAGE "nfft"
| #define VERSION "3.2.2"
| #define KAISER_BESSEL 1
| #define restrict __restrict
| #define HAVE_LIBFFTW3 1
| #define HAVE_OPENMP 1
| #define MATLAB_ARGCHECKS 1
| #define HAVE_MATH_H 1
| #define HAVE_STDIO_H 1
| #define HAVE_STDLIB_H 1
| #define HAVE_TIME_H 1
| #define HAVE_SYS_TIME_H 1
| #define HAVE_COMPLEX_H 1
| #define HAVE_STRING_H 1
| #define HAVE_FLOAT_H 1
| #define HAVE_LIMITS_H 1
| #define HAVE_STDARG_H 1
| #define HAVE_STDDEF_H 1
| #define HAVE_SYS_TYPES_H 1
| #define HAVE_STDINT_H 1
| #define HAVE_INTTYPES_H 1
| #define HAVE_STDBOOL_H 1
| #define HAVE_MALLOC_H 1
| #define TIME_WITH_SYS_TIME 1
| #define HAVE_LONG_DOUBLE 1
| #define HAVE_UINTPTR_T 1
| #define SIZEOF_INT 4
| #define SIZEOF_UNSIGNED_INT 4
| #define SIZEOF_LONG 8
| #define SIZEOF_UNSIGNED_LONG 8
| #define SIZEOF_LONG_LONG 8
| #define SIZEOF_UNSIGNED_LONG_LONG 8
| #define SIZEOF_SIZE_T 8
| #define SIZEOF_PTRDIFF_T 8
| #define SIZEOF_FLOAT 4
| #define SIZEOF_DOUBLE 8
| #define SIZEOF_LONG_DOUBLE 16
| #define HAVE_ALLOCA_H 1
| #define HAVE_ALLOCA 1
| #define HAVE_VPRINTF 1
| #define HAVE_LIBM 1
| #define HAVE_MEMSET 1
| #define HAVE_POSIX_MEMALIGN 1
| #define HAVE_MEMALIGN 1
| #define HAVE_SYSCTL 1
| #define HAVE_ABORT 1
| #define HAVE_SNPRINTF 1
| #define HAVE_SLEEP 1
| #define HAVE_USLEEP 1
| #define HAVE_NANOSLEEP 1
| #define HAVE_DRAND48 1
| #define HAVE_SRAND48 1
| #define HAVE_DECL_MEMALIGN 0
| #define HAVE_DECL_POSIX_MEMALIGN 1
| #define HAVE_DECL_SLEEP 1
| #define HAVE_DECL_NANOSLEEP 1
| #define HAVE_DECL_DRAND48 1
| #define HAVE_DECL_SRAND48 1
| #define HAVE_COPYSIGN 1
| /* end confdefs.h.  */
| /* Define rint to an innocuous variant, in case <limits.h> declares rint.
|    For example, HP-UX 11i <limits.h> declares gettimeofday.  */
| #define rint innocuous_rint
| 
| /* System header to define __stub macros and hopefully few prototypes,
|     which can conflict with char rint (); below.
|     Prefer <limits.h> to <assert.h> if __STDC__ is defined, since
|     <limits.h> exists even on freestanding compilers.  */
| 
| #ifdef __STDC__
| # include <limits.h>
| #else
| # include <assert.h>
| #endif
| 
| #undef rint
| 
| /* Override any GCC internal prototype to avoid an error.
|    Use char because int might match the return type of a GCC
|    builtin and then its argument prototype would still apply.  */
| #ifdef __cplusplus
| extern "C"
| #endif
| char rint ();
| /* The GNU C library defines this for functions which it implements
|     to always fail with ENOSYS.  Some functions are actually named
|     something starting with __ and the normal name is an alias.  */
| #if defined __stub_rint || defined __stub___rint
| choke me
| #endif
| 
| int
| main ()
| {
| return rint ();
|   ;
|   return 0;
| }
configure:17858: result: no
configure:17858: checking for round
configure:17858: gcc -o conftest -O3 -fomit-frame-pointer -malign-double -fstrict-aliasing -ffast-math -march=native -std=gnu99    conftest.c  >&5
conftest.c:103: warning: conflicting types for built-in function 'round'
/tmp/ccqz28Wh.o: In function `main':
conftest.c:(.text+0x7): undefined reference to `round'
collect2: ld returned 1 exit status
configure:17858: $? = 1
configure: failed program was:
| /* confdefs.h */
| #define PACKAGE_NAME "NFFT"
| #define PACKAGE_TARNAME "nfft"
| #define PACKAGE_VERSION "3.2.2"
| #define PACKAGE_STRING "NFFT 3.2.2"
| #define PACKAGE_BUGREPORT "bugs@nfft.org"
| #define PACKAGE_URL ""
| #define STDC_HEADERS 1
| #define HAVE_SYS_TYPES_H 1
| #define HAVE_SYS_STAT_H 1
| #define HAVE_STDLIB_H 1
| #define HAVE_STRING_H 1
| #define HAVE_MEMORY_H 1
| #define HAVE_STRINGS_H 1
| #define HAVE_INTTYPES_H 1
| #define HAVE_STDINT_H 1
| #define HAVE_UNISTD_H 1
| #define HAVE_DLFCN_H 1
| #define LT_OBJDIR ".libs/"
| #define PACKAGE "nfft"
| #define VERSION "3.2.2"
| #define KAISER_BESSEL 1
| #define restrict __restrict
| #define HAVE_LIBFFTW3 1
| #define HAVE_OPENMP 1
| #define MATLAB_ARGCHECKS 1
| #define HAVE_MATH_H 1
| #define HAVE_STDIO_H 1
| #define HAVE_STDLIB_H 1
| #define HAVE_TIME_H 1
| #define HAVE_SYS_TIME_H 1
| #define HAVE_COMPLEX_H 1
| #define HAVE_STRING_H 1
| #define HAVE_FLOAT_H 1
| #define HAVE_LIMITS_H 1
| #define HAVE_STDARG_H 1
| #define HAVE_STDDEF_H 1
| #define HAVE_SYS_TYPES_H 1
| #define HAVE_STDINT_H 1
| #define HAVE_INTTYPES_H 1
| #define HAVE_STDBOOL_H 1
| #define HAVE_MALLOC_H 1
| #define TIME_WITH_SYS_TIME 1
| #define HAVE_LONG_DOUBLE 1
| #define HAVE_UINTPTR_T 1
| #define SIZEOF_INT 4
| #define SIZEOF_UNSIGNED_INT 4
| #define SIZEOF_LONG 8
| #define SIZEOF_UNSIGNED_LONG 8
| #define SIZEOF_LONG_LONG 8
| #define SIZEOF_UNSIGNED_LONG_LONG 8
| #define SIZEOF_SIZE_T 8
| #define SIZEOF_PTRDIFF_T 8
| #define SIZEOF_FLOAT 4
| #define SIZEOF_DOUBLE 8
| #define SIZEOF_LONG_DOUBLE 16
| #define HAVE_ALLOCA_H 1
| #define HAVE_ALLOCA 1
| #define HAVE_VPRINTF 1
| #define HAVE_LIBM 1
| #define HAVE_MEMSET 1
| #define HAVE_POSIX_MEMALIGN 1
| #define HAVE_MEMALIGN 1
| #define HAVE_SYSCTL 1
| #define HAVE_ABORT 1
| #define HAVE_SNPRINTF 1
| #define HAVE_SLEEP 1
| #define HAVE_USLEEP 1
| #define HAVE_NANOSLEEP 1
| #define HAVE_DRAND48 1
| #define HAVE_SRAND48 1
| #define HAVE_DECL_MEMALIGN 0
| #define HAVE_DECL_POSIX_MEMALIGN 1
| #define HAVE_DECL_SLEEP 1
| #define HAVE_DECL_NANOSLEEP 1
| #define HAVE_DECL_DRAND48 1
| #define HAVE_DECL_SRAND48 1
| #define HAVE_COPYSIGN 1
| /* end confdefs.h.  */
| /* Define round to an innocuous variant, in case <limits.h> declares round.
|    For example, HP-UX 11i <limits.h> declares gettimeofday.  */
| #define round innocuous_round
| 
| /* System header to define __stub macros and hopefully few prototypes,
|     which can conflict with char round (); below.
|     Prefer <limits.h> to <assert.h> if __STDC__ is defined, since
|     <limits.h> exists even on freestanding compilers.  */
| 
| #ifdef __STDC__
| # include <limits.h>
| #else
| # include <assert.h>
| #endif
| 
| #undef round
| 
| /* Override any GCC internal prototype to avoid an error.
|    Use char because int might match the return type of a GCC
|    builtin and then its argument prototype would still apply.  */
| #ifdef __cplusplus
| extern "C"
| #endif
| char round ();
| /* The GNU C library defines this for functions which it implements
|     to always fail with ENOSYS.  Some functions are actually named
|     something starting with __ and the normal name is an alias.  */
| #if defined __stub_round || defined __stub___round
| choke me
| #endif
| 
| int
| main ()
| {
| return round ();
|   ;
|   return 0;
| }
configure:17858: result: no
configure:17858: checking for lrint
configure:17858: gcc -o conftest -O3 -fomit-frame-pointer -malign-double -fstrict-aliasing -ffast-math -march=native -std=gnu99    conftest.c  >&5
conftest.c:103: warning: conflicting types for built-in function 'lrint'
/tmp/ccv0ocVk.o: In function `main':
conftest.c:(.text+0x7): undefined reference to `lrint'
collect2: ld returned 1 exit status
configure:17858: $? = 1
configure: failed program was:
| /* confdefs.h */
| #define PACKAGE_NAME "NFFT"
| #define PACKAGE_TARNAME "nfft"
| #define PACKAGE_VERSION "3.2.2"
| #define PACKAGE_STRING "NFFT 3.2.2"
| #define PACKAGE_BUGREPORT "bugs@nfft.org"
| #define PACKAGE_URL ""
| #define STDC_HEADERS 1
| #define HAVE_SYS_TYPES_H 1
| #define HAVE_SYS_STAT_H 1
| #define HAVE_STDLIB_H 1
| #define HAVE_STRING_H 1
| #define HAVE_MEMORY_H 1
| #define HAVE_STRINGS_H 1
| #define HAVE_INTTYPES_H 1
| #define HAVE_STDINT_H 1
| #define HAVE_UNISTD_H 1
| #define HAVE_DLFCN_H 1
| #define LT_OBJDIR ".libs/"
| #define PACKAGE "nfft"
| #define VERSION "3.2.2"
| #define KAISER_BESSEL 1
| #define restrict __restrict
| #define HAVE_LIBFFTW3 1
| #define HAVE_OPENMP 1
| #define MATLAB_ARGCHECKS 1
| #define HAVE_MATH_H 1
| #define HAVE_STDIO_H 1
| #define HAVE_STDLIB_H 1
| #define HAVE_TIME_H 1
| #define HAVE_SYS_TIME_H 1
| #define HAVE_COMPLEX_H 1
| #define HAVE_STRING_H 1
| #define HAVE_FLOAT_H 1
| #define HAVE_LIMITS_H 1
| #define HAVE_STDARG_H 1
| #define HAVE_STDDEF_H 1
| #define HAVE_SYS_TYPES_H 1
| #define HAVE_STDINT_H 1
| #define HAVE_INTTYPES_H 1
| #define HAVE_STDBOOL_H 1
| #define HAVE_MALLOC_H 1
| #define TIME_WITH_SYS_TIME 1
| #define HAVE_LONG_DOUBLE 1
| #define HAVE_UINTPTR_T 1
| #define SIZEOF_INT 4
| #define SIZEOF_UNSIGNED_INT 4
| #define SIZEOF_LONG 8
| #define SIZEOF_UNSIGNED_LONG 8
| #define SIZEOF_LONG_LONG 8
| #define SIZEOF_UNSIGNED_LONG_LONG 8
| #define SIZEOF_SIZE_T 8
| #define SIZEOF_PTRDIFF_T 8
| #define SIZEOF_FLOAT 4
| #define SIZEOF_DOUBLE 8
| #define SIZEOF_LONG_DOUBLE 16
| #define HAVE_ALLOCA_H 1
| #define HAVE_ALLOCA 1
| #define HAVE_VPRINTF 1
| #define HAVE_LIBM 1
| #define HAVE_MEMSET 1
| #define HAVE_POSIX_MEMALIGN 1
| #define HAVE_MEMALIGN 1
| #define HAVE_SYSCTL 1
| #define HAVE_ABORT 1
| #define HAVE_SNPRINTF 1
| #define HAVE_SLEEP 1
| #define HAVE_USLEEP 1
| #define HAVE_NANOSLEEP 1
| #define HAVE_DRAND48 1
| #define HAVE_SRAND48 1
| #define HAVE_DECL_MEMALIGN 0
| #define HAVE_DECL_POSIX_MEMALIGN 1
| #define HAVE_DECL_SLEEP 1
| #define HAVE_DECL_NANOSLEEP 1
| #define HAVE_DECL_DRAND48 1
| #define HAVE_DECL_SRAND48 1
| #define HAVE_COPYSIGN 1
| /* end confdefs.h.  */
| /* Define lrint to an innocuous variant, in case <limits.h> declares lrint.
|    For example, HP-UX 11i <limits.h> declares gettimeofday.  */
| #define lrint innocuous_lrint
| 
| /* System header to define __stub macros and hopefully few prototypes,
|     which can conflict with char lrint (); below.
|     Prefer <limits.h> to <assert.h> if __STDC__ is defined, since
|     <limits.h> exists even on freestanding compilers.  */
| 
| #ifdef __STDC__
| # include <limits.h>
| #else
| # include <assert.h>
| #endif
| 
| #undef lrint
| 
| /* Override any GCC internal prototype to avoid an error.
|    Use char because int might match the return type of a GCC
|    builtin and then its argument prototype would still apply.  */
| #ifdef __cplusplus
| extern "C"
| #endif
| char lrint ();
| /* The GNU C library defines this for functions which it implements
|     to always fail with ENOSYS.  Some functions are actually named
|     something starting with __ and the normal name is an alias.  */
| #if defined __stub_lrint || defined __stub___lrint
| choke me
| #endif
| 
| int
| main ()
| {
| return lrint ();
|   ;
|   return 0;
| }
configure:17858: result: no
configure:17858: checking for lround
configure:17858: gcc -o conftest -O3 -fomit-frame-pointer -malign-double -fstrict-aliasing -ffast-math -march=native -std=gnu99    conftest.c  >&5
conftest.c:103: warning: conflicting types for built-in function 'lround'
/tmp/ccfd4xxp.o: In function `main':
conftest.c:(.text+0x7): undefined reference to `lround'
collect2: ld returned 1 exit status
configure:17858: $? = 1
configure: failed program was:
| /* confdefs.h */
| #define PACKAGE_NAME "NFFT"
| #define PACKAGE_TARNAME "nfft"
| #define PACKAGE_VERSION "3.2.2"
| #define PACKAGE_STRING "NFFT 3.2.2"
| #define PACKAGE_BUGREPORT "bugs@nfft.org"
| #define PACKAGE_URL ""
| #define STDC_HEADERS 1
| #define HAVE_SYS_TYPES_H 1
| #define HAVE_SYS_STAT_H 1
| #define HAVE_STDLIB_H 1
| #define HAVE_STRING_H 1
| #define HAVE_MEMORY_H 1
| #define HAVE_STRINGS_H 1
| #define HAVE_INTTYPES_H 1
| #define HAVE_STDINT_H 1
| #define HAVE_UNISTD_H 1
| #define HAVE_DLFCN_H 1
| #define LT_OBJDIR ".libs/"
| #define PACKAGE "nfft"
| #define VERSION "3.2.2"
| #define KAISER_BESSEL 1
| #define restrict __restrict
| #define HAVE_LIBFFTW3 1
| #define HAVE_OPENMP 1
| #define MATLAB_ARGCHECKS 1
| #define HAVE_MATH_H 1
| #define HAVE_STDIO_H 1
| #define HAVE_STDLIB_H 1
| #define HAVE_TIME_H 1
| #define HAVE_SYS_TIME_H 1
| #define HAVE_COMPLEX_H 1
| #define HAVE_STRING_H 1
| #define HAVE_FLOAT_H 1
| #define HAVE_LIMITS_H 1
| #define HAVE_STDARG_H 1
| #define HAVE_STDDEF_H 1
| #define HAVE_SYS_TYPES_H 1
| #define HAVE_STDINT_H 1
| #define HAVE_INTTYPES_H 1
| #define HAVE_STDBOOL_H 1
| #define HAVE_MALLOC_H 1
| #define TIME_WITH_SYS_TIME 1
| #define HAVE_LONG_DOUBLE 1
| #define HAVE_UINTPTR_T 1
| #define SIZEOF_INT 4
| #define SIZEOF_UNSIGNED_INT 4
| #define SIZEOF_LONG 8
| #define SIZEOF_UNSIGNED_LONG 8
| #define SIZEOF_LONG_LONG 8
| #define SIZEOF_UNSIGNED_LONG_LONG 8
| #define SIZEOF_SIZE_T 8
| #define SIZEOF_PTRDIFF_T 8
| #define SIZEOF_FLOAT 4
| #define SIZEOF_DOUBLE 8
| #define SIZEOF_LONG_DOUBLE 16
| #define HAVE_ALLOCA_H 1
| #define HAVE_ALLOCA 1
| #define HAVE_VPRINTF 1
| #define HAVE_LIBM 1
| #define HAVE_MEMSET 1
| #define HAVE_POSIX_MEMALIGN 1
| #define HAVE_MEMALIGN 1
| #define HAVE_SYSCTL 1
| #define HAVE_ABORT 1
| #define HAVE_SNPRINTF 1
| #define HAVE_SLEEP 1
| #define HAVE_USLEEP 1
| #define HAVE_NANOSLEEP 1
| #define HAVE_DRAND48 1
| #define HAVE_SRAND48 1
| #define HAVE_DECL_MEMALIGN 0
| #define HAVE_DECL_POSIX_MEMALIGN 1
| #define HAVE_DECL_SLEEP 1
| #define HAVE_DECL_NANOSLEEP 1
| #define HAVE_DECL_DRAND48 1
| #define HAVE_DECL_SRAND48 1
| #define HAVE_COPYSIGN 1
| /* end confdefs.h.  */
| /* Define lround to an innocuous variant, in case <limits.h> declares lround.
|    For example, HP-UX 11i <limits.h> declares gettimeofday.  */
| #define lround innocuous_lround
| 
| /* System header to define __stub macros and hopefully few prototypes,
|     which can conflict with char lround (); below.
|     Prefer <limits.h> to <assert.h> if __STDC__ is defined, since
|     <limits.h> exists even on freestanding compilers.  */
| 
| #ifdef __STDC__
| # include <limits.h>
| #else
| # include <assert.h>
| #endif
| 
| #undef lround
| 
| /* Override any GCC internal prototype to avoid an error.
|    Use char because int might match the return type of a GCC
|    builtin and then its argument prototype would still apply.  */
| #ifdef __cplusplus
| extern "C"
| #endif
| char lround ();
| /* The GNU C library defines this for functions which it implements
|     to always fail with ENOSYS.  Some functions are actually named
|     something starting with __ and the normal name is an alias.  */
| #if defined __stub_lround || defined __stub___lround
| choke me
| #endif
| 
| int
| main ()
| {
| return lround ();
|   ;
|   return 0;
| }
configure:17858: result: no
configure:17858: checking for llrint
configure:17858: gcc -o conftest -O3 -fomit-frame-pointer -malign-double -fstrict-aliasing -ffast-math -march=native -std=gnu99    conftest.c  >&5
conftest.c:103: warning: conflicting types for built-in function 'llrint'
/tmp/cclIzjhw.o: In function `main':
conftest.c:(.text+0x7): undefined reference to `llrint'
collect2: ld returned 1 exit status
configure:17858: $? = 1
configure: failed program was:
| /* confdefs.h */
| #define PACKAGE_NAME "NFFT"
| #define PACKAGE_TARNAME "nfft"
| #define PACKAGE_VERSION "3.2.2"
| #define PACKAGE_STRING "NFFT 3.2.2"
| #define PACKAGE_BUGREPORT "bugs@nfft.org"
| #define PACKAGE_URL ""
| #define STDC_HEADERS 1
| #define HAVE_SYS_TYPES_H 1
| #define HAVE_SYS_STAT_H 1
| #define HAVE_STDLIB_H 1
| #define HAVE_STRING_H 1
| #define HAVE_MEMORY_H 1
| #define HAVE_STRINGS_H 1
| #define HAVE_INTTYPES_H 1
| #define HAVE_STDINT_H 1
| #define HAVE_UNISTD_H 1
| #define HAVE_DLFCN_H 1
| #define LT_OBJDIR ".libs/"
| #define PACKAGE "nfft"
| #define VERSION "3.2.2"
| #define KAISER_BESSEL 1
| #define restrict __restrict
| #define HAVE_LIBFFTW3 1
| #define HAVE_OPENMP 1
| #define MATLAB_ARGCHECKS 1
| #define HAVE_MATH_H 1
| #define HAVE_STDIO_H 1
| #define HAVE_STDLIB_H 1
| #define HAVE_TIME_H 1
| #define HAVE_SYS_TIME_H 1
| #define HAVE_COMPLEX_H 1
| #define HAVE_STRING_H 1
| #define HAVE_FLOAT_H 1
| #define HAVE_LIMITS_H 1
| #define HAVE_STDARG_H 1
| #define HAVE_STDDEF_H 1
| #define HAVE_SYS_TYPES_H 1
| #define HAVE_STDINT_H 1
| #define HAVE_INTTYPES_H 1
| #define HAVE_STDBOOL_H 1
| #define HAVE_MALLOC_H 1
| #define TIME_WITH_SYS_TIME 1
| #define HAVE_LONG_DOUBLE 1
| #define HAVE_UINTPTR_T 1
| #define SIZEOF_INT 4
| #define SIZEOF_UNSIGNED_INT 4
| #define SIZEOF_LONG 8
| #define SIZEOF_UNSIGNED_LONG 8
| #define SIZEOF_LONG_LONG 8
| #define SIZEOF_UNSIGNED_LONG_LONG 8
| #define SIZEOF_SIZE_T 8
| #define SIZEOF_PTRDIFF_T 8
| #define SIZEOF_FLOAT 4
| #define SIZEOF_DOUBLE 8
| #define SIZEOF_LONG_DOUBLE 16
| #define HAVE_ALLOCA_H 1
| #define HAVE_ALLOCA 1
| #define HAVE_VPRINTF 1
| #define HAVE_LIBM 1
| #define HAVE_MEMSET 1
| #define HAVE_POSIX_MEMALIGN 1
| #define HAVE_MEMALIGN 1
| #define HAVE_SYSCTL 1
| #define HAVE_ABORT 1
| #define HAVE_SNPRINTF 1
| #define HAVE_SLEEP 1
| #define HAVE_USLEEP 1
| #define HAVE_NANOSLEEP 1
| #define HAVE_DRAND48 1
| #define HAVE_SRAND48 1
| #define HAVE_DECL_MEMALIGN 0
| #define HAVE_DECL_POSIX_MEMALIGN 1
| #define HAVE_DECL_SLEEP 1
| #define HAVE_DECL_NANOSLEEP 1
| #define HAVE_DECL_DRAND48 1
| #define HAVE_DECL_SRAND48 1
| #define HAVE_COPYSIGN 1
| /* end confdefs.h.  */
| /* Define llrint to an innocuous variant, in case <limits.h> declares llrint.
|    For example, HP-UX 11i <limits.h> declares gettimeofday.  */
| #define llrint innocuous_llrint
| 
| /* System header to define __stub macros and hopefully few prototypes,
|     which can conflict with char llrint (); below.
|     Prefer <limits.h> to <assert.h> if __STDC__ is defined, since
|     <limits.h> exists even on freestanding compilers.  */
| 
| #ifdef __STDC__
| # include <limits.h>
| #else
| # include <assert.h>
| #endif
| 
| #undef llrint
| 
| /* Override any GCC internal prototype to avoid an error.
|    Use char because int might match the return type of a GCC
|    builtin and then its argument prototype would still apply.  */
| #ifdef __cplusplus
| extern "C"
| #endif
| char llrint ();
| /* The GNU C library defines this for functions which it implements
|     to always fail with ENOSYS.  Some functions are actually named
|     something starting with __ and the normal name is an alias.  */
| #if defined __stub_llrint || defined __stub___llrint
| choke me
| #endif
| 
| int
| main ()
| {
| return llrint ();
|   ;
|   return 0;
| }
configure:17858: result: no
configure:17858: checking for llround
configure:17858: gcc -o conftest -O3 -fomit-frame-pointer -malign-double -fstrict-aliasing -ffast-math -march=native -std=gnu99    conftest.c  >&5
conftest.c:103: warning: conflicting types for built-in function 'llround'
/tmp/ccLKNIDA.o: In function `main':
conftest.c:(.text+0x7): undefined reference to `llround'
collect2: ld returned 1 exit status
configure:17858: $? = 1
configure: failed program was:
| /* confdefs.h */
| #define PACKAGE_NAME "NFFT"
| #define PACKAGE_TARNAME "nfft"
| #define PACKAGE_VERSION "3.2.2"
| #define PACKAGE_STRING "NFFT 3.2.2"
| #define PACKAGE_BUGREPORT "bugs@nfft.org"
| #define PACKAGE_URL ""
| #define STDC_HEADERS 1
| #define HAVE_SYS_TYPES_H 1
| #define HAVE_SYS_STAT_H 1
| #define HAVE_STDLIB_H 1
| #define HAVE_STRING_H 1
| #define HAVE_MEMORY_H 1
| #define HAVE_STRINGS_H 1
| #define HAVE_INTTYPES_H 1
| #define HAVE_STDINT_H 1
| #define HAVE_UNISTD_H 1
| #define HAVE_DLFCN_H 1
| #define LT_OBJDIR ".libs/"
| #define PACKAGE "nfft"
| #define VERSION "3.2.2"
| #define KAISER_BESSEL 1
| #define restrict __restrict
| #define HAVE_LIBFFTW3 1
| #define HAVE_OPENMP 1
| #define MATLAB_ARGCHECKS 1
| #define HAVE_MATH_H 1
| #define HAVE_STDIO_H 1
| #define HAVE_STDLIB_H 1
| #define HAVE_TIME_H 1
| #define HAVE_SYS_TIME_H 1
| #define HAVE_COMPLEX_H 1
| #define HAVE_STRING_H 1
| #define HAVE_FLOAT_H 1
| #define HAVE_LIMITS_H 1
| #define HAVE_STDARG_H 1
| #define HAVE_STDDEF_H 1
| #define HAVE_SYS_TYPES_H 1
| #define HAVE_STDINT_H 1
| #define HAVE_INTTYPES_H 1
| #define HAVE_STDBOOL_H 1
| #define HAVE_MALLOC_H 1
| #define TIME_WITH_SYS_TIME 1
| #define HAVE_LONG_DOUBLE 1
| #define HAVE_UINTPTR_T 1
| #define SIZEOF_INT 4
| #define SIZEOF_UNSIGNED_INT 4
| #define SIZEOF_LONG 8
| #define SIZEOF_UNSIGNED_LONG 8
| #define SIZEOF_LONG_LONG 8
| #define SIZEOF_UNSIGNED_LONG_LONG 8
| #define SIZEOF_SIZE_T 8
| #define SIZEOF_PTRDIFF_T 8
| #define SIZEOF_FLOAT 4
| #define SIZEOF_DOUBLE 8
| #define SIZEOF_LONG_DOUBLE 16
| #define HAVE_ALLOCA_H 1
| #define HAVE_ALLOCA 1
| #define HAVE_VPRINTF 1
| #define HAVE_LIBM 1
| #define HAVE_MEMSET 1
| #define HAVE_POSIX_MEMALIGN 1
| #define HAVE_MEMALIGN 1
| #define HAVE_SYSCTL 1
| #define HAVE_ABORT 1
| #define HAVE_SNPRINTF 1
| #define HAVE_SLEEP 1
| #define HAVE_USLEEP 1
| #define HAVE_NANOSLEEP 1
| #define HAVE_DRAND48 1
| #define HAVE_SRAND48 1
| #define HAVE_DECL_MEMALIGN 0
| #define HAVE_DECL_POSIX_MEMALIGN 1
| #define HAVE_DECL_SLEEP 1
| #define HAVE_DECL_NANOSLEEP 1
| #define HAVE_DECL_DRAND48 1
| #define HAVE_DECL_SRAND48 1
| #define HAVE_COPYSIGN 1
| /* end confdefs.h.  */
| /* Define llround to an innocuous variant, in case <limits.h> declares llround.
|    For example, HP-UX 11i <limits.h> declares gettimeofday.  */
| #define llround innocuous_llround
| 
| /* System header to define __stub macros and hopefully few prototypes,
|     which can conflict with char llround (); below.
|     Prefer <limits.h> to <assert.h> if __STDC__ is defined, since
|     <limits.h> exists even on freestanding compilers.  */
| 
| #ifdef __STDC__
| # include <limits.h>
| #else
| # include <assert.h>
| #endif
| 
| #undef llround
| 
| /* Override any GCC internal prototype to avoid an error.
|    Use char because int might match the return type of a GCC
|    builtin and then its argument prototype would still apply.  */
| #ifdef __cplusplus
| extern "C"
| #endif
| char llround ();
| /* The GNU C library defines this for functions which it implements
|     to always fail with ENOSYS.  Some functions are actually named
|     something starting with __ and the normal name is an alias.  */
| #if defined __stub_llround || defined __stub___llround
| choke me
| #endif
| 
| int
| main ()
| {
| return llround ();
|   ;
|   return 0;
| }
configure:17858: result: no
configure:17858: checking for trunc
configure:17858: gcc -o conftest -O3 -fomit-frame-pointer -malign-double -fstrict-aliasing -ffast-math -march=native -std=gnu99    conftest.c  >&5
conftest.c:103: warning: conflicting types for built-in function 'trunc'
/tmp/cc9EU8eC.o: In function `main':
conftest.c:(.text+0x7): undefined reference to `trunc'
collect2: ld returned 1 exit status
configure:17858: $? = 1
configure: failed program was:
| /* confdefs.h */
| #define PACKAGE_NAME "NFFT"
| #define PACKAGE_TARNAME "nfft"
| #define PACKAGE_VERSION "3.2.2"
| #define PACKAGE_STRING "NFFT 3.2.2"
| #define PACKAGE_BUGREPORT "bugs@nfft.org"
| #define PACKAGE_URL ""
| #define STDC_HEADERS 1
| #define HAVE_SYS_TYPES_H 1
| #define HAVE_SYS_STAT_H 1
| #define HAVE_STDLIB_H 1
| #define HAVE_STRING_H 1
| #define HAVE_MEMORY_H 1
| #define HAVE_STRINGS_H 1
| #define HAVE_INTTYPES_H 1
| #define HAVE_STDINT_H 1
| #define HAVE_UNISTD_H 1
| #define HAVE_DLFCN_H 1
| #define LT_OBJDIR ".libs/"
| #define PACKAGE "nfft"
| #define VERSION "3.2.2"
| #define KAISER_BESSEL 1
| #define restrict __restrict
| #define HAVE_LIBFFTW3 1
| #define HAVE_OPENMP 1
| #define MATLAB_ARGCHECKS 1
| #define HAVE_MATH_H 1
| #define HAVE_STDIO_H 1
| #define HAVE_STDLIB_H 1
| #define HAVE_TIME_H 1
| #define HAVE_SYS_TIME_H 1
| #define HAVE_COMPLEX_H 1
| #define HAVE_STRING_H 1
| #define HAVE_FLOAT_H 1
| #define HAVE_LIMITS_H 1
| #define HAVE_STDARG_H 1
| #define HAVE_STDDEF_H 1
| #define HAVE_SYS_TYPES_H 1
| #define HAVE_STDINT_H 1
| #define HAVE_INTTYPES_H 1
| #define HAVE_STDBOOL_H 1
| #define HAVE_MALLOC_H 1
| #define TIME_WITH_SYS_TIME 1
| #define HAVE_LONG_DOUBLE 1
| #define HAVE_UINTPTR_T 1
| #define SIZEOF_INT 4
| #define SIZEOF_UNSIGNED_INT 4
| #define SIZEOF_LONG 8
| #define SIZEOF_UNSIGNED_LONG 8
| #define SIZEOF_LONG_LONG 8
| #define SIZEOF_UNSIGNED_LONG_LONG 8
| #define SIZEOF_SIZE_T 8
| #define SIZEOF_PTRDIFF_T 8
| #define SIZEOF_FLOAT 4
| #define SIZEOF_DOUBLE 8
| #define SIZEOF_LONG_DOUBLE 16
| #define HAVE_ALLOCA_H 1
| #define HAVE_ALLOCA 1
| #define HAVE_VPRINTF 1
| #define HAVE_LIBM 1
| #define HAVE_MEMSET 1
| #define HAVE_POSIX_MEMALIGN 1
| #define HAVE_MEMALIGN 1
| #define HAVE_SYSCTL 1
| #define HAVE_ABORT 1
| #define HAVE_SNPRINTF 1
| #define HAVE_SLEEP 1
| #define HAVE_USLEEP 1
| #define HAVE_NANOSLEEP 1
| #define HAVE_DRAND48 1
| #define HAVE_SRAND48 1
| #define HAVE_DECL_MEMALIGN 0
| #define HAVE_DECL_POSIX_MEMALIGN 1
| #define HAVE_DECL_SLEEP 1
| #define HAVE_DECL_NANOSLEEP 1
| #define HAVE_DECL_DRAND48 1
| #define HAVE_DECL_SRAND48 1
| #define HAVE_COPYSIGN 1
| /* end confdefs.h.  */
| /* Define trunc to an innocuous variant, in case <limits.h> declares trunc.
|    For example, HP-UX 11i <limits.h> declares gettimeofday.  */
| #define trunc innocuous_trunc
| 
| /* System header to define __stub macros and hopefully few prototypes,
|     which can conflict with char trunc (); below.
|     Prefer <limits.h> to <assert.h> if __STDC__ is defined, since
|     <limits.h> exists even on freestanding compilers.  */
| 
| #ifdef __STDC__
| # include <limits.h>
| #else
| # include <assert.h>
| #endif
| 
| #undef trunc
| 
| /* Override any GCC internal prototype to avoid an error.
|    Use char because int might match the return type of a GCC
|    builtin and then its argument prototype would still apply.  */
| #ifdef __cplusplus
| extern "C"
| #endif
| char trunc ();
| /* The GNU C library defines this for functions which it implements
|     to always fail with ENOSYS.  Some functions are actually named
|     something starting with __ and the normal name is an alias.  */
| #if defined __stub_trunc || defined __stub___trunc
| choke me
| #endif
| 
| int
| main ()
| {
| return trunc ();
|   ;
|   return 0;
| }
configure:17858: result: no
configure:17858: checking for fmod
configure:17858: gcc -o conftest -O3 -fomit-frame-pointer -malign-double -fstrict-aliasing -ffast-math -march=native -std=gnu99    conftest.c  >&5
conftest.c:103: warning: conflicting types for built-in function 'fmod'
/tmp/ccLSTdrI.o: In function `main':
conftest.c:(.text+0x7): undefined reference to `fmod'
collect2: ld returned 1 exit status
configure:17858: $? = 1
configure: failed program was:
| /* confdefs.h */
| #define PACKAGE_NAME "NFFT"
| #define PACKAGE_TARNAME "nfft"
| #define PACKAGE_VERSION "3.2.2"
| #define PACKAGE_STRING "NFFT 3.2.2"
| #define PACKAGE_BUGREPORT "bugs@nfft.org"
| #define PACKAGE_URL ""
| #define STDC_HEADERS 1
| #define HAVE_SYS_TYPES_H 1
| #define HAVE_SYS_STAT_H 1
| #define HAVE_STDLIB_H 1
| #define HAVE_STRING_H 1
| #define HAVE_MEMORY_H 1
| #define HAVE_STRINGS_H 1
| #define HAVE_INTTYPES_H 1
| #define HAVE_STDINT_H 1
| #define HAVE_UNISTD_H 1
| #define HAVE_DLFCN_H 1
| #define LT_OBJDIR ".libs/"
| #define PACKAGE "nfft"
| #define VERSION "3.2.2"
| #define KAISER_BESSEL 1
| #define restrict __restrict
| #define HAVE_LIBFFTW3 1
| #define HAVE_OPENMP 1
| #define MATLAB_ARGCHECKS 1
| #define HAVE_MATH_H 1
| #define HAVE_STDIO_H 1
| #define HAVE_STDLIB_H 1
| #define HAVE_TIME_H 1
| #define HAVE_SYS_TIME_H 1
| #define HAVE_COMPLEX_H 1
| #define HAVE_STRING_H 1
| #define HAVE_FLOAT_H 1
| #define HAVE_LIMITS_H 1
| #define HAVE_STDARG_H 1
| #define HAVE_STDDEF_H 1
| #define HAVE_SYS_TYPES_H 1
| #define HAVE_STDINT_H 1
| #define HAVE_INTTYPES_H 1
| #define HAVE_STDBOOL_H 1
| #define HAVE_MALLOC_H 1
| #define TIME_WITH_SYS_TIME 1
| #define HAVE_LONG_DOUBLE 1
| #define HAVE_UINTPTR_T 1
| #define SIZEOF_INT 4
| #define SIZEOF_UNSIGNED_INT 4
| #define SIZEOF_LONG 8
| #define SIZEOF_UNSIGNED_LONG 8
| #define SIZEOF_LONG_LONG 8
| #define SIZEOF_UNSIGNED_LONG_LONG 8
| #define SIZEOF_SIZE_T 8
| #define SIZEOF_PTRDIFF_T 8
| #define SIZEOF_FLOAT 4
| #define SIZEOF_DOUBLE 8
| #define SIZEOF_LONG_DOUBLE 16
| #define HAVE_ALLOCA_H 1
| #define HAVE_ALLOCA 1
| #define HAVE_VPRINTF 1
| #define HAVE_LIBM 1
| #define HAVE_MEMSET 1
| #define HAVE_POSIX_MEMALIGN 1
| #define HAVE_MEMALIGN 1
| #define HAVE_SYSCTL 1
| #define HAVE_ABORT 1
| #define HAVE_SNPRINTF 1
| #define HAVE_SLEEP 1
| #define HAVE_USLEEP 1
| #define HAVE_NANOSLEEP 1
| #define HAVE_DRAND48 1
| #define HAVE_SRAND48 1
| #define HAVE_DECL_MEMALIGN 0
| #define HAVE_DECL_POSIX_MEMALIGN 1
| #define HAVE_DECL_SLEEP 1
| #define HAVE_DECL_NANOSLEEP 1
| #define HAVE_DECL_DRAND48 1
| #define HAVE_DECL_SRAND48 1
| #define HAVE_COPYSIGN 1
| /* end confdefs.h.  */
| /* Define fmod to an innocuous variant, in case <limits.h> declares fmod.
|    For example, HP-UX 11i <limits.h> declares gettimeofday.  */
| #define fmod innocuous_fmod
| 
| /* System header to define __stub macros and hopefully few prototypes,
|     which can conflict with char fmod (); below.
|     Prefer <limits.h> to <assert.h> if __STDC__ is defined, since
|     <limits.h> exists even on freestanding compilers.  */
| 
| #ifdef __STDC__
| # include <limits.h>
| #else
| # include <assert.h>
| #endif
| 
| #undef fmod
| 
| /* Override any GCC internal prototype to avoid an error.
|    Use char because int might match the return type of a GCC
|    builtin and then its argument prototype would still apply.  */
| #ifdef __cplusplus
| extern "C"
| #endif
| char fmod ();
| /* The GNU C library defines this for functions which it implements
|     to always fail with ENOSYS.  Some functions are actually named
|     something starting with __ and the normal name is an alias.  */
| #if defined __stub_fmod || defined __stub___fmod
| choke me
| #endif
| 
| int
| main ()
| {
| return fmod ();
|   ;
|   return 0;
| }
configure:17858: result: no
configure:17858: checking for remainder
configure:17858: gcc -o conftest -O3 -fomit-frame-pointer -malign-double -fstrict-aliasing -ffast-math -march=native -std=gnu99    conftest.c  >&5
conftest.c:103: warning: conflicting types for built-in function 'remainder'
/tmp/cclJZ13J.o: In function `main':
conftest.c:(.text+0x7): undefined reference to `remainder'
collect2: ld returned 1 exit status
configure:17858: $? = 1
configure: failed program was:
| /* confdefs.h */
| #define PACKAGE_NAME "NFFT"
| #define PACKAGE_TARNAME "nfft"
| #define PACKAGE_VERSION "3.2.2"
| #define PACKAGE_STRING "NFFT 3.2.2"
| #define PACKAGE_BUGREPORT "bugs@nfft.org"
| #define PACKAGE_URL ""
| #define STDC_HEADERS 1
| #define HAVE_SYS_TYPES_H 1
| #define HAVE_SYS_STAT_H 1
| #define HAVE_STDLIB_H 1
| #define HAVE_STRING_H 1
| #define HAVE_MEMORY_H 1
| #define HAVE_STRINGS_H 1
| #define HAVE_INTTYPES_H 1
| #define HAVE_STDINT_H 1
| #define HAVE_UNISTD_H 1
| #define HAVE_DLFCN_H 1
| #define LT_OBJDIR ".libs/"
| #define PACKAGE "nfft"
| #define VERSION "3.2.2"
| #define KAISER_BESSEL 1
| #define restrict __restrict
| #define HAVE_LIBFFTW3 1
| #define HAVE_OPENMP 1
| #define MATLAB_ARGCHECKS 1
| #define HAVE_MATH_H 1
| #define HAVE_STDIO_H 1
| #define HAVE_STDLIB_H 1
| #define HAVE_TIME_H 1
| #define HAVE_SYS_TIME_H 1
| #define HAVE_COMPLEX_H 1
| #define HAVE_STRING_H 1
| #define HAVE_FLOAT_H 1
| #define HAVE_LIMITS_H 1
| #define HAVE_STDARG_H 1
| #define HAVE_STDDEF_H 1
| #define HAVE_SYS_TYPES_H 1
| #define HAVE_STDINT_H 1
| #define HAVE_INTTYPES_H 1
| #define HAVE_STDBOOL_H 1
| #define HAVE_MALLOC_H 1
| #define TIME_WITH_SYS_TIME 1
| #define HAVE_LONG_DOUBLE 1
| #define HAVE_UINTPTR_T 1
| #define SIZEOF_INT 4
| #define SIZEOF_UNSIGNED_INT 4
| #define SIZEOF_LONG 8
| #define SIZEOF_UNSIGNED_LONG 8
| #define SIZEOF_LONG_LONG 8
| #define SIZEOF_UNSIGNED_LONG_LONG 8
| #define SIZEOF_SIZE_T 8
| #define SIZEOF_PTRDIFF_T 8
| #define SIZEOF_FLOAT 4
| #define SIZEOF_DOUBLE 8
| #define SIZEOF_LONG_DOUBLE 16
| #define HAVE_ALLOCA_H 1
| #define HAVE_ALLOCA 1
| #define HAVE_VPRINTF 1
| #define HAVE_LIBM 1
| #define HAVE_MEMSET 1
| #define HAVE_POSIX_MEMALIGN 1
| #define HAVE_MEMALIGN 1
| #define HAVE_SYSCTL 1
| #define HAVE_ABORT 1
| #define HAVE_SNPRINTF 1
| #define HAVE_SLEEP 1
| #define HAVE_USLEEP 1
| #define HAVE_NANOSLEEP 1
| #define HAVE_DRAND48 1
| #define HAVE_SRAND48 1
| #define HAVE_DECL_MEMALIGN 0
| #define HAVE_DECL_POSIX_MEMALIGN 1
| #define HAVE_DECL_SLEEP 1
| #define HAVE_DECL_NANOSLEEP 1
| #define HAVE_DECL_DRAND48 1
| #define HAVE_DECL_SRAND48 1
| #define HAVE_COPYSIGN 1
| /* end confdefs.h.  */
| /* Define remainder to an innocuous variant, in case <limits.h> declares remainder.
|    For example, HP-UX 11i <limits.h> declares gettimeofday.  */
| #define remainder innocuous_remainder
| 
| /* System header to define __stub macros and hopefully few prototypes,
|     which can conflict with char remainder (); below.
|     Prefer <limits.h> to <assert.h> if __STDC__ is defined, since
|     <limits.h> exists even on freestanding compilers.  */
| 
| #ifdef __STDC__
| # include <limits.h>
| #else
| # include <assert.h>
| #endif
| 
| #undef remainder
| 
| /* Override any GCC internal prototype to avoid an error.
|    Use char because int might match the return type of a GCC
|    builtin and then its argument prototype would still apply.  */
| #ifdef __cplusplus
| extern "C"
| #endif
| char remainder ();
| /* The GNU C library defines this for functions which it implements
|     to always fail with ENOSYS.  Some functions are actually named
|     something starting with __ and the normal name is an alias.  */
| #if defined __stub_remainder || defined __stub___remainder
| choke me
| #endif
| 
| int
| main ()
| {
| return remainder ();
|   ;
|   return 0;
| }
configure:17858: result: no
configure:17858: checking for remquo
configure:17858: gcc -o conftest -O3 -fomit-frame-pointer -malign-double -fstrict-aliasing -ffast-math -march=native -std=gnu99    conftest.c  >&5
conftest.c:103: warning: conflicting types for built-in function 'remquo'
/tmp/ccrqsUZQ.o: In function `main':
conftest.c:(.text+0x7): undefined reference to `remquo'
collect2: ld returned 1 exit status
configure:17858: $? = 1
configure: failed program was:
| /* confdefs.h */
| #define PACKAGE_NAME "NFFT"
| #define PACKAGE_TARNAME "nfft"
| #define PACKAGE_VERSION "3.2.2"
| #define PACKAGE_STRING "NFFT 3.2.2"
| #define PACKAGE_BUGREPORT "bugs@nfft.org"
| #define PACKAGE_URL ""
| #define STDC_HEADERS 1
| #define HAVE_SYS_TYPES_H 1
| #define HAVE_SYS_STAT_H 1
| #define HAVE_STDLIB_H 1
| #define HAVE_STRING_H 1
| #define HAVE_MEMORY_H 1
| #define HAVE_STRINGS_H 1
| #define HAVE_INTTYPES_H 1
| #define HAVE_STDINT_H 1
| #define HAVE_UNISTD_H 1
| #define HAVE_DLFCN_H 1
| #define LT_OBJDIR ".libs/"
| #define PACKAGE "nfft"
| #define VERSION "3.2.2"
| #define KAISER_BESSEL 1
| #define restrict __restrict
| #define HAVE_LIBFFTW3 1
| #define HAVE_OPENMP 1
| #define MATLAB_ARGCHECKS 1
| #define HAVE_MATH_H 1
| #define HAVE_STDIO_H 1
| #define HAVE_STDLIB_H 1
| #define HAVE_TIME_H 1
| #define HAVE_SYS_TIME_H 1
| #define HAVE_COMPLEX_H 1
| #define HAVE_STRING_H 1
| #define HAVE_FLOAT_H 1
| #define HAVE_LIMITS_H 1
| #define HAVE_STDARG_H 1
| #define HAVE_STDDEF_H 1
| #define HAVE_SYS_TYPES_H 1
| #define HAVE_STDINT_H 1
| #define HAVE_INTTYPES_H 1
| #define HAVE_STDBOOL_H 1
| #define HAVE_MALLOC_H 1
| #define TIME_WITH_SYS_TIME 1
| #define HAVE_LONG_DOUBLE 1
| #define HAVE_UINTPTR_T 1
| #define SIZEOF_INT 4
| #define SIZEOF_UNSIGNED_INT 4
| #define SIZEOF_LONG 8
| #define SIZEOF_UNSIGNED_LONG 8
| #define SIZEOF_LONG_LONG 8
| #define SIZEOF_UNSIGNED_LONG_LONG 8
| #define SIZEOF_SIZE_T 8
| #define SIZEOF_PTRDIFF_T 8
| #define SIZEOF_FLOAT 4
| #define SIZEOF_DOUBLE 8
| #define SIZEOF_LONG_DOUBLE 16
| #define HAVE_ALLOCA_H 1
| #define HAVE_ALLOCA 1
| #define HAVE_VPRINTF 1
| #define HAVE_LIBM 1
| #define HAVE_MEMSET 1
| #define HAVE_POSIX_MEMALIGN 1
| #define HAVE_MEMALIGN 1
| #define HAVE_SYSCTL 1
| #define HAVE_ABORT 1
| #define HAVE_SNPRINTF 1
| #define HAVE_SLEEP 1
| #define HAVE_USLEEP 1
| #define HAVE_NANOSLEEP 1
| #define HAVE_DRAND48 1
| #define HAVE_SRAND48 1
| #define HAVE_DECL_MEMALIGN 0
| #define HAVE_DECL_POSIX_MEMALIGN 1
| #define HAVE_DECL_SLEEP 1
| #define HAVE_DECL_NANOSLEEP 1
| #define HAVE_DECL_DRAND48 1
| #define HAVE_DECL_SRAND48 1
| #define HAVE_COPYSIGN 1
| /* end confdefs.h.  */
| /* Define remquo to an innocuous variant, in case <limits.h> declares remquo.
|    For example, HP-UX 11i <limits.h> declares gettimeofday.  */
| #define remquo innocuous_remquo
| 
| /* System header to define __stub macros and hopefully few prototypes,
|     which can conflict with char remquo (); below.
|     Prefer <limits.h> to <assert.h> if __STDC__ is defined, since
|     <limits.h> exists even on freestanding compilers.  */
| 
| #ifdef __STDC__
| # include <limits.h>
| #else
| # include <assert.h>
| #endif
| 
| #undef remquo
| 
| /* Override any GCC internal prototype to avoid an error.
|    Use char because int might match the return type of a GCC
|    builtin and then its argument prototype would still apply.  */
| #ifdef __cplusplus
| extern "C"
| #endif
| char remquo ();
| /* The GNU C library defines this for functions which it implements
|     to always fail with ENOSYS.  Some functions are actually named
|     something starting with __ and the normal name is an alias.  */
| #if defined __stub_remquo || defined __stub___remquo
| choke me
| #endif
| 
| int
| main ()
| {
| return remquo ();
|   ;
|   return 0;
| }
configure:17858: result: no
configure:17858: checking for fdim
configure:17858: gcc -o conftest -O3 -fomit-frame-pointer -malign-double -fstrict-aliasing -ffast-math -march=native -std=gnu99    conftest.c  >&5
conftest.c:103: warning: conflicting types for built-in function 'fdim'
/tmp/ccLuBfxV.o: In function `main':
conftest.c:(.text+0x7): undefined reference to `fdim'
collect2: ld returned 1 exit status
configure:17858: $? = 1
configure: failed program was:
| /* confdefs.h */
| #define PACKAGE_NAME "NFFT"
| #define PACKAGE_TARNAME "nfft"
| #define PACKAGE_VERSION "3.2.2"
| #define PACKAGE_STRING "NFFT 3.2.2"
| #define PACKAGE_BUGREPORT "bugs@nfft.org"
| #define PACKAGE_URL ""
| #define STDC_HEADERS 1
| #define HAVE_SYS_TYPES_H 1
| #define HAVE_SYS_STAT_H 1
| #define HAVE_STDLIB_H 1
| #define HAVE_STRING_H 1
| #define HAVE_MEMORY_H 1
| #define HAVE_STRINGS_H 1
| #define HAVE_INTTYPES_H 1
| #define HAVE_STDINT_H 1
| #define HAVE_UNISTD_H 1
| #define HAVE_DLFCN_H 1
| #define LT_OBJDIR ".libs/"
| #define PACKAGE "nfft"
| #define VERSION "3.2.2"
| #define KAISER_BESSEL 1
| #define restrict __restrict
| #define HAVE_LIBFFTW3 1
| #define HAVE_OPENMP 1
| #define MATLAB_ARGCHECKS 1
| #define HAVE_MATH_H 1
| #define HAVE_STDIO_H 1
| #define HAVE_STDLIB_H 1
| #define HAVE_TIME_H 1
| #define HAVE_SYS_TIME_H 1
| #define HAVE_COMPLEX_H 1
| #define HAVE_STRING_H 1
| #define HAVE_FLOAT_H 1
| #define HAVE_LIMITS_H 1
| #define HAVE_STDARG_H 1
| #define HAVE_STDDEF_H 1
| #define HAVE_SYS_TYPES_H 1
| #define HAVE_STDINT_H 1
| #define HAVE_INTTYPES_H 1
| #define HAVE_STDBOOL_H 1
| #define HAVE_MALLOC_H 1
| #define TIME_WITH_SYS_TIME 1
| #define HAVE_LONG_DOUBLE 1
| #define HAVE_UINTPTR_T 1
| #define SIZEOF_INT 4
| #define SIZEOF_UNSIGNED_INT 4
| #define SIZEOF_LONG 8
| #define SIZEOF_UNSIGNED_LONG 8
| #define SIZEOF_LONG_LONG 8
| #define SIZEOF_UNSIGNED_LONG_LONG 8
| #define SIZEOF_SIZE_T 8
| #define SIZEOF_PTRDIFF_T 8
| #define SIZEOF_FLOAT 4
| #define SIZEOF_DOUBLE 8
| #define SIZEOF_LONG_DOUBLE 16
| #define HAVE_ALLOCA_H 1
| #define HAVE_ALLOCA 1
| #define HAVE_VPRINTF 1
| #define HAVE_LIBM 1
| #define HAVE_MEMSET 1
| #define HAVE_POSIX_MEMALIGN 1
| #define HAVE_MEMALIGN 1
| #define HAVE_SYSCTL 1
| #define HAVE_ABORT 1
| #define HAVE_SNPRINTF 1
| #define HAVE_SLEEP 1
| #define HAVE_USLEEP 1
| #define HAVE_NANOSLEEP 1
| #define HAVE_DRAND48 1
| #define HAVE_SRAND48 1
| #define HAVE_DECL_MEMALIGN 0
| #define HAVE_DECL_POSIX_MEMALIGN 1
| #define HAVE_DECL_SLEEP 1
| #define HAVE_DECL_NANOSLEEP 1
| #define HAVE_DECL_DRAND48 1
| #define HAVE_DECL_SRAND48 1
| #define HAVE_COPYSIGN 1
| /* end confdefs.h.  */
| /* Define fdim to an innocuous variant, in case <limits.h> declares fdim.
|    For example, HP-UX 11i <limits.h> declares gettimeofday.  */
| #define fdim innocuous_fdim
| 
| /* System header to define __stub macros and hopefully few prototypes,
|     which can conflict with char fdim (); below.
|     Prefer <limits.h> to <assert.h> if __STDC__ is defined, since
|     <limits.h> exists even on freestanding compilers.  */
| 
| #ifdef __STDC__
| # include <limits.h>
| #else
| # include <assert.h>
| #endif
| 
| #undef fdim
| 
| /* Override any GCC internal prototype to avoid an error.
|    Use char because int might match the return type of a GCC
|    builtin and then its argument prototype would still apply.  */
| #ifdef __cplusplus
| extern "C"
| #endif
| char fdim ();
| /* The GNU C library defines this for functions which it implements
|     to always fail with ENOSYS.  Some functions are actually named
|     something starting with __ and the normal name is an alias.  */
| #if defined __stub_fdim || defined __stub___fdim
| choke me
| #endif
| 
| int
| main ()
| {
| return fdim ();
|   ;
|   return 0;
| }
configure:17858: result: no
configure:17858: checking for fmax
configure:17858: gcc -o conftest -O3 -fomit-frame-pointer -malign-double -fstrict-aliasing -ffast-math -march=native -std=gnu99    conftest.c  >&5
conftest.c:103: warning: conflicting types for built-in function 'fmax'
/tmp/ccNJe87W.o: In function `main':
conftest.c:(.text+0x7): undefined reference to `fmax'
collect2: ld returned 1 exit status
configure:17858: $? = 1
configure: failed program was:
| /* confdefs.h */
| #define PACKAGE_NAME "NFFT"
| #define PACKAGE_TARNAME "nfft"
| #define PACKAGE_VERSION "3.2.2"
| #define PACKAGE_STRING "NFFT 3.2.2"
| #define PACKAGE_BUGREPORT "bugs@nfft.org"
| #define PACKAGE_URL ""
| #define STDC_HEADERS 1
| #define HAVE_SYS_TYPES_H 1
| #define HAVE_SYS_STAT_H 1
| #define HAVE_STDLIB_H 1
| #define HAVE_STRING_H 1
| #define HAVE_MEMORY_H 1
| #define HAVE_STRINGS_H 1
| #define HAVE_INTTYPES_H 1
| #define HAVE_STDINT_H 1
| #define HAVE_UNISTD_H 1
| #define HAVE_DLFCN_H 1
| #define LT_OBJDIR ".libs/"
| #define PACKAGE "nfft"
| #define VERSION "3.2.2"
| #define KAISER_BESSEL 1
| #define restrict __restrict
| #define HAVE_LIBFFTW3 1
| #define HAVE_OPENMP 1
| #define MATLAB_ARGCHECKS 1
| #define HAVE_MATH_H 1
| #define HAVE_STDIO_H 1
| #define HAVE_STDLIB_H 1
| #define HAVE_TIME_H 1
| #define HAVE_SYS_TIME_H 1
| #define HAVE_COMPLEX_H 1
| #define HAVE_STRING_H 1
| #define HAVE_FLOAT_H 1
| #define HAVE_LIMITS_H 1
| #define HAVE_STDARG_H 1
| #define HAVE_STDDEF_H 1
| #define HAVE_SYS_TYPES_H 1
| #define HAVE_STDINT_H 1
| #define HAVE_INTTYPES_H 1
| #define HAVE_STDBOOL_H 1
| #define HAVE_MALLOC_H 1
| #define TIME_WITH_SYS_TIME 1
| #define HAVE_LONG_DOUBLE 1
| #define HAVE_UINTPTR_T 1
| #define SIZEOF_INT 4
| #define SIZEOF_UNSIGNED_INT 4
| #define SIZEOF_LONG 8
| #define SIZEOF_UNSIGNED_LONG 8
| #define SIZEOF_LONG_LONG 8
| #define SIZEOF_UNSIGNED_LONG_LONG 8
| #define SIZEOF_SIZE_T 8
| #define SIZEOF_PTRDIFF_T 8
| #define SIZEOF_FLOAT 4
| #define SIZEOF_DOUBLE 8
| #define SIZEOF_LONG_DOUBLE 16
| #define HAVE_ALLOCA_H 1
| #define HAVE_ALLOCA 1
| #define HAVE_VPRINTF 1
| #define HAVE_LIBM 1
| #define HAVE_MEMSET 1
| #define HAVE_POSIX_MEMALIGN 1
| #define HAVE_MEMALIGN 1
| #define HAVE_SYSCTL 1
| #define HAVE_ABORT 1
| #define HAVE_SNPRINTF 1
| #define HAVE_SLEEP 1
| #define HAVE_USLEEP 1
| #define HAVE_NANOSLEEP 1
| #define HAVE_DRAND48 1
| #define HAVE_SRAND48 1
| #define HAVE_DECL_MEMALIGN 0
| #define HAVE_DECL_POSIX_MEMALIGN 1
| #define HAVE_DECL_SLEEP 1
| #define HAVE_DECL_NANOSLEEP 1
| #define HAVE_DECL_DRAND48 1
| #define HAVE_DECL_SRAND48 1
| #define HAVE_COPYSIGN 1
| /* end confdefs.h.  */
| /* Define fmax to an innocuous variant, in case <limits.h> declares fmax.
|    For example, HP-UX 11i <limits.h> declares gettimeofday.  */
| #define fmax innocuous_fmax
| 
| /* System header to define __stub macros and hopefully few prototypes,
|     which can conflict with char fmax (); below.
|     Prefer <limits.h> to <assert.h> if __STDC__ is defined, since
|     <limits.h> exists even on freestanding compilers.  */
| 
| #ifdef __STDC__
| # include <limits.h>
| #else
| # include <assert.h>
| #endif
| 
| #undef fmax
| 
| /* Override any GCC internal prototype to avoid an error.
|    Use char because int might match the return type of a GCC
|    builtin and then its argument prototype would still apply.  */
| #ifdef __cplusplus
| extern "C"
| #endif
| char fmax ();
| /* The GNU C library defines this for functions which it implements
|     to always fail with ENOSYS.  Some functions are actually named
|     something starting with __ and the normal name is an alias.  */
| #if defined __stub_fmax || defined __stub___fmax
| choke me
| #endif
| 
| int
| main ()
| {
| return fmax ();
|   ;
|   return 0;
| }
configure:17858: result: no
configure:17858: checking for fmin
configure:17858: gcc -o conftest -O3 -fomit-frame-pointer -malign-double -fstrict-aliasing -ffast-math -march=native -std=gnu99    conftest.c  >&5
conftest.c:103: warning: conflicting types for built-in function 'fmin'
/tmp/cczAzw33.o: In function `main':
conftest.c:(.text+0x7): undefined reference to `fmin'
collect2: ld returned 1 exit status
configure:17858: $? = 1
configure: failed program was:
| /* confdefs.h */
| #define PACKAGE_NAME "NFFT"
| #define PACKAGE_TARNAME "nfft"
| #define PACKAGE_VERSION "3.2.2"
| #define PACKAGE_STRING "NFFT 3.2.2"
| #define PACKAGE_BUGREPORT "bugs@nfft.org"
| #define PACKAGE_URL ""
| #define STDC_HEADERS 1
| #define HAVE_SYS_TYPES_H 1
| #define HAVE_SYS_STAT_H 1
| #define HAVE_STDLIB_H 1
| #define HAVE_STRING_H 1
| #define HAVE_MEMORY_H 1
| #define HAVE_STRINGS_H 1
| #define HAVE_INTTYPES_H 1
| #define HAVE_STDINT_H 1
| #define HAVE_UNISTD_H 1
| #define HAVE_DLFCN_H 1
| #define LT_OBJDIR ".libs/"
| #define PACKAGE "nfft"
| #define VERSION "3.2.2"
| #define KAISER_BESSEL 1
| #define restrict __restrict
| #define HAVE_LIBFFTW3 1
| #define HAVE_OPENMP 1
| #define MATLAB_ARGCHECKS 1
| #define HAVE_MATH_H 1
| #define HAVE_STDIO_H 1
| #define HAVE_STDLIB_H 1
| #define HAVE_TIME_H 1
| #define HAVE_SYS_TIME_H 1
| #define HAVE_COMPLEX_H 1
| #define HAVE_STRING_H 1
| #define HAVE_FLOAT_H 1
| #define HAVE_LIMITS_H 1
| #define HAVE_STDARG_H 1
| #define HAVE_STDDEF_H 1
| #define HAVE_SYS_TYPES_H 1
| #define HAVE_STDINT_H 1
| #define HAVE_INTTYPES_H 1
| #define HAVE_STDBOOL_H 1
| #define HAVE_MALLOC_H 1
| #define TIME_WITH_SYS_TIME 1
| #define HAVE_LONG_DOUBLE 1
| #define HAVE_UINTPTR_T 1
| #define SIZEOF_INT 4
| #define SIZEOF_UNSIGNED_INT 4
| #define SIZEOF_LONG 8
| #define SIZEOF_UNSIGNED_LONG 8
| #define SIZEOF_LONG_LONG 8
| #define SIZEOF_UNSIGNED_LONG_LONG 8
| #define SIZEOF_SIZE_T 8
| #define SIZEOF_PTRDIFF_T 8
| #define SIZEOF_FLOAT 4
| #define SIZEOF_DOUBLE 8
| #define SIZEOF_LONG_DOUBLE 16
| #define HAVE_ALLOCA_H 1
| #define HAVE_ALLOCA 1
| #define HAVE_VPRINTF 1
| #define HAVE_LIBM 1
| #define HAVE_MEMSET 1
| #define HAVE_POSIX_MEMALIGN 1
| #define HAVE_MEMALIGN 1
| #define HAVE_SYSCTL 1
| #define HAVE_ABORT 1
| #define HAVE_SNPRINTF 1
| #define HAVE_SLEEP 1
| #define HAVE_USLEEP 1
| #define HAVE_NANOSLEEP 1
| #define HAVE_DRAND48 1
| #define HAVE_SRAND48 1
| #define HAVE_DECL_MEMALIGN 0
| #define HAVE_DECL_POSIX_MEMALIGN 1
| #define HAVE_DECL_SLEEP 1
| #define HAVE_DECL_NANOSLEEP 1
| #define HAVE_DECL_DRAND48 1
| #define HAVE_DECL_SRAND48 1
| #define HAVE_COPYSIGN 1
| /* end confdefs.h.  */
| /* Define fmin to an innocuous variant, in case <limits.h> declares fmin.
|    For example, HP-UX 11i <limits.h> declares gettimeofday.  */
| #define fmin innocuous_fmin
| 
| /* System header to define __stub macros and hopefully few prototypes,
|     which can conflict with char fmin (); below.
|     Prefer <limits.h> to <assert.h> if __STDC__ is defined, since
|     <limits.h> exists even on freestanding compilers.  */
| 
| #ifdef __STDC__
| # include <limits.h>
| #else
| # include <assert.h>
| #endif
| 
| #undef fmin
| 
| /* Override any GCC internal prototype to avoid an error.
|    Use char because int might match the return type of a GCC
|    builtin and then its argument prototype would still apply.  */
| #ifdef __cplusplus
| extern "C"
| #endif
| char fmin ();
| /* The GNU C library defines this for functions which it implements
|     to always fail with ENOSYS.  Some functions are actually named
|     something starting with __ and the normal name is an alias.  */
| #if defined __stub_fmin || defined __stub___fmin
| choke me
| #endif
| 
| int
| main ()
| {
| return fmin ();
|   ;
|   return 0;
| }
configure:17858: result: no
configure:17858: checking for fma
configure:17858: gcc -o conftest -O3 -fomit-frame-pointer -malign-double -fstrict-aliasing -ffast-math -march=native -std=gnu99    conftest.c  >&5
conftest.c:103: warning: conflicting types for built-in function 'fma'
/tmp/ccMe7eKW.o: In function `main':
conftest.c:(.text+0x7): undefined reference to `fma'
collect2: ld returned 1 exit status
configure:17858: $? = 1
configure: failed program was:
| /* confdefs.h */
| #define PACKAGE_NAME "NFFT"
| #define PACKAGE_TARNAME "nfft"
| #define PACKAGE_VERSION "3.2.2"
| #define PACKAGE_STRING "NFFT 3.2.2"
| #define PACKAGE_BUGREPORT "bugs@nfft.org"
| #define PACKAGE_URL ""
| #define STDC_HEADERS 1
| #define HAVE_SYS_TYPES_H 1
| #define HAVE_SYS_STAT_H 1
| #define HAVE_STDLIB_H 1
| #define HAVE_STRING_H 1
| #define HAVE_MEMORY_H 1
| #define HAVE_STRINGS_H 1
| #define HAVE_INTTYPES_H 1
| #define HAVE_STDINT_H 1
| #define HAVE_UNISTD_H 1
| #define HAVE_DLFCN_H 1
| #define LT_OBJDIR ".libs/"
| #define PACKAGE "nfft"
| #define VERSION "3.2.2"
| #define KAISER_BESSEL 1
| #define restrict __restrict
| #define HAVE_LIBFFTW3 1
| #define HAVE_OPENMP 1
| #define MATLAB_ARGCHECKS 1
| #define HAVE_MATH_H 1
| #define HAVE_STDIO_H 1
| #define HAVE_STDLIB_H 1
| #define HAVE_TIME_H 1
| #define HAVE_SYS_TIME_H 1
| #define HAVE_COMPLEX_H 1
| #define HAVE_STRING_H 1
| #define HAVE_FLOAT_H 1
| #define HAVE_LIMITS_H 1
| #define HAVE_STDARG_H 1
| #define HAVE_STDDEF_H 1
| #define HAVE_SYS_TYPES_H 1
| #define HAVE_STDINT_H 1
| #define HAVE_INTTYPES_H 1
| #define HAVE_STDBOOL_H 1
| #define HAVE_MALLOC_H 1
| #define TIME_WITH_SYS_TIME 1
| #define HAVE_LONG_DOUBLE 1
| #define HAVE_UINTPTR_T 1
| #define SIZEOF_INT 4
| #define SIZEOF_UNSIGNED_INT 4
| #define SIZEOF_LONG 8
| #define SIZEOF_UNSIGNED_LONG 8
| #define SIZEOF_LONG_LONG 8
| #define SIZEOF_UNSIGNED_LONG_LONG 8
| #define SIZEOF_SIZE_T 8
| #define SIZEOF_PTRDIFF_T 8
| #define SIZEOF_FLOAT 4
| #define SIZEOF_DOUBLE 8
| #define SIZEOF_LONG_DOUBLE 16
| #define HAVE_ALLOCA_H 1
| #define HAVE_ALLOCA 1
| #define HAVE_VPRINTF 1
| #define HAVE_LIBM 1
| #define HAVE_MEMSET 1
| #define HAVE_POSIX_MEMALIGN 1
| #define HAVE_MEMALIGN 1
| #define HAVE_SYSCTL 1
| #define HAVE_ABORT 1
| #define HAVE_SNPRINTF 1
| #define HAVE_SLEEP 1
| #define HAVE_USLEEP 1
| #define HAVE_NANOSLEEP 1
| #define HAVE_DRAND48 1
| #define HAVE_SRAND48 1
| #define HAVE_DECL_MEMALIGN 0
| #define HAVE_DECL_POSIX_MEMALIGN 1
| #define HAVE_DECL_SLEEP 1
| #define HAVE_DECL_NANOSLEEP 1
| #define HAVE_DECL_DRAND48 1
| #define HAVE_DECL_SRAND48 1
| #define HAVE_COPYSIGN 1
| /* end confdefs.h.  */
| /* Define fma to an innocuous variant, in case <limits.h> declares fma.
|    For example, HP-UX 11i <limits.h> declares gettimeofday.  */
| #define fma innocuous_fma
| 
| /* System header to define __stub macros and hopefully few prototypes,
|     which can conflict with char fma (); below.
|     Prefer <limits.h> to <assert.h> if __STDC__ is defined, since
|     <limits.h> exists even on freestanding compilers.  */
| 
| #ifdef __STDC__
| # include <limits.h>
| #else
| # include <assert.h>
| #endif
| 
| #undef fma
| 
| /* Override any GCC internal prototype to avoid an error.
|    Use char because int might match the return type of a GCC
|    builtin and then its argument prototype would still apply.  */
| #ifdef __cplusplus
| extern "C"
| #endif
| char fma ();
| /* The GNU C library defines this for functions which it implements
|     to always fail with ENOSYS.  Some functions are actually named
|     something starting with __ and the normal name is an alias.  */
| #if defined __stub_fma || defined __stub___fma
| choke me
| #endif
| 
| int
| main ()
| {
| return fma ();
|   ;
|   return 0;
| }
configure:17858: result: no
configure:17858: checking for fabs
configure:17858: gcc -o conftest -O3 -fomit-frame-pointer -malign-double -fstrict-aliasing -ffast-math -march=native -std=gnu99    conftest.c  >&5
conftest.c:103: warning: conflicting types for built-in function 'fabs'
/tmp/ccII7hx2.o: In function `main':
conftest.c:(.text+0x7): undefined reference to `fabs'
collect2: ld returned 1 exit status
configure:17858: $? = 1
configure: failed program was:
| /* confdefs.h */
| #define PACKAGE_NAME "NFFT"
| #define PACKAGE_TARNAME "nfft"
| #define PACKAGE_VERSION "3.2.2"
| #define PACKAGE_STRING "NFFT 3.2.2"
| #define PACKAGE_BUGREPORT "bugs@nfft.org"
| #define PACKAGE_URL ""
| #define STDC_HEADERS 1
| #define HAVE_SYS_TYPES_H 1
| #define HAVE_SYS_STAT_H 1
| #define HAVE_STDLIB_H 1
| #define HAVE_STRING_H 1
| #define HAVE_MEMORY_H 1
| #define HAVE_STRINGS_H 1
| #define HAVE_INTTYPES_H 1
| #define HAVE_STDINT_H 1
| #define HAVE_UNISTD_H 1
| #define HAVE_DLFCN_H 1
| #define LT_OBJDIR ".libs/"
| #define PACKAGE "nfft"
| #define VERSION "3.2.2"
| #define KAISER_BESSEL 1
| #define restrict __restrict
| #define HAVE_LIBFFTW3 1
| #define HAVE_OPENMP 1
| #define MATLAB_ARGCHECKS 1
| #define HAVE_MATH_H 1
| #define HAVE_STDIO_H 1
| #define HAVE_STDLIB_H 1
| #define HAVE_TIME_H 1
| #define HAVE_SYS_TIME_H 1
| #define HAVE_COMPLEX_H 1
| #define HAVE_STRING_H 1
| #define HAVE_FLOAT_H 1
| #define HAVE_LIMITS_H 1
| #define HAVE_STDARG_H 1
| #define HAVE_STDDEF_H 1
| #define HAVE_SYS_TYPES_H 1
| #define HAVE_STDINT_H 1
| #define HAVE_INTTYPES_H 1
| #define HAVE_STDBOOL_H 1
| #define HAVE_MALLOC_H 1
| #define TIME_WITH_SYS_TIME 1
| #define HAVE_LONG_DOUBLE 1
| #define HAVE_UINTPTR_T 1
| #define SIZEOF_INT 4
| #define SIZEOF_UNSIGNED_INT 4
| #define SIZEOF_LONG 8
| #define SIZEOF_UNSIGNED_LONG 8
| #define SIZEOF_LONG_LONG 8
| #define SIZEOF_UNSIGNED_LONG_LONG 8
| #define SIZEOF_SIZE_T 8
| #define SIZEOF_PTRDIFF_T 8
| #define SIZEOF_FLOAT 4
| #define SIZEOF_DOUBLE 8
| #define SIZEOF_LONG_DOUBLE 16
| #define HAVE_ALLOCA_H 1
| #define HAVE_ALLOCA 1
| #define HAVE_VPRINTF 1
| #define HAVE_LIBM 1
| #define HAVE_MEMSET 1
| #define HAVE_POSIX_MEMALIGN 1
| #define HAVE_MEMALIGN 1
| #define HAVE_SYSCTL 1
| #define HAVE_ABORT 1
| #define HAVE_SNPRINTF 1
| #define HAVE_SLEEP 1
| #define HAVE_USLEEP 1
| #define HAVE_NANOSLEEP 1
| #define HAVE_DRAND48 1
| #define HAVE_SRAND48 1
| #define HAVE_DECL_MEMALIGN 0
| #define HAVE_DECL_POSIX_MEMALIGN 1
| #define HAVE_DECL_SLEEP 1
| #define HAVE_DECL_NANOSLEEP 1
| #define HAVE_DECL_DRAND48 1
| #define HAVE_DECL_SRAND48 1
| #define HAVE_COPYSIGN 1
| /* end confdefs.h.  */
| /* Define fabs to an innocuous variant, in case <limits.h> declares fabs.
|    For example, HP-UX 11i <limits.h> declares gettimeofday.  */
| #define fabs innocuous_fabs
| 
| /* System header to define __stub macros and hopefully few prototypes,
|     which can conflict with char fabs (); below.
|     Prefer <limits.h> to <assert.h> if __STDC__ is defined, since
|     <limits.h> exists even on freestanding compilers.  */
| 
| #ifdef __STDC__
| # include <limits.h>
| #else
| # include <assert.h>
| #endif
| 
| #undef fabs
| 
| /* Override any GCC internal prototype to avoid an error.
|    Use char because int might match the return type of a GCC
|    builtin and then its argument prototype would still apply.  */
| #ifdef __cplusplus
| extern "C"
| #endif
| char fabs ();
| /* The GNU C library defines this for functions which it implements
|     to always fail with ENOSYS.  Some functions are actually named
|     something starting with __ and the normal name is an alias.  */
| #if defined __stub_fabs || defined __stub___fabs
| choke me
| #endif
| 
| int
| main ()
| {
| return fabs ();
|   ;
|   return 0;
| }
configure:17858: result: no
configure:17858: checking for sqrt
configure:17858: result: no
configure:17858: checking for cbrt
configure:17858: gcc -o conftest -O3 -fomit-frame-pointer -malign-double -fstrict-aliasing -ffast-math -march=native -std=gnu99    conftest.c  >&5
conftest.c:103: warning: conflicting types for built-in function 'cbrt'
/tmp/ccinD444.o: In function `main':
conftest.c:(.text+0x7): undefined reference to `cbrt'
collect2: ld returned 1 exit status
configure:17858: $? = 1
configure: failed program was:
| /* confdefs.h */
| #define PACKAGE_NAME "NFFT"
| #define PACKAGE_TARNAME "nfft"
| #define PACKAGE_VERSION "3.2.2"
| #define PACKAGE_STRING "NFFT 3.2.2"
| #define PACKAGE_BUGREPORT "bugs@nfft.org"
| #define PACKAGE_URL ""
| #define STDC_HEADERS 1
| #define HAVE_SYS_TYPES_H 1
| #define HAVE_SYS_STAT_H 1
| #define HAVE_STDLIB_H 1
| #define HAVE_STRING_H 1
| #define HAVE_MEMORY_H 1
| #define HAVE_STRINGS_H 1
| #define HAVE_INTTYPES_H 1
| #define HAVE_STDINT_H 1
| #define HAVE_UNISTD_H 1
| #define HAVE_DLFCN_H 1
| #define LT_OBJDIR ".libs/"
| #define PACKAGE "nfft"
| #define VERSION "3.2.2"
| #define KAISER_BESSEL 1
| #define restrict __restrict
| #define HAVE_LIBFFTW3 1
| #define HAVE_OPENMP 1
| #define MATLAB_ARGCHECKS 1
| #define HAVE_MATH_H 1
| #define HAVE_STDIO_H 1
| #define HAVE_STDLIB_H 1
| #define HAVE_TIME_H 1
| #define HAVE_SYS_TIME_H 1
| #define HAVE_COMPLEX_H 1
| #define HAVE_STRING_H 1
| #define HAVE_FLOAT_H 1
| #define HAVE_LIMITS_H 1
| #define HAVE_STDARG_H 1
| #define HAVE_STDDEF_H 1
| #define HAVE_SYS_TYPES_H 1
| #define HAVE_STDINT_H 1
| #define HAVE_INTTYPES_H 1
| #define HAVE_STDBOOL_H 1
| #define HAVE_MALLOC_H 1
| #define TIME_WITH_SYS_TIME 1
| #define HAVE_LONG_DOUBLE 1
| #define HAVE_UINTPTR_T 1
| #define SIZEOF_INT 4
| #define SIZEOF_UNSIGNED_INT 4
| #define SIZEOF_LONG 8
| #define SIZEOF_UNSIGNED_LONG 8
| #define SIZEOF_LONG_LONG 8
| #define SIZEOF_UNSIGNED_LONG_LONG 8
| #define SIZEOF_SIZE_T 8
| #define SIZEOF_PTRDIFF_T 8
| #define SIZEOF_FLOAT 4
| #define SIZEOF_DOUBLE 8
| #define SIZEOF_LONG_DOUBLE 16
| #define HAVE_ALLOCA_H 1
| #define HAVE_ALLOCA 1
| #define HAVE_VPRINTF 1
| #define HAVE_LIBM 1
| #define HAVE_MEMSET 1
| #define HAVE_POSIX_MEMALIGN 1
| #define HAVE_MEMALIGN 1
| #define HAVE_SYSCTL 1
| #define HAVE_ABORT 1
| #define HAVE_SNPRINTF 1
| #define HAVE_SLEEP 1
| #define HAVE_USLEEP 1
| #define HAVE_NANOSLEEP 1
| #define HAVE_DRAND48 1
| #define HAVE_SRAND48 1
| #define HAVE_DECL_MEMALIGN 0
| #define HAVE_DECL_POSIX_MEMALIGN 1
| #define HAVE_DECL_SLEEP 1
| #define HAVE_DECL_NANOSLEEP 1
| #define HAVE_DECL_DRAND48 1
| #define HAVE_DECL_SRAND48 1
| #define HAVE_COPYSIGN 1
| /* end confdefs.h.  */
| /* Define cbrt to an innocuous variant, in case <limits.h> declares cbrt.
|    For example, HP-UX 11i <limits.h> declares gettimeofday.  */
| #define cbrt innocuous_cbrt
| 
| /* System header to define __stub macros and hopefully few prototypes,
|     which can conflict with char cbrt (); below.
|     Prefer <limits.h> to <assert.h> if __STDC__ is defined, since
|     <limits.h> exists even on freestanding compilers.  */
| 
| #ifdef __STDC__
| # include <limits.h>
| #else
| # include <assert.h>
| #endif
| 
| #undef cbrt
| 
| /* Override any GCC internal prototype to avoid an error.
|    Use char because int might match the return type of a GCC
|    builtin and then its argument prototype would still apply.  */
| #ifdef __cplusplus
| extern "C"
| #endif
| char cbrt ();
| /* The GNU C library defines this for functions which it implements
|     to always fail with ENOSYS.  Some functions are actually named
|     something starting with __ and the normal name is an alias.  */
| #if defined __stub_cbrt || defined __stub___cbrt
| choke me
| #endif
| 
| int
| main ()
| {
| return cbrt ();
|   ;
|   return 0;
| }
configure:17858: result: no
configure:17858: checking for hypot
configure:17858: gcc -o conftest -O3 -fomit-frame-pointer -malign-double -fstrict-aliasing -ffast-math -march=native -std=gnu99    conftest.c  >&5
conftest.c:103: warning: conflicting types for built-in function 'hypot'
/tmp/ccCfGk4a.o: In function `main':
conftest.c:(.text+0x7): undefined reference to `hypot'
collect2: ld returned 1 exit status
configure:17858: $? = 1
configure: failed program was:
| /* confdefs.h */
| #define PACKAGE_NAME "NFFT"
| #define PACKAGE_TARNAME "nfft"
| #define PACKAGE_VERSION "3.2.2"
| #define PACKAGE_STRING "NFFT 3.2.2"
| #define PACKAGE_BUGREPORT "bugs@nfft.org"
| #define PACKAGE_URL ""
| #define STDC_HEADERS 1
| #define HAVE_SYS_TYPES_H 1
| #define HAVE_SYS_STAT_H 1
| #define HAVE_STDLIB_H 1
| #define HAVE_STRING_H 1
| #define HAVE_MEMORY_H 1
| #define HAVE_STRINGS_H 1
| #define HAVE_INTTYPES_H 1
| #define HAVE_STDINT_H 1
| #define HAVE_UNISTD_H 1
| #define HAVE_DLFCN_H 1
| #define LT_OBJDIR ".libs/"
| #define PACKAGE "nfft"
| #define VERSION "3.2.2"
| #define KAISER_BESSEL 1
| #define restrict __restrict
| #define HAVE_LIBFFTW3 1
| #define HAVE_OPENMP 1
| #define MATLAB_ARGCHECKS 1
| #define HAVE_MATH_H 1
| #define HAVE_STDIO_H 1
| #define HAVE_STDLIB_H 1
| #define HAVE_TIME_H 1
| #define HAVE_SYS_TIME_H 1
| #define HAVE_COMPLEX_H 1
| #define HAVE_STRING_H 1
| #define HAVE_FLOAT_H 1
| #define HAVE_LIMITS_H 1
| #define HAVE_STDARG_H 1
| #define HAVE_STDDEF_H 1
| #define HAVE_SYS_TYPES_H 1
| #define HAVE_STDINT_H 1
| #define HAVE_INTTYPES_H 1
| #define HAVE_STDBOOL_H 1
| #define HAVE_MALLOC_H 1
| #define TIME_WITH_SYS_TIME 1
| #define HAVE_LONG_DOUBLE 1
| #define HAVE_UINTPTR_T 1
| #define SIZEOF_INT 4
| #define SIZEOF_UNSIGNED_INT 4
| #define SIZEOF_LONG 8
| #define SIZEOF_UNSIGNED_LONG 8
| #define SIZEOF_LONG_LONG 8
| #define SIZEOF_UNSIGNED_LONG_LONG 8
| #define SIZEOF_SIZE_T 8
| #define SIZEOF_PTRDIFF_T 8
| #define SIZEOF_FLOAT 4
| #define SIZEOF_DOUBLE 8
| #define SIZEOF_LONG_DOUBLE 16
| #define HAVE_ALLOCA_H 1
| #define HAVE_ALLOCA 1
| #define HAVE_VPRINTF 1
| #define HAVE_LIBM 1
| #define HAVE_MEMSET 1
| #define HAVE_POSIX_MEMALIGN 1
| #define HAVE_MEMALIGN 1
| #define HAVE_SYSCTL 1
| #define HAVE_ABORT 1
| #define HAVE_SNPRINTF 1
| #define HAVE_SLEEP 1
| #define HAVE_USLEEP 1
| #define HAVE_NANOSLEEP 1
| #define HAVE_DRAND48 1
| #define HAVE_SRAND48 1
| #define HAVE_DECL_MEMALIGN 0
| #define HAVE_DECL_POSIX_MEMALIGN 1
| #define HAVE_DECL_SLEEP 1
| #define HAVE_DECL_NANOSLEEP 1
| #define HAVE_DECL_DRAND48 1
| #define HAVE_DECL_SRAND48 1
| #define HAVE_COPYSIGN 1
| /* end confdefs.h.  */
| /* Define hypot to an innocuous variant, in case <limits.h> declares hypot.
|    For example, HP-UX 11i <limits.h> declares gettimeofday.  */
| #define hypot innocuous_hypot
| 
| /* System header to define __stub macros and hopefully few prototypes,
|     which can conflict with char hypot (); below.
|     Prefer <limits.h> to <assert.h> if __STDC__ is defined, since
|     <limits.h> exists even on freestanding compilers.  */
| 
| #ifdef __STDC__
| # include <limits.h>
| #else
| # include <assert.h>
| #endif
| 
| #undef hypot
| 
| /* Override any GCC internal prototype to avoid an error.
|    Use char because int might match the return type of a GCC
|    builtin and then its argument prototype would still apply.  */
| #ifdef __cplusplus
| extern "C"
| #endif
| char hypot ();
| /* The GNU C library defines this for functions which it implements
|     to always fail with ENOSYS.  Some functions are actually named
|     something starting with __ and the normal name is an alias.  */
| #if defined __stub_hypot || defined __stub___hypot
| choke me
| #endif
| 
| int
| main ()
| {
| return hypot ();
|   ;
|   return 0;
| }
configure:17858: result: no
configure:17858: checking for exp
configure:17858: gcc -o conftest -O3 -fomit-frame-pointer -malign-double -fstrict-aliasing -ffast-math -march=native -std=gnu99    conftest.c  >&5
conftest.c:103: warning: conflicting types for built-in function 'exp'
/tmp/ccI8WEAf.o: In function `main':
conftest.c:(.text+0x7): undefined reference to `exp'
collect2: ld returned 1 exit status
configure:17858: $? = 1
configure: failed program was:
| /* confdefs.h */
| #define PACKAGE_NAME "NFFT"
| #define PACKAGE_TARNAME "nfft"
| #define PACKAGE_VERSION "3.2.2"
| #define PACKAGE_STRING "NFFT 3.2.2"
| #define PACKAGE_BUGREPORT "bugs@nfft.org"
| #define PACKAGE_URL ""
| #define STDC_HEADERS 1
| #define HAVE_SYS_TYPES_H 1
| #define HAVE_SYS_STAT_H 1
| #define HAVE_STDLIB_H 1
| #define HAVE_STRING_H 1
| #define HAVE_MEMORY_H 1
| #define HAVE_STRINGS_H 1
| #define HAVE_INTTYPES_H 1
| #define HAVE_STDINT_H 1
| #define HAVE_UNISTD_H 1
| #define HAVE_DLFCN_H 1
| #define LT_OBJDIR ".libs/"
| #define PACKAGE "nfft"
| #define VERSION "3.2.2"
| #define KAISER_BESSEL 1
| #define restrict __restrict
| #define HAVE_LIBFFTW3 1
| #define HAVE_OPENMP 1
| #define MATLAB_ARGCHECKS 1
| #define HAVE_MATH_H 1
| #define HAVE_STDIO_H 1
| #define HAVE_STDLIB_H 1
| #define HAVE_TIME_H 1
| #define HAVE_SYS_TIME_H 1
| #define HAVE_COMPLEX_H 1
| #define HAVE_STRING_H 1
| #define HAVE_FLOAT_H 1
| #define HAVE_LIMITS_H 1
| #define HAVE_STDARG_H 1
| #define HAVE_STDDEF_H 1
| #define HAVE_SYS_TYPES_H 1
| #define HAVE_STDINT_H 1
| #define HAVE_INTTYPES_H 1
| #define HAVE_STDBOOL_H 1
| #define HAVE_MALLOC_H 1
| #define TIME_WITH_SYS_TIME 1
| #define HAVE_LONG_DOUBLE 1
| #define HAVE_UINTPTR_T 1
| #define SIZEOF_INT 4
| #define SIZEOF_UNSIGNED_INT 4
| #define SIZEOF_LONG 8
| #define SIZEOF_UNSIGNED_LONG 8
| #define SIZEOF_LONG_LONG 8
| #define SIZEOF_UNSIGNED_LONG_LONG 8
| #define SIZEOF_SIZE_T 8
| #define SIZEOF_PTRDIFF_T 8
| #define SIZEOF_FLOAT 4
| #define SIZEOF_DOUBLE 8
| #define SIZEOF_LONG_DOUBLE 16
| #define HAVE_ALLOCA_H 1
| #define HAVE_ALLOCA 1
| #define HAVE_VPRINTF 1
| #define HAVE_LIBM 1
| #define HAVE_MEMSET 1
| #define HAVE_POSIX_MEMALIGN 1
| #define HAVE_MEMALIGN 1
| #define HAVE_SYSCTL 1
| #define HAVE_ABORT 1
| #define HAVE_SNPRINTF 1
| #define HAVE_SLEEP 1
| #define HAVE_USLEEP 1
| #define HAVE_NANOSLEEP 1
| #define HAVE_DRAND48 1
| #define HAVE_SRAND48 1
| #define HAVE_DECL_MEMALIGN 0
| #define HAVE_DECL_POSIX_MEMALIGN 1
| #define HAVE_DECL_SLEEP 1
| #define HAVE_DECL_NANOSLEEP 1
| #define HAVE_DECL_DRAND48 1
| #define HAVE_DECL_SRAND48 1
| #define HAVE_COPYSIGN 1
| /* end confdefs.h.  */
| /* Define exp to an innocuous variant, in case <limits.h> declares exp.
|    For example, HP-UX 11i <limits.h> declares gettimeofday.  */
| #define exp innocuous_exp
| 
| /* System header to define __stub macros and hopefully few prototypes,
|     which can conflict with char exp (); below.
|     Prefer <limits.h> to <assert.h> if __STDC__ is defined, since
|     <limits.h> exists even on freestanding compilers.  */
| 
| #ifdef __STDC__
| # include <limits.h>
| #else
| # include <assert.h>
| #endif
| 
| #undef exp
| 
| /* Override any GCC internal prototype to avoid an error.
|    Use char because int might match the return type of a GCC
|    builtin and then its argument prototype would still apply.  */
| #ifdef __cplusplus
| extern "C"
| #endif
| char exp ();
| /* The GNU C library defines this for functions which it implements
|     to always fail with ENOSYS.  Some functions are actually named
|     something starting with __ and the normal name is an alias.  */
| #if defined __stub_exp || defined __stub___exp
| choke me
| #endif
| 
| int
| main ()
| {
| return exp ();
|   ;
|   return 0;
| }
configure:17858: result: no
configure:17858: checking for exp2
configure:17858: gcc -o conftest -O3 -fomit-frame-pointer -malign-double -fstrict-aliasing -ffast-math -march=native -std=gnu99    conftest.c  >&5
conftest.c:103: warning: conflicting types for built-in function 'exp2'
/tmp/ccKUsAQh.o: In function `main':
conftest.c:(.text+0x7): undefined reference to `exp2'
collect2: ld returned 1 exit status
configure:17858: $? = 1
configure: failed program was:
| /* confdefs.h */
| #define PACKAGE_NAME "NFFT"
| #define PACKAGE_TARNAME "nfft"
| #define PACKAGE_VERSION "3.2.2"
| #define PACKAGE_STRING "NFFT 3.2.2"
| #define PACKAGE_BUGREPORT "bugs@nfft.org"
| #define PACKAGE_URL ""
| #define STDC_HEADERS 1
| #define HAVE_SYS_TYPES_H 1
| #define HAVE_SYS_STAT_H 1
| #define HAVE_STDLIB_H 1
| #define HAVE_STRING_H 1
| #define HAVE_MEMORY_H 1
| #define HAVE_STRINGS_H 1
| #define HAVE_INTTYPES_H 1
| #define HAVE_STDINT_H 1
| #define HAVE_UNISTD_H 1
| #define HAVE_DLFCN_H 1
| #define LT_OBJDIR ".libs/"
| #define PACKAGE "nfft"
| #define VERSION "3.2.2"
| #define KAISER_BESSEL 1
| #define restrict __restrict
| #define HAVE_LIBFFTW3 1
| #define HAVE_OPENMP 1
| #define MATLAB_ARGCHECKS 1
| #define HAVE_MATH_H 1
| #define HAVE_STDIO_H 1
| #define HAVE_STDLIB_H 1
| #define HAVE_TIME_H 1
| #define HAVE_SYS_TIME_H 1
| #define HAVE_COMPLEX_H 1
| #define HAVE_STRING_H 1
| #define HAVE_FLOAT_H 1
| #define HAVE_LIMITS_H 1
| #define HAVE_STDARG_H 1
| #define HAVE_STDDEF_H 1
| #define HAVE_SYS_TYPES_H 1
| #define HAVE_STDINT_H 1
| #define HAVE_INTTYPES_H 1
| #define HAVE_STDBOOL_H 1
| #define HAVE_MALLOC_H 1
| #define TIME_WITH_SYS_TIME 1
| #define HAVE_LONG_DOUBLE 1
| #define HAVE_UINTPTR_T 1
| #define SIZEOF_INT 4
| #define SIZEOF_UNSIGNED_INT 4
| #define SIZEOF_LONG 8
| #define SIZEOF_UNSIGNED_LONG 8
| #define SIZEOF_LONG_LONG 8
| #define SIZEOF_UNSIGNED_LONG_LONG 8
| #define SIZEOF_SIZE_T 8
| #define SIZEOF_PTRDIFF_T 8
| #define SIZEOF_FLOAT 4
| #define SIZEOF_DOUBLE 8
| #define SIZEOF_LONG_DOUBLE 16
| #define HAVE_ALLOCA_H 1
| #define HAVE_ALLOCA 1
| #define HAVE_VPRINTF 1
| #define HAVE_LIBM 1
| #define HAVE_MEMSET 1
| #define HAVE_POSIX_MEMALIGN 1
| #define HAVE_MEMALIGN 1
| #define HAVE_SYSCTL 1
| #define HAVE_ABORT 1
| #define HAVE_SNPRINTF 1
| #define HAVE_SLEEP 1
| #define HAVE_USLEEP 1
| #define HAVE_NANOSLEEP 1
| #define HAVE_DRAND48 1
| #define HAVE_SRAND48 1
| #define HAVE_DECL_MEMALIGN 0
| #define HAVE_DECL_POSIX_MEMALIGN 1
| #define HAVE_DECL_SLEEP 1
| #define HAVE_DECL_NANOSLEEP 1
| #define HAVE_DECL_DRAND48 1
| #define HAVE_DECL_SRAND48 1
| #define HAVE_COPYSIGN 1
| /* end confdefs.h.  */
| /* Define exp2 to an innocuous variant, in case <limits.h> declares exp2.
|    For example, HP-UX 11i <limits.h> declares gettimeofday.  */
| #define exp2 innocuous_exp2
| 
| /* System header to define __stub macros and hopefully few prototypes,
|     which can conflict with char exp2 (); below.
|     Prefer <limits.h> to <assert.h> if __STDC__ is defined, since
|     <limits.h> exists even on freestanding compilers.  */
| 
| #ifdef __STDC__
| # include <limits.h>
| #else
| # include <assert.h>
| #endif
| 
| #undef exp2
| 
| /* Override any GCC internal prototype to avoid an error.
|    Use char because int might match the return type of a GCC
|    builtin and then its argument prototype would still apply.  */
| #ifdef __cplusplus
| extern "C"
| #endif
| char exp2 ();
| /* The GNU C library defines this for functions which it implements
|     to always fail with ENOSYS.  Some functions are actually named
|     something starting with __ and the normal name is an alias.  */
| #if defined __stub_exp2 || defined __stub___exp2
| choke me
| #endif
| 
| int
| main ()
| {
| return exp2 ();
|   ;
|   return 0;
| }
configure:17858: result: no
configure:17858: checking for expm1
configure:17858: gcc -o conftest -O3 -fomit-frame-pointer -malign-double -fstrict-aliasing -ffast-math -march=native -std=gnu99    conftest.c  >&5
conftest.c:103: warning: conflicting types for built-in function 'expm1'
/tmp/cc8VdCim.o: In function `main':
conftest.c:(.text+0x7): undefined reference to `expm1'
collect2: ld returned 1 exit status
configure:17858: $? = 1
configure: failed program was:
| /* confdefs.h */
| #define PACKAGE_NAME "NFFT"
| #define PACKAGE_TARNAME "nfft"
| #define PACKAGE_VERSION "3.2.2"
| #define PACKAGE_STRING "NFFT 3.2.2"
| #define PACKAGE_BUGREPORT "bugs@nfft.org"
| #define PACKAGE_URL ""
| #define STDC_HEADERS 1
| #define HAVE_SYS_TYPES_H 1
| #define HAVE_SYS_STAT_H 1
| #define HAVE_STDLIB_H 1
| #define HAVE_STRING_H 1
| #define HAVE_MEMORY_H 1
| #define HAVE_STRINGS_H 1
| #define HAVE_INTTYPES_H 1
| #define HAVE_STDINT_H 1
| #define HAVE_UNISTD_H 1
| #define HAVE_DLFCN_H 1
| #define LT_OBJDIR ".libs/"
| #define PACKAGE "nfft"
| #define VERSION "3.2.2"
| #define KAISER_BESSEL 1
| #define restrict __restrict
| #define HAVE_LIBFFTW3 1
| #define HAVE_OPENMP 1
| #define MATLAB_ARGCHECKS 1
| #define HAVE_MATH_H 1
| #define HAVE_STDIO_H 1
| #define HAVE_STDLIB_H 1
| #define HAVE_TIME_H 1
| #define HAVE_SYS_TIME_H 1
| #define HAVE_COMPLEX_H 1
| #define HAVE_STRING_H 1
| #define HAVE_FLOAT_H 1
| #define HAVE_LIMITS_H 1
| #define HAVE_STDARG_H 1
| #define HAVE_STDDEF_H 1
| #define HAVE_SYS_TYPES_H 1
| #define HAVE_STDINT_H 1
| #define HAVE_INTTYPES_H 1
| #define HAVE_STDBOOL_H 1
| #define HAVE_MALLOC_H 1
| #define TIME_WITH_SYS_TIME 1
| #define HAVE_LONG_DOUBLE 1
| #define HAVE_UINTPTR_T 1
| #define SIZEOF_INT 4
| #define SIZEOF_UNSIGNED_INT 4
| #define SIZEOF_LONG 8
| #define SIZEOF_UNSIGNED_LONG 8
| #define SIZEOF_LONG_LONG 8
| #define SIZEOF_UNSIGNED_LONG_LONG 8
| #define SIZEOF_SIZE_T 8
| #define SIZEOF_PTRDIFF_T 8
| #define SIZEOF_FLOAT 4
| #define SIZEOF_DOUBLE 8
| #define SIZEOF_LONG_DOUBLE 16
| #define HAVE_ALLOCA_H 1
| #define HAVE_ALLOCA 1
| #define HAVE_VPRINTF 1
| #define HAVE_LIBM 1
| #define HAVE_MEMSET 1
| #define HAVE_POSIX_MEMALIGN 1
| #define HAVE_MEMALIGN 1
| #define HAVE_SYSCTL 1
| #define HAVE_ABORT 1
| #define HAVE_SNPRINTF 1
| #define HAVE_SLEEP 1
| #define HAVE_USLEEP 1
| #define HAVE_NANOSLEEP 1
| #define HAVE_DRAND48 1
| #define HAVE_SRAND48 1
| #define HAVE_DECL_MEMALIGN 0
| #define HAVE_DECL_POSIX_MEMALIGN 1
| #define HAVE_DECL_SLEEP 1
| #define HAVE_DECL_NANOSLEEP 1
| #define HAVE_DECL_DRAND48 1
| #define HAVE_DECL_SRAND48 1
| #define HAVE_COPYSIGN 1
| /* end confdefs.h.  */
| /* Define expm1 to an innocuous variant, in case <limits.h> declares expm1.
|    For example, HP-UX 11i <limits.h> declares gettimeofday.  */
| #define expm1 innocuous_expm1
| 
| /* System header to define __stub macros and hopefully few prototypes,
|     which can conflict with char expm1 (); below.
|     Prefer <limits.h> to <assert.h> if __STDC__ is defined, since
|     <limits.h> exists even on freestanding compilers.  */
| 
| #ifdef __STDC__
| # include <limits.h>
| #else
| # include <assert.h>
| #endif
| 
| #undef expm1
| 
| /* Override any GCC internal prototype to avoid an error.
|    Use char because int might match the return type of a GCC
|    builtin and then its argument prototype would still apply.  */
| #ifdef __cplusplus
| extern "C"
| #endif
| char expm1 ();
| /* The GNU C library defines this for functions which it implements
|     to always fail with ENOSYS.  Some functions are actually named
|     something starting with __ and the normal name is an alias.  */
| #if defined __stub_expm1 || defined __stub___expm1
| choke me
| #endif
| 
| int
| main ()
| {
| return expm1 ();
|   ;
|   return 0;
| }
configure:17858: result: no
configure:17858: checking for log
configure:17858: gcc -o conftest -O3 -fomit-frame-pointer -malign-double -fstrict-aliasing -ffast-math -march=native -std=gnu99    conftest.c  >&5
conftest.c:103: warning: conflicting types for built-in function 'log'
/tmp/cckGKbys.o: In function `main':
conftest.c:(.text+0x7): undefined reference to `log'
collect2: ld returned 1 exit status
configure:17858: $? = 1
configure: failed program was:
| /* confdefs.h */
| #define PACKAGE_NAME "NFFT"
| #define PACKAGE_TARNAME "nfft"
| #define PACKAGE_VERSION "3.2.2"
| #define PACKAGE_STRING "NFFT 3.2.2"
| #define PACKAGE_BUGREPORT "bugs@nfft.org"
| #define PACKAGE_URL ""
| #define STDC_HEADERS 1
| #define HAVE_SYS_TYPES_H 1
| #define HAVE_SYS_STAT_H 1
| #define HAVE_STDLIB_H 1
| #define HAVE_STRING_H 1
| #define HAVE_MEMORY_H 1
| #define HAVE_STRINGS_H 1
| #define HAVE_INTTYPES_H 1
| #define HAVE_STDINT_H 1
| #define HAVE_UNISTD_H 1
| #define HAVE_DLFCN_H 1
| #define LT_OBJDIR ".libs/"
| #define PACKAGE "nfft"
| #define VERSION "3.2.2"
| #define KAISER_BESSEL 1
| #define restrict __restrict
| #define HAVE_LIBFFTW3 1
| #define HAVE_OPENMP 1
| #define MATLAB_ARGCHECKS 1
| #define HAVE_MATH_H 1
| #define HAVE_STDIO_H 1
| #define HAVE_STDLIB_H 1
| #define HAVE_TIME_H 1
| #define HAVE_SYS_TIME_H 1
| #define HAVE_COMPLEX_H 1
| #define HAVE_STRING_H 1
| #define HAVE_FLOAT_H 1
| #define HAVE_LIMITS_H 1
| #define HAVE_STDARG_H 1
| #define HAVE_STDDEF_H 1
| #define HAVE_SYS_TYPES_H 1
| #define HAVE_STDINT_H 1
| #define HAVE_INTTYPES_H 1
| #define HAVE_STDBOOL_H 1
| #define HAVE_MALLOC_H 1
| #define TIME_WITH_SYS_TIME 1
| #define HAVE_LONG_DOUBLE 1
| #define HAVE_UINTPTR_T 1
| #define SIZEOF_INT 4
| #define SIZEOF_UNSIGNED_INT 4
| #define SIZEOF_LONG 8
| #define SIZEOF_UNSIGNED_LONG 8
| #define SIZEOF_LONG_LONG 8
| #define SIZEOF_UNSIGNED_LONG_LONG 8
| #define SIZEOF_SIZE_T 8
| #define SIZEOF_PTRDIFF_T 8
| #define SIZEOF_FLOAT 4
| #define SIZEOF_DOUBLE 8
| #define SIZEOF_LONG_DOUBLE 16
| #define HAVE_ALLOCA_H 1
| #define HAVE_ALLOCA 1
| #define HAVE_VPRINTF 1
| #define HAVE_LIBM 1
| #define HAVE_MEMSET 1
| #define HAVE_POSIX_MEMALIGN 1
| #define HAVE_MEMALIGN 1
| #define HAVE_SYSCTL 1
| #define HAVE_ABORT 1
| #define HAVE_SNPRINTF 1
| #define HAVE_SLEEP 1
| #define HAVE_USLEEP 1
| #define HAVE_NANOSLEEP 1
| #define HAVE_DRAND48 1
| #define HAVE_SRAND48 1
| #define HAVE_DECL_MEMALIGN 0
| #define HAVE_DECL_POSIX_MEMALIGN 1
| #define HAVE_DECL_SLEEP 1
| #define HAVE_DECL_NANOSLEEP 1
| #define HAVE_DECL_DRAND48 1
| #define HAVE_DECL_SRAND48 1
| #define HAVE_COPYSIGN 1
| /* end confdefs.h.  */
| /* Define log to an innocuous variant, in case <limits.h> declares log.
|    For example, HP-UX 11i <limits.h> declares gettimeofday.  */
| #define log innocuous_log
| 
| /* System header to define __stub macros and hopefully few prototypes,
|     which can conflict with char log (); below.
|     Prefer <limits.h> to <assert.h> if __STDC__ is defined, since
|     <limits.h> exists even on freestanding compilers.  */
| 
| #ifdef __STDC__
| # include <limits.h>
| #else
| # include <assert.h>
| #endif
| 
| #undef log
| 
| /* Override any GCC internal prototype to avoid an error.
|    Use char because int might match the return type of a GCC
|    builtin and then its argument prototype would still apply.  */
| #ifdef __cplusplus
| extern "C"
| #endif
| char log ();
| /* The GNU C library defines this for functions which it implements
|     to always fail with ENOSYS.  Some functions are actually named
|     something starting with __ and the normal name is an alias.  */
| #if defined __stub_log || defined __stub___log
| choke me
| #endif
| 
| int
| main ()
| {
| return log ();
|   ;
|   return 0;
| }
configure:17858: result: no
configure:17858: checking for log2
configure:17858: gcc -o conftest -O3 -fomit-frame-pointer -malign-double -fstrict-aliasing -ffast-math -march=native -std=gnu99    conftest.c  >&5
conftest.c:103: warning: conflicting types for built-in function 'log2'
/tmp/ccMUmcLu.o: In function `main':
conftest.c:(.text+0x7): undefined reference to `log2'
collect2: ld returned 1 exit status
configure:17858: $? = 1
configure: failed program was:
| /* confdefs.h */
| #define PACKAGE_NAME "NFFT"
| #define PACKAGE_TARNAME "nfft"
| #define PACKAGE_VERSION "3.2.2"
| #define PACKAGE_STRING "NFFT 3.2.2"
| #define PACKAGE_BUGREPORT "bugs@nfft.org"
| #define PACKAGE_URL ""
| #define STDC_HEADERS 1
| #define HAVE_SYS_TYPES_H 1
| #define HAVE_SYS_STAT_H 1
| #define HAVE_STDLIB_H 1
| #define HAVE_STRING_H 1
| #define HAVE_MEMORY_H 1
| #define HAVE_STRINGS_H 1
| #define HAVE_INTTYPES_H 1
| #define HAVE_STDINT_H 1
| #define HAVE_UNISTD_H 1
| #define HAVE_DLFCN_H 1
| #define LT_OBJDIR ".libs/"
| #define PACKAGE "nfft"
| #define VERSION "3.2.2"
| #define KAISER_BESSEL 1
| #define restrict __restrict
| #define HAVE_LIBFFTW3 1
| #define HAVE_OPENMP 1
| #define MATLAB_ARGCHECKS 1
| #define HAVE_MATH_H 1
| #define HAVE_STDIO_H 1
| #define HAVE_STDLIB_H 1
| #define HAVE_TIME_H 1
| #define HAVE_SYS_TIME_H 1
| #define HAVE_COMPLEX_H 1
| #define HAVE_STRING_H 1
| #define HAVE_FLOAT_H 1
| #define HAVE_LIMITS_H 1
| #define HAVE_STDARG_H 1
| #define HAVE_STDDEF_H 1
| #define HAVE_SYS_TYPES_H 1
| #define HAVE_STDINT_H 1
| #define HAVE_INTTYPES_H 1
| #define HAVE_STDBOOL_H 1
| #define HAVE_MALLOC_H 1
| #define TIME_WITH_SYS_TIME 1
| #define HAVE_LONG_DOUBLE 1
| #define HAVE_UINTPTR_T 1
| #define SIZEOF_INT 4
| #define SIZEOF_UNSIGNED_INT 4
| #define SIZEOF_LONG 8
| #define SIZEOF_UNSIGNED_LONG 8
| #define SIZEOF_LONG_LONG 8
| #define SIZEOF_UNSIGNED_LONG_LONG 8
| #define SIZEOF_SIZE_T 8
| #define SIZEOF_PTRDIFF_T 8
| #define SIZEOF_FLOAT 4
| #define SIZEOF_DOUBLE 8
| #define SIZEOF_LONG_DOUBLE 16
| #define HAVE_ALLOCA_H 1
| #define HAVE_ALLOCA 1
| #define HAVE_VPRINTF 1
| #define HAVE_LIBM 1
| #define HAVE_MEMSET 1
| #define HAVE_POSIX_MEMALIGN 1
| #define HAVE_MEMALIGN 1
| #define HAVE_SYSCTL 1
| #define HAVE_ABORT 1
| #define HAVE_SNPRINTF 1
| #define HAVE_SLEEP 1
| #define HAVE_USLEEP 1
| #define HAVE_NANOSLEEP 1
| #define HAVE_DRAND48 1
| #define HAVE_SRAND48 1
| #define HAVE_DECL_MEMALIGN 0
| #define HAVE_DECL_POSIX_MEMALIGN 1
| #define HAVE_DECL_SLEEP 1
| #define HAVE_DECL_NANOSLEEP 1
| #define HAVE_DECL_DRAND48 1
| #define HAVE_DECL_SRAND48 1
| #define HAVE_COPYSIGN 1
| /* end confdefs.h.  */
| /* Define log2 to an innocuous variant, in case <limits.h> declares log2.
|    For example, HP-UX 11i <limits.h> declares gettimeofday.  */
| #define log2 innocuous_log2
| 
| /* System header to define __stub macros and hopefully few prototypes,
|     which can conflict with char log2 (); below.
|     Prefer <limits.h> to <assert.h> if __STDC__ is defined, since
|     <limits.h> exists even on freestanding compilers.  */
| 
| #ifdef __STDC__
| # include <limits.h>
| #else
| # include <assert.h>
| #endif
| 
| #undef log2
| 
| /* Override any GCC internal prototype to avoid an error.
|    Use char because int might match the return type of a GCC
|    builtin and then its argument prototype would still apply.  */
| #ifdef __cplusplus
| extern "C"
| #endif
| char log2 ();
| /* The GNU C library defines this for functions which it implements
|     to always fail with ENOSYS.  Some functions are actually named
|     something starting with __ and the normal name is an alias.  */
| #if defined __stub_log2 || defined __stub___log2
| choke me
| #endif
| 
| int
| main ()
| {
| return log2 ();
|   ;
|   return 0;
| }
configure:17858: result: no
configure:17858: checking for log10
configure:17858: gcc -o conftest -O3 -fomit-frame-pointer -malign-double -fstrict-aliasing -ffast-math -march=native -std=gnu99    conftest.c  >&5
conftest.c:103: warning: conflicting types for built-in function 'log10'
/tmp/cccoV0kz.o: In function `main':
conftest.c:(.text+0x7): undefined reference to `log10'
collect2: ld returned 1 exit status
configure:17858: $? = 1
configure: failed program was:
| /* confdefs.h */
| #define PACKAGE_NAME "NFFT"
| #define PACKAGE_TARNAME "nfft"
| #define PACKAGE_VERSION "3.2.2"
| #define PACKAGE_STRING "NFFT 3.2.2"
| #define PACKAGE_BUGREPORT "bugs@nfft.org"
| #define PACKAGE_URL ""
| #define STDC_HEADERS 1
| #define HAVE_SYS_TYPES_H 1
| #define HAVE_SYS_STAT_H 1
| #define HAVE_STDLIB_H 1
| #define HAVE_STRING_H 1
| #define HAVE_MEMORY_H 1
| #define HAVE_STRINGS_H 1
| #define HAVE_INTTYPES_H 1
| #define HAVE_STDINT_H 1
| #define HAVE_UNISTD_H 1
| #define HAVE_DLFCN_H 1
| #define LT_OBJDIR ".libs/"
| #define PACKAGE "nfft"
| #define VERSION "3.2.2"
| #define KAISER_BESSEL 1
| #define restrict __restrict
| #define HAVE_LIBFFTW3 1
| #define HAVE_OPENMP 1
| #define MATLAB_ARGCHECKS 1
| #define HAVE_MATH_H 1
| #define HAVE_STDIO_H 1
| #define HAVE_STDLIB_H 1
| #define HAVE_TIME_H 1
| #define HAVE_SYS_TIME_H 1
| #define HAVE_COMPLEX_H 1
| #define HAVE_STRING_H 1
| #define HAVE_FLOAT_H 1
| #define HAVE_LIMITS_H 1
| #define HAVE_STDARG_H 1
| #define HAVE_STDDEF_H 1
| #define HAVE_SYS_TYPES_H 1
| #define HAVE_STDINT_H 1
| #define HAVE_INTTYPES_H 1
| #define HAVE_STDBOOL_H 1
| #define HAVE_MALLOC_H 1
| #define TIME_WITH_SYS_TIME 1
| #define HAVE_LONG_DOUBLE 1
| #define HAVE_UINTPTR_T 1
| #define SIZEOF_INT 4
| #define SIZEOF_UNSIGNED_INT 4
| #define SIZEOF_LONG 8
| #define SIZEOF_UNSIGNED_LONG 8
| #define SIZEOF_LONG_LONG 8
| #define SIZEOF_UNSIGNED_LONG_LONG 8
| #define SIZEOF_SIZE_T 8
| #define SIZEOF_PTRDIFF_T 8
| #define SIZEOF_FLOAT 4
| #define SIZEOF_DOUBLE 8
| #define SIZEOF_LONG_DOUBLE 16
| #define HAVE_ALLOCA_H 1
| #define HAVE_ALLOCA 1
| #define HAVE_VPRINTF 1
| #define HAVE_LIBM 1
| #define HAVE_MEMSET 1
| #define HAVE_POSIX_MEMALIGN 1
| #define HAVE_MEMALIGN 1
| #define HAVE_SYSCTL 1
| #define HAVE_ABORT 1
| #define HAVE_SNPRINTF 1
| #define HAVE_SLEEP 1
| #define HAVE_USLEEP 1
| #define HAVE_NANOSLEEP 1
| #define HAVE_DRAND48 1
| #define HAVE_SRAND48 1
| #define HAVE_DECL_MEMALIGN 0
| #define HAVE_DECL_POSIX_MEMALIGN 1
| #define HAVE_DECL_SLEEP 1
| #define HAVE_DECL_NANOSLEEP 1
| #define HAVE_DECL_DRAND48 1
| #define HAVE_DECL_SRAND48 1
| #define HAVE_COPYSIGN 1
| /* end confdefs.h.  */
| /* Define log10 to an innocuous variant, in case <limits.h> declares log10.
|    For example, HP-UX 11i <limits.h> declares gettimeofday.  */
| #define log10 innocuous_log10
| 
| /* System header to define __stub macros and hopefully few prototypes,
|     which can conflict with char log10 (); below.
|     Prefer <limits.h> to <assert.h> if __STDC__ is defined, since
|     <limits.h> exists even on freestanding compilers.  */
| 
| #ifdef __STDC__
| # include <limits.h>
| #else
| # include <assert.h>
| #endif
| 
| #undef log10
| 
| /* Override any GCC internal prototype to avoid an error.
|    Use char because int might match the return type of a GCC
|    builtin and then its argument prototype would still apply.  */
| #ifdef __cplusplus
| extern "C"
| #endif
| char log10 ();
| /* The GNU C library defines this for functions which it implements
|     to always fail with ENOSYS.  Some functions are actually named
|     something starting with __ and the normal name is an alias.  */
| #if defined __stub_log10 || defined __stub___log10
| choke me
| #endif
| 
| int
| main ()
| {
| return log10 ();
|   ;
|   return 0;
| }
configure:17858: result: no
configure:17858: checking for log1p
configure:17858: gcc -o conftest -O3 -fomit-frame-pointer -malign-double -fstrict-aliasing -ffast-math -march=native -std=gnu99    conftest.c  >&5
conftest.c:103: warning: conflicting types for built-in function 'log1p'
/tmp/ccqTvH2E.o: In function `main':
conftest.c:(.text+0x7): undefined reference to `log1p'
collect2: ld returned 1 exit status
configure:17858: $? = 1
configure: failed program was:
| /* confdefs.h */
| #define PACKAGE_NAME "NFFT"
| #define PACKAGE_TARNAME "nfft"
| #define PACKAGE_VERSION "3.2.2"
| #define PACKAGE_STRING "NFFT 3.2.2"
| #define PACKAGE_BUGREPORT "bugs@nfft.org"
| #define PACKAGE_URL ""
| #define STDC_HEADERS 1
| #define HAVE_SYS_TYPES_H 1
| #define HAVE_SYS_STAT_H 1
| #define HAVE_STDLIB_H 1
| #define HAVE_STRING_H 1
| #define HAVE_MEMORY_H 1
| #define HAVE_STRINGS_H 1
| #define HAVE_INTTYPES_H 1
| #define HAVE_STDINT_H 1
| #define HAVE_UNISTD_H 1
| #define HAVE_DLFCN_H 1
| #define LT_OBJDIR ".libs/"
| #define PACKAGE "nfft"
| #define VERSION "3.2.2"
| #define KAISER_BESSEL 1
| #define restrict __restrict
| #define HAVE_LIBFFTW3 1
| #define HAVE_OPENMP 1
| #define MATLAB_ARGCHECKS 1
| #define HAVE_MATH_H 1
| #define HAVE_STDIO_H 1
| #define HAVE_STDLIB_H 1
| #define HAVE_TIME_H 1
| #define HAVE_SYS_TIME_H 1
| #define HAVE_COMPLEX_H 1
| #define HAVE_STRING_H 1
| #define HAVE_FLOAT_H 1
| #define HAVE_LIMITS_H 1
| #define HAVE_STDARG_H 1
| #define HAVE_STDDEF_H 1
| #define HAVE_SYS_TYPES_H 1
| #define HAVE_STDINT_H 1
| #define HAVE_INTTYPES_H 1
| #define HAVE_STDBOOL_H 1
| #define HAVE_MALLOC_H 1
| #define TIME_WITH_SYS_TIME 1
| #define HAVE_LONG_DOUBLE 1
| #define HAVE_UINTPTR_T 1
| #define SIZEOF_INT 4
| #define SIZEOF_UNSIGNED_INT 4
| #define SIZEOF_LONG 8
| #define SIZEOF_UNSIGNED_LONG 8
| #define SIZEOF_LONG_LONG 8
| #define SIZEOF_UNSIGNED_LONG_LONG 8
| #define SIZEOF_SIZE_T 8
| #define SIZEOF_PTRDIFF_T 8
| #define SIZEOF_FLOAT 4
| #define SIZEOF_DOUBLE 8
| #define SIZEOF_LONG_DOUBLE 16
| #define HAVE_ALLOCA_H 1
| #define HAVE_ALLOCA 1
| #define HAVE_VPRINTF 1
| #define HAVE_LIBM 1
| #define HAVE_MEMSET 1
| #define HAVE_POSIX_MEMALIGN 1
| #define HAVE_MEMALIGN 1
| #define HAVE_SYSCTL 1
| #define HAVE_ABORT 1
| #define HAVE_SNPRINTF 1
| #define HAVE_SLEEP 1
| #define HAVE_USLEEP 1
| #define HAVE_NANOSLEEP 1
| #define HAVE_DRAND48 1
| #define HAVE_SRAND48 1
| #define HAVE_DECL_MEMALIGN 0
| #define HAVE_DECL_POSIX_MEMALIGN 1
| #define HAVE_DECL_SLEEP 1
| #define HAVE_DECL_NANOSLEEP 1
| #define HAVE_DECL_DRAND48 1
| #define HAVE_DECL_SRAND48 1
| #define HAVE_COPYSIGN 1
| /* end confdefs.h.  */
| /* Define log1p to an innocuous variant, in case <limits.h> declares log1p.
|    For example, HP-UX 11i <limits.h> declares gettimeofday.  */
| #define log1p innocuous_log1p
| 
| /* System header to define __stub macros and hopefully few prototypes,
|     which can conflict with char log1p (); below.
|     Prefer <limits.h> to <assert.h> if __STDC__ is defined, since
|     <limits.h> exists even on freestanding compilers.  */
| 
| #ifdef __STDC__
| # include <limits.h>
| #else
| # include <assert.h>
| #endif
| 
| #undef log1p
| 
| /* Override any GCC internal prototype to avoid an error.
|    Use char because int might match the return type of a GCC
|    builtin and then its argument prototype would still apply.  */
| #ifdef __cplusplus
| extern "C"
| #endif
| char log1p ();
| /* The GNU C library defines this for functions which it implements
|     to always fail with ENOSYS.  Some functions are actually named
|     something starting with __ and the normal name is an alias.  */
| #if defined __stub_log1p || defined __stub___log1p
| choke me
| #endif
| 
| int
| main ()
| {
| return log1p ();
|   ;
|   return 0;
| }
configure:17858: result: no
configure:17858: checking for logb
configure:17858: gcc -o conftest -O3 -fomit-frame-pointer -malign-double -fstrict-aliasing -ffast-math -march=native -std=gnu99    conftest.c  >&5
conftest.c:103: warning: conflicting types for built-in function 'logb'
/tmp/cckEhOfH.o: In function `main':
conftest.c:(.text+0x7): undefined reference to `logb'
collect2: ld returned 1 exit status
configure:17858: $? = 1
configure: failed program was:
| /* confdefs.h */
| #define PACKAGE_NAME "NFFT"
| #define PACKAGE_TARNAME "nfft"
| #define PACKAGE_VERSION "3.2.2"
| #define PACKAGE_STRING "NFFT 3.2.2"
| #define PACKAGE_BUGREPORT "bugs@nfft.org"
| #define PACKAGE_URL ""
| #define STDC_HEADERS 1
| #define HAVE_SYS_TYPES_H 1
| #define HAVE_SYS_STAT_H 1
| #define HAVE_STDLIB_H 1
| #define HAVE_STRING_H 1
| #define HAVE_MEMORY_H 1
| #define HAVE_STRINGS_H 1
| #define HAVE_INTTYPES_H 1
| #define HAVE_STDINT_H 1
| #define HAVE_UNISTD_H 1
| #define HAVE_DLFCN_H 1
| #define LT_OBJDIR ".libs/"
| #define PACKAGE "nfft"
| #define VERSION "3.2.2"
| #define KAISER_BESSEL 1
| #define restrict __restrict
| #define HAVE_LIBFFTW3 1
| #define HAVE_OPENMP 1
| #define MATLAB_ARGCHECKS 1
| #define HAVE_MATH_H 1
| #define HAVE_STDIO_H 1
| #define HAVE_STDLIB_H 1
| #define HAVE_TIME_H 1
| #define HAVE_SYS_TIME_H 1
| #define HAVE_COMPLEX_H 1
| #define HAVE_STRING_H 1
| #define HAVE_FLOAT_H 1
| #define HAVE_LIMITS_H 1
| #define HAVE_STDARG_H 1
| #define HAVE_STDDEF_H 1
| #define HAVE_SYS_TYPES_H 1
| #define HAVE_STDINT_H 1
| #define HAVE_INTTYPES_H 1
| #define HAVE_STDBOOL_H 1
| #define HAVE_MALLOC_H 1
| #define TIME_WITH_SYS_TIME 1
| #define HAVE_LONG_DOUBLE 1
| #define HAVE_UINTPTR_T 1
| #define SIZEOF_INT 4
| #define SIZEOF_UNSIGNED_INT 4
| #define SIZEOF_LONG 8
| #define SIZEOF_UNSIGNED_LONG 8
| #define SIZEOF_LONG_LONG 8
| #define SIZEOF_UNSIGNED_LONG_LONG 8
| #define SIZEOF_SIZE_T 8
| #define SIZEOF_PTRDIFF_T 8
| #define SIZEOF_FLOAT 4
| #define SIZEOF_DOUBLE 8
| #define SIZEOF_LONG_DOUBLE 16
| #define HAVE_ALLOCA_H 1
| #define HAVE_ALLOCA 1
| #define HAVE_VPRINTF 1
| #define HAVE_LIBM 1
| #define HAVE_MEMSET 1
| #define HAVE_POSIX_MEMALIGN 1
| #define HAVE_MEMALIGN 1
| #define HAVE_SYSCTL 1
| #define HAVE_ABORT 1
| #define HAVE_SNPRINTF 1
| #define HAVE_SLEEP 1
| #define HAVE_USLEEP 1
| #define HAVE_NANOSLEEP 1
| #define HAVE_DRAND48 1
| #define HAVE_SRAND48 1
| #define HAVE_DECL_MEMALIGN 0
| #define HAVE_DECL_POSIX_MEMALIGN 1
| #define HAVE_DECL_SLEEP 1
| #define HAVE_DECL_NANOSLEEP 1
| #define HAVE_DECL_DRAND48 1
| #define HAVE_DECL_SRAND48 1
| #define HAVE_COPYSIGN 1
| /* end confdefs.h.  */
| /* Define logb to an innocuous variant, in case <limits.h> declares logb.
|    For example, HP-UX 11i <limits.h> declares gettimeofday.  */
| #define logb innocuous_logb
| 
| /* System header to define __stub macros and hopefully few prototypes,
|     which can conflict with char logb (); below.
|     Prefer <limits.h> to <assert.h> if __STDC__ is defined, since
|     <limits.h> exists even on freestanding compilers.  */
| 
| #ifdef __STDC__
| # include <limits.h>
| #else
| # include <assert.h>
| #endif
| 
| #undef logb
| 
| /* Override any GCC internal prototype to avoid an error.
|    Use char because int might match the return type of a GCC
|    builtin and then its argument prototype would still apply.  */
| #ifdef __cplusplus
| extern "C"
| #endif
| char logb ();
| /* The GNU C library defines this for functions which it implements
|     to always fail with ENOSYS.  Some functions are actually named
|     something starting with __ and the normal name is an alias.  */
| #if defined __stub_logb || defined __stub___logb
| choke me
| #endif
| 
| int
| main ()
| {
| return logb ();
|   ;
|   return 0;
| }
configure:17858: result: no
configure:17858: checking for ilogb
configure:17858: gcc -o conftest -O3 -fomit-frame-pointer -malign-double -fstrict-aliasing -ffast-math -march=native -std=gnu99    conftest.c  >&5
conftest.c:103: warning: conflicting types for built-in function 'ilogb'
/tmp/ccQL8LQL.o: In function `main':
conftest.c:(.text+0x7): undefined reference to `ilogb'
collect2: ld returned 1 exit status
configure:17858: $? = 1
configure: failed program was:
| /* confdefs.h */
| #define PACKAGE_NAME "NFFT"
| #define PACKAGE_TARNAME "nfft"
| #define PACKAGE_VERSION "3.2.2"
| #define PACKAGE_STRING "NFFT 3.2.2"
| #define PACKAGE_BUGREPORT "bugs@nfft.org"
| #define PACKAGE_URL ""
| #define STDC_HEADERS 1
| #define HAVE_SYS_TYPES_H 1
| #define HAVE_SYS_STAT_H 1
| #define HAVE_STDLIB_H 1
| #define HAVE_STRING_H 1
| #define HAVE_MEMORY_H 1
| #define HAVE_STRINGS_H 1
| #define HAVE_INTTYPES_H 1
| #define HAVE_STDINT_H 1
| #define HAVE_UNISTD_H 1
| #define HAVE_DLFCN_H 1
| #define LT_OBJDIR ".libs/"
| #define PACKAGE "nfft"
| #define VERSION "3.2.2"
| #define KAISER_BESSEL 1
| #define restrict __restrict
| #define HAVE_LIBFFTW3 1
| #define HAVE_OPENMP 1
| #define MATLAB_ARGCHECKS 1
| #define HAVE_MATH_H 1
| #define HAVE_STDIO_H 1
| #define HAVE_STDLIB_H 1
| #define HAVE_TIME_H 1
| #define HAVE_SYS_TIME_H 1
| #define HAVE_COMPLEX_H 1
| #define HAVE_STRING_H 1
| #define HAVE_FLOAT_H 1
| #define HAVE_LIMITS_H 1
| #define HAVE_STDARG_H 1
| #define HAVE_STDDEF_H 1
| #define HAVE_SYS_TYPES_H 1
| #define HAVE_STDINT_H 1
| #define HAVE_INTTYPES_H 1
| #define HAVE_STDBOOL_H 1
| #define HAVE_MALLOC_H 1
| #define TIME_WITH_SYS_TIME 1
| #define HAVE_LONG_DOUBLE 1
| #define HAVE_UINTPTR_T 1
| #define SIZEOF_INT 4
| #define SIZEOF_UNSIGNED_INT 4
| #define SIZEOF_LONG 8
| #define SIZEOF_UNSIGNED_LONG 8
| #define SIZEOF_LONG_LONG 8
| #define SIZEOF_UNSIGNED_LONG_LONG 8
| #define SIZEOF_SIZE_T 8
| #define SIZEOF_PTRDIFF_T 8
| #define SIZEOF_FLOAT 4
| #define SIZEOF_DOUBLE 8
| #define SIZEOF_LONG_DOUBLE 16
| #define HAVE_ALLOCA_H 1
| #define HAVE_ALLOCA 1
| #define HAVE_VPRINTF 1
| #define HAVE_LIBM 1
| #define HAVE_MEMSET 1
| #define HAVE_POSIX_MEMALIGN 1
| #define HAVE_MEMALIGN 1
| #define HAVE_SYSCTL 1
| #define HAVE_ABORT 1
| #define HAVE_SNPRINTF 1
| #define HAVE_SLEEP 1
| #define HAVE_USLEEP 1
| #define HAVE_NANOSLEEP 1
| #define HAVE_DRAND48 1
| #define HAVE_SRAND48 1
| #define HAVE_DECL_MEMALIGN 0
| #define HAVE_DECL_POSIX_MEMALIGN 1
| #define HAVE_DECL_SLEEP 1
| #define HAVE_DECL_NANOSLEEP 1
| #define HAVE_DECL_DRAND48 1
| #define HAVE_DECL_SRAND48 1
| #define HAVE_COPYSIGN 1
| /* end confdefs.h.  */
| /* Define ilogb to an innocuous variant, in case <limits.h> declares ilogb.
|    For example, HP-UX 11i <limits.h> declares gettimeofday.  */
| #define ilogb innocuous_ilogb
| 
| /* System header to define __stub macros and hopefully few prototypes,
|     which can conflict with char ilogb (); below.
|     Prefer <limits.h> to <assert.h> if __STDC__ is defined, since
|     <limits.h> exists even on freestanding compilers.  */
| 
| #ifdef __STDC__
| # include <limits.h>
| #else
| # include <assert.h>
| #endif
| 
| #undef ilogb
| 
| /* Override any GCC internal prototype to avoid an error.
|    Use char because int might match the return type of a GCC
|    builtin and then its argument prototype would still apply.  */
| #ifdef __cplusplus
| extern "C"
| #endif
| char ilogb ();
| /* The GNU C library defines this for functions which it implements
|     to always fail with ENOSYS.  Some functions are actually named
|     something starting with __ and the normal name is an alias.  */
| #if defined __stub_ilogb || defined __stub___ilogb
| choke me
| #endif
| 
| int
| main ()
| {
| return ilogb ();
|   ;
|   return 0;
| }
configure:17858: result: no
configure:17858: checking for modf
configure:17858: gcc -o conftest -O3 -fomit-frame-pointer -malign-double -fstrict-aliasing -ffast-math -march=native -std=gnu99    conftest.c  >&5
conftest.c:103: warning: conflicting types for built-in function 'modf'
configure:17858: $? = 0
configure:17858: result: yes
configure:17858: checking for frexp
configure:17858: gcc -o conftest -O3 -fomit-frame-pointer -malign-double -fstrict-aliasing -ffast-math -march=native -std=gnu99    conftest.c  >&5
conftest.c:104: warning: conflicting types for built-in function 'frexp'
configure:17858: $? = 0
configure:17858: result: yes
configure:17858: checking for ldexp
configure:17858: gcc -o conftest -O3 -fomit-frame-pointer -malign-double -fstrict-aliasing -ffast-math -march=native -std=gnu99    conftest.c  >&5
conftest.c:105: warning: conflicting types for built-in function 'ldexp'
configure:17858: $? = 0
configure:17858: result: yes
configure:17858: checking for scalbn
configure:17858: gcc -o conftest -O3 -fomit-frame-pointer -malign-double -fstrict-aliasing -ffast-math -march=native -std=gnu99    conftest.c  >&5
conftest.c:106: warning: conflicting types for built-in function 'scalbn'
configure:17858: $? = 0
configure:17858: result: yes
configure:17858: checking for scalbln
configure:17858: gcc -o conftest -O3 -fomit-frame-pointer -malign-double -fstrict-aliasing -ffast-math -march=native -std=gnu99    conftest.c  >&5
conftest.c:107: warning: conflicting types for built-in function 'scalbln'
configure:17858: $? = 0
configure:17858: result: yes
configure:17858: checking for pow
configure:17858: gcc -o conftest -O3 -fomit-frame-pointer -malign-double -fstrict-aliasing -ffast-math -march=native -std=gnu99    conftest.c  >&5
conftest.c:108: warning: conflicting types for built-in function 'pow'
/tmp/cczzQGK7.o: In function `main':
conftest.c:(.text+0x7): undefined reference to `pow'
collect2: ld returned 1 exit status
configure:17858: $? = 1
configure: failed program was:
| /* confdefs.h */
| #define PACKAGE_NAME "NFFT"
| #define PACKAGE_TARNAME "nfft"
| #define PACKAGE_VERSION "3.2.2"
| #define PACKAGE_STRING "NFFT 3.2.2"
| #define PACKAGE_BUGREPORT "bugs@nfft.org"
| #define PACKAGE_URL ""
| #define STDC_HEADERS 1
| #define HAVE_SYS_TYPES_H 1
| #define HAVE_SYS_STAT_H 1
| #define HAVE_STDLIB_H 1
| #define HAVE_STRING_H 1
| #define HAVE_MEMORY_H 1
| #define HAVE_STRINGS_H 1
| #define HAVE_INTTYPES_H 1
| #define HAVE_STDINT_H 1
| #define HAVE_UNISTD_H 1
| #define HAVE_DLFCN_H 1
| #define LT_OBJDIR ".libs/"
| #define PACKAGE "nfft"
| #define VERSION "3.2.2"
| #define KAISER_BESSEL 1
| #define restrict __restrict
| #define HAVE_LIBFFTW3 1
| #define HAVE_OPENMP 1
| #define MATLAB_ARGCHECKS 1
| #define HAVE_MATH_H 1
| #define HAVE_STDIO_H 1
| #define HAVE_STDLIB_H 1
| #define HAVE_TIME_H 1
| #define HAVE_SYS_TIME_H 1
| #define HAVE_COMPLEX_H 1
| #define HAVE_STRING_H 1
| #define HAVE_FLOAT_H 1
| #define HAVE_LIMITS_H 1
| #define HAVE_STDARG_H 1
| #define HAVE_STDDEF_H 1
| #define HAVE_SYS_TYPES_H 1
| #define HAVE_STDINT_H 1
| #define HAVE_INTTYPES_H 1
| #define HAVE_STDBOOL_H 1
| #define HAVE_MALLOC_H 1
| #define TIME_WITH_SYS_TIME 1
| #define HAVE_LONG_DOUBLE 1
| #define HAVE_UINTPTR_T 1
| #define SIZEOF_INT 4
| #define SIZEOF_UNSIGNED_INT 4
| #define SIZEOF_LONG 8
| #define SIZEOF_UNSIGNED_LONG 8
| #define SIZEOF_LONG_LONG 8
| #define SIZEOF_UNSIGNED_LONG_LONG 8
| #define SIZEOF_SIZE_T 8
| #define SIZEOF_PTRDIFF_T 8
| #define SIZEOF_FLOAT 4
| #define SIZEOF_DOUBLE 8
| #define SIZEOF_LONG_DOUBLE 16
| #define HAVE_ALLOCA_H 1
| #define HAVE_ALLOCA 1
| #define HAVE_VPRINTF 1
| #define HAVE_LIBM 1
| #define HAVE_MEMSET 1
| #define HAVE_POSIX_MEMALIGN 1
| #define HAVE_MEMALIGN 1
| #define HAVE_SYSCTL 1
| #define HAVE_ABORT 1
| #define HAVE_SNPRINTF 1
| #define HAVE_SLEEP 1
| #define HAVE_USLEEP 1
| #define HAVE_NANOSLEEP 1
| #define HAVE_DRAND48 1
| #define HAVE_SRAND48 1
| #define HAVE_DECL_MEMALIGN 0
| #define HAVE_DECL_POSIX_MEMALIGN 1
| #define HAVE_DECL_SLEEP 1
| #define HAVE_DECL_NANOSLEEP 1
| #define HAVE_DECL_DRAND48 1
| #define HAVE_DECL_SRAND48 1
| #define HAVE_COPYSIGN 1
| #define HAVE_MODF 1
| #define HAVE_FREXP 1
| #define HAVE_LDEXP 1
| #define HAVE_SCALBN 1
| #define HAVE_SCALBLN 1
| /* end confdefs.h.  */
| /* Define pow to an innocuous variant, in case <limits.h> declares pow.
|    For example, HP-UX 11i <limits.h> declares gettimeofday.  */
| #define pow innocuous_pow
| 
| /* System header to define __stub macros and hopefully few prototypes,
|     which can conflict with char pow (); below.
|     Prefer <limits.h> to <assert.h> if __STDC__ is defined, since
|     <limits.h> exists even on freestanding compilers.  */
| 
| #ifdef __STDC__
| # include <limits.h>
| #else
| # include <assert.h>
| #endif
| 
| #undef pow
| 
| /* Override any GCC internal prototype to avoid an error.
|    Use char because int might match the return type of a GCC
|    builtin and then its argument prototype would still apply.  */
| #ifdef __cplusplus
| extern "C"
| #endif
| char pow ();
| /* The GNU C library defines this for functions which it implements
|     to always fail with ENOSYS.  Some functions are actually named
|     something starting with __ and the normal name is an alias.  */
| #if defined __stub_pow || defined __stub___pow
| choke me
| #endif
| 
| int
| main ()
| {
| return pow ();
|   ;
|   return 0;
| }
configure:17858: result: no
configure:17858: checking for cos
configure:17858: gcc -o conftest -O3 -fomit-frame-pointer -malign-double -fstrict-aliasing -ffast-math -march=native -std=gnu99    conftest.c  >&5
conftest.c:108: warning: conflicting types for built-in function 'cos'
/tmp/ccpaCV58.o: In function `main':
conftest.c:(.text+0x7): undefined reference to `cos'
collect2: ld returned 1 exit status
configure:17858: $? = 1
configure: failed program was:
| /* confdefs.h */
| #define PACKAGE_NAME "NFFT"
| #define PACKAGE_TARNAME "nfft"
| #define PACKAGE_VERSION "3.2.2"
| #define PACKAGE_STRING "NFFT 3.2.2"
| #define PACKAGE_BUGREPORT "bugs@nfft.org"
| #define PACKAGE_URL ""
| #define STDC_HEADERS 1
| #define HAVE_SYS_TYPES_H 1
| #define HAVE_SYS_STAT_H 1
| #define HAVE_STDLIB_H 1
| #define HAVE_STRING_H 1
| #define HAVE_MEMORY_H 1
| #define HAVE_STRINGS_H 1
| #define HAVE_INTTYPES_H 1
| #define HAVE_STDINT_H 1
| #define HAVE_UNISTD_H 1
| #define HAVE_DLFCN_H 1
| #define LT_OBJDIR ".libs/"
| #define PACKAGE "nfft"
| #define VERSION "3.2.2"
| #define KAISER_BESSEL 1
| #define restrict __restrict
| #define HAVE_LIBFFTW3 1
| #define HAVE_OPENMP 1
| #define MATLAB_ARGCHECKS 1
| #define HAVE_MATH_H 1
| #define HAVE_STDIO_H 1
| #define HAVE_STDLIB_H 1
| #define HAVE_TIME_H 1
| #define HAVE_SYS_TIME_H 1
| #define HAVE_COMPLEX_H 1
| #define HAVE_STRING_H 1
| #define HAVE_FLOAT_H 1
| #define HAVE_LIMITS_H 1
| #define HAVE_STDARG_H 1
| #define HAVE_STDDEF_H 1
| #define HAVE_SYS_TYPES_H 1
| #define HAVE_STDINT_H 1
| #define HAVE_INTTYPES_H 1
| #define HAVE_STDBOOL_H 1
| #define HAVE_MALLOC_H 1
| #define TIME_WITH_SYS_TIME 1
| #define HAVE_LONG_DOUBLE 1
| #define HAVE_UINTPTR_T 1
| #define SIZEOF_INT 4
| #define SIZEOF_UNSIGNED_INT 4
| #define SIZEOF_LONG 8
| #define SIZEOF_UNSIGNED_LONG 8
| #define SIZEOF_LONG_LONG 8
| #define SIZEOF_UNSIGNED_LONG_LONG 8
| #define SIZEOF_SIZE_T 8
| #define SIZEOF_PTRDIFF_T 8
| #define SIZEOF_FLOAT 4
| #define SIZEOF_DOUBLE 8
| #define SIZEOF_LONG_DOUBLE 16
| #define HAVE_ALLOCA_H 1
| #define HAVE_ALLOCA 1
| #define HAVE_VPRINTF 1
| #define HAVE_LIBM 1
| #define HAVE_MEMSET 1
| #define HAVE_POSIX_MEMALIGN 1
| #define HAVE_MEMALIGN 1
| #define HAVE_SYSCTL 1
| #define HAVE_ABORT 1
| #define HAVE_SNPRINTF 1
| #define HAVE_SLEEP 1
| #define HAVE_USLEEP 1
| #define HAVE_NANOSLEEP 1
| #define HAVE_DRAND48 1
| #define HAVE_SRAND48 1
| #define HAVE_DECL_MEMALIGN 0
| #define HAVE_DECL_POSIX_MEMALIGN 1
| #define HAVE_DECL_SLEEP 1
| #define HAVE_DECL_NANOSLEEP 1
| #define HAVE_DECL_DRAND48 1
| #define HAVE_DECL_SRAND48 1
| #define HAVE_COPYSIGN 1
| #define HAVE_MODF 1
| #define HAVE_FREXP 1
| #define HAVE_LDEXP 1
| #define HAVE_SCALBN 1
| #define HAVE_SCALBLN 1
| /* end confdefs.h.  */
| /* Define cos to an innocuous variant, in case <limits.h> declares cos.
|    For example, HP-UX 11i <limits.h> declares gettimeofday.  */
| #define cos innocuous_cos
| 
| /* System header to define __stub macros and hopefully few prototypes,
|     which can conflict with char cos (); below.
|     Prefer <limits.h> to <assert.h> if __STDC__ is defined, since
|     <limits.h> exists even on freestanding compilers.  */
| 
| #ifdef __STDC__
| # include <limits.h>
| #else
| # include <assert.h>
| #endif
| 
| #undef cos
| 
| /* Override any GCC internal prototype to avoid an error.
|    Use char because int might match the return type of a GCC
|    builtin and then its argument prototype would still apply.  */
| #ifdef __cplusplus
| extern "C"
| #endif
| char cos ();
| /* The GNU C library defines this for functions which it implements
|     to always fail with ENOSYS.  Some functions are actually named
|     something starting with __ and the normal name is an alias.  */
| #if defined __stub_cos || defined __stub___cos
| choke me
| #endif
| 
| int
| main ()
| {
| return cos ();
|   ;
|   return 0;
| }
configure:17858: result: no
configure:17858: checking for sin
configure:17858: gcc -o conftest -O3 -fomit-frame-pointer -malign-double -fstrict-aliasing -ffast-math -march=native -std=gnu99    conftest.c  >&5
conftest.c:108: warning: conflicting types for built-in function 'sin'
/tmp/cc1leSCd.o: In function `main':
conftest.c:(.text+0x7): undefined reference to `sin'
collect2: ld returned 1 exit status
configure:17858: $? = 1
configure: failed program was:
| /* confdefs.h */
| #define PACKAGE_NAME "NFFT"
| #define PACKAGE_TARNAME "nfft"
| #define PACKAGE_VERSION "3.2.2"
| #define PACKAGE_STRING "NFFT 3.2.2"
| #define PACKAGE_BUGREPORT "bugs@nfft.org"
| #define PACKAGE_URL ""
| #define STDC_HEADERS 1
| #define HAVE_SYS_TYPES_H 1
| #define HAVE_SYS_STAT_H 1
| #define HAVE_STDLIB_H 1
| #define HAVE_STRING_H 1
| #define HAVE_MEMORY_H 1
| #define HAVE_STRINGS_H 1
| #define HAVE_INTTYPES_H 1
| #define HAVE_STDINT_H 1
| #define HAVE_UNISTD_H 1
| #define HAVE_DLFCN_H 1
| #define LT_OBJDIR ".libs/"
| #define PACKAGE "nfft"
| #define VERSION "3.2.2"
| #define KAISER_BESSEL 1
| #define restrict __restrict
| #define HAVE_LIBFFTW3 1
| #define HAVE_OPENMP 1
| #define MATLAB_ARGCHECKS 1
| #define HAVE_MATH_H 1
| #define HAVE_STDIO_H 1
| #define HAVE_STDLIB_H 1
| #define HAVE_TIME_H 1
| #define HAVE_SYS_TIME_H 1
| #define HAVE_COMPLEX_H 1
| #define HAVE_STRING_H 1
| #define HAVE_FLOAT_H 1
| #define HAVE_LIMITS_H 1
| #define HAVE_STDARG_H 1
| #define HAVE_STDDEF_H 1
| #define HAVE_SYS_TYPES_H 1
| #define HAVE_STDINT_H 1
| #define HAVE_INTTYPES_H 1
| #define HAVE_STDBOOL_H 1
| #define HAVE_MALLOC_H 1
| #define TIME_WITH_SYS_TIME 1
| #define HAVE_LONG_DOUBLE 1
| #define HAVE_UINTPTR_T 1
| #define SIZEOF_INT 4
| #define SIZEOF_UNSIGNED_INT 4
| #define SIZEOF_LONG 8
| #define SIZEOF_UNSIGNED_LONG 8
| #define SIZEOF_LONG_LONG 8
| #define SIZEOF_UNSIGNED_LONG_LONG 8
| #define SIZEOF_SIZE_T 8
| #define SIZEOF_PTRDIFF_T 8
| #define SIZEOF_FLOAT 4
| #define SIZEOF_DOUBLE 8
| #define SIZEOF_LONG_DOUBLE 16
| #define HAVE_ALLOCA_H 1
| #define HAVE_ALLOCA 1
| #define HAVE_VPRINTF 1
| #define HAVE_LIBM 1
| #define HAVE_MEMSET 1
| #define HAVE_POSIX_MEMALIGN 1
| #define HAVE_MEMALIGN 1
| #define HAVE_SYSCTL 1
| #define HAVE_ABORT 1
| #define HAVE_SNPRINTF 1
| #define HAVE_SLEEP 1
| #define HAVE_USLEEP 1
| #define HAVE_NANOSLEEP 1
| #define HAVE_DRAND48 1
| #define HAVE_SRAND48 1
| #define HAVE_DECL_MEMALIGN 0
| #define HAVE_DECL_POSIX_MEMALIGN 1
| #define HAVE_DECL_SLEEP 1
| #define HAVE_DECL_NANOSLEEP 1
| #define HAVE_DECL_DRAND48 1
| #define HAVE_DECL_SRAND48 1
| #define HAVE_COPYSIGN 1
| #define HAVE_MODF 1
| #define HAVE_FREXP 1
| #define HAVE_LDEXP 1
| #define HAVE_SCALBN 1
| #define HAVE_SCALBLN 1
| /* end confdefs.h.  */
| /* Define sin to an innocuous variant, in case <limits.h> declares sin.
|    For example, HP-UX 11i <limits.h> declares gettimeofday.  */
| #define sin innocuous_sin
| 
| /* System header to define __stub macros and hopefully few prototypes,
|     which can conflict with char sin (); below.
|     Prefer <limits.h> to <assert.h> if __STDC__ is defined, since
|     <limits.h> exists even on freestanding compilers.  */
| 
| #ifdef __STDC__
| # include <limits.h>
| #else
| # include <assert.h>
| #endif
| 
| #undef sin
| 
| /* Override any GCC internal prototype to avoid an error.
|    Use char because int might match the return type of a GCC
|    builtin and then its argument prototype would still apply.  */
| #ifdef __cplusplus
| extern "C"
| #endif
| char sin ();
| /* The GNU C library defines this for functions which it implements
|     to always fail with ENOSYS.  Some functions are actually named
|     something starting with __ and the normal name is an alias.  */
| #if defined __stub_sin || defined __stub___sin
| choke me
| #endif
| 
| int
| main ()
| {
| return sin ();
|   ;
|   return 0;
| }
configure:17858: result: no
configure:17858: checking for tan
configure:17858: gcc -o conftest -O3 -fomit-frame-pointer -malign-double -fstrict-aliasing -ffast-math -march=native -std=gnu99    conftest.c  >&5
conftest.c:108: warning: conflicting types for built-in function 'tan'
/tmp/cczTvgBk.o: In function `main':
conftest.c:(.text+0x7): undefined reference to `tan'
collect2: ld returned 1 exit status
configure:17858: $? = 1
configure: failed program was:
| /* confdefs.h */
| #define PACKAGE_NAME "NFFT"
| #define PACKAGE_TARNAME "nfft"
| #define PACKAGE_VERSION "3.2.2"
| #define PACKAGE_STRING "NFFT 3.2.2"
| #define PACKAGE_BUGREPORT "bugs@nfft.org"
| #define PACKAGE_URL ""
| #define STDC_HEADERS 1
| #define HAVE_SYS_TYPES_H 1
| #define HAVE_SYS_STAT_H 1
| #define HAVE_STDLIB_H 1
| #define HAVE_STRING_H 1
| #define HAVE_MEMORY_H 1
| #define HAVE_STRINGS_H 1
| #define HAVE_INTTYPES_H 1
| #define HAVE_STDINT_H 1
| #define HAVE_UNISTD_H 1
| #define HAVE_DLFCN_H 1
| #define LT_OBJDIR ".libs/"
| #define PACKAGE "nfft"
| #define VERSION "3.2.2"
| #define KAISER_BESSEL 1
| #define restrict __restrict
| #define HAVE_LIBFFTW3 1
| #define HAVE_OPENMP 1
| #define MATLAB_ARGCHECKS 1
| #define HAVE_MATH_H 1
| #define HAVE_STDIO_H 1
| #define HAVE_STDLIB_H 1
| #define HAVE_TIME_H 1
| #define HAVE_SYS_TIME_H 1
| #define HAVE_COMPLEX_H 1
| #define HAVE_STRING_H 1
| #define HAVE_FLOAT_H 1
| #define HAVE_LIMITS_H 1
| #define HAVE_STDARG_H 1
| #define HAVE_STDDEF_H 1
| #define HAVE_SYS_TYPES_H 1
| #define HAVE_STDINT_H 1
| #define HAVE_INTTYPES_H 1
| #define HAVE_STDBOOL_H 1
| #define HAVE_MALLOC_H 1
| #define TIME_WITH_SYS_TIME 1
| #define HAVE_LONG_DOUBLE 1
| #define HAVE_UINTPTR_T 1
| #define SIZEOF_INT 4
| #define SIZEOF_UNSIGNED_INT 4
| #define SIZEOF_LONG 8
| #define SIZEOF_UNSIGNED_LONG 8
| #define SIZEOF_LONG_LONG 8
| #define SIZEOF_UNSIGNED_LONG_LONG 8
| #define SIZEOF_SIZE_T 8
| #define SIZEOF_PTRDIFF_T 8
| #define SIZEOF_FLOAT 4
| #define SIZEOF_DOUBLE 8
| #define SIZEOF_LONG_DOUBLE 16
| #define HAVE_ALLOCA_H 1
| #define HAVE_ALLOCA 1
| #define HAVE_VPRINTF 1
| #define HAVE_LIBM 1
| #define HAVE_MEMSET 1
| #define HAVE_POSIX_MEMALIGN 1
| #define HAVE_MEMALIGN 1
| #define HAVE_SYSCTL 1
| #define HAVE_ABORT 1
| #define HAVE_SNPRINTF 1
| #define HAVE_SLEEP 1
| #define HAVE_USLEEP 1
| #define HAVE_NANOSLEEP 1
| #define HAVE_DRAND48 1
| #define HAVE_SRAND48 1
| #define HAVE_DECL_MEMALIGN 0
| #define HAVE_DECL_POSIX_MEMALIGN 1
| #define HAVE_DECL_SLEEP 1
| #define HAVE_DECL_NANOSLEEP 1
| #define HAVE_DECL_DRAND48 1
| #define HAVE_DECL_SRAND48 1
| #define HAVE_COPYSIGN 1
| #define HAVE_MODF 1
| #define HAVE_FREXP 1
| #define HAVE_LDEXP 1
| #define HAVE_SCALBN 1
| #define HAVE_SCALBLN 1
| /* end confdefs.h.  */
| /* Define tan to an innocuous variant, in case <limits.h> declares tan.
|    For example, HP-UX 11i <limits.h> declares gettimeofday.  */
| #define tan innocuous_tan
| 
| /* System header to define __stub macros and hopefully few prototypes,
|     which can conflict with char tan (); below.
|     Prefer <limits.h> to <assert.h> if __STDC__ is defined, since
|     <limits.h> exists even on freestanding compilers.  */
| 
| #ifdef __STDC__
| # include <limits.h>
| #else
| # include <assert.h>
| #endif
| 
| #undef tan
| 
| /* Override any GCC internal prototype to avoid an error.
|    Use char because int might match the return type of a GCC
|    builtin and then its argument prototype would still apply.  */
| #ifdef __cplusplus
| extern "C"
| #endif
| char tan ();
| /* The GNU C library defines this for functions which it implements
|     to always fail with ENOSYS.  Some functions are actually named
|     something starting with __ and the normal name is an alias.  */
| #if defined __stub_tan || defined __stub___tan
| choke me
| #endif
| 
| int
| main ()
| {
| return tan ();
|   ;
|   return 0;
| }
configure:17858: result: no
configure:17858: checking for cosh
configure:17858: gcc -o conftest -O3 -fomit-frame-pointer -malign-double -fstrict-aliasing -ffast-math -march=native -std=gnu99    conftest.c  >&5
conftest.c:108: warning: conflicting types for built-in function 'cosh'
/tmp/ccnDmi8o.o: In function `main':
conftest.c:(.text+0x7): undefined reference to `cosh'
collect2: ld returned 1 exit status
configure:17858: $? = 1
configure: failed program was:
| /* confdefs.h */
| #define PACKAGE_NAME "NFFT"
| #define PACKAGE_TARNAME "nfft"
| #define PACKAGE_VERSION "3.2.2"
| #define PACKAGE_STRING "NFFT 3.2.2"
| #define PACKAGE_BUGREPORT "bugs@nfft.org"
| #define PACKAGE_URL ""
| #define STDC_HEADERS 1
| #define HAVE_SYS_TYPES_H 1
| #define HAVE_SYS_STAT_H 1
| #define HAVE_STDLIB_H 1
| #define HAVE_STRING_H 1
| #define HAVE_MEMORY_H 1
| #define HAVE_STRINGS_H 1
| #define HAVE_INTTYPES_H 1
| #define HAVE_STDINT_H 1
| #define HAVE_UNISTD_H 1
| #define HAVE_DLFCN_H 1
| #define LT_OBJDIR ".libs/"
| #define PACKAGE "nfft"
| #define VERSION "3.2.2"
| #define KAISER_BESSEL 1
| #define restrict __restrict
| #define HAVE_LIBFFTW3 1
| #define HAVE_OPENMP 1
| #define MATLAB_ARGCHECKS 1
| #define HAVE_MATH_H 1
| #define HAVE_STDIO_H 1
| #define HAVE_STDLIB_H 1
| #define HAVE_TIME_H 1
| #define HAVE_SYS_TIME_H 1
| #define HAVE_COMPLEX_H 1
| #define HAVE_STRING_H 1
| #define HAVE_FLOAT_H 1
| #define HAVE_LIMITS_H 1
| #define HAVE_STDARG_H 1
| #define HAVE_STDDEF_H 1
| #define HAVE_SYS_TYPES_H 1
| #define HAVE_STDINT_H 1
| #define HAVE_INTTYPES_H 1
| #define HAVE_STDBOOL_H 1
| #define HAVE_MALLOC_H 1
| #define TIME_WITH_SYS_TIME 1
| #define HAVE_LONG_DOUBLE 1
| #define HAVE_UINTPTR_T 1
| #define SIZEOF_INT 4
| #define SIZEOF_UNSIGNED_INT 4
| #define SIZEOF_LONG 8
| #define SIZEOF_UNSIGNED_LONG 8
| #define SIZEOF_LONG_LONG 8
| #define SIZEOF_UNSIGNED_LONG_LONG 8
| #define SIZEOF_SIZE_T 8
| #define SIZEOF_PTRDIFF_T 8
| #define SIZEOF_FLOAT 4
| #define SIZEOF_DOUBLE 8
| #define SIZEOF_LONG_DOUBLE 16
| #define HAVE_ALLOCA_H 1
| #define HAVE_ALLOCA 1
| #define HAVE_VPRINTF 1
| #define HAVE_LIBM 1
| #define HAVE_MEMSET 1
| #define HAVE_POSIX_MEMALIGN 1
| #define HAVE_MEMALIGN 1
| #define HAVE_SYSCTL 1
| #define HAVE_ABORT 1
| #define HAVE_SNPRINTF 1
| #define HAVE_SLEEP 1
| #define HAVE_USLEEP 1
| #define HAVE_NANOSLEEP 1
| #define HAVE_DRAND48 1
| #define HAVE_SRAND48 1
| #define HAVE_DECL_MEMALIGN 0
| #define HAVE_DECL_POSIX_MEMALIGN 1
| #define HAVE_DECL_SLEEP 1
| #define HAVE_DECL_NANOSLEEP 1
| #define HAVE_DECL_DRAND48 1
| #define HAVE_DECL_SRAND48 1
| #define HAVE_COPYSIGN 1
| #define HAVE_MODF 1
| #define HAVE_FREXP 1
| #define HAVE_LDEXP 1
| #define HAVE_SCALBN 1
| #define HAVE_SCALBLN 1
| /* end confdefs.h.  */
| /* Define cosh to an innocuous variant, in case <limits.h> declares cosh.
|    For example, HP-UX 11i <limits.h> declares gettimeofday.  */
| #define cosh innocuous_cosh
| 
| /* System header to define __stub macros and hopefully few prototypes,
|     which can conflict with char cosh (); below.
|     Prefer <limits.h> to <assert.h> if __STDC__ is defined, since
|     <limits.h> exists even on freestanding compilers.  */
| 
| #ifdef __STDC__
| # include <limits.h>
| #else
| # include <assert.h>
| #endif
| 
| #undef cosh
| 
| /* Override any GCC internal prototype to avoid an error.
|    Use char because int might match the return type of a GCC
|    builtin and then its argument prototype would still apply.  */
| #ifdef __cplusplus
| extern "C"
| #endif
| char cosh ();
| /* The GNU C library defines this for functions which it implements
|     to always fail with ENOSYS.  Some functions are actually named
|     something starting with __ and the normal name is an alias.  */
| #if defined __stub_cosh || defined __stub___cosh
| choke me
| #endif
| 
| int
| main ()
| {
| return cosh ();
|   ;
|   return 0;
| }
configure:17858: result: no
configure:17858: checking for sinh
configure:17858: gcc -o conftest -O3 -fomit-frame-pointer -malign-double -fstrict-aliasing -ffast-math -march=native -std=gnu99    conftest.c  >&5
conftest.c:108: warning: conflicting types for built-in function 'sinh'
/tmp/ccxeVnpr.o: In function `main':
conftest.c:(.text+0x7): undefined reference to `sinh'
collect2: ld returned 1 exit status
configure:17858: $? = 1
configure: failed program was:
| /* confdefs.h */
| #define PACKAGE_NAME "NFFT"
| #define PACKAGE_TARNAME "nfft"
| #define PACKAGE_VERSION "3.2.2"
| #define PACKAGE_STRING "NFFT 3.2.2"
| #define PACKAGE_BUGREPORT "bugs@nfft.org"
| #define PACKAGE_URL ""
| #define STDC_HEADERS 1
| #define HAVE_SYS_TYPES_H 1
| #define HAVE_SYS_STAT_H 1
| #define HAVE_STDLIB_H 1
| #define HAVE_STRING_H 1
| #define HAVE_MEMORY_H 1
| #define HAVE_STRINGS_H 1
| #define HAVE_INTTYPES_H 1
| #define HAVE_STDINT_H 1
| #define HAVE_UNISTD_H 1
| #define HAVE_DLFCN_H 1
| #define LT_OBJDIR ".libs/"
| #define PACKAGE "nfft"
| #define VERSION "3.2.2"
| #define KAISER_BESSEL 1
| #define restrict __restrict
| #define HAVE_LIBFFTW3 1
| #define HAVE_OPENMP 1
| #define MATLAB_ARGCHECKS 1
| #define HAVE_MATH_H 1
| #define HAVE_STDIO_H 1
| #define HAVE_STDLIB_H 1
| #define HAVE_TIME_H 1
| #define HAVE_SYS_TIME_H 1
| #define HAVE_COMPLEX_H 1
| #define HAVE_STRING_H 1
| #define HAVE_FLOAT_H 1
| #define HAVE_LIMITS_H 1
| #define HAVE_STDARG_H 1
| #define HAVE_STDDEF_H 1
| #define HAVE_SYS_TYPES_H 1
| #define HAVE_STDINT_H 1
| #define HAVE_INTTYPES_H 1
| #define HAVE_STDBOOL_H 1
| #define HAVE_MALLOC_H 1
| #define TIME_WITH_SYS_TIME 1
| #define HAVE_LONG_DOUBLE 1
| #define HAVE_UINTPTR_T 1
| #define SIZEOF_INT 4
| #define SIZEOF_UNSIGNED_INT 4
| #define SIZEOF_LONG 8
| #define SIZEOF_UNSIGNED_LONG 8
| #define SIZEOF_LONG_LONG 8
| #define SIZEOF_UNSIGNED_LONG_LONG 8
| #define SIZEOF_SIZE_T 8
| #define SIZEOF_PTRDIFF_T 8
| #define SIZEOF_FLOAT 4
| #define SIZEOF_DOUBLE 8
| #define SIZEOF_LONG_DOUBLE 16
| #define HAVE_ALLOCA_H 1
| #define HAVE_ALLOCA 1
| #define HAVE_VPRINTF 1
| #define HAVE_LIBM 1
| #define HAVE_MEMSET 1
| #define HAVE_POSIX_MEMALIGN 1
| #define HAVE_MEMALIGN 1
| #define HAVE_SYSCTL 1
| #define HAVE_ABORT 1
| #define HAVE_SNPRINTF 1
| #define HAVE_SLEEP 1
| #define HAVE_USLEEP 1
| #define HAVE_NANOSLEEP 1
| #define HAVE_DRAND48 1
| #define HAVE_SRAND48 1
| #define HAVE_DECL_MEMALIGN 0
| #define HAVE_DECL_POSIX_MEMALIGN 1
| #define HAVE_DECL_SLEEP 1
| #define HAVE_DECL_NANOSLEEP 1
| #define HAVE_DECL_DRAND48 1
| #define HAVE_DECL_SRAND48 1
| #define HAVE_COPYSIGN 1
| #define HAVE_MODF 1
| #define HAVE_FREXP 1
| #define HAVE_LDEXP 1
| #define HAVE_SCALBN 1
| #define HAVE_SCALBLN 1
| /* end confdefs.h.  */
| /* Define sinh to an innocuous variant, in case <limits.h> declares sinh.
|    For example, HP-UX 11i <limits.h> declares gettimeofday.  */
| #define sinh innocuous_sinh
| 
| /* System header to define __stub macros and hopefully few prototypes,
|     which can conflict with char sinh (); below.
|     Prefer <limits.h> to <assert.h> if __STDC__ is defined, since
|     <limits.h> exists even on freestanding compilers.  */
| 
| #ifdef __STDC__
| # include <limits.h>
| #else
| # include <assert.h>
| #endif
| 
| #undef sinh
| 
| /* Override any GCC internal prototype to avoid an error.
|    Use char because int might match the return type of a GCC
|    builtin and then its argument prototype would still apply.  */
| #ifdef __cplusplus
| extern "C"
| #endif
| char sinh ();
| /* The GNU C library defines this for functions which it implements
|     to always fail with ENOSYS.  Some functions are actually named
|     something starting with __ and the normal name is an alias.  */
| #if defined __stub_sinh || defined __stub___sinh
| choke me
| #endif
| 
| int
| main ()
| {
| return sinh ();
|   ;
|   return 0;
| }
configure:17858: result: no
configure:17858: checking for tanh
configure:17858: gcc -o conftest -O3 -fomit-frame-pointer -malign-double -fstrict-aliasing -ffast-math -march=native -std=gnu99    conftest.c  >&5
conftest.c:108: warning: conflicting types for built-in function 'tanh'
/tmp/ccMRapUv.o: In function `main':
conftest.c:(.text+0x7): undefined reference to `tanh'
collect2: ld returned 1 exit status
configure:17858: $? = 1
configure: failed program was:
| /* confdefs.h */
| #define PACKAGE_NAME "NFFT"
| #define PACKAGE_TARNAME "nfft"
| #define PACKAGE_VERSION "3.2.2"
| #define PACKAGE_STRING "NFFT 3.2.2"
| #define PACKAGE_BUGREPORT "bugs@nfft.org"
| #define PACKAGE_URL ""
| #define STDC_HEADERS 1
| #define HAVE_SYS_TYPES_H 1
| #define HAVE_SYS_STAT_H 1
| #define HAVE_STDLIB_H 1
| #define HAVE_STRING_H 1
| #define HAVE_MEMORY_H 1
| #define HAVE_STRINGS_H 1
| #define HAVE_INTTYPES_H 1
| #define HAVE_STDINT_H 1
| #define HAVE_UNISTD_H 1
| #define HAVE_DLFCN_H 1
| #define LT_OBJDIR ".libs/"
| #define PACKAGE "nfft"
| #define VERSION "3.2.2"
| #define KAISER_BESSEL 1
| #define restrict __restrict
| #define HAVE_LIBFFTW3 1
| #define HAVE_OPENMP 1
| #define MATLAB_ARGCHECKS 1
| #define HAVE_MATH_H 1
| #define HAVE_STDIO_H 1
| #define HAVE_STDLIB_H 1
| #define HAVE_TIME_H 1
| #define HAVE_SYS_TIME_H 1
| #define HAVE_COMPLEX_H 1
| #define HAVE_STRING_H 1
| #define HAVE_FLOAT_H 1
| #define HAVE_LIMITS_H 1
| #define HAVE_STDARG_H 1
| #define HAVE_STDDEF_H 1
| #define HAVE_SYS_TYPES_H 1
| #define HAVE_STDINT_H 1
| #define HAVE_INTTYPES_H 1
| #define HAVE_STDBOOL_H 1
| #define HAVE_MALLOC_H 1
| #define TIME_WITH_SYS_TIME 1
| #define HAVE_LONG_DOUBLE 1
| #define HAVE_UINTPTR_T 1
| #define SIZEOF_INT 4
| #define SIZEOF_UNSIGNED_INT 4
| #define SIZEOF_LONG 8
| #define SIZEOF_UNSIGNED_LONG 8
| #define SIZEOF_LONG_LONG 8
| #define SIZEOF_UNSIGNED_LONG_LONG 8
| #define SIZEOF_SIZE_T 8
| #define SIZEOF_PTRDIFF_T 8
| #define SIZEOF_FLOAT 4
| #define SIZEOF_DOUBLE 8
| #define SIZEOF_LONG_DOUBLE 16
| #define HAVE_ALLOCA_H 1
| #define HAVE_ALLOCA 1
| #define HAVE_VPRINTF 1
| #define HAVE_LIBM 1
| #define HAVE_MEMSET 1
| #define HAVE_POSIX_MEMALIGN 1
| #define HAVE_MEMALIGN 1
| #define HAVE_SYSCTL 1
| #define HAVE_ABORT 1
| #define HAVE_SNPRINTF 1
| #define HAVE_SLEEP 1
| #define HAVE_USLEEP 1
| #define HAVE_NANOSLEEP 1
| #define HAVE_DRAND48 1
| #define HAVE_SRAND48 1
| #define HAVE_DECL_MEMALIGN 0
| #define HAVE_DECL_POSIX_MEMALIGN 1
| #define HAVE_DECL_SLEEP 1
| #define HAVE_DECL_NANOSLEEP 1
| #define HAVE_DECL_DRAND48 1
| #define HAVE_DECL_SRAND48 1
| #define HAVE_COPYSIGN 1
| #define HAVE_MODF 1
| #define HAVE_FREXP 1
| #define HAVE_LDEXP 1
| #define HAVE_SCALBN 1
| #define HAVE_SCALBLN 1
| /* end confdefs.h.  */
| /* Define tanh to an innocuous variant, in case <limits.h> declares tanh.
|    For example, HP-UX 11i <limits.h> declares gettimeofday.  */
| #define tanh innocuous_tanh
| 
| /* System header to define __stub macros and hopefully few prototypes,
|     which can conflict with char tanh (); below.
|     Prefer <limits.h> to <assert.h> if __STDC__ is defined, since
|     <limits.h> exists even on freestanding compilers.  */
| 
| #ifdef __STDC__
| # include <limits.h>
| #else
| # include <assert.h>
| #endif
| 
| #undef tanh
| 
| /* Override any GCC internal prototype to avoid an error.
|    Use char because int might match the return type of a GCC
|    builtin and then its argument prototype would still apply.  */
| #ifdef __cplusplus
| extern "C"
| #endif
| char tanh ();
| /* The GNU C library defines this for functions which it implements
|     to always fail with ENOSYS.  Some functions are actually named
|     something starting with __ and the normal name is an alias.  */
| #if defined __stub_tanh || defined __stub___tanh
| choke me
| #endif
| 
| int
| main ()
| {
| return tanh ();
|   ;
|   return 0;
| }
configure:17858: result: no
configure:17858: checking for acos
configure:17858: gcc -o conftest -O3 -fomit-frame-pointer -malign-double -fstrict-aliasing -ffast-math -march=native -std=gnu99    conftest.c  >&5
conftest.c:108: warning: conflicting types for built-in function 'acos'
/tmp/ccj1FUgC.o: In function `main':
conftest.c:(.text+0x7): undefined reference to `acos'
collect2: ld returned 1 exit status
configure:17858: $? = 1
configure: failed program was:
| /* confdefs.h */
| #define PACKAGE_NAME "NFFT"
| #define PACKAGE_TARNAME "nfft"
| #define PACKAGE_VERSION "3.2.2"
| #define PACKAGE_STRING "NFFT 3.2.2"
| #define PACKAGE_BUGREPORT "bugs@nfft.org"
| #define PACKAGE_URL ""
| #define STDC_HEADERS 1
| #define HAVE_SYS_TYPES_H 1
| #define HAVE_SYS_STAT_H 1
| #define HAVE_STDLIB_H 1
| #define HAVE_STRING_H 1
| #define HAVE_MEMORY_H 1
| #define HAVE_STRINGS_H 1
| #define HAVE_INTTYPES_H 1
| #define HAVE_STDINT_H 1
| #define HAVE_UNISTD_H 1
| #define HAVE_DLFCN_H 1
| #define LT_OBJDIR ".libs/"
| #define PACKAGE "nfft"
| #define VERSION "3.2.2"
| #define KAISER_BESSEL 1
| #define restrict __restrict
| #define HAVE_LIBFFTW3 1
| #define HAVE_OPENMP 1
| #define MATLAB_ARGCHECKS 1
| #define HAVE_MATH_H 1
| #define HAVE_STDIO_H 1
| #define HAVE_STDLIB_H 1
| #define HAVE_TIME_H 1
| #define HAVE_SYS_TIME_H 1
| #define HAVE_COMPLEX_H 1
| #define HAVE_STRING_H 1
| #define HAVE_FLOAT_H 1
| #define HAVE_LIMITS_H 1
| #define HAVE_STDARG_H 1
| #define HAVE_STDDEF_H 1
| #define HAVE_SYS_TYPES_H 1
| #define HAVE_STDINT_H 1
| #define HAVE_INTTYPES_H 1
| #define HAVE_STDBOOL_H 1
| #define HAVE_MALLOC_H 1
| #define TIME_WITH_SYS_TIME 1
| #define HAVE_LONG_DOUBLE 1
| #define HAVE_UINTPTR_T 1
| #define SIZEOF_INT 4
| #define SIZEOF_UNSIGNED_INT 4
| #define SIZEOF_LONG 8
| #define SIZEOF_UNSIGNED_LONG 8
| #define SIZEOF_LONG_LONG 8
| #define SIZEOF_UNSIGNED_LONG_LONG 8
| #define SIZEOF_SIZE_T 8
| #define SIZEOF_PTRDIFF_T 8
| #define SIZEOF_FLOAT 4
| #define SIZEOF_DOUBLE 8
| #define SIZEOF_LONG_DOUBLE 16
| #define HAVE_ALLOCA_H 1
| #define HAVE_ALLOCA 1
| #define HAVE_VPRINTF 1
| #define HAVE_LIBM 1
| #define HAVE_MEMSET 1
| #define HAVE_POSIX_MEMALIGN 1
| #define HAVE_MEMALIGN 1
| #define HAVE_SYSCTL 1
| #define HAVE_ABORT 1
| #define HAVE_SNPRINTF 1
| #define HAVE_SLEEP 1
| #define HAVE_USLEEP 1
| #define HAVE_NANOSLEEP 1
| #define HAVE_DRAND48 1
| #define HAVE_SRAND48 1
| #define HAVE_DECL_MEMALIGN 0
| #define HAVE_DECL_POSIX_MEMALIGN 1
| #define HAVE_DECL_SLEEP 1
| #define HAVE_DECL_NANOSLEEP 1
| #define HAVE_DECL_DRAND48 1
| #define HAVE_DECL_SRAND48 1
| #define HAVE_COPYSIGN 1
| #define HAVE_MODF 1
| #define HAVE_FREXP 1
| #define HAVE_LDEXP 1
| #define HAVE_SCALBN 1
| #define HAVE_SCALBLN 1
| /* end confdefs.h.  */
| /* Define acos to an innocuous variant, in case <limits.h> declares acos.
|    For example, HP-UX 11i <limits.h> declares gettimeofday.  */
| #define acos innocuous_acos
| 
| /* System header to define __stub macros and hopefully few prototypes,
|     which can conflict with char acos (); below.
|     Prefer <limits.h> to <assert.h> if __STDC__ is defined, since
|     <limits.h> exists even on freestanding compilers.  */
| 
| #ifdef __STDC__
| # include <limits.h>
| #else
| # include <assert.h>
| #endif
| 
| #undef acos
| 
| /* Override any GCC internal prototype to avoid an error.
|    Use char because int might match the return type of a GCC
|    builtin and then its argument prototype would still apply.  */
| #ifdef __cplusplus
| extern "C"
| #endif
| char acos ();
| /* The GNU C library defines this for functions which it implements
|     to always fail with ENOSYS.  Some functions are actually named
|     something starting with __ and the normal name is an alias.  */
| #if defined __stub_acos || defined __stub___acos
| choke me
| #endif
| 
| int
| main ()
| {
| return acos ();
|   ;
|   return 0;
| }
configure:17858: result: no
configure:17858: checking for asin
configure:17858: gcc -o conftest -O3 -fomit-frame-pointer -malign-double -fstrict-aliasing -ffast-math -march=native -std=gnu99    conftest.c  >&5
conftest.c:108: warning: conflicting types for built-in function 'asin'
/tmp/ccPz5MoD.o: In function `main':
conftest.c:(.text+0x7): undefined reference to `asin'
collect2: ld returned 1 exit status
configure:17858: $? = 1
configure: failed program was:
| /* confdefs.h */
| #define PACKAGE_NAME "NFFT"
| #define PACKAGE_TARNAME "nfft"
| #define PACKAGE_VERSION "3.2.2"
| #define PACKAGE_STRING "NFFT 3.2.2"
| #define PACKAGE_BUGREPORT "bugs@nfft.org"
| #define PACKAGE_URL ""
| #define STDC_HEADERS 1
| #define HAVE_SYS_TYPES_H 1
| #define HAVE_SYS_STAT_H 1
| #define HAVE_STDLIB_H 1
| #define HAVE_STRING_H 1
| #define HAVE_MEMORY_H 1
| #define HAVE_STRINGS_H 1
| #define HAVE_INTTYPES_H 1
| #define HAVE_STDINT_H 1
| #define HAVE_UNISTD_H 1
| #define HAVE_DLFCN_H 1
| #define LT_OBJDIR ".libs/"
| #define PACKAGE "nfft"
| #define VERSION "3.2.2"
| #define KAISER_BESSEL 1
| #define restrict __restrict
| #define HAVE_LIBFFTW3 1
| #define HAVE_OPENMP 1
| #define MATLAB_ARGCHECKS 1
| #define HAVE_MATH_H 1
| #define HAVE_STDIO_H 1
| #define HAVE_STDLIB_H 1
| #define HAVE_TIME_H 1
| #define HAVE_SYS_TIME_H 1
| #define HAVE_COMPLEX_H 1
| #define HAVE_STRING_H 1
| #define HAVE_FLOAT_H 1
| #define HAVE_LIMITS_H 1
| #define HAVE_STDARG_H 1
| #define HAVE_STDDEF_H 1
| #define HAVE_SYS_TYPES_H 1
| #define HAVE_STDINT_H 1
| #define HAVE_INTTYPES_H 1
| #define HAVE_STDBOOL_H 1
| #define HAVE_MALLOC_H 1
| #define TIME_WITH_SYS_TIME 1
| #define HAVE_LONG_DOUBLE 1
| #define HAVE_UINTPTR_T 1
| #define SIZEOF_INT 4
| #define SIZEOF_UNSIGNED_INT 4
| #define SIZEOF_LONG 8
| #define SIZEOF_UNSIGNED_LONG 8
| #define SIZEOF_LONG_LONG 8
| #define SIZEOF_UNSIGNED_LONG_LONG 8
| #define SIZEOF_SIZE_T 8
| #define SIZEOF_PTRDIFF_T 8
| #define SIZEOF_FLOAT 4
| #define SIZEOF_DOUBLE 8
| #define SIZEOF_LONG_DOUBLE 16
| #define HAVE_ALLOCA_H 1
| #define HAVE_ALLOCA 1
| #define HAVE_VPRINTF 1
| #define HAVE_LIBM 1
| #define HAVE_MEMSET 1
| #define HAVE_POSIX_MEMALIGN 1
| #define HAVE_MEMALIGN 1
| #define HAVE_SYSCTL 1
| #define HAVE_ABORT 1
| #define HAVE_SNPRINTF 1
| #define HAVE_SLEEP 1
| #define HAVE_USLEEP 1
| #define HAVE_NANOSLEEP 1
| #define HAVE_DRAND48 1
| #define HAVE_SRAND48 1
| #define HAVE_DECL_MEMALIGN 0
| #define HAVE_DECL_POSIX_MEMALIGN 1
| #define HAVE_DECL_SLEEP 1
| #define HAVE_DECL_NANOSLEEP 1
| #define HAVE_DECL_DRAND48 1
| #define HAVE_DECL_SRAND48 1
| #define HAVE_COPYSIGN 1
| #define HAVE_MODF 1
| #define HAVE_FREXP 1
| #define HAVE_LDEXP 1
| #define HAVE_SCALBN 1
| #define HAVE_SCALBLN 1
| /* end confdefs.h.  */
| /* Define asin to an innocuous variant, in case <limits.h> declares asin.
|    For example, HP-UX 11i <limits.h> declares gettimeofday.  */
| #define asin innocuous_asin
| 
| /* System header to define __stub macros and hopefully few prototypes,
|     which can conflict with char asin (); below.
|     Prefer <limits.h> to <assert.h> if __STDC__ is defined, since
|     <limits.h> exists even on freestanding compilers.  */
| 
| #ifdef __STDC__
| # include <limits.h>
| #else
| # include <assert.h>
| #endif
| 
| #undef asin
| 
| /* Override any GCC internal prototype to avoid an error.
|    Use char because int might match the return type of a GCC
|    builtin and then its argument prototype would still apply.  */
| #ifdef __cplusplus
| extern "C"
| #endif
| char asin ();
| /* The GNU C library defines this for functions which it implements
|     to always fail with ENOSYS.  Some functions are actually named
|     something starting with __ and the normal name is an alias.  */
| #if defined __stub_asin || defined __stub___asin
| choke me
| #endif
| 
| int
| main ()
| {
| return asin ();
|   ;
|   return 0;
| }
configure:17858: result: no
configure:17858: checking for atan
configure:17858: gcc -o conftest -O3 -fomit-frame-pointer -malign-double -fstrict-aliasing -ffast-math -march=native -std=gnu99    conftest.c  >&5
conftest.c:108: warning: conflicting types for built-in function 'atan'
/tmp/ccv7hL9J.o: In function `main':
conftest.c:(.text+0x7): undefined reference to `atan'
collect2: ld returned 1 exit status
configure:17858: $? = 1
configure: failed program was:
| /* confdefs.h */
| #define PACKAGE_NAME "NFFT"
| #define PACKAGE_TARNAME "nfft"
| #define PACKAGE_VERSION "3.2.2"
| #define PACKAGE_STRING "NFFT 3.2.2"
| #define PACKAGE_BUGREPORT "bugs@nfft.org"
| #define PACKAGE_URL ""
| #define STDC_HEADERS 1
| #define HAVE_SYS_TYPES_H 1
| #define HAVE_SYS_STAT_H 1
| #define HAVE_STDLIB_H 1
| #define HAVE_STRING_H 1
| #define HAVE_MEMORY_H 1
| #define HAVE_STRINGS_H 1
| #define HAVE_INTTYPES_H 1
| #define HAVE_STDINT_H 1
| #define HAVE_UNISTD_H 1
| #define HAVE_DLFCN_H 1
| #define LT_OBJDIR ".libs/"
| #define PACKAGE "nfft"
| #define VERSION "3.2.2"
| #define KAISER_BESSEL 1
| #define restrict __restrict
| #define HAVE_LIBFFTW3 1
| #define HAVE_OPENMP 1
| #define MATLAB_ARGCHECKS 1
| #define HAVE_MATH_H 1
| #define HAVE_STDIO_H 1
| #define HAVE_STDLIB_H 1
| #define HAVE_TIME_H 1
| #define HAVE_SYS_TIME_H 1
| #define HAVE_COMPLEX_H 1
| #define HAVE_STRING_H 1
| #define HAVE_FLOAT_H 1
| #define HAVE_LIMITS_H 1
| #define HAVE_STDARG_H 1
| #define HAVE_STDDEF_H 1
| #define HAVE_SYS_TYPES_H 1
| #define HAVE_STDINT_H 1
| #define HAVE_INTTYPES_H 1
| #define HAVE_STDBOOL_H 1
| #define HAVE_MALLOC_H 1
| #define TIME_WITH_SYS_TIME 1
| #define HAVE_LONG_DOUBLE 1
| #define HAVE_UINTPTR_T 1
| #define SIZEOF_INT 4
| #define SIZEOF_UNSIGNED_INT 4
| #define SIZEOF_LONG 8
| #define SIZEOF_UNSIGNED_LONG 8
| #define SIZEOF_LONG_LONG 8
| #define SIZEOF_UNSIGNED_LONG_LONG 8
| #define SIZEOF_SIZE_T 8
| #define SIZEOF_PTRDIFF_T 8
| #define SIZEOF_FLOAT 4
| #define SIZEOF_DOUBLE 8
| #define SIZEOF_LONG_DOUBLE 16
| #define HAVE_ALLOCA_H 1
| #define HAVE_ALLOCA 1
| #define HAVE_VPRINTF 1
| #define HAVE_LIBM 1
| #define HAVE_MEMSET 1
| #define HAVE_POSIX_MEMALIGN 1
| #define HAVE_MEMALIGN 1
| #define HAVE_SYSCTL 1
| #define HAVE_ABORT 1
| #define HAVE_SNPRINTF 1
| #define HAVE_SLEEP 1
| #define HAVE_USLEEP 1
| #define HAVE_NANOSLEEP 1
| #define HAVE_DRAND48 1
| #define HAVE_SRAND48 1
| #define HAVE_DECL_MEMALIGN 0
| #define HAVE_DECL_POSIX_MEMALIGN 1
| #define HAVE_DECL_SLEEP 1
| #define HAVE_DECL_NANOSLEEP 1
| #define HAVE_DECL_DRAND48 1
| #define HAVE_DECL_SRAND48 1
| #define HAVE_COPYSIGN 1
| #define HAVE_MODF 1
| #define HAVE_FREXP 1
| #define HAVE_LDEXP 1
| #define HAVE_SCALBN 1
| #define HAVE_SCALBLN 1
| /* end confdefs.h.  */
| /* Define atan to an innocuous variant, in case <limits.h> declares atan.
|    For example, HP-UX 11i <limits.h> declares gettimeofday.  */
| #define atan innocuous_atan
| 
| /* System header to define __stub macros and hopefully few prototypes,
|     which can conflict with char atan (); below.
|     Prefer <limits.h> to <assert.h> if __STDC__ is defined, since
|     <limits.h> exists even on freestanding compilers.  */
| 
| #ifdef __STDC__
| # include <limits.h>
| #else
| # include <assert.h>
| #endif
| 
| #undef atan
| 
| /* Override any GCC internal prototype to avoid an error.
|    Use char because int might match the return type of a GCC
|    builtin and then its argument prototype would still apply.  */
| #ifdef __cplusplus
| extern "C"
| #endif
| char atan ();
| /* The GNU C library defines this for functions which it implements
|     to always fail with ENOSYS.  Some functions are actually named
|     something starting with __ and the normal name is an alias.  */
| #if defined __stub_atan || defined __stub___atan
| choke me
| #endif
| 
| int
| main ()
| {
| return atan ();
|   ;
|   return 0;
| }
configure:17858: result: no
configure:17858: checking for atan2
configure:17858: gcc -o conftest -O3 -fomit-frame-pointer -malign-double -fstrict-aliasing -ffast-math -march=native -std=gnu99    conftest.c  >&5
conftest.c:108: warning: conflicting types for built-in function 'atan2'
/tmp/ccrdKAQO.o: In function `main':
conftest.c:(.text+0x7): undefined reference to `atan2'
collect2: ld returned 1 exit status
configure:17858: $? = 1
configure: failed program was:
| /* confdefs.h */
| #define PACKAGE_NAME "NFFT"
| #define PACKAGE_TARNAME "nfft"
| #define PACKAGE_VERSION "3.2.2"
| #define PACKAGE_STRING "NFFT 3.2.2"
| #define PACKAGE_BUGREPORT "bugs@nfft.org"
| #define PACKAGE_URL ""
| #define STDC_HEADERS 1
| #define HAVE_SYS_TYPES_H 1
| #define HAVE_SYS_STAT_H 1
| #define HAVE_STDLIB_H 1
| #define HAVE_STRING_H 1
| #define HAVE_MEMORY_H 1
| #define HAVE_STRINGS_H 1
| #define HAVE_INTTYPES_H 1
| #define HAVE_STDINT_H 1
| #define HAVE_UNISTD_H 1
| #define HAVE_DLFCN_H 1
| #define LT_OBJDIR ".libs/"
| #define PACKAGE "nfft"
| #define VERSION "3.2.2"
| #define KAISER_BESSEL 1
| #define restrict __restrict
| #define HAVE_LIBFFTW3 1
| #define HAVE_OPENMP 1
| #define MATLAB_ARGCHECKS 1
| #define HAVE_MATH_H 1
| #define HAVE_STDIO_H 1
| #define HAVE_STDLIB_H 1
| #define HAVE_TIME_H 1
| #define HAVE_SYS_TIME_H 1
| #define HAVE_COMPLEX_H 1
| #define HAVE_STRING_H 1
| #define HAVE_FLOAT_H 1
| #define HAVE_LIMITS_H 1
| #define HAVE_STDARG_H 1
| #define HAVE_STDDEF_H 1
| #define HAVE_SYS_TYPES_H 1
| #define HAVE_STDINT_H 1
| #define HAVE_INTTYPES_H 1
| #define HAVE_STDBOOL_H 1
| #define HAVE_MALLOC_H 1
| #define TIME_WITH_SYS_TIME 1
| #define HAVE_LONG_DOUBLE 1
| #define HAVE_UINTPTR_T 1
| #define SIZEOF_INT 4
| #define SIZEOF_UNSIGNED_INT 4
| #define SIZEOF_LONG 8
| #define SIZEOF_UNSIGNED_LONG 8
| #define SIZEOF_LONG_LONG 8
| #define SIZEOF_UNSIGNED_LONG_LONG 8
| #define SIZEOF_SIZE_T 8
| #define SIZEOF_PTRDIFF_T 8
| #define SIZEOF_FLOAT 4
| #define SIZEOF_DOUBLE 8
| #define SIZEOF_LONG_DOUBLE 16
| #define HAVE_ALLOCA_H 1
| #define HAVE_ALLOCA 1
| #define HAVE_VPRINTF 1
| #define HAVE_LIBM 1
| #define HAVE_MEMSET 1
| #define HAVE_POSIX_MEMALIGN 1
| #define HAVE_MEMALIGN 1
| #define HAVE_SYSCTL 1
| #define HAVE_ABORT 1
| #define HAVE_SNPRINTF 1
| #define HAVE_SLEEP 1
| #define HAVE_USLEEP 1
| #define HAVE_NANOSLEEP 1
| #define HAVE_DRAND48 1
| #define HAVE_SRAND48 1
| #define HAVE_DECL_MEMALIGN 0
| #define HAVE_DECL_POSIX_MEMALIGN 1
| #define HAVE_DECL_SLEEP 1
| #define HAVE_DECL_NANOSLEEP 1
| #define HAVE_DECL_DRAND48 1
| #define HAVE_DECL_SRAND48 1
| #define HAVE_COPYSIGN 1
| #define HAVE_MODF 1
| #define HAVE_FREXP 1
| #define HAVE_LDEXP 1
| #define HAVE_SCALBN 1
| #define HAVE_SCALBLN 1
| /* end confdefs.h.  */
| /* Define atan2 to an innocuous variant, in case <limits.h> declares atan2.
|    For example, HP-UX 11i <limits.h> declares gettimeofday.  */
| #define atan2 innocuous_atan2
| 
| /* System header to define __stub macros and hopefully few prototypes,
|     which can conflict with char atan2 (); below.
|     Prefer <limits.h> to <assert.h> if __STDC__ is defined, since
|     <limits.h> exists even on freestanding compilers.  */
| 
| #ifdef __STDC__
| # include <limits.h>
| #else
| # include <assert.h>
| #endif
| 
| #undef atan2
| 
| /* Override any GCC internal prototype to avoid an error.
|    Use char because int might match the return type of a GCC
|    builtin and then its argument prototype would still apply.  */
| #ifdef __cplusplus
| extern "C"
| #endif
| char atan2 ();
| /* The GNU C library defines this for functions which it implements
|     to always fail with ENOSYS.  Some functions are actually named
|     something starting with __ and the normal name is an alias.  */
| #if defined __stub_atan2 || defined __stub___atan2
| choke me
| #endif
| 
| int
| main ()
| {
| return atan2 ();
|   ;
|   return 0;
| }
configure:17858: result: no
configure:17858: checking for acosh
configure:17858: gcc -o conftest -O3 -fomit-frame-pointer -malign-double -fstrict-aliasing -ffast-math -march=native -std=gnu99    conftest.c  >&5
conftest.c:108: warning: conflicting types for built-in function 'acosh'
/tmp/ccVcCCfQ.o: In function `main':
conftest.c:(.text+0x7): undefined reference to `acosh'
collect2: ld returned 1 exit status
configure:17858: $? = 1
configure: failed program was:
| /* confdefs.h */
| #define PACKAGE_NAME "NFFT"
| #define PACKAGE_TARNAME "nfft"
| #define PACKAGE_VERSION "3.2.2"
| #define PACKAGE_STRING "NFFT 3.2.2"
| #define PACKAGE_BUGREPORT "bugs@nfft.org"
| #define PACKAGE_URL ""
| #define STDC_HEADERS 1
| #define HAVE_SYS_TYPES_H 1
| #define HAVE_SYS_STAT_H 1
| #define HAVE_STDLIB_H 1
| #define HAVE_STRING_H 1
| #define HAVE_MEMORY_H 1
| #define HAVE_STRINGS_H 1
| #define HAVE_INTTYPES_H 1
| #define HAVE_STDINT_H 1
| #define HAVE_UNISTD_H 1
| #define HAVE_DLFCN_H 1
| #define LT_OBJDIR ".libs/"
| #define PACKAGE "nfft"
| #define VERSION "3.2.2"
| #define KAISER_BESSEL 1
| #define restrict __restrict
| #define HAVE_LIBFFTW3 1
| #define HAVE_OPENMP 1
| #define MATLAB_ARGCHECKS 1
| #define HAVE_MATH_H 1
| #define HAVE_STDIO_H 1
| #define HAVE_STDLIB_H 1
| #define HAVE_TIME_H 1
| #define HAVE_SYS_TIME_H 1
| #define HAVE_COMPLEX_H 1
| #define HAVE_STRING_H 1
| #define HAVE_FLOAT_H 1
| #define HAVE_LIMITS_H 1
| #define HAVE_STDARG_H 1
| #define HAVE_STDDEF_H 1
| #define HAVE_SYS_TYPES_H 1
| #define HAVE_STDINT_H 1
| #define HAVE_INTTYPES_H 1
| #define HAVE_STDBOOL_H 1
| #define HAVE_MALLOC_H 1
| #define TIME_WITH_SYS_TIME 1
| #define HAVE_LONG_DOUBLE 1
| #define HAVE_UINTPTR_T 1
| #define SIZEOF_INT 4
| #define SIZEOF_UNSIGNED_INT 4
| #define SIZEOF_LONG 8
| #define SIZEOF_UNSIGNED_LONG 8
| #define SIZEOF_LONG_LONG 8
| #define SIZEOF_UNSIGNED_LONG_LONG 8
| #define SIZEOF_SIZE_T 8
| #define SIZEOF_PTRDIFF_T 8
| #define SIZEOF_FLOAT 4
| #define SIZEOF_DOUBLE 8
| #define SIZEOF_LONG_DOUBLE 16
| #define HAVE_ALLOCA_H 1
| #define HAVE_ALLOCA 1
| #define HAVE_VPRINTF 1
| #define HAVE_LIBM 1
| #define HAVE_MEMSET 1
| #define HAVE_POSIX_MEMALIGN 1
| #define HAVE_MEMALIGN 1
| #define HAVE_SYSCTL 1
| #define HAVE_ABORT 1
| #define HAVE_SNPRINTF 1
| #define HAVE_SLEEP 1
| #define HAVE_USLEEP 1
| #define HAVE_NANOSLEEP 1
| #define HAVE_DRAND48 1
| #define HAVE_SRAND48 1
| #define HAVE_DECL_MEMALIGN 0
| #define HAVE_DECL_POSIX_MEMALIGN 1
| #define HAVE_DECL_SLEEP 1
| #define HAVE_DECL_NANOSLEEP 1
| #define HAVE_DECL_DRAND48 1
| #define HAVE_DECL_SRAND48 1
| #define HAVE_COPYSIGN 1
| #define HAVE_MODF 1
| #define HAVE_FREXP 1
| #define HAVE_LDEXP 1
| #define HAVE_SCALBN 1
| #define HAVE_SCALBLN 1
| /* end confdefs.h.  */
| /* Define acosh to an innocuous variant, in case <limits.h> declares acosh.
|    For example, HP-UX 11i <limits.h> declares gettimeofday.  */
| #define acosh innocuous_acosh
| 
| /* System header to define __stub macros and hopefully few prototypes,
|     which can conflict with char acosh (); below.
|     Prefer <limits.h> to <assert.h> if __STDC__ is defined, since
|     <limits.h> exists even on freestanding compilers.  */
| 
| #ifdef __STDC__
| # include <limits.h>
| #else
| # include <assert.h>
| #endif
| 
| #undef acosh
| 
| /* Override any GCC internal prototype to avoid an error.
|    Use char because int might match the return type of a GCC
|    builtin and then its argument prototype would still apply.  */
| #ifdef __cplusplus
| extern "C"
| #endif
| char acosh ();
| /* The GNU C library defines this for functions which it implements
|     to always fail with ENOSYS.  Some functions are actually named
|     something starting with __ and the normal name is an alias.  */
| #if defined __stub_acosh || defined __stub___acosh
| choke me
| #endif
| 
| int
| main ()
| {
| return acosh ();
|   ;
|   return 0;
| }
configure:17858: result: no
configure:17858: checking for asinh
configure:17858: gcc -o conftest -O3 -fomit-frame-pointer -malign-double -fstrict-aliasing -ffast-math -march=native -std=gnu99    conftest.c  >&5
conftest.c:108: warning: conflicting types for built-in function 'asinh'
/tmp/ccXRAJwW.o: In function `main':
conftest.c:(.text+0x7): undefined reference to `asinh'
collect2: ld returned 1 exit status
configure:17858: $? = 1
configure: failed program was:
| /* confdefs.h */
| #define PACKAGE_NAME "NFFT"
| #define PACKAGE_TARNAME "nfft"
| #define PACKAGE_VERSION "3.2.2"
| #define PACKAGE_STRING "NFFT 3.2.2"
| #define PACKAGE_BUGREPORT "bugs@nfft.org"
| #define PACKAGE_URL ""
| #define STDC_HEADERS 1
| #define HAVE_SYS_TYPES_H 1
| #define HAVE_SYS_STAT_H 1
| #define HAVE_STDLIB_H 1
| #define HAVE_STRING_H 1
| #define HAVE_MEMORY_H 1
| #define HAVE_STRINGS_H 1
| #define HAVE_INTTYPES_H 1
| #define HAVE_STDINT_H 1
| #define HAVE_UNISTD_H 1
| #define HAVE_DLFCN_H 1
| #define LT_OBJDIR ".libs/"
| #define PACKAGE "nfft"
| #define VERSION "3.2.2"
| #define KAISER_BESSEL 1
| #define restrict __restrict
| #define HAVE_LIBFFTW3 1
| #define HAVE_OPENMP 1
| #define MATLAB_ARGCHECKS 1
| #define HAVE_MATH_H 1
| #define HAVE_STDIO_H 1
| #define HAVE_STDLIB_H 1
| #define HAVE_TIME_H 1
| #define HAVE_SYS_TIME_H 1
| #define HAVE_COMPLEX_H 1
| #define HAVE_STRING_H 1
| #define HAVE_FLOAT_H 1
| #define HAVE_LIMITS_H 1
| #define HAVE_STDARG_H 1
| #define HAVE_STDDEF_H 1
| #define HAVE_SYS_TYPES_H 1
| #define HAVE_STDINT_H 1
| #define HAVE_INTTYPES_H 1
| #define HAVE_STDBOOL_H 1
| #define HAVE_MALLOC_H 1
| #define TIME_WITH_SYS_TIME 1
| #define HAVE_LONG_DOUBLE 1
| #define HAVE_UINTPTR_T 1
| #define SIZEOF_INT 4
| #define SIZEOF_UNSIGNED_INT 4
| #define SIZEOF_LONG 8
| #define SIZEOF_UNSIGNED_LONG 8
| #define SIZEOF_LONG_LONG 8
| #define SIZEOF_UNSIGNED_LONG_LONG 8
| #define SIZEOF_SIZE_T 8
| #define SIZEOF_PTRDIFF_T 8
| #define SIZEOF_FLOAT 4
| #define SIZEOF_DOUBLE 8
| #define SIZEOF_LONG_DOUBLE 16
| #define HAVE_ALLOCA_H 1
| #define HAVE_ALLOCA 1
| #define HAVE_VPRINTF 1
| #define HAVE_LIBM 1
| #define HAVE_MEMSET 1
| #define HAVE_POSIX_MEMALIGN 1
| #define HAVE_MEMALIGN 1
| #define HAVE_SYSCTL 1
| #define HAVE_ABORT 1
| #define HAVE_SNPRINTF 1
| #define HAVE_SLEEP 1
| #define HAVE_USLEEP 1
| #define HAVE_NANOSLEEP 1
| #define HAVE_DRAND48 1
| #define HAVE_SRAND48 1
| #define HAVE_DECL_MEMALIGN 0
| #define HAVE_DECL_POSIX_MEMALIGN 1
| #define HAVE_DECL_SLEEP 1
| #define HAVE_DECL_NANOSLEEP 1
| #define HAVE_DECL_DRAND48 1
| #define HAVE_DECL_SRAND48 1
| #define HAVE_COPYSIGN 1
| #define HAVE_MODF 1
| #define HAVE_FREXP 1
| #define HAVE_LDEXP 1
| #define HAVE_SCALBN 1
| #define HAVE_SCALBLN 1
| /* end confdefs.h.  */
| /* Define asinh to an innocuous variant, in case <limits.h> declares asinh.
|    For example, HP-UX 11i <limits.h> declares gettimeofday.  */
| #define asinh innocuous_asinh
| 
| /* System header to define __stub macros and hopefully few prototypes,
|     which can conflict with char asinh (); below.
|     Prefer <limits.h> to <assert.h> if __STDC__ is defined, since
|     <limits.h> exists even on freestanding compilers.  */
| 
| #ifdef __STDC__
| # include <limits.h>
| #else
| # include <assert.h>
| #endif
| 
| #undef asinh
| 
| /* Override any GCC internal prototype to avoid an error.
|    Use char because int might match the return type of a GCC
|    builtin and then its argument prototype would still apply.  */
| #ifdef __cplusplus
| extern "C"
| #endif
| char asinh ();
| /* The GNU C library defines this for functions which it implements
|     to always fail with ENOSYS.  Some functions are actually named
|     something starting with __ and the normal name is an alias.  */
| #if defined __stub_asinh || defined __stub___asinh
| choke me
| #endif
| 
| int
| main ()
| {
| return asinh ();
|   ;
|   return 0;
| }
configure:17858: result: no
configure:17858: checking for atanh
configure:17858: gcc -o conftest -O3 -fomit-frame-pointer -malign-double -fstrict-aliasing -ffast-math -march=native -std=gnu99    conftest.c  >&5
conftest.c:108: warning: conflicting types for built-in function 'atanh'
/tmp/ccT3fPH1.o: In function `main':
conftest.c:(.text+0x7): undefined reference to `atanh'
collect2: ld returned 1 exit status
configure:17858: $? = 1
configure: failed program was:
| /* confdefs.h */
| #define PACKAGE_NAME "NFFT"
| #define PACKAGE_TARNAME "nfft"
| #define PACKAGE_VERSION "3.2.2"
| #define PACKAGE_STRING "NFFT 3.2.2"
| #define PACKAGE_BUGREPORT "bugs@nfft.org"
| #define PACKAGE_URL ""
| #define STDC_HEADERS 1
| #define HAVE_SYS_TYPES_H 1
| #define HAVE_SYS_STAT_H 1
| #define HAVE_STDLIB_H 1
| #define HAVE_STRING_H 1
| #define HAVE_MEMORY_H 1
| #define HAVE_STRINGS_H 1
| #define HAVE_INTTYPES_H 1
| #define HAVE_STDINT_H 1
| #define HAVE_UNISTD_H 1
| #define HAVE_DLFCN_H 1
| #define LT_OBJDIR ".libs/"
| #define PACKAGE "nfft"
| #define VERSION "3.2.2"
| #define KAISER_BESSEL 1
| #define restrict __restrict
| #define HAVE_LIBFFTW3 1
| #define HAVE_OPENMP 1
| #define MATLAB_ARGCHECKS 1
| #define HAVE_MATH_H 1
| #define HAVE_STDIO_H 1
| #define HAVE_STDLIB_H 1
| #define HAVE_TIME_H 1
| #define HAVE_SYS_TIME_H 1
| #define HAVE_COMPLEX_H 1
| #define HAVE_STRING_H 1
| #define HAVE_FLOAT_H 1
| #define HAVE_LIMITS_H 1
| #define HAVE_STDARG_H 1
| #define HAVE_STDDEF_H 1
| #define HAVE_SYS_TYPES_H 1
| #define HAVE_STDINT_H 1
| #define HAVE_INTTYPES_H 1
| #define HAVE_STDBOOL_H 1
| #define HAVE_MALLOC_H 1
| #define TIME_WITH_SYS_TIME 1
| #define HAVE_LONG_DOUBLE 1
| #define HAVE_UINTPTR_T 1
| #define SIZEOF_INT 4
| #define SIZEOF_UNSIGNED_INT 4
| #define SIZEOF_LONG 8
| #define SIZEOF_UNSIGNED_LONG 8
| #define SIZEOF_LONG_LONG 8
| #define SIZEOF_UNSIGNED_LONG_LONG 8
| #define SIZEOF_SIZE_T 8
| #define SIZEOF_PTRDIFF_T 8
| #define SIZEOF_FLOAT 4
| #define SIZEOF_DOUBLE 8
| #define SIZEOF_LONG_DOUBLE 16
| #define HAVE_ALLOCA_H 1
| #define HAVE_ALLOCA 1
| #define HAVE_VPRINTF 1
| #define HAVE_LIBM 1
| #define HAVE_MEMSET 1
| #define HAVE_POSIX_MEMALIGN 1
| #define HAVE_MEMALIGN 1
| #define HAVE_SYSCTL 1
| #define HAVE_ABORT 1
| #define HAVE_SNPRINTF 1
| #define HAVE_SLEEP 1
| #define HAVE_USLEEP 1
| #define HAVE_NANOSLEEP 1
| #define HAVE_DRAND48 1
| #define HAVE_SRAND48 1
| #define HAVE_DECL_MEMALIGN 0
| #define HAVE_DECL_POSIX_MEMALIGN 1
| #define HAVE_DECL_SLEEP 1
| #define HAVE_DECL_NANOSLEEP 1
| #define HAVE_DECL_DRAND48 1
| #define HAVE_DECL_SRAND48 1
| #define HAVE_COPYSIGN 1
| #define HAVE_MODF 1
| #define HAVE_FREXP 1
| #define HAVE_LDEXP 1
| #define HAVE_SCALBN 1
| #define HAVE_SCALBLN 1
| /* end confdefs.h.  */
| /* Define atanh to an innocuous variant, in case <limits.h> declares atanh.
|    For example, HP-UX 11i <limits.h> declares gettimeofday.  */
| #define atanh innocuous_atanh
| 
| /* System header to define __stub macros and hopefully few prototypes,
|     which can conflict with char atanh (); below.
|     Prefer <limits.h> to <assert.h> if __STDC__ is defined, since
|     <limits.h> exists even on freestanding compilers.  */
| 
| #ifdef __STDC__
| # include <limits.h>
| #else
| # include <assert.h>
| #endif
| 
| #undef atanh
| 
| /* Override any GCC internal prototype to avoid an error.
|    Use char because int might match the return type of a GCC
|    builtin and then its argument prototype would still apply.  */
| #ifdef __cplusplus
| extern "C"
| #endif
| char atanh ();
| /* The GNU C library defines this for functions which it implements
|     to always fail with ENOSYS.  Some functions are actually named
|     something starting with __ and the normal name is an alias.  */
| #if defined __stub_atanh || defined __stub___atanh
| choke me
| #endif
| 
| int
| main ()
| {
| return atanh ();
|   ;
|   return 0;
| }
configure:17858: result: no
configure:17858: checking for tgamma
configure:17858: gcc -o conftest -O3 -fomit-frame-pointer -malign-double -fstrict-aliasing -ffast-math -march=native -std=gnu99    conftest.c  >&5
conftest.c:108: warning: conflicting types for built-in function 'tgamma'
/tmp/ccfDIDG7.o: In function `main':
conftest.c:(.text+0x7): undefined reference to `tgamma'
collect2: ld returned 1 exit status
configure:17858: $? = 1
configure: failed program was:
| /* confdefs.h */
| #define PACKAGE_NAME "NFFT"
| #define PACKAGE_TARNAME "nfft"
| #define PACKAGE_VERSION "3.2.2"
| #define PACKAGE_STRING "NFFT 3.2.2"
| #define PACKAGE_BUGREPORT "bugs@nfft.org"
| #define PACKAGE_URL ""
| #define STDC_HEADERS 1
| #define HAVE_SYS_TYPES_H 1
| #define HAVE_SYS_STAT_H 1
| #define HAVE_STDLIB_H 1
| #define HAVE_STRING_H 1
| #define HAVE_MEMORY_H 1
| #define HAVE_STRINGS_H 1
| #define HAVE_INTTYPES_H 1
| #define HAVE_STDINT_H 1
| #define HAVE_UNISTD_H 1
| #define HAVE_DLFCN_H 1
| #define LT_OBJDIR ".libs/"
| #define PACKAGE "nfft"
| #define VERSION "3.2.2"
| #define KAISER_BESSEL 1
| #define restrict __restrict
| #define HAVE_LIBFFTW3 1
| #define HAVE_OPENMP 1
| #define MATLAB_ARGCHECKS 1
| #define HAVE_MATH_H 1
| #define HAVE_STDIO_H 1
| #define HAVE_STDLIB_H 1
| #define HAVE_TIME_H 1
| #define HAVE_SYS_TIME_H 1
| #define HAVE_COMPLEX_H 1
| #define HAVE_STRING_H 1
| #define HAVE_FLOAT_H 1
| #define HAVE_LIMITS_H 1
| #define HAVE_STDARG_H 1
| #define HAVE_STDDEF_H 1
| #define HAVE_SYS_TYPES_H 1
| #define HAVE_STDINT_H 1
| #define HAVE_INTTYPES_H 1
| #define HAVE_STDBOOL_H 1
| #define HAVE_MALLOC_H 1
| #define TIME_WITH_SYS_TIME 1
| #define HAVE_LONG_DOUBLE 1
| #define HAVE_UINTPTR_T 1
| #define SIZEOF_INT 4
| #define SIZEOF_UNSIGNED_INT 4
| #define SIZEOF_LONG 8
| #define SIZEOF_UNSIGNED_LONG 8
| #define SIZEOF_LONG_LONG 8
| #define SIZEOF_UNSIGNED_LONG_LONG 8
| #define SIZEOF_SIZE_T 8
| #define SIZEOF_PTRDIFF_T 8
| #define SIZEOF_FLOAT 4
| #define SIZEOF_DOUBLE 8
| #define SIZEOF_LONG_DOUBLE 16
| #define HAVE_ALLOCA_H 1
| #define HAVE_ALLOCA 1
| #define HAVE_VPRINTF 1
| #define HAVE_LIBM 1
| #define HAVE_MEMSET 1
| #define HAVE_POSIX_MEMALIGN 1
| #define HAVE_MEMALIGN 1
| #define HAVE_SYSCTL 1
| #define HAVE_ABORT 1
| #define HAVE_SNPRINTF 1
| #define HAVE_SLEEP 1
| #define HAVE_USLEEP 1
| #define HAVE_NANOSLEEP 1
| #define HAVE_DRAND48 1
| #define HAVE_SRAND48 1
| #define HAVE_DECL_MEMALIGN 0
| #define HAVE_DECL_POSIX_MEMALIGN 1
| #define HAVE_DECL_SLEEP 1
| #define HAVE_DECL_NANOSLEEP 1
| #define HAVE_DECL_DRAND48 1
| #define HAVE_DECL_SRAND48 1
| #define HAVE_COPYSIGN 1
| #define HAVE_MODF 1
| #define HAVE_FREXP 1
| #define HAVE_LDEXP 1
| #define HAVE_SCALBN 1
| #define HAVE_SCALBLN 1
| /* end confdefs.h.  */
| /* Define tgamma to an innocuous variant, in case <limits.h> declares tgamma.
|    For example, HP-UX 11i <limits.h> declares gettimeofday.  */
| #define tgamma innocuous_tgamma
| 
| /* System header to define __stub macros and hopefully few prototypes,
|     which can conflict with char tgamma (); below.
|     Prefer <limits.h> to <assert.h> if __STDC__ is defined, since
|     <limits.h> exists even on freestanding compilers.  */
| 
| #ifdef __STDC__
| # include <limits.h>
| #else
| # include <assert.h>
| #endif
| 
| #undef tgamma
| 
| /* Override any GCC internal prototype to avoid an error.
|    Use char because int might match the return type of a GCC
|    builtin and then its argument prototype would still apply.  */
| #ifdef __cplusplus
| extern "C"
| #endif
| char tgamma ();
| /* The GNU C library defines this for functions which it implements
|     to always fail with ENOSYS.  Some functions are actually named
|     something starting with __ and the normal name is an alias.  */
| #if defined __stub_tgamma || defined __stub___tgamma
| choke me
| #endif
| 
| int
| main ()
| {
| return tgamma ();
|   ;
|   return 0;
| }
configure:17858: result: no
configure:17858: checking for lgamma
configure:17858: gcc -o conftest -O3 -fomit-frame-pointer -malign-double -fstrict-aliasing -ffast-math -march=native -std=gnu99    conftest.c  >&5
conftest.c:108: warning: conflicting types for built-in function 'lgamma'
/tmp/ccbhaCFc.o: In function `main':
conftest.c:(.text+0x7): undefined reference to `lgamma'
collect2: ld returned 1 exit status
configure:17858: $? = 1
configure: failed program was:
| /* confdefs.h */
| #define PACKAGE_NAME "NFFT"
| #define PACKAGE_TARNAME "nfft"
| #define PACKAGE_VERSION "3.2.2"
| #define PACKAGE_STRING "NFFT 3.2.2"
| #define PACKAGE_BUGREPORT "bugs@nfft.org"
| #define PACKAGE_URL ""
| #define STDC_HEADERS 1
| #define HAVE_SYS_TYPES_H 1
| #define HAVE_SYS_STAT_H 1
| #define HAVE_STDLIB_H 1
| #define HAVE_STRING_H 1
| #define HAVE_MEMORY_H 1
| #define HAVE_STRINGS_H 1
| #define HAVE_INTTYPES_H 1
| #define HAVE_STDINT_H 1
| #define HAVE_UNISTD_H 1
| #define HAVE_DLFCN_H 1
| #define LT_OBJDIR ".libs/"
| #define PACKAGE "nfft"
| #define VERSION "3.2.2"
| #define KAISER_BESSEL 1
| #define restrict __restrict
| #define HAVE_LIBFFTW3 1
| #define HAVE_OPENMP 1
| #define MATLAB_ARGCHECKS 1
| #define HAVE_MATH_H 1
| #define HAVE_STDIO_H 1
| #define HAVE_STDLIB_H 1
| #define HAVE_TIME_H 1
| #define HAVE_SYS_TIME_H 1
| #define HAVE_COMPLEX_H 1
| #define HAVE_STRING_H 1
| #define HAVE_FLOAT_H 1
| #define HAVE_LIMITS_H 1
| #define HAVE_STDARG_H 1
| #define HAVE_STDDEF_H 1
| #define HAVE_SYS_TYPES_H 1
| #define HAVE_STDINT_H 1
| #define HAVE_INTTYPES_H 1
| #define HAVE_STDBOOL_H 1
| #define HAVE_MALLOC_H 1
| #define TIME_WITH_SYS_TIME 1
| #define HAVE_LONG_DOUBLE 1
| #define HAVE_UINTPTR_T 1
| #define SIZEOF_INT 4
| #define SIZEOF_UNSIGNED_INT 4
| #define SIZEOF_LONG 8
| #define SIZEOF_UNSIGNED_LONG 8
| #define SIZEOF_LONG_LONG 8
| #define SIZEOF_UNSIGNED_LONG_LONG 8
| #define SIZEOF_SIZE_T 8
| #define SIZEOF_PTRDIFF_T 8
| #define SIZEOF_FLOAT 4
| #define SIZEOF_DOUBLE 8
| #define SIZEOF_LONG_DOUBLE 16
| #define HAVE_ALLOCA_H 1
| #define HAVE_ALLOCA 1
| #define HAVE_VPRINTF 1
| #define HAVE_LIBM 1
| #define HAVE_MEMSET 1
| #define HAVE_POSIX_MEMALIGN 1
| #define HAVE_MEMALIGN 1
| #define HAVE_SYSCTL 1
| #define HAVE_ABORT 1
| #define HAVE_SNPRINTF 1
| #define HAVE_SLEEP 1
| #define HAVE_USLEEP 1
| #define HAVE_NANOSLEEP 1
| #define HAVE_DRAND48 1
| #define HAVE_SRAND48 1
| #define HAVE_DECL_MEMALIGN 0
| #define HAVE_DECL_POSIX_MEMALIGN 1
| #define HAVE_DECL_SLEEP 1
| #define HAVE_DECL_NANOSLEEP 1
| #define HAVE_DECL_DRAND48 1
| #define HAVE_DECL_SRAND48 1
| #define HAVE_COPYSIGN 1
| #define HAVE_MODF 1
| #define HAVE_FREXP 1
| #define HAVE_LDEXP 1
| #define HAVE_SCALBN 1
| #define HAVE_SCALBLN 1
| /* end confdefs.h.  */
| /* Define lgamma to an innocuous variant, in case <limits.h> declares lgamma.
|    For example, HP-UX 11i <limits.h> declares gettimeofday.  */
| #define lgamma innocuous_lgamma
| 
| /* System header to define __stub macros and hopefully few prototypes,
|     which can conflict with char lgamma (); below.
|     Prefer <limits.h> to <assert.h> if __STDC__ is defined, since
|     <limits.h> exists even on freestanding compilers.  */
| 
| #ifdef __STDC__
| # include <limits.h>
| #else
| # include <assert.h>
| #endif
| 
| #undef lgamma
| 
| /* Override any GCC internal prototype to avoid an error.
|    Use char because int might match the return type of a GCC
|    builtin and then its argument prototype would still apply.  */
| #ifdef __cplusplus
| extern "C"
| #endif
| char lgamma ();
| /* The GNU C library defines this for functions which it implements
|     to always fail with ENOSYS.  Some functions are actually named
|     something starting with __ and the normal name is an alias.  */
| #if defined __stub_lgamma || defined __stub___lgamma
| choke me
| #endif
| 
| int
| main ()
| {
| return lgamma ();
|   ;
|   return 0;
| }
configure:17858: result: no
configure:17858: checking for j0
configure:17858: gcc -o conftest -O3 -fomit-frame-pointer -malign-double -fstrict-aliasing -ffast-math -march=native -std=gnu99    conftest.c  >&5
conftest.c:108: warning: conflicting types for built-in function 'j0'
/tmp/ccHfHZ5d.o: In function `main':
conftest.c:(.text+0x7): undefined reference to `j0'
collect2: ld returned 1 exit status
configure:17858: $? = 1
configure: failed program was:
| /* confdefs.h */
| #define PACKAGE_NAME "NFFT"
| #define PACKAGE_TARNAME "nfft"
| #define PACKAGE_VERSION "3.2.2"
| #define PACKAGE_STRING "NFFT 3.2.2"
| #define PACKAGE_BUGREPORT "bugs@nfft.org"
| #define PACKAGE_URL ""
| #define STDC_HEADERS 1
| #define HAVE_SYS_TYPES_H 1
| #define HAVE_SYS_STAT_H 1
| #define HAVE_STDLIB_H 1
| #define HAVE_STRING_H 1
| #define HAVE_MEMORY_H 1
| #define HAVE_STRINGS_H 1
| #define HAVE_INTTYPES_H 1
| #define HAVE_STDINT_H 1
| #define HAVE_UNISTD_H 1
| #define HAVE_DLFCN_H 1
| #define LT_OBJDIR ".libs/"
| #define PACKAGE "nfft"
| #define VERSION "3.2.2"
| #define KAISER_BESSEL 1
| #define restrict __restrict
| #define HAVE_LIBFFTW3 1
| #define HAVE_OPENMP 1
| #define MATLAB_ARGCHECKS 1
| #define HAVE_MATH_H 1
| #define HAVE_STDIO_H 1
| #define HAVE_STDLIB_H 1
| #define HAVE_TIME_H 1
| #define HAVE_SYS_TIME_H 1
| #define HAVE_COMPLEX_H 1
| #define HAVE_STRING_H 1
| #define HAVE_FLOAT_H 1
| #define HAVE_LIMITS_H 1
| #define HAVE_STDARG_H 1
| #define HAVE_STDDEF_H 1
| #define HAVE_SYS_TYPES_H 1
| #define HAVE_STDINT_H 1
| #define HAVE_INTTYPES_H 1
| #define HAVE_STDBOOL_H 1
| #define HAVE_MALLOC_H 1
| #define TIME_WITH_SYS_TIME 1
| #define HAVE_LONG_DOUBLE 1
| #define HAVE_UINTPTR_T 1
| #define SIZEOF_INT 4
| #define SIZEOF_UNSIGNED_INT 4
| #define SIZEOF_LONG 8
| #define SIZEOF_UNSIGNED_LONG 8
| #define SIZEOF_LONG_LONG 8
| #define SIZEOF_UNSIGNED_LONG_LONG 8
| #define SIZEOF_SIZE_T 8
| #define SIZEOF_PTRDIFF_T 8
| #define SIZEOF_FLOAT 4
| #define SIZEOF_DOUBLE 8
| #define SIZEOF_LONG_DOUBLE 16
| #define HAVE_ALLOCA_H 1
| #define HAVE_ALLOCA 1
| #define HAVE_VPRINTF 1
| #define HAVE_LIBM 1
| #define HAVE_MEMSET 1
| #define HAVE_POSIX_MEMALIGN 1
| #define HAVE_MEMALIGN 1
| #define HAVE_SYSCTL 1
| #define HAVE_ABORT 1
| #define HAVE_SNPRINTF 1
| #define HAVE_SLEEP 1
| #define HAVE_USLEEP 1
| #define HAVE_NANOSLEEP 1
| #define HAVE_DRAND48 1
| #define HAVE_SRAND48 1
| #define HAVE_DECL_MEMALIGN 0
| #define HAVE_DECL_POSIX_MEMALIGN 1
| #define HAVE_DECL_SLEEP 1
| #define HAVE_DECL_NANOSLEEP 1
| #define HAVE_DECL_DRAND48 1
| #define HAVE_DECL_SRAND48 1
| #define HAVE_COPYSIGN 1
| #define HAVE_MODF 1
| #define HAVE_FREXP 1
| #define HAVE_LDEXP 1
| #define HAVE_SCALBN 1
| #define HAVE_SCALBLN 1
| /* end confdefs.h.  */
| /* Define j0 to an innocuous variant, in case <limits.h> declares j0.
|    For example, HP-UX 11i <limits.h> declares gettimeofday.  */
| #define j0 innocuous_j0
| 
| /* System header to define __stub macros and hopefully few prototypes,
|     which can conflict with char j0 (); below.
|     Prefer <limits.h> to <assert.h> if __STDC__ is defined, since
|     <limits.h> exists even on freestanding compilers.  */
| 
| #ifdef __STDC__
| # include <limits.h>
| #else
| # include <assert.h>
| #endif
| 
| #undef j0
| 
| /* Override any GCC internal prototype to avoid an error.
|    Use char because int might match the return type of a GCC
|    builtin and then its argument prototype would still apply.  */
| #ifdef __cplusplus
| extern "C"
| #endif
| char j0 ();
| /* The GNU C library defines this for functions which it implements
|     to always fail with ENOSYS.  Some functions are actually named
|     something starting with __ and the normal name is an alias.  */
| #if defined __stub_j0 || defined __stub___j0
| choke me
| #endif
| 
| int
| main ()
| {
| return j0 ();
|   ;
|   return 0;
| }
configure:17858: result: no
configure:17858: checking for j1
configure:17858: gcc -o conftest -O3 -fomit-frame-pointer -malign-double -fstrict-aliasing -ffast-math -march=native -std=gnu99    conftest.c  >&5
conftest.c:108: warning: conflicting types for built-in function 'j1'
/tmp/ccaqzOzb.o: In function `main':
conftest.c:(.text+0x7): undefined reference to `j1'
collect2: ld returned 1 exit status
configure:17858: $? = 1
configure: failed program was:
| /* confdefs.h */
| #define PACKAGE_NAME "NFFT"
| #define PACKAGE_TARNAME "nfft"
| #define PACKAGE_VERSION "3.2.2"
| #define PACKAGE_STRING "NFFT 3.2.2"
| #define PACKAGE_BUGREPORT "bugs@nfft.org"
| #define PACKAGE_URL ""
| #define STDC_HEADERS 1
| #define HAVE_SYS_TYPES_H 1
| #define HAVE_SYS_STAT_H 1
| #define HAVE_STDLIB_H 1
| #define HAVE_STRING_H 1
| #define HAVE_MEMORY_H 1
| #define HAVE_STRINGS_H 1
| #define HAVE_INTTYPES_H 1
| #define HAVE_STDINT_H 1
| #define HAVE_UNISTD_H 1
| #define HAVE_DLFCN_H 1
| #define LT_OBJDIR ".libs/"
| #define PACKAGE "nfft"
| #define VERSION "3.2.2"
| #define KAISER_BESSEL 1
| #define restrict __restrict
| #define HAVE_LIBFFTW3 1
| #define HAVE_OPENMP 1
| #define MATLAB_ARGCHECKS 1
| #define HAVE_MATH_H 1
| #define HAVE_STDIO_H 1
| #define HAVE_STDLIB_H 1
| #define HAVE_TIME_H 1
| #define HAVE_SYS_TIME_H 1
| #define HAVE_COMPLEX_H 1
| #define HAVE_STRING_H 1
| #define HAVE_FLOAT_H 1
| #define HAVE_LIMITS_H 1
| #define HAVE_STDARG_H 1
| #define HAVE_STDDEF_H 1
| #define HAVE_SYS_TYPES_H 1
| #define HAVE_STDINT_H 1
| #define HAVE_INTTYPES_H 1
| #define HAVE_STDBOOL_H 1
| #define HAVE_MALLOC_H 1
| #define TIME_WITH_SYS_TIME 1
| #define HAVE_LONG_DOUBLE 1
| #define HAVE_UINTPTR_T 1
| #define SIZEOF_INT 4
| #define SIZEOF_UNSIGNED_INT 4
| #define SIZEOF_LONG 8
| #define SIZEOF_UNSIGNED_LONG 8
| #define SIZEOF_LONG_LONG 8
| #define SIZEOF_UNSIGNED_LONG_LONG 8
| #define SIZEOF_SIZE_T 8
| #define SIZEOF_PTRDIFF_T 8
| #define SIZEOF_FLOAT 4
| #define SIZEOF_DOUBLE 8
| #define SIZEOF_LONG_DOUBLE 16
| #define HAVE_ALLOCA_H 1
| #define HAVE_ALLOCA 1
| #define HAVE_VPRINTF 1
| #define HAVE_LIBM 1
| #define HAVE_MEMSET 1
| #define HAVE_POSIX_MEMALIGN 1
| #define HAVE_MEMALIGN 1
| #define HAVE_SYSCTL 1
| #define HAVE_ABORT 1
| #define HAVE_SNPRINTF 1
| #define HAVE_SLEEP 1
| #define HAVE_USLEEP 1
| #define HAVE_NANOSLEEP 1
| #define HAVE_DRAND48 1
| #define HAVE_SRAND48 1
| #define HAVE_DECL_MEMALIGN 0
| #define HAVE_DECL_POSIX_MEMALIGN 1
| #define HAVE_DECL_SLEEP 1
| #define HAVE_DECL_NANOSLEEP 1
| #define HAVE_DECL_DRAND48 1
| #define HAVE_DECL_SRAND48 1
| #define HAVE_COPYSIGN 1
| #define HAVE_MODF 1
| #define HAVE_FREXP 1
| #define HAVE_LDEXP 1
| #define HAVE_SCALBN 1
| #define HAVE_SCALBLN 1
| /* end confdefs.h.  */
| /* Define j1 to an innocuous variant, in case <limits.h> declares j1.
|    For example, HP-UX 11i <limits.h> declares gettimeofday.  */
| #define j1 innocuous_j1
| 
| /* System header to define __stub macros and hopefully few prototypes,
|     which can conflict with char j1 (); below.
|     Prefer <limits.h> to <assert.h> if __STDC__ is defined, since
|     <limits.h> exists even on freestanding compilers.  */
| 
| #ifdef __STDC__
| # include <limits.h>
| #else
| # include <assert.h>
| #endif
| 
| #undef j1
| 
| /* Override any GCC internal prototype to avoid an error.
|    Use char because int might match the return type of a GCC
|    builtin and then its argument prototype would still apply.  */
| #ifdef __cplusplus
| extern "C"
| #endif
| char j1 ();
| /* The GNU C library defines this for functions which it implements
|     to always fail with ENOSYS.  Some functions are actually named
|     something starting with __ and the normal name is an alias.  */
| #if defined __stub_j1 || defined __stub___j1
| choke me
| #endif
| 
| int
| main ()
| {
| return j1 ();
|   ;
|   return 0;
| }
configure:17858: result: no
configure:17858: checking for jn
configure:17858: gcc -o conftest -O3 -fomit-frame-pointer -malign-double -fstrict-aliasing -ffast-math -march=native -std=gnu99    conftest.c  >&5
conftest.c:108: warning: conflicting types for built-in function 'jn'
/tmp/cccpoQ2c.o: In function `main':
conftest.c:(.text+0x7): undefined reference to `jn'
collect2: ld returned 1 exit status
configure:17858: $? = 1
configure: failed program was:
| /* confdefs.h */
| #define PACKAGE_NAME "NFFT"
| #define PACKAGE_TARNAME "nfft"
| #define PACKAGE_VERSION "3.2.2"
| #define PACKAGE_STRING "NFFT 3.2.2"
| #define PACKAGE_BUGREPORT "bugs@nfft.org"
| #define PACKAGE_URL ""
| #define STDC_HEADERS 1
| #define HAVE_SYS_TYPES_H 1
| #define HAVE_SYS_STAT_H 1
| #define HAVE_STDLIB_H 1
| #define HAVE_STRING_H 1
| #define HAVE_MEMORY_H 1
| #define HAVE_STRINGS_H 1
| #define HAVE_INTTYPES_H 1
| #define HAVE_STDINT_H 1
| #define HAVE_UNISTD_H 1
| #define HAVE_DLFCN_H 1
| #define LT_OBJDIR ".libs/"
| #define PACKAGE "nfft"
| #define VERSION "3.2.2"
| #define KAISER_BESSEL 1
| #define restrict __restrict
| #define HAVE_LIBFFTW3 1
| #define HAVE_OPENMP 1
| #define MATLAB_ARGCHECKS 1
| #define HAVE_MATH_H 1
| #define HAVE_STDIO_H 1
| #define HAVE_STDLIB_H 1
| #define HAVE_TIME_H 1
| #define HAVE_SYS_TIME_H 1
| #define HAVE_COMPLEX_H 1
| #define HAVE_STRING_H 1
| #define HAVE_FLOAT_H 1
| #define HAVE_LIMITS_H 1
| #define HAVE_STDARG_H 1
| #define HAVE_STDDEF_H 1
| #define HAVE_SYS_TYPES_H 1
| #define HAVE_STDINT_H 1
| #define HAVE_INTTYPES_H 1
| #define HAVE_STDBOOL_H 1
| #define HAVE_MALLOC_H 1
| #define TIME_WITH_SYS_TIME 1
| #define HAVE_LONG_DOUBLE 1
| #define HAVE_UINTPTR_T 1
| #define SIZEOF_INT 4
| #define SIZEOF_UNSIGNED_INT 4
| #define SIZEOF_LONG 8
| #define SIZEOF_UNSIGNED_LONG 8
| #define SIZEOF_LONG_LONG 8
| #define SIZEOF_UNSIGNED_LONG_LONG 8
| #define SIZEOF_SIZE_T 8
| #define SIZEOF_PTRDIFF_T 8
| #define SIZEOF_FLOAT 4
| #define SIZEOF_DOUBLE 8
| #define SIZEOF_LONG_DOUBLE 16
| #define HAVE_ALLOCA_H 1
| #define HAVE_ALLOCA 1
| #define HAVE_VPRINTF 1
| #define HAVE_LIBM 1
| #define HAVE_MEMSET 1
| #define HAVE_POSIX_MEMALIGN 1
| #define HAVE_MEMALIGN 1
| #define HAVE_SYSCTL 1
| #define HAVE_ABORT 1
| #define HAVE_SNPRINTF 1
| #define HAVE_SLEEP 1
| #define HAVE_USLEEP 1
| #define HAVE_NANOSLEEP 1
| #define HAVE_DRAND48 1
| #define HAVE_SRAND48 1
| #define HAVE_DECL_MEMALIGN 0
| #define HAVE_DECL_POSIX_MEMALIGN 1
| #define HAVE_DECL_SLEEP 1
| #define HAVE_DECL_NANOSLEEP 1
| #define HAVE_DECL_DRAND48 1
| #define HAVE_DECL_SRAND48 1
| #define HAVE_COPYSIGN 1
| #define HAVE_MODF 1
| #define HAVE_FREXP 1
| #define HAVE_LDEXP 1
| #define HAVE_SCALBN 1
| #define HAVE_SCALBLN 1
| /* end confdefs.h.  */
| /* Define jn to an innocuous variant, in case <limits.h> declares jn.
|    For example, HP-UX 11i <limits.h> declares gettimeofday.  */
| #define jn innocuous_jn
| 
| /* System header to define __stub macros and hopefully few prototypes,
|     which can conflict with char jn (); below.
|     Prefer <limits.h> to <assert.h> if __STDC__ is defined, since
|     <limits.h> exists even on freestanding compilers.  */
| 
| #ifdef __STDC__
| # include <limits.h>
| #else
| # include <assert.h>
| #endif
| 
| #undef jn
| 
| /* Override any GCC internal prototype to avoid an error.
|    Use char because int might match the return type of a GCC
|    builtin and then its argument prototype would still apply.  */
| #ifdef __cplusplus
| extern "C"
| #endif
| char jn ();
| /* The GNU C library defines this for functions which it implements
|     to always fail with ENOSYS.  Some functions are actually named
|     something starting with __ and the normal name is an alias.  */
| #if defined __stub_jn || defined __stub___jn
| choke me
| #endif
| 
| int
| main ()
| {
| return jn ();
|   ;
|   return 0;
| }
configure:17858: result: no
configure:17858: checking for y0
configure:17858: gcc -o conftest -O3 -fomit-frame-pointer -malign-double -fstrict-aliasing -ffast-math -march=native -std=gnu99    conftest.c  >&5
conftest.c:108: warning: conflicting types for built-in function 'y0'
/tmp/ccQACCei.o: In function `main':
conftest.c:(.text+0x7): undefined reference to `y0'
collect2: ld returned 1 exit status
configure:17858: $? = 1
configure: failed program was:
| /* confdefs.h */
| #define PACKAGE_NAME "NFFT"
| #define PACKAGE_TARNAME "nfft"
| #define PACKAGE_VERSION "3.2.2"
| #define PACKAGE_STRING "NFFT 3.2.2"
| #define PACKAGE_BUGREPORT "bugs@nfft.org"
| #define PACKAGE_URL ""
| #define STDC_HEADERS 1
| #define HAVE_SYS_TYPES_H 1
| #define HAVE_SYS_STAT_H 1
| #define HAVE_STDLIB_H 1
| #define HAVE_STRING_H 1
| #define HAVE_MEMORY_H 1
| #define HAVE_STRINGS_H 1
| #define HAVE_INTTYPES_H 1
| #define HAVE_STDINT_H 1
| #define HAVE_UNISTD_H 1
| #define HAVE_DLFCN_H 1
| #define LT_OBJDIR ".libs/"
| #define PACKAGE "nfft"
| #define VERSION "3.2.2"
| #define KAISER_BESSEL 1
| #define restrict __restrict
| #define HAVE_LIBFFTW3 1
| #define HAVE_OPENMP 1
| #define MATLAB_ARGCHECKS 1
| #define HAVE_MATH_H 1
| #define HAVE_STDIO_H 1
| #define HAVE_STDLIB_H 1
| #define HAVE_TIME_H 1
| #define HAVE_SYS_TIME_H 1
| #define HAVE_COMPLEX_H 1
| #define HAVE_STRING_H 1
| #define HAVE_FLOAT_H 1
| #define HAVE_LIMITS_H 1
| #define HAVE_STDARG_H 1
| #define HAVE_STDDEF_H 1
| #define HAVE_SYS_TYPES_H 1
| #define HAVE_STDINT_H 1
| #define HAVE_INTTYPES_H 1
| #define HAVE_STDBOOL_H 1
| #define HAVE_MALLOC_H 1
| #define TIME_WITH_SYS_TIME 1
| #define HAVE_LONG_DOUBLE 1
| #define HAVE_UINTPTR_T 1
| #define SIZEOF_INT 4
| #define SIZEOF_UNSIGNED_INT 4
| #define SIZEOF_LONG 8
| #define SIZEOF_UNSIGNED_LONG 8
| #define SIZEOF_LONG_LONG 8
| #define SIZEOF_UNSIGNED_LONG_LONG 8
| #define SIZEOF_SIZE_T 8
| #define SIZEOF_PTRDIFF_T 8
| #define SIZEOF_FLOAT 4
| #define SIZEOF_DOUBLE 8
| #define SIZEOF_LONG_DOUBLE 16
| #define HAVE_ALLOCA_H 1
| #define HAVE_ALLOCA 1
| #define HAVE_VPRINTF 1
| #define HAVE_LIBM 1
| #define HAVE_MEMSET 1
| #define HAVE_POSIX_MEMALIGN 1
| #define HAVE_MEMALIGN 1
| #define HAVE_SYSCTL 1
| #define HAVE_ABORT 1
| #define HAVE_SNPRINTF 1
| #define HAVE_SLEEP 1
| #define HAVE_USLEEP 1
| #define HAVE_NANOSLEEP 1
| #define HAVE_DRAND48 1
| #define HAVE_SRAND48 1
| #define HAVE_DECL_MEMALIGN 0
| #define HAVE_DECL_POSIX_MEMALIGN 1
| #define HAVE_DECL_SLEEP 1
| #define HAVE_DECL_NANOSLEEP 1
| #define HAVE_DECL_DRAND48 1
| #define HAVE_DECL_SRAND48 1
| #define HAVE_COPYSIGN 1
| #define HAVE_MODF 1
| #define HAVE_FREXP 1
| #define HAVE_LDEXP 1
| #define HAVE_SCALBN 1
| #define HAVE_SCALBLN 1
| /* end confdefs.h.  */
| /* Define y0 to an innocuous variant, in case <limits.h> declares y0.
|    For example, HP-UX 11i <limits.h> declares gettimeofday.  */
| #define y0 innocuous_y0
| 
| /* System header to define __stub macros and hopefully few prototypes,
|     which can conflict with char y0 (); below.
|     Prefer <limits.h> to <assert.h> if __STDC__ is defined, since
|     <limits.h> exists even on freestanding compilers.  */
| 
| #ifdef __STDC__
| # include <limits.h>
| #else
| # include <assert.h>
| #endif
| 
| #undef y0
| 
| /* Override any GCC internal prototype to avoid an error.
|    Use char because int might match the return type of a GCC
|    builtin and then its argument prototype would still apply.  */
| #ifdef __cplusplus
| extern "C"
| #endif
| char y0 ();
| /* The GNU C library defines this for functions which it implements
|     to always fail with ENOSYS.  Some functions are actually named
|     something starting with __ and the normal name is an alias.  */
| #if defined __stub_y0 || defined __stub___y0
| choke me
| #endif
| 
| int
| main ()
| {
| return y0 ();
|   ;
|   return 0;
| }
configure:17858: result: no
configure:17858: checking for y1
configure:17858: gcc -o conftest -O3 -fomit-frame-pointer -malign-double -fstrict-aliasing -ffast-math -march=native -std=gnu99    conftest.c  >&5
conftest.c:108: warning: conflicting types for built-in function 'y1'
/tmp/cckffcvo.o: In function `main':
conftest.c:(.text+0x7): undefined reference to `y1'
collect2: ld returned 1 exit status
configure:17858: $? = 1
configure: failed program was:
| /* confdefs.h */
| #define PACKAGE_NAME "NFFT"
| #define PACKAGE_TARNAME "nfft"
| #define PACKAGE_VERSION "3.2.2"
| #define PACKAGE_STRING "NFFT 3.2.2"
| #define PACKAGE_BUGREPORT "bugs@nfft.org"
| #define PACKAGE_URL ""
| #define STDC_HEADERS 1
| #define HAVE_SYS_TYPES_H 1
| #define HAVE_SYS_STAT_H 1
| #define HAVE_STDLIB_H 1
| #define HAVE_STRING_H 1
| #define HAVE_MEMORY_H 1
| #define HAVE_STRINGS_H 1
| #define HAVE_INTTYPES_H 1
| #define HAVE_STDINT_H 1
| #define HAVE_UNISTD_H 1
| #define HAVE_DLFCN_H 1
| #define LT_OBJDIR ".libs/"
| #define PACKAGE "nfft"
| #define VERSION "3.2.2"
| #define KAISER_BESSEL 1
| #define restrict __restrict
| #define HAVE_LIBFFTW3 1
| #define HAVE_OPENMP 1
| #define MATLAB_ARGCHECKS 1
| #define HAVE_MATH_H 1
| #define HAVE_STDIO_H 1
| #define HAVE_STDLIB_H 1
| #define HAVE_TIME_H 1
| #define HAVE_SYS_TIME_H 1
| #define HAVE_COMPLEX_H 1
| #define HAVE_STRING_H 1
| #define HAVE_FLOAT_H 1
| #define HAVE_LIMITS_H 1
| #define HAVE_STDARG_H 1
| #define HAVE_STDDEF_H 1
| #define HAVE_SYS_TYPES_H 1
| #define HAVE_STDINT_H 1
| #define HAVE_INTTYPES_H 1
| #define HAVE_STDBOOL_H 1
| #define HAVE_MALLOC_H 1
| #define TIME_WITH_SYS_TIME 1
| #define HAVE_LONG_DOUBLE 1
| #define HAVE_UINTPTR_T 1
| #define SIZEOF_INT 4
| #define SIZEOF_UNSIGNED_INT 4
| #define SIZEOF_LONG 8
| #define SIZEOF_UNSIGNED_LONG 8
| #define SIZEOF_LONG_LONG 8
| #define SIZEOF_UNSIGNED_LONG_LONG 8
| #define SIZEOF_SIZE_T 8
| #define SIZEOF_PTRDIFF_T 8
| #define SIZEOF_FLOAT 4
| #define SIZEOF_DOUBLE 8
| #define SIZEOF_LONG_DOUBLE 16
| #define HAVE_ALLOCA_H 1
| #define HAVE_ALLOCA 1
| #define HAVE_VPRINTF 1
| #define HAVE_LIBM 1
| #define HAVE_MEMSET 1
| #define HAVE_POSIX_MEMALIGN 1
| #define HAVE_MEMALIGN 1
| #define HAVE_SYSCTL 1
| #define HAVE_ABORT 1
| #define HAVE_SNPRINTF 1
| #define HAVE_SLEEP 1
| #define HAVE_USLEEP 1
| #define HAVE_NANOSLEEP 1
| #define HAVE_DRAND48 1
| #define HAVE_SRAND48 1
| #define HAVE_DECL_MEMALIGN 0
| #define HAVE_DECL_POSIX_MEMALIGN 1
| #define HAVE_DECL_SLEEP 1
| #define HAVE_DECL_NANOSLEEP 1
| #define HAVE_DECL_DRAND48 1
| #define HAVE_DECL_SRAND48 1
| #define HAVE_COPYSIGN 1
| #define HAVE_MODF 1
| #define HAVE_FREXP 1
| #define HAVE_LDEXP 1
| #define HAVE_SCALBN 1
| #define HAVE_SCALBLN 1
| /* end confdefs.h.  */
| /* Define y1 to an innocuous variant, in case <limits.h> declares y1.
|    For example, HP-UX 11i <limits.h> declares gettimeofday.  */
| #define y1 innocuous_y1
| 
| /* System header to define __stub macros and hopefully few prototypes,
|     which can conflict with char y1 (); below.
|     Prefer <limits.h> to <assert.h> if __STDC__ is defined, since
|     <limits.h> exists even on freestanding compilers.  */
| 
| #ifdef __STDC__
| # include <limits.h>
| #else
| # include <assert.h>
| #endif
| 
| #undef y1
| 
| /* Override any GCC internal prototype to avoid an error.
|    Use char because int might match the return type of a GCC
|    builtin and then its argument prototype would still apply.  */
| #ifdef __cplusplus
| extern "C"
| #endif
| char y1 ();
| /* The GNU C library defines this for functions which it implements
|     to always fail with ENOSYS.  Some functions are actually named
|     something starting with __ and the normal name is an alias.  */
| #if defined __stub_y1 || defined __stub___y1
| choke me
| #endif
| 
| int
| main ()
| {
| return y1 ();
|   ;
|   return 0;
| }
configure:17858: result: no
configure:17858: checking for yn
configure:17858: gcc -o conftest -O3 -fomit-frame-pointer -malign-double -fstrict-aliasing -ffast-math -march=native -std=gnu99    conftest.c  >&5
conftest.c:108: warning: conflicting types for built-in function 'yn'
/tmp/cc6tAL2p.o: In function `main':
conftest.c:(.text+0x7): undefined reference to `yn'
collect2: ld returned 1 exit status
configure:17858: $? = 1
configure: failed program was:
| /* confdefs.h */
| #define PACKAGE_NAME "NFFT"
| #define PACKAGE_TARNAME "nfft"
| #define PACKAGE_VERSION "3.2.2"
| #define PACKAGE_STRING "NFFT 3.2.2"
| #define PACKAGE_BUGREPORT "bugs@nfft.org"
| #define PACKAGE_URL ""
| #define STDC_HEADERS 1
| #define HAVE_SYS_TYPES_H 1
| #define HAVE_SYS_STAT_H 1
| #define HAVE_STDLIB_H 1
| #define HAVE_STRING_H 1
| #define HAVE_MEMORY_H 1
| #define HAVE_STRINGS_H 1
| #define HAVE_INTTYPES_H 1
| #define HAVE_STDINT_H 1
| #define HAVE_UNISTD_H 1
| #define HAVE_DLFCN_H 1
| #define LT_OBJDIR ".libs/"
| #define PACKAGE "nfft"
| #define VERSION "3.2.2"
| #define KAISER_BESSEL 1
| #define restrict __restrict
| #define HAVE_LIBFFTW3 1
| #define HAVE_OPENMP 1
| #define MATLAB_ARGCHECKS 1
| #define HAVE_MATH_H 1
| #define HAVE_STDIO_H 1
| #define HAVE_STDLIB_H 1
| #define HAVE_TIME_H 1
| #define HAVE_SYS_TIME_H 1
| #define HAVE_COMPLEX_H 1
| #define HAVE_STRING_H 1
| #define HAVE_FLOAT_H 1
| #define HAVE_LIMITS_H 1
| #define HAVE_STDARG_H 1
| #define HAVE_STDDEF_H 1
| #define HAVE_SYS_TYPES_H 1
| #define HAVE_STDINT_H 1
| #define HAVE_INTTYPES_H 1
| #define HAVE_STDBOOL_H 1
| #define HAVE_MALLOC_H 1
| #define TIME_WITH_SYS_TIME 1
| #define HAVE_LONG_DOUBLE 1
| #define HAVE_UINTPTR_T 1
| #define SIZEOF_INT 4
| #define SIZEOF_UNSIGNED_INT 4
| #define SIZEOF_LONG 8
| #define SIZEOF_UNSIGNED_LONG 8
| #define SIZEOF_LONG_LONG 8
| #define SIZEOF_UNSIGNED_LONG_LONG 8
| #define SIZEOF_SIZE_T 8
| #define SIZEOF_PTRDIFF_T 8
| #define SIZEOF_FLOAT 4
| #define SIZEOF_DOUBLE 8
| #define SIZEOF_LONG_DOUBLE 16
| #define HAVE_ALLOCA_H 1
| #define HAVE_ALLOCA 1
| #define HAVE_VPRINTF 1
| #define HAVE_LIBM 1
| #define HAVE_MEMSET 1
| #define HAVE_POSIX_MEMALIGN 1
| #define HAVE_MEMALIGN 1
| #define HAVE_SYSCTL 1
| #define HAVE_ABORT 1
| #define HAVE_SNPRINTF 1
| #define HAVE_SLEEP 1
| #define HAVE_USLEEP 1
| #define HAVE_NANOSLEEP 1
| #define HAVE_DRAND48 1
| #define HAVE_SRAND48 1
| #define HAVE_DECL_MEMALIGN 0
| #define HAVE_DECL_POSIX_MEMALIGN 1
| #define HAVE_DECL_SLEEP 1
| #define HAVE_DECL_NANOSLEEP 1
| #define HAVE_DECL_DRAND48 1
| #define HAVE_DECL_SRAND48 1
| #define HAVE_COPYSIGN 1
| #define HAVE_MODF 1
| #define HAVE_FREXP 1
| #define HAVE_LDEXP 1
| #define HAVE_SCALBN 1
| #define HAVE_SCALBLN 1
| /* end confdefs.h.  */
| /* Define yn to an innocuous variant, in case <limits.h> declares yn.
|    For example, HP-UX 11i <limits.h> declares gettimeofday.  */
| #define yn innocuous_yn
| 
| /* System header to define __stub macros and hopefully few prototypes,
|     which can conflict with char yn (); below.
|     Prefer <limits.h> to <assert.h> if __STDC__ is defined, since
|     <limits.h> exists even on freestanding compilers.  */
| 
| #ifdef __STDC__
| # include <limits.h>
| #else
| # include <assert.h>
| #endif
| 
| #undef yn
| 
| /* Override any GCC internal prototype to avoid an error.
|    Use char because int might match the return type of a GCC
|    builtin and then its argument prototype would still apply.  */
| #ifdef __cplusplus
| extern "C"
| #endif
| char yn ();
| /* The GNU C library defines this for functions which it implements
|     to always fail with ENOSYS.  Some functions are actually named
|     something starting with __ and the normal name is an alias.  */
| #if defined __stub_yn || defined __stub___yn
| choke me
| #endif
| 
| int
| main ()
| {
| return yn ();
|   ;
|   return 0;
| }
configure:17858: result: no
configure:17858: checking for erf
configure:17858: gcc -o conftest -O3 -fomit-frame-pointer -malign-double -fstrict-aliasing -ffast-math -march=native -std=gnu99    conftest.c  >&5
conftest.c:108: warning: conflicting types for built-in function 'erf'
/tmp/ccSQ1DZw.o: In function `main':
conftest.c:(.text+0x7): undefined reference to `erf'
collect2: ld returned 1 exit status
configure:17858: $? = 1
configure: failed program was:
| /* confdefs.h */
| #define PACKAGE_NAME "NFFT"
| #define PACKAGE_TARNAME "nfft"
| #define PACKAGE_VERSION "3.2.2"
| #define PACKAGE_STRING "NFFT 3.2.2"
| #define PACKAGE_BUGREPORT "bugs@nfft.org"
| #define PACKAGE_URL ""
| #define STDC_HEADERS 1
| #define HAVE_SYS_TYPES_H 1
| #define HAVE_SYS_STAT_H 1
| #define HAVE_STDLIB_H 1
| #define HAVE_STRING_H 1
| #define HAVE_MEMORY_H 1
| #define HAVE_STRINGS_H 1
| #define HAVE_INTTYPES_H 1
| #define HAVE_STDINT_H 1
| #define HAVE_UNISTD_H 1
| #define HAVE_DLFCN_H 1
| #define LT_OBJDIR ".libs/"
| #define PACKAGE "nfft"
| #define VERSION "3.2.2"
| #define KAISER_BESSEL 1
| #define restrict __restrict
| #define HAVE_LIBFFTW3 1
| #define HAVE_OPENMP 1
| #define MATLAB_ARGCHECKS 1
| #define HAVE_MATH_H 1
| #define HAVE_STDIO_H 1
| #define HAVE_STDLIB_H 1
| #define HAVE_TIME_H 1
| #define HAVE_SYS_TIME_H 1
| #define HAVE_COMPLEX_H 1
| #define HAVE_STRING_H 1
| #define HAVE_FLOAT_H 1
| #define HAVE_LIMITS_H 1
| #define HAVE_STDARG_H 1
| #define HAVE_STDDEF_H 1
| #define HAVE_SYS_TYPES_H 1
| #define HAVE_STDINT_H 1
| #define HAVE_INTTYPES_H 1
| #define HAVE_STDBOOL_H 1
| #define HAVE_MALLOC_H 1
| #define TIME_WITH_SYS_TIME 1
| #define HAVE_LONG_DOUBLE 1
| #define HAVE_UINTPTR_T 1
| #define SIZEOF_INT 4
| #define SIZEOF_UNSIGNED_INT 4
| #define SIZEOF_LONG 8
| #define SIZEOF_UNSIGNED_LONG 8
| #define SIZEOF_LONG_LONG 8
| #define SIZEOF_UNSIGNED_LONG_LONG 8
| #define SIZEOF_SIZE_T 8
| #define SIZEOF_PTRDIFF_T 8
| #define SIZEOF_FLOAT 4
| #define SIZEOF_DOUBLE 8
| #define SIZEOF_LONG_DOUBLE 16
| #define HAVE_ALLOCA_H 1
| #define HAVE_ALLOCA 1
| #define HAVE_VPRINTF 1
| #define HAVE_LIBM 1
| #define HAVE_MEMSET 1
| #define HAVE_POSIX_MEMALIGN 1
| #define HAVE_MEMALIGN 1
| #define HAVE_SYSCTL 1
| #define HAVE_ABORT 1
| #define HAVE_SNPRINTF 1
| #define HAVE_SLEEP 1
| #define HAVE_USLEEP 1
| #define HAVE_NANOSLEEP 1
| #define HAVE_DRAND48 1
| #define HAVE_SRAND48 1
| #define HAVE_DECL_MEMALIGN 0
| #define HAVE_DECL_POSIX_MEMALIGN 1
| #define HAVE_DECL_SLEEP 1
| #define HAVE_DECL_NANOSLEEP 1
| #define HAVE_DECL_DRAND48 1
| #define HAVE_DECL_SRAND48 1
| #define HAVE_COPYSIGN 1
| #define HAVE_MODF 1
| #define HAVE_FREXP 1
| #define HAVE_LDEXP 1
| #define HAVE_SCALBN 1
| #define HAVE_SCALBLN 1
| /* end confdefs.h.  */
| /* Define erf to an innocuous variant, in case <limits.h> declares erf.
|    For example, HP-UX 11i <limits.h> declares gettimeofday.  */
| #define erf innocuous_erf
| 
| /* System header to define __stub macros and hopefully few prototypes,
|     which can conflict with char erf (); below.
|     Prefer <limits.h> to <assert.h> if __STDC__ is defined, since
|     <limits.h> exists even on freestanding compilers.  */
| 
| #ifdef __STDC__
| # include <limits.h>
| #else
| # include <assert.h>
| #endif
| 
| #undef erf
| 
| /* Override any GCC internal prototype to avoid an error.
|    Use char because int might match the return type of a GCC
|    builtin and then its argument prototype would still apply.  */
| #ifdef __cplusplus
| extern "C"
| #endif
| char erf ();
| /* The GNU C library defines this for functions which it implements
|     to always fail with ENOSYS.  Some functions are actually named
|     something starting with __ and the normal name is an alias.  */
| #if defined __stub_erf || defined __stub___erf
| choke me
| #endif
| 
| int
| main ()
| {
| return erf ();
|   ;
|   return 0;
| }
configure:17858: result: no
configure:17858: checking for erfc
configure:17858: gcc -o conftest -O3 -fomit-frame-pointer -malign-double -fstrict-aliasing -ffast-math -march=native -std=gnu99    conftest.c  >&5
conftest.c:108: warning: conflicting types for built-in function 'erfc'
/tmp/ccIx2tXA.o: In function `main':
conftest.c:(.text+0x7): undefined reference to `erfc'
collect2: ld returned 1 exit status
configure:17858: $? = 1
configure: failed program was:
| /* confdefs.h */
| #define PACKAGE_NAME "NFFT"
| #define PACKAGE_TARNAME "nfft"
| #define PACKAGE_VERSION "3.2.2"
| #define PACKAGE_STRING "NFFT 3.2.2"
| #define PACKAGE_BUGREPORT "bugs@nfft.org"
| #define PACKAGE_URL ""
| #define STDC_HEADERS 1
| #define HAVE_SYS_TYPES_H 1
| #define HAVE_SYS_STAT_H 1
| #define HAVE_STDLIB_H 1
| #define HAVE_STRING_H 1
| #define HAVE_MEMORY_H 1
| #define HAVE_STRINGS_H 1
| #define HAVE_INTTYPES_H 1
| #define HAVE_STDINT_H 1
| #define HAVE_UNISTD_H 1
| #define HAVE_DLFCN_H 1
| #define LT_OBJDIR ".libs/"
| #define PACKAGE "nfft"
| #define VERSION "3.2.2"
| #define KAISER_BESSEL 1
| #define restrict __restrict
| #define HAVE_LIBFFTW3 1
| #define HAVE_OPENMP 1
| #define MATLAB_ARGCHECKS 1
| #define HAVE_MATH_H 1
| #define HAVE_STDIO_H 1
| #define HAVE_STDLIB_H 1
| #define HAVE_TIME_H 1
| #define HAVE_SYS_TIME_H 1
| #define HAVE_COMPLEX_H 1
| #define HAVE_STRING_H 1
| #define HAVE_FLOAT_H 1
| #define HAVE_LIMITS_H 1
| #define HAVE_STDARG_H 1
| #define HAVE_STDDEF_H 1
| #define HAVE_SYS_TYPES_H 1
| #define HAVE_STDINT_H 1
| #define HAVE_INTTYPES_H 1
| #define HAVE_STDBOOL_H 1
| #define HAVE_MALLOC_H 1
| #define TIME_WITH_SYS_TIME 1
| #define HAVE_LONG_DOUBLE 1
| #define HAVE_UINTPTR_T 1
| #define SIZEOF_INT 4
| #define SIZEOF_UNSIGNED_INT 4
| #define SIZEOF_LONG 8
| #define SIZEOF_UNSIGNED_LONG 8
| #define SIZEOF_LONG_LONG 8
| #define SIZEOF_UNSIGNED_LONG_LONG 8
| #define SIZEOF_SIZE_T 8
| #define SIZEOF_PTRDIFF_T 8
| #define SIZEOF_FLOAT 4
| #define SIZEOF_DOUBLE 8
| #define SIZEOF_LONG_DOUBLE 16
| #define HAVE_ALLOCA_H 1
| #define HAVE_ALLOCA 1
| #define HAVE_VPRINTF 1
| #define HAVE_LIBM 1
| #define HAVE_MEMSET 1
| #define HAVE_POSIX_MEMALIGN 1
| #define HAVE_MEMALIGN 1
| #define HAVE_SYSCTL 1
| #define HAVE_ABORT 1
| #define HAVE_SNPRINTF 1
| #define HAVE_SLEEP 1
| #define HAVE_USLEEP 1
| #define HAVE_NANOSLEEP 1
| #define HAVE_DRAND48 1
| #define HAVE_SRAND48 1
| #define HAVE_DECL_MEMALIGN 0
| #define HAVE_DECL_POSIX_MEMALIGN 1
| #define HAVE_DECL_SLEEP 1
| #define HAVE_DECL_NANOSLEEP 1
| #define HAVE_DECL_DRAND48 1
| #define HAVE_DECL_SRAND48 1
| #define HAVE_COPYSIGN 1
| #define HAVE_MODF 1
| #define HAVE_FREXP 1
| #define HAVE_LDEXP 1
| #define HAVE_SCALBN 1
| #define HAVE_SCALBLN 1
| /* end confdefs.h.  */
| /* Define erfc to an innocuous variant, in case <limits.h> declares erfc.
|    For example, HP-UX 11i <limits.h> declares gettimeofday.  */
| #define erfc innocuous_erfc
| 
| /* System header to define __stub macros and hopefully few prototypes,
|     which can conflict with char erfc (); below.
|     Prefer <limits.h> to <assert.h> if __STDC__ is defined, since
|     <limits.h> exists even on freestanding compilers.  */
| 
| #ifdef __STDC__
| # include <limits.h>
| #else
| # include <assert.h>
| #endif
| 
| #undef erfc
| 
| /* Override any GCC internal prototype to avoid an error.
|    Use char because int might match the return type of a GCC
|    builtin and then its argument prototype would still apply.  */
| #ifdef __cplusplus
| extern "C"
| #endif
| char erfc ();
| /* The GNU C library defines this for functions which it implements
|     to always fail with ENOSYS.  Some functions are actually named
|     something starting with __ and the normal name is an alias.  */
| #if defined __stub_erfc || defined __stub___erfc
| choke me
| #endif
| 
| int
| main ()
| {
| return erfc ();
|   ;
|   return 0;
| }
configure:17858: result: no
configure:17858: checking for creal
configure:17858: gcc -o conftest -O3 -fomit-frame-pointer -malign-double -fstrict-aliasing -ffast-math -march=native -std=gnu99    conftest.c  >&5
conftest.c:108: warning: conflicting types for built-in function 'creal'
/tmp/ccO0bCfD.o: In function `main':
conftest.c:(.text+0x7): undefined reference to `creal'
collect2: ld returned 1 exit status
configure:17858: $? = 1
configure: failed program was:
| /* confdefs.h */
| #define PACKAGE_NAME "NFFT"
| #define PACKAGE_TARNAME "nfft"
| #define PACKAGE_VERSION "3.2.2"
| #define PACKAGE_STRING "NFFT 3.2.2"
| #define PACKAGE_BUGREPORT "bugs@nfft.org"
| #define PACKAGE_URL ""
| #define STDC_HEADERS 1
| #define HAVE_SYS_TYPES_H 1
| #define HAVE_SYS_STAT_H 1
| #define HAVE_STDLIB_H 1
| #define HAVE_STRING_H 1
| #define HAVE_MEMORY_H 1
| #define HAVE_STRINGS_H 1
| #define HAVE_INTTYPES_H 1
| #define HAVE_STDINT_H 1
| #define HAVE_UNISTD_H 1
| #define HAVE_DLFCN_H 1
| #define LT_OBJDIR ".libs/"
| #define PACKAGE "nfft"
| #define VERSION "3.2.2"
| #define KAISER_BESSEL 1
| #define restrict __restrict
| #define HAVE_LIBFFTW3 1
| #define HAVE_OPENMP 1
| #define MATLAB_ARGCHECKS 1
| #define HAVE_MATH_H 1
| #define HAVE_STDIO_H 1
| #define HAVE_STDLIB_H 1
| #define HAVE_TIME_H 1
| #define HAVE_SYS_TIME_H 1
| #define HAVE_COMPLEX_H 1
| #define HAVE_STRING_H 1
| #define HAVE_FLOAT_H 1
| #define HAVE_LIMITS_H 1
| #define HAVE_STDARG_H 1
| #define HAVE_STDDEF_H 1
| #define HAVE_SYS_TYPES_H 1
| #define HAVE_STDINT_H 1
| #define HAVE_INTTYPES_H 1
| #define HAVE_STDBOOL_H 1
| #define HAVE_MALLOC_H 1
| #define TIME_WITH_SYS_TIME 1
| #define HAVE_LONG_DOUBLE 1
| #define HAVE_UINTPTR_T 1
| #define SIZEOF_INT 4
| #define SIZEOF_UNSIGNED_INT 4
| #define SIZEOF_LONG 8
| #define SIZEOF_UNSIGNED_LONG 8
| #define SIZEOF_LONG_LONG 8
| #define SIZEOF_UNSIGNED_LONG_LONG 8
| #define SIZEOF_SIZE_T 8
| #define SIZEOF_PTRDIFF_T 8
| #define SIZEOF_FLOAT 4
| #define SIZEOF_DOUBLE 8
| #define SIZEOF_LONG_DOUBLE 16
| #define HAVE_ALLOCA_H 1
| #define HAVE_ALLOCA 1
| #define HAVE_VPRINTF 1
| #define HAVE_LIBM 1
| #define HAVE_MEMSET 1
| #define HAVE_POSIX_MEMALIGN 1
| #define HAVE_MEMALIGN 1
| #define HAVE_SYSCTL 1
| #define HAVE_ABORT 1
| #define HAVE_SNPRINTF 1
| #define HAVE_SLEEP 1
| #define HAVE_USLEEP 1
| #define HAVE_NANOSLEEP 1
| #define HAVE_DRAND48 1
| #define HAVE_SRAND48 1
| #define HAVE_DECL_MEMALIGN 0
| #define HAVE_DECL_POSIX_MEMALIGN 1
| #define HAVE_DECL_SLEEP 1
| #define HAVE_DECL_NANOSLEEP 1
| #define HAVE_DECL_DRAND48 1
| #define HAVE_DECL_SRAND48 1
| #define HAVE_COPYSIGN 1
| #define HAVE_MODF 1
| #define HAVE_FREXP 1
| #define HAVE_LDEXP 1
| #define HAVE_SCALBN 1
| #define HAVE_SCALBLN 1
| /* end confdefs.h.  */
| /* Define creal to an innocuous variant, in case <limits.h> declares creal.
|    For example, HP-UX 11i <limits.h> declares gettimeofday.  */
| #define creal innocuous_creal
| 
| /* System header to define __stub macros and hopefully few prototypes,
|     which can conflict with char creal (); below.
|     Prefer <limits.h> to <assert.h> if __STDC__ is defined, since
|     <limits.h> exists even on freestanding compilers.  */
| 
| #ifdef __STDC__
| # include <limits.h>
| #else
| # include <assert.h>
| #endif
| 
| #undef creal
| 
| /* Override any GCC internal prototype to avoid an error.
|    Use char because int might match the return type of a GCC
|    builtin and then its argument prototype would still apply.  */
| #ifdef __cplusplus
| extern "C"
| #endif
| char creal ();
| /* The GNU C library defines this for functions which it implements
|     to always fail with ENOSYS.  Some functions are actually named
|     something starting with __ and the normal name is an alias.  */
| #if defined __stub_creal || defined __stub___creal
| choke me
| #endif
| 
| int
| main ()
| {
| return creal ();
|   ;
|   return 0;
| }
configure:17858: result: no
configure:17858: checking for cimag
configure:17858: gcc -o conftest -O3 -fomit-frame-pointer -malign-double -fstrict-aliasing -ffast-math -march=native -std=gnu99    conftest.c  >&5
conftest.c:108: warning: conflicting types for built-in function 'cimag'
/tmp/cc2h0tLJ.o: In function `main':
conftest.c:(.text+0x7): undefined reference to `cimag'
collect2: ld returned 1 exit status
configure:17858: $? = 1
configure: failed program was:
| /* confdefs.h */
| #define PACKAGE_NAME "NFFT"
| #define PACKAGE_TARNAME "nfft"
| #define PACKAGE_VERSION "3.2.2"
| #define PACKAGE_STRING "NFFT 3.2.2"
| #define PACKAGE_BUGREPORT "bugs@nfft.org"
| #define PACKAGE_URL ""
| #define STDC_HEADERS 1
| #define HAVE_SYS_TYPES_H 1
| #define HAVE_SYS_STAT_H 1
| #define HAVE_STDLIB_H 1
| #define HAVE_STRING_H 1
| #define HAVE_MEMORY_H 1
| #define HAVE_STRINGS_H 1
| #define HAVE_INTTYPES_H 1
| #define HAVE_STDINT_H 1
| #define HAVE_UNISTD_H 1
| #define HAVE_DLFCN_H 1
| #define LT_OBJDIR ".libs/"
| #define PACKAGE "nfft"
| #define VERSION "3.2.2"
| #define KAISER_BESSEL 1
| #define restrict __restrict
| #define HAVE_LIBFFTW3 1
| #define HAVE_OPENMP 1
| #define MATLAB_ARGCHECKS 1
| #define HAVE_MATH_H 1
| #define HAVE_STDIO_H 1
| #define HAVE_STDLIB_H 1
| #define HAVE_TIME_H 1
| #define HAVE_SYS_TIME_H 1
| #define HAVE_COMPLEX_H 1
| #define HAVE_STRING_H 1
| #define HAVE_FLOAT_H 1
| #define HAVE_LIMITS_H 1
| #define HAVE_STDARG_H 1
| #define HAVE_STDDEF_H 1
| #define HAVE_SYS_TYPES_H 1
| #define HAVE_STDINT_H 1
| #define HAVE_INTTYPES_H 1
| #define HAVE_STDBOOL_H 1
| #define HAVE_MALLOC_H 1
| #define TIME_WITH_SYS_TIME 1
| #define HAVE_LONG_DOUBLE 1
| #define HAVE_UINTPTR_T 1
| #define SIZEOF_INT 4
| #define SIZEOF_UNSIGNED_INT 4
| #define SIZEOF_LONG 8
| #define SIZEOF_UNSIGNED_LONG 8
| #define SIZEOF_LONG_LONG 8
| #define SIZEOF_UNSIGNED_LONG_LONG 8
| #define SIZEOF_SIZE_T 8
| #define SIZEOF_PTRDIFF_T 8
| #define SIZEOF_FLOAT 4
| #define SIZEOF_DOUBLE 8
| #define SIZEOF_LONG_DOUBLE 16
| #define HAVE_ALLOCA_H 1
| #define HAVE_ALLOCA 1
| #define HAVE_VPRINTF 1
| #define HAVE_LIBM 1
| #define HAVE_MEMSET 1
| #define HAVE_POSIX_MEMALIGN 1
| #define HAVE_MEMALIGN 1
| #define HAVE_SYSCTL 1
| #define HAVE_ABORT 1
| #define HAVE_SNPRINTF 1
| #define HAVE_SLEEP 1
| #define HAVE_USLEEP 1
| #define HAVE_NANOSLEEP 1
| #define HAVE_DRAND48 1
| #define HAVE_SRAND48 1
| #define HAVE_DECL_MEMALIGN 0
| #define HAVE_DECL_POSIX_MEMALIGN 1
| #define HAVE_DECL_SLEEP 1
| #define HAVE_DECL_NANOSLEEP 1
| #define HAVE_DECL_DRAND48 1
| #define HAVE_DECL_SRAND48 1
| #define HAVE_COPYSIGN 1
| #define HAVE_MODF 1
| #define HAVE_FREXP 1
| #define HAVE_LDEXP 1
| #define HAVE_SCALBN 1
| #define HAVE_SCALBLN 1
| /* end confdefs.h.  */
| /* Define cimag to an innocuous variant, in case <limits.h> declares cimag.
|    For example, HP-UX 11i <limits.h> declares gettimeofday.  */
| #define cimag innocuous_cimag
| 
| /* System header to define __stub macros and hopefully few prototypes,
|     which can conflict with char cimag (); below.
|     Prefer <limits.h> to <assert.h> if __STDC__ is defined, since
|     <limits.h> exists even on freestanding compilers.  */
| 
| #ifdef __STDC__
| # include <limits.h>
| #else
| # include <assert.h>
| #endif
| 
| #undef cimag
| 
| /* Override any GCC internal prototype to avoid an error.
|    Use char because int might match the return type of a GCC
|    builtin and then its argument prototype would still apply.  */
| #ifdef __cplusplus
| extern "C"
| #endif
| char cimag ();
| /* The GNU C library defines this for functions which it implements
|     to always fail with ENOSYS.  Some functions are actually named
|     something starting with __ and the normal name is an alias.  */
| #if defined __stub_cimag || defined __stub___cimag
| choke me
| #endif
| 
| int
| main ()
| {
| return cimag ();
|   ;
|   return 0;
| }
configure:17858: result: no
configure:17858: checking for cabs
configure:17858: gcc -o conftest -O3 -fomit-frame-pointer -malign-double -fstrict-aliasing -ffast-math -march=native -std=gnu99    conftest.c  >&5
conftest.c:108: warning: conflicting types for built-in function 'cabs'
/tmp/ccqsaJsK.o: In function `main':
conftest.c:(.text+0x7): undefined reference to `cabs'
collect2: ld returned 1 exit status
configure:17858: $? = 1
configure: failed program was:
| /* confdefs.h */
| #define PACKAGE_NAME "NFFT"
| #define PACKAGE_TARNAME "nfft"
| #define PACKAGE_VERSION "3.2.2"
| #define PACKAGE_STRING "NFFT 3.2.2"
| #define PACKAGE_BUGREPORT "bugs@nfft.org"
| #define PACKAGE_URL ""
| #define STDC_HEADERS 1
| #define HAVE_SYS_TYPES_H 1
| #define HAVE_SYS_STAT_H 1
| #define HAVE_STDLIB_H 1
| #define HAVE_STRING_H 1
| #define HAVE_MEMORY_H 1
| #define HAVE_STRINGS_H 1
| #define HAVE_INTTYPES_H 1
| #define HAVE_STDINT_H 1
| #define HAVE_UNISTD_H 1
| #define HAVE_DLFCN_H 1
| #define LT_OBJDIR ".libs/"
| #define PACKAGE "nfft"
| #define VERSION "3.2.2"
| #define KAISER_BESSEL 1
| #define restrict __restrict
| #define HAVE_LIBFFTW3 1
| #define HAVE_OPENMP 1
| #define MATLAB_ARGCHECKS 1
| #define HAVE_MATH_H 1
| #define HAVE_STDIO_H 1
| #define HAVE_STDLIB_H 1
| #define HAVE_TIME_H 1
| #define HAVE_SYS_TIME_H 1
| #define HAVE_COMPLEX_H 1
| #define HAVE_STRING_H 1
| #define HAVE_FLOAT_H 1
| #define HAVE_LIMITS_H 1
| #define HAVE_STDARG_H 1
| #define HAVE_STDDEF_H 1
| #define HAVE_SYS_TYPES_H 1
| #define HAVE_STDINT_H 1
| #define HAVE_INTTYPES_H 1
| #define HAVE_STDBOOL_H 1
| #define HAVE_MALLOC_H 1
| #define TIME_WITH_SYS_TIME 1
| #define HAVE_LONG_DOUBLE 1
| #define HAVE_UINTPTR_T 1
| #define SIZEOF_INT 4
| #define SIZEOF_UNSIGNED_INT 4
| #define SIZEOF_LONG 8
| #define SIZEOF_UNSIGNED_LONG 8
| #define SIZEOF_LONG_LONG 8
| #define SIZEOF_UNSIGNED_LONG_LONG 8
| #define SIZEOF_SIZE_T 8
| #define SIZEOF_PTRDIFF_T 8
| #define SIZEOF_FLOAT 4
| #define SIZEOF_DOUBLE 8
| #define SIZEOF_LONG_DOUBLE 16
| #define HAVE_ALLOCA_H 1
| #define HAVE_ALLOCA 1
| #define HAVE_VPRINTF 1
| #define HAVE_LIBM 1
| #define HAVE_MEMSET 1
| #define HAVE_POSIX_MEMALIGN 1
| #define HAVE_MEMALIGN 1
| #define HAVE_SYSCTL 1
| #define HAVE_ABORT 1
| #define HAVE_SNPRINTF 1
| #define HAVE_SLEEP 1
| #define HAVE_USLEEP 1
| #define HAVE_NANOSLEEP 1
| #define HAVE_DRAND48 1
| #define HAVE_SRAND48 1
| #define HAVE_DECL_MEMALIGN 0
| #define HAVE_DECL_POSIX_MEMALIGN 1
| #define HAVE_DECL_SLEEP 1
| #define HAVE_DECL_NANOSLEEP 1
| #define HAVE_DECL_DRAND48 1
| #define HAVE_DECL_SRAND48 1
| #define HAVE_COPYSIGN 1
| #define HAVE_MODF 1
| #define HAVE_FREXP 1
| #define HAVE_LDEXP 1
| #define HAVE_SCALBN 1
| #define HAVE_SCALBLN 1
| /* end confdefs.h.  */
| /* Define cabs to an innocuous variant, in case <limits.h> declares cabs.
|    For example, HP-UX 11i <limits.h> declares gettimeofday.  */
| #define cabs innocuous_cabs
| 
| /* System header to define __stub macros and hopefully few prototypes,
|     which can conflict with char cabs (); below.
|     Prefer <limits.h> to <assert.h> if __STDC__ is defined, since
|     <limits.h> exists even on freestanding compilers.  */
| 
| #ifdef __STDC__
| # include <limits.h>
| #else
| # include <assert.h>
| #endif
| 
| #undef cabs
| 
| /* Override any GCC internal prototype to avoid an error.
|    Use char because int might match the return type of a GCC
|    builtin and then its argument prototype would still apply.  */
| #ifdef __cplusplus
| extern "C"
| #endif
| char cabs ();
| /* The GNU C library defines this for functions which it implements
|     to always fail with ENOSYS.  Some functions are actually named
|     something starting with __ and the normal name is an alias.  */
| #if defined __stub_cabs || defined __stub___cabs
| choke me
| #endif
| 
| int
| main ()
| {
| return cabs ();
|   ;
|   return 0;
| }
configure:17858: result: no
configure:17858: checking for carg
configure:17858: gcc -o conftest -O3 -fomit-frame-pointer -malign-double -fstrict-aliasing -ffast-math -march=native -std=gnu99    conftest.c  >&5
conftest.c:108: warning: conflicting types for built-in function 'carg'
/tmp/ccY3MkjR.o: In function `main':
conftest.c:(.text+0x7): undefined reference to `carg'
collect2: ld returned 1 exit status
configure:17858: $? = 1
configure: failed program was:
| /* confdefs.h */
| #define PACKAGE_NAME "NFFT"
| #define PACKAGE_TARNAME "nfft"
| #define PACKAGE_VERSION "3.2.2"
| #define PACKAGE_STRING "NFFT 3.2.2"
| #define PACKAGE_BUGREPORT "bugs@nfft.org"
| #define PACKAGE_URL ""
| #define STDC_HEADERS 1
| #define HAVE_SYS_TYPES_H 1
| #define HAVE_SYS_STAT_H 1
| #define HAVE_STDLIB_H 1
| #define HAVE_STRING_H 1
| #define HAVE_MEMORY_H 1
| #define HAVE_STRINGS_H 1
| #define HAVE_INTTYPES_H 1
| #define HAVE_STDINT_H 1
| #define HAVE_UNISTD_H 1
| #define HAVE_DLFCN_H 1
| #define LT_OBJDIR ".libs/"
| #define PACKAGE "nfft"
| #define VERSION "3.2.2"
| #define KAISER_BESSEL 1
| #define restrict __restrict
| #define HAVE_LIBFFTW3 1
| #define HAVE_OPENMP 1
| #define MATLAB_ARGCHECKS 1
| #define HAVE_MATH_H 1
| #define HAVE_STDIO_H 1
| #define HAVE_STDLIB_H 1
| #define HAVE_TIME_H 1
| #define HAVE_SYS_TIME_H 1
| #define HAVE_COMPLEX_H 1
| #define HAVE_STRING_H 1
| #define HAVE_FLOAT_H 1
| #define HAVE_LIMITS_H 1
| #define HAVE_STDARG_H 1
| #define HAVE_STDDEF_H 1
| #define HAVE_SYS_TYPES_H 1
| #define HAVE_STDINT_H 1
| #define HAVE_INTTYPES_H 1
| #define HAVE_STDBOOL_H 1
| #define HAVE_MALLOC_H 1
| #define TIME_WITH_SYS_TIME 1
| #define HAVE_LONG_DOUBLE 1
| #define HAVE_UINTPTR_T 1
| #define SIZEOF_INT 4
| #define SIZEOF_UNSIGNED_INT 4
| #define SIZEOF_LONG 8
| #define SIZEOF_UNSIGNED_LONG 8
| #define SIZEOF_LONG_LONG 8
| #define SIZEOF_UNSIGNED_LONG_LONG 8
| #define SIZEOF_SIZE_T 8
| #define SIZEOF_PTRDIFF_T 8
| #define SIZEOF_FLOAT 4
| #define SIZEOF_DOUBLE 8
| #define SIZEOF_LONG_DOUBLE 16
| #define HAVE_ALLOCA_H 1
| #define HAVE_ALLOCA 1
| #define HAVE_VPRINTF 1
| #define HAVE_LIBM 1
| #define HAVE_MEMSET 1
| #define HAVE_POSIX_MEMALIGN 1
| #define HAVE_MEMALIGN 1
| #define HAVE_SYSCTL 1
| #define HAVE_ABORT 1
| #define HAVE_SNPRINTF 1
| #define HAVE_SLEEP 1
| #define HAVE_USLEEP 1
| #define HAVE_NANOSLEEP 1
| #define HAVE_DRAND48 1
| #define HAVE_SRAND48 1
| #define HAVE_DECL_MEMALIGN 0
| #define HAVE_DECL_POSIX_MEMALIGN 1
| #define HAVE_DECL_SLEEP 1
| #define HAVE_DECL_NANOSLEEP 1
| #define HAVE_DECL_DRAND48 1
| #define HAVE_DECL_SRAND48 1
| #define HAVE_COPYSIGN 1
| #define HAVE_MODF 1
| #define HAVE_FREXP 1
| #define HAVE_LDEXP 1
| #define HAVE_SCALBN 1
| #define HAVE_SCALBLN 1
| /* end confdefs.h.  */
| /* Define carg to an innocuous variant, in case <limits.h> declares carg.
|    For example, HP-UX 11i <limits.h> declares gettimeofday.  */
| #define carg innocuous_carg
| 
| /* System header to define __stub macros and hopefully few prototypes,
|     which can conflict with char carg (); below.
|     Prefer <limits.h> to <assert.h> if __STDC__ is defined, since
|     <limits.h> exists even on freestanding compilers.  */
| 
| #ifdef __STDC__
| # include <limits.h>
| #else
| # include <assert.h>
| #endif
| 
| #undef carg
| 
| /* Override any GCC internal prototype to avoid an error.
|    Use char because int might match the return type of a GCC
|    builtin and then its argument prototype would still apply.  */
| #ifdef __cplusplus
| extern "C"
| #endif
| char carg ();
| /* The GNU C library defines this for functions which it implements
|     to always fail with ENOSYS.  Some functions are actually named
|     something starting with __ and the normal name is an alias.  */
| #if defined __stub_carg || defined __stub___carg
| choke me
| #endif
| 
| int
| main ()
| {
| return carg ();
|   ;
|   return 0;
| }
configure:17858: result: no
configure:17858: checking for conj
configure:17858: gcc -o conftest -O3 -fomit-frame-pointer -malign-double -fstrict-aliasing -ffast-math -march=native -std=gnu99    conftest.c  >&5
conftest.c:108: warning: conflicting types for built-in function 'conj'
/tmp/ccKOiYXS.o: In function `main':
conftest.c:(.text+0x7): undefined reference to `conj'
collect2: ld returned 1 exit status
configure:17858: $? = 1
configure: failed program was:
| /* confdefs.h */
| #define PACKAGE_NAME "NFFT"
| #define PACKAGE_TARNAME "nfft"
| #define PACKAGE_VERSION "3.2.2"
| #define PACKAGE_STRING "NFFT 3.2.2"
| #define PACKAGE_BUGREPORT "bugs@nfft.org"
| #define PACKAGE_URL ""
| #define STDC_HEADERS 1
| #define HAVE_SYS_TYPES_H 1
| #define HAVE_SYS_STAT_H 1
| #define HAVE_STDLIB_H 1
| #define HAVE_STRING_H 1
| #define HAVE_MEMORY_H 1
| #define HAVE_STRINGS_H 1
| #define HAVE_INTTYPES_H 1
| #define HAVE_STDINT_H 1
| #define HAVE_UNISTD_H 1
| #define HAVE_DLFCN_H 1
| #define LT_OBJDIR ".libs/"
| #define PACKAGE "nfft"
| #define VERSION "3.2.2"
| #define KAISER_BESSEL 1
| #define restrict __restrict
| #define HAVE_LIBFFTW3 1
| #define HAVE_OPENMP 1
| #define MATLAB_ARGCHECKS 1
| #define HAVE_MATH_H 1
| #define HAVE_STDIO_H 1
| #define HAVE_STDLIB_H 1
| #define HAVE_TIME_H 1
| #define HAVE_SYS_TIME_H 1
| #define HAVE_COMPLEX_H 1
| #define HAVE_STRING_H 1
| #define HAVE_FLOAT_H 1
| #define HAVE_LIMITS_H 1
| #define HAVE_STDARG_H 1
| #define HAVE_STDDEF_H 1
| #define HAVE_SYS_TYPES_H 1
| #define HAVE_STDINT_H 1
| #define HAVE_INTTYPES_H 1
| #define HAVE_STDBOOL_H 1
| #define HAVE_MALLOC_H 1
| #define TIME_WITH_SYS_TIME 1
| #define HAVE_LONG_DOUBLE 1
| #define HAVE_UINTPTR_T 1
| #define SIZEOF_INT 4
| #define SIZEOF_UNSIGNED_INT 4
| #define SIZEOF_LONG 8
| #define SIZEOF_UNSIGNED_LONG 8
| #define SIZEOF_LONG_LONG 8
| #define SIZEOF_UNSIGNED_LONG_LONG 8
| #define SIZEOF_SIZE_T 8
| #define SIZEOF_PTRDIFF_T 8
| #define SIZEOF_FLOAT 4
| #define SIZEOF_DOUBLE 8
| #define SIZEOF_LONG_DOUBLE 16
| #define HAVE_ALLOCA_H 1
| #define HAVE_ALLOCA 1
| #define HAVE_VPRINTF 1
| #define HAVE_LIBM 1
| #define HAVE_MEMSET 1
| #define HAVE_POSIX_MEMALIGN 1
| #define HAVE_MEMALIGN 1
| #define HAVE_SYSCTL 1
| #define HAVE_ABORT 1
| #define HAVE_SNPRINTF 1
| #define HAVE_SLEEP 1
| #define HAVE_USLEEP 1
| #define HAVE_NANOSLEEP 1
| #define HAVE_DRAND48 1
| #define HAVE_SRAND48 1
| #define HAVE_DECL_MEMALIGN 0
| #define HAVE_DECL_POSIX_MEMALIGN 1
| #define HAVE_DECL_SLEEP 1
| #define HAVE_DECL_NANOSLEEP 1
| #define HAVE_DECL_DRAND48 1
| #define HAVE_DECL_SRAND48 1
| #define HAVE_COPYSIGN 1
| #define HAVE_MODF 1
| #define HAVE_FREXP 1
| #define HAVE_LDEXP 1
| #define HAVE_SCALBN 1
| #define HAVE_SCALBLN 1
| /* end confdefs.h.  */
| /* Define conj to an innocuous variant, in case <limits.h> declares conj.
|    For example, HP-UX 11i <limits.h> declares gettimeofday.  */
| #define conj innocuous_conj
| 
| /* System header to define __stub macros and hopefully few prototypes,
|     which can conflict with char conj (); below.
|     Prefer <limits.h> to <assert.h> if __STDC__ is defined, since
|     <limits.h> exists even on freestanding compilers.  */
| 
| #ifdef __STDC__
| # include <limits.h>
| #else
| # include <assert.h>
| #endif
| 
| #undef conj
| 
| /* Override any GCC internal prototype to avoid an error.
|    Use char because int might match the return type of a GCC
|    builtin and then its argument prototype would still apply.  */
| #ifdef __cplusplus
| extern "C"
| #endif
| char conj ();
| /* The GNU C library defines this for functions which it implements
|     to always fail with ENOSYS.  Some functions are actually named
|     something starting with __ and the normal name is an alias.  */
| #if defined __stub_conj || defined __stub___conj
| choke me
| #endif
| 
| int
| main ()
| {
| return conj ();
|   ;
|   return 0;
| }
configure:17858: result: no
configure:17858: checking for cproj
configure:17858: gcc -o conftest -O3 -fomit-frame-pointer -malign-double -fstrict-aliasing -ffast-math -march=native -std=gnu99    conftest.c  >&5
conftest.c:108: warning: conflicting types for built-in function 'cproj'
/tmp/ccgJH1pX.o: In function `main':
conftest.c:(.text+0x7): undefined reference to `cproj'
collect2: ld returned 1 exit status
configure:17858: $? = 1
configure: failed program was:
| /* confdefs.h */
| #define PACKAGE_NAME "NFFT"
| #define PACKAGE_TARNAME "nfft"
| #define PACKAGE_VERSION "3.2.2"
| #define PACKAGE_STRING "NFFT 3.2.2"
| #define PACKAGE_BUGREPORT "bugs@nfft.org"
| #define PACKAGE_URL ""
| #define STDC_HEADERS 1
| #define HAVE_SYS_TYPES_H 1
| #define HAVE_SYS_STAT_H 1
| #define HAVE_STDLIB_H 1
| #define HAVE_STRING_H 1
| #define HAVE_MEMORY_H 1
| #define HAVE_STRINGS_H 1
| #define HAVE_INTTYPES_H 1
| #define HAVE_STDINT_H 1
| #define HAVE_UNISTD_H 1
| #define HAVE_DLFCN_H 1
| #define LT_OBJDIR ".libs/"
| #define PACKAGE "nfft"
| #define VERSION "3.2.2"
| #define KAISER_BESSEL 1
| #define restrict __restrict
| #define HAVE_LIBFFTW3 1
| #define HAVE_OPENMP 1
| #define MATLAB_ARGCHECKS 1
| #define HAVE_MATH_H 1
| #define HAVE_STDIO_H 1
| #define HAVE_STDLIB_H 1
| #define HAVE_TIME_H 1
| #define HAVE_SYS_TIME_H 1
| #define HAVE_COMPLEX_H 1
| #define HAVE_STRING_H 1
| #define HAVE_FLOAT_H 1
| #define HAVE_LIMITS_H 1
| #define HAVE_STDARG_H 1
| #define HAVE_STDDEF_H 1
| #define HAVE_SYS_TYPES_H 1
| #define HAVE_STDINT_H 1
| #define HAVE_INTTYPES_H 1
| #define HAVE_STDBOOL_H 1
| #define HAVE_MALLOC_H 1
| #define TIME_WITH_SYS_TIME 1
| #define HAVE_LONG_DOUBLE 1
| #define HAVE_UINTPTR_T 1
| #define SIZEOF_INT 4
| #define SIZEOF_UNSIGNED_INT 4
| #define SIZEOF_LONG 8
| #define SIZEOF_UNSIGNED_LONG 8
| #define SIZEOF_LONG_LONG 8
| #define SIZEOF_UNSIGNED_LONG_LONG 8
| #define SIZEOF_SIZE_T 8
| #define SIZEOF_PTRDIFF_T 8
| #define SIZEOF_FLOAT 4
| #define SIZEOF_DOUBLE 8
| #define SIZEOF_LONG_DOUBLE 16
| #define HAVE_ALLOCA_H 1
| #define HAVE_ALLOCA 1
| #define HAVE_VPRINTF 1
| #define HAVE_LIBM 1
| #define HAVE_MEMSET 1
| #define HAVE_POSIX_MEMALIGN 1
| #define HAVE_MEMALIGN 1
| #define HAVE_SYSCTL 1
| #define HAVE_ABORT 1
| #define HAVE_SNPRINTF 1
| #define HAVE_SLEEP 1
| #define HAVE_USLEEP 1
| #define HAVE_NANOSLEEP 1
| #define HAVE_DRAND48 1
| #define HAVE_SRAND48 1
| #define HAVE_DECL_MEMALIGN 0
| #define HAVE_DECL_POSIX_MEMALIGN 1
| #define HAVE_DECL_SLEEP 1
| #define HAVE_DECL_NANOSLEEP 1
| #define HAVE_DECL_DRAND48 1
| #define HAVE_DECL_SRAND48 1
| #define HAVE_COPYSIGN 1
| #define HAVE_MODF 1
| #define HAVE_FREXP 1
| #define HAVE_LDEXP 1
| #define HAVE_SCALBN 1
| #define HAVE_SCALBLN 1
| /* end confdefs.h.  */
| /* Define cproj to an innocuous variant, in case <limits.h> declares cproj.
|    For example, HP-UX 11i <limits.h> declares gettimeofday.  */
| #define cproj innocuous_cproj
| 
| /* System header to define __stub macros and hopefully few prototypes,
|     which can conflict with char cproj (); below.
|     Prefer <limits.h> to <assert.h> if __STDC__ is defined, since
|     <limits.h> exists even on freestanding compilers.  */
| 
| #ifdef __STDC__
| # include <limits.h>
| #else
| # include <assert.h>
| #endif
| 
| #undef cproj
| 
| /* Override any GCC internal prototype to avoid an error.
|    Use char because int might match the return type of a GCC
|    builtin and then its argument prototype would still apply.  */
| #ifdef __cplusplus
| extern "C"
| #endif
| char cproj ();
| /* The GNU C library defines this for functions which it implements
|     to always fail with ENOSYS.  Some functions are actually named
|     something starting with __ and the normal name is an alias.  */
| #if defined __stub_cproj || defined __stub___cproj
| choke me
| #endif
| 
| int
| main ()
| {
| return cproj ();
|   ;
|   return 0;
| }
configure:17858: result: no
configure:17858: checking for csqrt
configure:17858: gcc -o conftest -O3 -fomit-frame-pointer -malign-double -fstrict-aliasing -ffast-math -march=native -std=gnu99    conftest.c  >&5
conftest.c:108: warning: conflicting types for built-in function 'csqrt'
/tmp/ccKn08h4.o: In function `main':
conftest.c:(.text+0x7): undefined reference to `csqrt'
collect2: ld returned 1 exit status
configure:17858: $? = 1
configure: failed program was:
| /* confdefs.h */
| #define PACKAGE_NAME "NFFT"
| #define PACKAGE_TARNAME "nfft"
| #define PACKAGE_VERSION "3.2.2"
| #define PACKAGE_STRING "NFFT 3.2.2"
| #define PACKAGE_BUGREPORT "bugs@nfft.org"
| #define PACKAGE_URL ""
| #define STDC_HEADERS 1
| #define HAVE_SYS_TYPES_H 1
| #define HAVE_SYS_STAT_H 1
| #define HAVE_STDLIB_H 1
| #define HAVE_STRING_H 1
| #define HAVE_MEMORY_H 1
| #define HAVE_STRINGS_H 1
| #define HAVE_INTTYPES_H 1
| #define HAVE_STDINT_H 1
| #define HAVE_UNISTD_H 1
| #define HAVE_DLFCN_H 1
| #define LT_OBJDIR ".libs/"
| #define PACKAGE "nfft"
| #define VERSION "3.2.2"
| #define KAISER_BESSEL 1
| #define restrict __restrict
| #define HAVE_LIBFFTW3 1
| #define HAVE_OPENMP 1
| #define MATLAB_ARGCHECKS 1
| #define HAVE_MATH_H 1
| #define HAVE_STDIO_H 1
| #define HAVE_STDLIB_H 1
| #define HAVE_TIME_H 1
| #define HAVE_SYS_TIME_H 1
| #define HAVE_COMPLEX_H 1
| #define HAVE_STRING_H 1
| #define HAVE_FLOAT_H 1
| #define HAVE_LIMITS_H 1
| #define HAVE_STDARG_H 1
| #define HAVE_STDDEF_H 1
| #define HAVE_SYS_TYPES_H 1
| #define HAVE_STDINT_H 1
| #define HAVE_INTTYPES_H 1
| #define HAVE_STDBOOL_H 1
| #define HAVE_MALLOC_H 1
| #define TIME_WITH_SYS_TIME 1
| #define HAVE_LONG_DOUBLE 1
| #define HAVE_UINTPTR_T 1
| #define SIZEOF_INT 4
| #define SIZEOF_UNSIGNED_INT 4
| #define SIZEOF_LONG 8
| #define SIZEOF_UNSIGNED_LONG 8
| #define SIZEOF_LONG_LONG 8
| #define SIZEOF_UNSIGNED_LONG_LONG 8
| #define SIZEOF_SIZE_T 8
| #define SIZEOF_PTRDIFF_T 8
| #define SIZEOF_FLOAT 4
| #define SIZEOF_DOUBLE 8
| #define SIZEOF_LONG_DOUBLE 16
| #define HAVE_ALLOCA_H 1
| #define HAVE_ALLOCA 1
| #define HAVE_VPRINTF 1
| #define HAVE_LIBM 1
| #define HAVE_MEMSET 1
| #define HAVE_POSIX_MEMALIGN 1
| #define HAVE_MEMALIGN 1
| #define HAVE_SYSCTL 1
| #define HAVE_ABORT 1
| #define HAVE_SNPRINTF 1
| #define HAVE_SLEEP 1
| #define HAVE_USLEEP 1
| #define HAVE_NANOSLEEP 1
| #define HAVE_DRAND48 1
| #define HAVE_SRAND48 1
| #define HAVE_DECL_MEMALIGN 0
| #define HAVE_DECL_POSIX_MEMALIGN 1
| #define HAVE_DECL_SLEEP 1
| #define HAVE_DECL_NANOSLEEP 1
| #define HAVE_DECL_DRAND48 1
| #define HAVE_DECL_SRAND48 1
| #define HAVE_COPYSIGN 1
| #define HAVE_MODF 1
| #define HAVE_FREXP 1
| #define HAVE_LDEXP 1
| #define HAVE_SCALBN 1
| #define HAVE_SCALBLN 1
| /* end confdefs.h.  */
| /* Define csqrt to an innocuous variant, in case <limits.h> declares csqrt.
|    For example, HP-UX 11i <limits.h> declares gettimeofday.  */
| #define csqrt innocuous_csqrt
| 
| /* System header to define __stub macros and hopefully few prototypes,
|     which can conflict with char csqrt (); below.
|     Prefer <limits.h> to <assert.h> if __STDC__ is defined, since
|     <limits.h> exists even on freestanding compilers.  */
| 
| #ifdef __STDC__
| # include <limits.h>
| #else
| # include <assert.h>
| #endif
| 
| #undef csqrt
| 
| /* Override any GCC internal prototype to avoid an error.
|    Use char because int might match the return type of a GCC
|    builtin and then its argument prototype would still apply.  */
| #ifdef __cplusplus
| extern "C"
| #endif
| char csqrt ();
| /* The GNU C library defines this for functions which it implements
|     to always fail with ENOSYS.  Some functions are actually named
|     something starting with __ and the normal name is an alias.  */
| #if defined __stub_csqrt || defined __stub___csqrt
| choke me
| #endif
| 
| int
| main ()
| {
| return csqrt ();
|   ;
|   return 0;
| }
configure:17858: result: no
configure:17858: checking for cexp
configure:17858: gcc -o conftest -O3 -fomit-frame-pointer -malign-double -fstrict-aliasing -ffast-math -march=native -std=gnu99    conftest.c  >&5
conftest.c:108: warning: conflicting types for built-in function 'cexp'
/tmp/ccA1pEq5.o: In function `main':
conftest.c:(.text+0x7): undefined reference to `cexp'
collect2: ld returned 1 exit status
configure:17858: $? = 1
configure: failed program was:
| /* confdefs.h */
| #define PACKAGE_NAME "NFFT"
| #define PACKAGE_TARNAME "nfft"
| #define PACKAGE_VERSION "3.2.2"
| #define PACKAGE_STRING "NFFT 3.2.2"
| #define PACKAGE_BUGREPORT "bugs@nfft.org"
| #define PACKAGE_URL ""
| #define STDC_HEADERS 1
| #define HAVE_SYS_TYPES_H 1
| #define HAVE_SYS_STAT_H 1
| #define HAVE_STDLIB_H 1
| #define HAVE_STRING_H 1
| #define HAVE_MEMORY_H 1
| #define HAVE_STRINGS_H 1
| #define HAVE_INTTYPES_H 1
| #define HAVE_STDINT_H 1
| #define HAVE_UNISTD_H 1
| #define HAVE_DLFCN_H 1
| #define LT_OBJDIR ".libs/"
| #define PACKAGE "nfft"
| #define VERSION "3.2.2"
| #define KAISER_BESSEL 1
| #define restrict __restrict
| #define HAVE_LIBFFTW3 1
| #define HAVE_OPENMP 1
| #define MATLAB_ARGCHECKS 1
| #define HAVE_MATH_H 1
| #define HAVE_STDIO_H 1
| #define HAVE_STDLIB_H 1
| #define HAVE_TIME_H 1
| #define HAVE_SYS_TIME_H 1
| #define HAVE_COMPLEX_H 1
| #define HAVE_STRING_H 1
| #define HAVE_FLOAT_H 1
| #define HAVE_LIMITS_H 1
| #define HAVE_STDARG_H 1
| #define HAVE_STDDEF_H 1
| #define HAVE_SYS_TYPES_H 1
| #define HAVE_STDINT_H 1
| #define HAVE_INTTYPES_H 1
| #define HAVE_STDBOOL_H 1
| #define HAVE_MALLOC_H 1
| #define TIME_WITH_SYS_TIME 1
| #define HAVE_LONG_DOUBLE 1
| #define HAVE_UINTPTR_T 1
| #define SIZEOF_INT 4
| #define SIZEOF_UNSIGNED_INT 4
| #define SIZEOF_LONG 8
| #define SIZEOF_UNSIGNED_LONG 8
| #define SIZEOF_LONG_LONG 8
| #define SIZEOF_UNSIGNED_LONG_LONG 8
| #define SIZEOF_SIZE_T 8
| #define SIZEOF_PTRDIFF_T 8
| #define SIZEOF_FLOAT 4
| #define SIZEOF_DOUBLE 8
| #define SIZEOF_LONG_DOUBLE 16
| #define HAVE_ALLOCA_H 1
| #define HAVE_ALLOCA 1
| #define HAVE_VPRINTF 1
| #define HAVE_LIBM 1
| #define HAVE_MEMSET 1
| #define HAVE_POSIX_MEMALIGN 1
| #define HAVE_MEMALIGN 1
| #define HAVE_SYSCTL 1
| #define HAVE_ABORT 1
| #define HAVE_SNPRINTF 1
| #define HAVE_SLEEP 1
| #define HAVE_USLEEP 1
| #define HAVE_NANOSLEEP 1
| #define HAVE_DRAND48 1
| #define HAVE_SRAND48 1
| #define HAVE_DECL_MEMALIGN 0
| #define HAVE_DECL_POSIX_MEMALIGN 1
| #define HAVE_DECL_SLEEP 1
| #define HAVE_DECL_NANOSLEEP 1
| #define HAVE_DECL_DRAND48 1
| #define HAVE_DECL_SRAND48 1
| #define HAVE_COPYSIGN 1
| #define HAVE_MODF 1
| #define HAVE_FREXP 1
| #define HAVE_LDEXP 1
| #define HAVE_SCALBN 1
| #define HAVE_SCALBLN 1
| /* end confdefs.h.  */
| /* Define cexp to an innocuous variant, in case <limits.h> declares cexp.
|    For example, HP-UX 11i <limits.h> declares gettimeofday.  */
| #define cexp innocuous_cexp
| 
| /* System header to define __stub macros and hopefully few prototypes,
|     which can conflict with char cexp (); below.
|     Prefer <limits.h> to <assert.h> if __STDC__ is defined, since
|     <limits.h> exists even on freestanding compilers.  */
| 
| #ifdef __STDC__
| # include <limits.h>
| #else
| # include <assert.h>
| #endif
| 
| #undef cexp
| 
| /* Override any GCC internal prototype to avoid an error.
|    Use char because int might match the return type of a GCC
|    builtin and then its argument prototype would still apply.  */
| #ifdef __cplusplus
| extern "C"
| #endif
| char cexp ();
| /* The GNU C library defines this for functions which it implements
|     to always fail with ENOSYS.  Some functions are actually named
|     something starting with __ and the normal name is an alias.  */
| #if defined __stub_cexp || defined __stub___cexp
| choke me
| #endif
| 
| int
| main ()
| {
| return cexp ();
|   ;
|   return 0;
| }
configure:17858: result: no
configure:17858: checking for clog
configure:17858: gcc -o conftest -O3 -fomit-frame-pointer -malign-double -fstrict-aliasing -ffast-math -march=native -std=gnu99    conftest.c  >&5
conftest.c:108: warning: conflicting types for built-in function 'clog'
/tmp/ccEVrzsa.o: In function `main':
conftest.c:(.text+0x7): undefined reference to `clog'
collect2: ld returned 1 exit status
configure:17858: $? = 1
configure: failed program was:
| /* confdefs.h */
| #define PACKAGE_NAME "NFFT"
| #define PACKAGE_TARNAME "nfft"
| #define PACKAGE_VERSION "3.2.2"
| #define PACKAGE_STRING "NFFT 3.2.2"
| #define PACKAGE_BUGREPORT "bugs@nfft.org"
| #define PACKAGE_URL ""
| #define STDC_HEADERS 1
| #define HAVE_SYS_TYPES_H 1
| #define HAVE_SYS_STAT_H 1
| #define HAVE_STDLIB_H 1
| #define HAVE_STRING_H 1
| #define HAVE_MEMORY_H 1
| #define HAVE_STRINGS_H 1
| #define HAVE_INTTYPES_H 1
| #define HAVE_STDINT_H 1
| #define HAVE_UNISTD_H 1
| #define HAVE_DLFCN_H 1
| #define LT_OBJDIR ".libs/"
| #define PACKAGE "nfft"
| #define VERSION "3.2.2"
| #define KAISER_BESSEL 1
| #define restrict __restrict
| #define HAVE_LIBFFTW3 1
| #define HAVE_OPENMP 1
| #define MATLAB_ARGCHECKS 1
| #define HAVE_MATH_H 1
| #define HAVE_STDIO_H 1
| #define HAVE_STDLIB_H 1
| #define HAVE_TIME_H 1
| #define HAVE_SYS_TIME_H 1
| #define HAVE_COMPLEX_H 1
| #define HAVE_STRING_H 1
| #define HAVE_FLOAT_H 1
| #define HAVE_LIMITS_H 1
| #define HAVE_STDARG_H 1
| #define HAVE_STDDEF_H 1
| #define HAVE_SYS_TYPES_H 1
| #define HAVE_STDINT_H 1
| #define HAVE_INTTYPES_H 1
| #define HAVE_STDBOOL_H 1
| #define HAVE_MALLOC_H 1
| #define TIME_WITH_SYS_TIME 1
| #define HAVE_LONG_DOUBLE 1
| #define HAVE_UINTPTR_T 1
| #define SIZEOF_INT 4
| #define SIZEOF_UNSIGNED_INT 4
| #define SIZEOF_LONG 8
| #define SIZEOF_UNSIGNED_LONG 8
| #define SIZEOF_LONG_LONG 8
| #define SIZEOF_UNSIGNED_LONG_LONG 8
| #define SIZEOF_SIZE_T 8
| #define SIZEOF_PTRDIFF_T 8
| #define SIZEOF_FLOAT 4
| #define SIZEOF_DOUBLE 8
| #define SIZEOF_LONG_DOUBLE 16
| #define HAVE_ALLOCA_H 1
| #define HAVE_ALLOCA 1
| #define HAVE_VPRINTF 1
| #define HAVE_LIBM 1
| #define HAVE_MEMSET 1
| #define HAVE_POSIX_MEMALIGN 1
| #define HAVE_MEMALIGN 1
| #define HAVE_SYSCTL 1
| #define HAVE_ABORT 1
| #define HAVE_SNPRINTF 1
| #define HAVE_SLEEP 1
| #define HAVE_USLEEP 1
| #define HAVE_NANOSLEEP 1
| #define HAVE_DRAND48 1
| #define HAVE_SRAND48 1
| #define HAVE_DECL_MEMALIGN 0
| #define HAVE_DECL_POSIX_MEMALIGN 1
| #define HAVE_DECL_SLEEP 1
| #define HAVE_DECL_NANOSLEEP 1
| #define HAVE_DECL_DRAND48 1
| #define HAVE_DECL_SRAND48 1
| #define HAVE_COPYSIGN 1
| #define HAVE_MODF 1
| #define HAVE_FREXP 1
| #define HAVE_LDEXP 1
| #define HAVE_SCALBN 1
| #define HAVE_SCALBLN 1
| /* end confdefs.h.  */
| /* Define clog to an innocuous variant, in case <limits.h> declares clog.
|    For example, HP-UX 11i <limits.h> declares gettimeofday.  */
| #define clog innocuous_clog
| 
| /* System header to define __stub macros and hopefully few prototypes,
|     which can conflict with char clog (); below.
|     Prefer <limits.h> to <assert.h> if __STDC__ is defined, since
|     <limits.h> exists even on freestanding compilers.  */
| 
| #ifdef __STDC__
| # include <limits.h>
| #else
| # include <assert.h>
| #endif
| 
| #undef clog
| 
| /* Override any GCC internal prototype to avoid an error.
|    Use char because int might match the return type of a GCC
|    builtin and then its argument prototype would still apply.  */
| #ifdef __cplusplus
| extern "C"
| #endif
| char clog ();
| /* The GNU C library defines this for functions which it implements
|     to always fail with ENOSYS.  Some functions are actually named
|     something starting with __ and the normal name is an alias.  */
| #if defined __stub_clog || defined __stub___clog
| choke me
| #endif
| 
| int
| main ()
| {
| return clog ();
|   ;
|   return 0;
| }
configure:17858: result: no
configure:17858: checking for cpow
configure:17858: gcc -o conftest -O3 -fomit-frame-pointer -malign-double -fstrict-aliasing -ffast-math -march=native -std=gnu99    conftest.c  >&5
conftest.c:108: warning: conflicting types for built-in function 'cpow'
/tmp/ccgh3RNg.o: In function `main':
conftest.c:(.text+0x7): undefined reference to `cpow'
collect2: ld returned 1 exit status
configure:17858: $? = 1
configure: failed program was:
| /* confdefs.h */
| #define PACKAGE_NAME "NFFT"
| #define PACKAGE_TARNAME "nfft"
| #define PACKAGE_VERSION "3.2.2"
| #define PACKAGE_STRING "NFFT 3.2.2"
| #define PACKAGE_BUGREPORT "bugs@nfft.org"
| #define PACKAGE_URL ""
| #define STDC_HEADERS 1
| #define HAVE_SYS_TYPES_H 1
| #define HAVE_SYS_STAT_H 1
| #define HAVE_STDLIB_H 1
| #define HAVE_STRING_H 1
| #define HAVE_MEMORY_H 1
| #define HAVE_STRINGS_H 1
| #define HAVE_INTTYPES_H 1
| #define HAVE_STDINT_H 1
| #define HAVE_UNISTD_H 1
| #define HAVE_DLFCN_H 1
| #define LT_OBJDIR ".libs/"
| #define PACKAGE "nfft"
| #define VERSION "3.2.2"
| #define KAISER_BESSEL 1
| #define restrict __restrict
| #define HAVE_LIBFFTW3 1
| #define HAVE_OPENMP 1
| #define MATLAB_ARGCHECKS 1
| #define HAVE_MATH_H 1
| #define HAVE_STDIO_H 1
| #define HAVE_STDLIB_H 1
| #define HAVE_TIME_H 1
| #define HAVE_SYS_TIME_H 1
| #define HAVE_COMPLEX_H 1
| #define HAVE_STRING_H 1
| #define HAVE_FLOAT_H 1
| #define HAVE_LIMITS_H 1
| #define HAVE_STDARG_H 1
| #define HAVE_STDDEF_H 1
| #define HAVE_SYS_TYPES_H 1
| #define HAVE_STDINT_H 1
| #define HAVE_INTTYPES_H 1
| #define HAVE_STDBOOL_H 1
| #define HAVE_MALLOC_H 1
| #define TIME_WITH_SYS_TIME 1
| #define HAVE_LONG_DOUBLE 1
| #define HAVE_UINTPTR_T 1
| #define SIZEOF_INT 4
| #define SIZEOF_UNSIGNED_INT 4
| #define SIZEOF_LONG 8
| #define SIZEOF_UNSIGNED_LONG 8
| #define SIZEOF_LONG_LONG 8
| #define SIZEOF_UNSIGNED_LONG_LONG 8
| #define SIZEOF_SIZE_T 8
| #define SIZEOF_PTRDIFF_T 8
| #define SIZEOF_FLOAT 4
| #define SIZEOF_DOUBLE 8
| #define SIZEOF_LONG_DOUBLE 16
| #define HAVE_ALLOCA_H 1
| #define HAVE_ALLOCA 1
| #define HAVE_VPRINTF 1
| #define HAVE_LIBM 1
| #define HAVE_MEMSET 1
| #define HAVE_POSIX_MEMALIGN 1
| #define HAVE_MEMALIGN 1
| #define HAVE_SYSCTL 1
| #define HAVE_ABORT 1
| #define HAVE_SNPRINTF 1
| #define HAVE_SLEEP 1
| #define HAVE_USLEEP 1
| #define HAVE_NANOSLEEP 1
| #define HAVE_DRAND48 1
| #define HAVE_SRAND48 1
| #define HAVE_DECL_MEMALIGN 0
| #define HAVE_DECL_POSIX_MEMALIGN 1
| #define HAVE_DECL_SLEEP 1
| #define HAVE_DECL_NANOSLEEP 1
| #define HAVE_DECL_DRAND48 1
| #define HAVE_DECL_SRAND48 1
| #define HAVE_COPYSIGN 1
| #define HAVE_MODF 1
| #define HAVE_FREXP 1
| #define HAVE_LDEXP 1
| #define HAVE_SCALBN 1
| #define HAVE_SCALBLN 1
| /* end confdefs.h.  */
| /* Define cpow to an innocuous variant, in case <limits.h> declares cpow.
|    For example, HP-UX 11i <limits.h> declares gettimeofday.  */
| #define cpow innocuous_cpow
| 
| /* System header to define __stub macros and hopefully few prototypes,
|     which can conflict with char cpow (); below.
|     Prefer <limits.h> to <assert.h> if __STDC__ is defined, since
|     <limits.h> exists even on freestanding compilers.  */
| 
| #ifdef __STDC__
| # include <limits.h>
| #else
| # include <assert.h>
| #endif
| 
| #undef cpow
| 
| /* Override any GCC internal prototype to avoid an error.
|    Use char because int might match the return type of a GCC
|    builtin and then its argument prototype would still apply.  */
| #ifdef __cplusplus
| extern "C"
| #endif
| char cpow ();
| /* The GNU C library defines this for functions which it implements
|     to always fail with ENOSYS.  Some functions are actually named
|     something starting with __ and the normal name is an alias.  */
| #if defined __stub_cpow || defined __stub___cpow
| choke me
| #endif
| 
| int
| main ()
| {
| return cpow ();
|   ;
|   return 0;
| }
configure:17858: result: no
configure:17858: checking for csin
configure:17858: gcc -o conftest -O3 -fomit-frame-pointer -malign-double -fstrict-aliasing -ffast-math -march=native -std=gnu99    conftest.c  >&5
conftest.c:108: warning: conflicting types for built-in function 'csin'
/tmp/cc6HtFpl.o: In function `main':
conftest.c:(.text+0x7): undefined reference to `csin'
collect2: ld returned 1 exit status
configure:17858: $? = 1
configure: failed program was:
| /* confdefs.h */
| #define PACKAGE_NAME "NFFT"
| #define PACKAGE_TARNAME "nfft"
| #define PACKAGE_VERSION "3.2.2"
| #define PACKAGE_STRING "NFFT 3.2.2"
| #define PACKAGE_BUGREPORT "bugs@nfft.org"
| #define PACKAGE_URL ""
| #define STDC_HEADERS 1
| #define HAVE_SYS_TYPES_H 1
| #define HAVE_SYS_STAT_H 1
| #define HAVE_STDLIB_H 1
| #define HAVE_STRING_H 1
| #define HAVE_MEMORY_H 1
| #define HAVE_STRINGS_H 1
| #define HAVE_INTTYPES_H 1
| #define HAVE_STDINT_H 1
| #define HAVE_UNISTD_H 1
| #define HAVE_DLFCN_H 1
| #define LT_OBJDIR ".libs/"
| #define PACKAGE "nfft"
| #define VERSION "3.2.2"
| #define KAISER_BESSEL 1
| #define restrict __restrict
| #define HAVE_LIBFFTW3 1
| #define HAVE_OPENMP 1
| #define MATLAB_ARGCHECKS 1
| #define HAVE_MATH_H 1
| #define HAVE_STDIO_H 1
| #define HAVE_STDLIB_H 1
| #define HAVE_TIME_H 1
| #define HAVE_SYS_TIME_H 1
| #define HAVE_COMPLEX_H 1
| #define HAVE_STRING_H 1
| #define HAVE_FLOAT_H 1
| #define HAVE_LIMITS_H 1
| #define HAVE_STDARG_H 1
| #define HAVE_STDDEF_H 1
| #define HAVE_SYS_TYPES_H 1
| #define HAVE_STDINT_H 1
| #define HAVE_INTTYPES_H 1
| #define HAVE_STDBOOL_H 1
| #define HAVE_MALLOC_H 1
| #define TIME_WITH_SYS_TIME 1
| #define HAVE_LONG_DOUBLE 1
| #define HAVE_UINTPTR_T 1
| #define SIZEOF_INT 4
| #define SIZEOF_UNSIGNED_INT 4
| #define SIZEOF_LONG 8
| #define SIZEOF_UNSIGNED_LONG 8
| #define SIZEOF_LONG_LONG 8
| #define SIZEOF_UNSIGNED_LONG_LONG 8
| #define SIZEOF_SIZE_T 8
| #define SIZEOF_PTRDIFF_T 8
| #define SIZEOF_FLOAT 4
| #define SIZEOF_DOUBLE 8
| #define SIZEOF_LONG_DOUBLE 16
| #define HAVE_ALLOCA_H 1
| #define HAVE_ALLOCA 1
| #define HAVE_VPRINTF 1
| #define HAVE_LIBM 1
| #define HAVE_MEMSET 1
| #define HAVE_POSIX_MEMALIGN 1
| #define HAVE_MEMALIGN 1
| #define HAVE_SYSCTL 1
| #define HAVE_ABORT 1
| #define HAVE_SNPRINTF 1
| #define HAVE_SLEEP 1
| #define HAVE_USLEEP 1
| #define HAVE_NANOSLEEP 1
| #define HAVE_DRAND48 1
| #define HAVE_SRAND48 1
| #define HAVE_DECL_MEMALIGN 0
| #define HAVE_DECL_POSIX_MEMALIGN 1
| #define HAVE_DECL_SLEEP 1
| #define HAVE_DECL_NANOSLEEP 1
| #define HAVE_DECL_DRAND48 1
| #define HAVE_DECL_SRAND48 1
| #define HAVE_COPYSIGN 1
| #define HAVE_MODF 1
| #define HAVE_FREXP 1
| #define HAVE_LDEXP 1
| #define HAVE_SCALBN 1
| #define HAVE_SCALBLN 1
| /* end confdefs.h.  */
| /* Define csin to an innocuous variant, in case <limits.h> declares csin.
|    For example, HP-UX 11i <limits.h> declares gettimeofday.  */
| #define csin innocuous_csin
| 
| /* System header to define __stub macros and hopefully few prototypes,
|     which can conflict with char csin (); below.
|     Prefer <limits.h> to <assert.h> if __STDC__ is defined, since
|     <limits.h> exists even on freestanding compilers.  */
| 
| #ifdef __STDC__
| # include <limits.h>
| #else
| # include <assert.h>
| #endif
| 
| #undef csin
| 
| /* Override any GCC internal prototype to avoid an error.
|    Use char because int might match the return type of a GCC
|    builtin and then its argument prototype would still apply.  */
| #ifdef __cplusplus
| extern "C"
| #endif
| char csin ();
| /* The GNU C library defines this for functions which it implements
|     to always fail with ENOSYS.  Some functions are actually named
|     something starting with __ and the normal name is an alias.  */
| #if defined __stub_csin || defined __stub___csin
| choke me
| #endif
| 
| int
| main ()
| {
| return csin ();
|   ;
|   return 0;
| }
configure:17858: result: no
configure:17858: checking for ccos
configure:17858: gcc -o conftest -O3 -fomit-frame-pointer -malign-double -fstrict-aliasing -ffast-math -march=native -std=gnu99    conftest.c  >&5
conftest.c:108: warning: conflicting types for built-in function 'ccos'
/tmp/ccUT0oGn.o: In function `main':
conftest.c:(.text+0x7): undefined reference to `ccos'
collect2: ld returned 1 exit status
configure:17858: $? = 1
configure: failed program was:
| /* confdefs.h */
| #define PACKAGE_NAME "NFFT"
| #define PACKAGE_TARNAME "nfft"
| #define PACKAGE_VERSION "3.2.2"
| #define PACKAGE_STRING "NFFT 3.2.2"
| #define PACKAGE_BUGREPORT "bugs@nfft.org"
| #define PACKAGE_URL ""
| #define STDC_HEADERS 1
| #define HAVE_SYS_TYPES_H 1
| #define HAVE_SYS_STAT_H 1
| #define HAVE_STDLIB_H 1
| #define HAVE_STRING_H 1
| #define HAVE_MEMORY_H 1
| #define HAVE_STRINGS_H 1
| #define HAVE_INTTYPES_H 1
| #define HAVE_STDINT_H 1
| #define HAVE_UNISTD_H 1
| #define HAVE_DLFCN_H 1
| #define LT_OBJDIR ".libs/"
| #define PACKAGE "nfft"
| #define VERSION "3.2.2"
| #define KAISER_BESSEL 1
| #define restrict __restrict
| #define HAVE_LIBFFTW3 1
| #define HAVE_OPENMP 1
| #define MATLAB_ARGCHECKS 1
| #define HAVE_MATH_H 1
| #define HAVE_STDIO_H 1
| #define HAVE_STDLIB_H 1
| #define HAVE_TIME_H 1
| #define HAVE_SYS_TIME_H 1
| #define HAVE_COMPLEX_H 1
| #define HAVE_STRING_H 1
| #define HAVE_FLOAT_H 1
| #define HAVE_LIMITS_H 1
| #define HAVE_STDARG_H 1
| #define HAVE_STDDEF_H 1
| #define HAVE_SYS_TYPES_H 1
| #define HAVE_STDINT_H 1
| #define HAVE_INTTYPES_H 1
| #define HAVE_STDBOOL_H 1
| #define HAVE_MALLOC_H 1
| #define TIME_WITH_SYS_TIME 1
| #define HAVE_LONG_DOUBLE 1
| #define HAVE_UINTPTR_T 1
| #define SIZEOF_INT 4
| #define SIZEOF_UNSIGNED_INT 4
| #define SIZEOF_LONG 8
| #define SIZEOF_UNSIGNED_LONG 8
| #define SIZEOF_LONG_LONG 8
| #define SIZEOF_UNSIGNED_LONG_LONG 8
| #define SIZEOF_SIZE_T 8
| #define SIZEOF_PTRDIFF_T 8
| #define SIZEOF_FLOAT 4
| #define SIZEOF_DOUBLE 8
| #define SIZEOF_LONG_DOUBLE 16
| #define HAVE_ALLOCA_H 1
| #define HAVE_ALLOCA 1
| #define HAVE_VPRINTF 1
| #define HAVE_LIBM 1
| #define HAVE_MEMSET 1
| #define HAVE_POSIX_MEMALIGN 1
| #define HAVE_MEMALIGN 1
| #define HAVE_SYSCTL 1
| #define HAVE_ABORT 1
| #define HAVE_SNPRINTF 1
| #define HAVE_SLEEP 1
| #define HAVE_USLEEP 1
| #define HAVE_NANOSLEEP 1
| #define HAVE_DRAND48 1
| #define HAVE_SRAND48 1
| #define HAVE_DECL_MEMALIGN 0
| #define HAVE_DECL_POSIX_MEMALIGN 1
| #define HAVE_DECL_SLEEP 1
| #define HAVE_DECL_NANOSLEEP 1
| #define HAVE_DECL_DRAND48 1
| #define HAVE_DECL_SRAND48 1
| #define HAVE_COPYSIGN 1
| #define HAVE_MODF 1
| #define HAVE_FREXP 1
| #define HAVE_LDEXP 1
| #define HAVE_SCALBN 1
| #define HAVE_SCALBLN 1
| /* end confdefs.h.  */
| /* Define ccos to an innocuous variant, in case <limits.h> declares ccos.
|    For example, HP-UX 11i <limits.h> declares gettimeofday.  */
| #define ccos innocuous_ccos
| 
| /* System header to define __stub macros and hopefully few prototypes,
|     which can conflict with char ccos (); below.
|     Prefer <limits.h> to <assert.h> if __STDC__ is defined, since
|     <limits.h> exists even on freestanding compilers.  */
| 
| #ifdef __STDC__
| # include <limits.h>
| #else
| # include <assert.h>
| #endif
| 
| #undef ccos
| 
| /* Override any GCC internal prototype to avoid an error.
|    Use char because int might match the return type of a GCC
|    builtin and then its argument prototype would still apply.  */
| #ifdef __cplusplus
| extern "C"
| #endif
| char ccos ();
| /* The GNU C library defines this for functions which it implements
|     to always fail with ENOSYS.  Some functions are actually named
|     something starting with __ and the normal name is an alias.  */
| #if defined __stub_ccos || defined __stub___ccos
| choke me
| #endif
| 
| int
| main ()
| {
| return ccos ();
|   ;
|   return 0;
| }
configure:17858: result: no
configure:17858: checking for ctan
configure:17858: gcc -o conftest -O3 -fomit-frame-pointer -malign-double -fstrict-aliasing -ffast-math -march=native -std=gnu99    conftest.c  >&5
conftest.c:108: warning: conflicting types for built-in function 'ctan'
/tmp/ccZ3sDOk.o: In function `main':
conftest.c:(.text+0x7): undefined reference to `ctan'
collect2: ld returned 1 exit status
configure:17858: $? = 1
configure: failed program was:
| /* confdefs.h */
| #define PACKAGE_NAME "NFFT"
| #define PACKAGE_TARNAME "nfft"
| #define PACKAGE_VERSION "3.2.2"
| #define PACKAGE_STRING "NFFT 3.2.2"
| #define PACKAGE_BUGREPORT "bugs@nfft.org"
| #define PACKAGE_URL ""
| #define STDC_HEADERS 1
| #define HAVE_SYS_TYPES_H 1
| #define HAVE_SYS_STAT_H 1
| #define HAVE_STDLIB_H 1
| #define HAVE_STRING_H 1
| #define HAVE_MEMORY_H 1
| #define HAVE_STRINGS_H 1
| #define HAVE_INTTYPES_H 1
| #define HAVE_STDINT_H 1
| #define HAVE_UNISTD_H 1
| #define HAVE_DLFCN_H 1
| #define LT_OBJDIR ".libs/"
| #define PACKAGE "nfft"
| #define VERSION "3.2.2"
| #define KAISER_BESSEL 1
| #define restrict __restrict
| #define HAVE_LIBFFTW3 1
| #define HAVE_OPENMP 1
| #define MATLAB_ARGCHECKS 1
| #define HAVE_MATH_H 1
| #define HAVE_STDIO_H 1
| #define HAVE_STDLIB_H 1
| #define HAVE_TIME_H 1
| #define HAVE_SYS_TIME_H 1
| #define HAVE_COMPLEX_H 1
| #define HAVE_STRING_H 1
| #define HAVE_FLOAT_H 1
| #define HAVE_LIMITS_H 1
| #define HAVE_STDARG_H 1
| #define HAVE_STDDEF_H 1
| #define HAVE_SYS_TYPES_H 1
| #define HAVE_STDINT_H 1
| #define HAVE_INTTYPES_H 1
| #define HAVE_STDBOOL_H 1
| #define HAVE_MALLOC_H 1
| #define TIME_WITH_SYS_TIME 1
| #define HAVE_LONG_DOUBLE 1
| #define HAVE_UINTPTR_T 1
| #define SIZEOF_INT 4
| #define SIZEOF_UNSIGNED_INT 4
| #define SIZEOF_LONG 8
| #define SIZEOF_UNSIGNED_LONG 8
| #define SIZEOF_LONG_LONG 8
| #define SIZEOF_UNSIGNED_LONG_LONG 8
| #define SIZEOF_SIZE_T 8
| #define SIZEOF_PTRDIFF_T 8
| #define SIZEOF_FLOAT 4
| #define SIZEOF_DOUBLE 8
| #define SIZEOF_LONG_DOUBLE 16
| #define HAVE_ALLOCA_H 1
| #define HAVE_ALLOCA 1
| #define HAVE_VPRINTF 1
| #define HAVE_LIBM 1
| #define HAVE_MEMSET 1
| #define HAVE_POSIX_MEMALIGN 1
| #define HAVE_MEMALIGN 1
| #define HAVE_SYSCTL 1
| #define HAVE_ABORT 1
| #define HAVE_SNPRINTF 1
| #define HAVE_SLEEP 1
| #define HAVE_USLEEP 1
| #define HAVE_NANOSLEEP 1
| #define HAVE_DRAND48 1
| #define HAVE_SRAND48 1
| #define HAVE_DECL_MEMALIGN 0
| #define HAVE_DECL_POSIX_MEMALIGN 1
| #define HAVE_DECL_SLEEP 1
| #define HAVE_DECL_NANOSLEEP 1
| #define HAVE_DECL_DRAND48 1
| #define HAVE_DECL_SRAND48 1
| #define HAVE_COPYSIGN 1
| #define HAVE_MODF 1
| #define HAVE_FREXP 1
| #define HAVE_LDEXP 1
| #define HAVE_SCALBN 1
| #define HAVE_SCALBLN 1
| /* end confdefs.h.  */
| /* Define ctan to an innocuous variant, in case <limits.h> declares ctan.
|    For example, HP-UX 11i <limits.h> declares gettimeofday.  */
| #define ctan innocuous_ctan
| 
| /* System header to define __stub macros and hopefully few prototypes,
|     which can conflict with char ctan (); below.
|     Prefer <limits.h> to <assert.h> if __STDC__ is defined, since
|     <limits.h> exists even on freestanding compilers.  */
| 
| #ifdef __STDC__
| # include <limits.h>
| #else
| # include <assert.h>
| #endif
| 
| #undef ctan
| 
| /* Override any GCC internal prototype to avoid an error.
|    Use char because int might match the return type of a GCC
|    builtin and then its argument prototype would still apply.  */
| #ifdef __cplusplus
| extern "C"
| #endif
| char ctan ();
| /* The GNU C library defines this for functions which it implements
|     to always fail with ENOSYS.  Some functions are actually named
|     something starting with __ and the normal name is an alias.  */
| #if defined __stub_ctan || defined __stub___ctan
| choke me
| #endif
| 
| int
| main ()
| {
| return ctan ();
|   ;
|   return 0;
| }
configure:17858: result: no
configure:17858: checking for casin
configure:17858: gcc -o conftest -O3 -fomit-frame-pointer -malign-double -fstrict-aliasing -ffast-math -march=native -std=gnu99    conftest.c  >&5
conftest.c:108: warning: conflicting types for built-in function 'casin'
/tmp/ccXo2xun.o: In function `main':
conftest.c:(.text+0x7): undefined reference to `casin'
collect2: ld returned 1 exit status
configure:17858: $? = 1
configure: failed program was:
| /* confdefs.h */
| #define PACKAGE_NAME "NFFT"
| #define PACKAGE_TARNAME "nfft"
| #define PACKAGE_VERSION "3.2.2"
| #define PACKAGE_STRING "NFFT 3.2.2"
| #define PACKAGE_BUGREPORT "bugs@nfft.org"
| #define PACKAGE_URL ""
| #define STDC_HEADERS 1
| #define HAVE_SYS_TYPES_H 1
| #define HAVE_SYS_STAT_H 1
| #define HAVE_STDLIB_H 1
| #define HAVE_STRING_H 1
| #define HAVE_MEMORY_H 1
| #define HAVE_STRINGS_H 1
| #define HAVE_INTTYPES_H 1
| #define HAVE_STDINT_H 1
| #define HAVE_UNISTD_H 1
| #define HAVE_DLFCN_H 1
| #define LT_OBJDIR ".libs/"
| #define PACKAGE "nfft"
| #define VERSION "3.2.2"
| #define KAISER_BESSEL 1
| #define restrict __restrict
| #define HAVE_LIBFFTW3 1
| #define HAVE_OPENMP 1
| #define MATLAB_ARGCHECKS 1
| #define HAVE_MATH_H 1
| #define HAVE_STDIO_H 1
| #define HAVE_STDLIB_H 1
| #define HAVE_TIME_H 1
| #define HAVE_SYS_TIME_H 1
| #define HAVE_COMPLEX_H 1
| #define HAVE_STRING_H 1
| #define HAVE_FLOAT_H 1
| #define HAVE_LIMITS_H 1
| #define HAVE_STDARG_H 1
| #define HAVE_STDDEF_H 1
| #define HAVE_SYS_TYPES_H 1
| #define HAVE_STDINT_H 1
| #define HAVE_INTTYPES_H 1
| #define HAVE_STDBOOL_H 1
| #define HAVE_MALLOC_H 1
| #define TIME_WITH_SYS_TIME 1
| #define HAVE_LONG_DOUBLE 1
| #define HAVE_UINTPTR_T 1
| #define SIZEOF_INT 4
| #define SIZEOF_UNSIGNED_INT 4
| #define SIZEOF_LONG 8
| #define SIZEOF_UNSIGNED_LONG 8
| #define SIZEOF_LONG_LONG 8
| #define SIZEOF_UNSIGNED_LONG_LONG 8
| #define SIZEOF_SIZE_T 8
| #define SIZEOF_PTRDIFF_T 8
| #define SIZEOF_FLOAT 4
| #define SIZEOF_DOUBLE 8
| #define SIZEOF_LONG_DOUBLE 16
| #define HAVE_ALLOCA_H 1
| #define HAVE_ALLOCA 1
| #define HAVE_VPRINTF 1
| #define HAVE_LIBM 1
| #define HAVE_MEMSET 1
| #define HAVE_POSIX_MEMALIGN 1
| #define HAVE_MEMALIGN 1
| #define HAVE_SYSCTL 1
| #define HAVE_ABORT 1
| #define HAVE_SNPRINTF 1
| #define HAVE_SLEEP 1
| #define HAVE_USLEEP 1
| #define HAVE_NANOSLEEP 1
| #define HAVE_DRAND48 1
| #define HAVE_SRAND48 1
| #define HAVE_DECL_MEMALIGN 0
| #define HAVE_DECL_POSIX_MEMALIGN 1
| #define HAVE_DECL_SLEEP 1
| #define HAVE_DECL_NANOSLEEP 1
| #define HAVE_DECL_DRAND48 1
| #define HAVE_DECL_SRAND48 1
| #define HAVE_COPYSIGN 1
| #define HAVE_MODF 1
| #define HAVE_FREXP 1
| #define HAVE_LDEXP 1
| #define HAVE_SCALBN 1
| #define HAVE_SCALBLN 1
| /* end confdefs.h.  */
| /* Define casin to an innocuous variant, in case <limits.h> declares casin.
|    For example, HP-UX 11i <limits.h> declares gettimeofday.  */
| #define casin innocuous_casin
| 
| /* System header to define __stub macros and hopefully few prototypes,
|     which can conflict with char casin (); below.
|     Prefer <limits.h> to <assert.h> if __STDC__ is defined, since
|     <limits.h> exists even on freestanding compilers.  */
| 
| #ifdef __STDC__
| # include <limits.h>
| #else
| # include <assert.h>
| #endif
| 
| #undef casin
| 
| /* Override any GCC internal prototype to avoid an error.
|    Use char because int might match the return type of a GCC
|    builtin and then its argument prototype would still apply.  */
| #ifdef __cplusplus
| extern "C"
| #endif
| char casin ();
| /* The GNU C library defines this for functions which it implements
|     to always fail with ENOSYS.  Some functions are actually named
|     something starting with __ and the normal name is an alias.  */
| #if defined __stub_casin || defined __stub___casin
| choke me
| #endif
| 
| int
| main ()
| {
| return casin ();
|   ;
|   return 0;
| }
configure:17858: result: no
configure:17858: checking for cacos
configure:17858: gcc -o conftest -O3 -fomit-frame-pointer -malign-double -fstrict-aliasing -ffast-math -march=native -std=gnu99    conftest.c  >&5
conftest.c:108: warning: conflicting types for built-in function 'cacos'
/tmp/ccRrpD8s.o: In function `main':
conftest.c:(.text+0x7): undefined reference to `cacos'
collect2: ld returned 1 exit status
configure:17858: $? = 1
configure: failed program was:
| /* confdefs.h */
| #define PACKAGE_NAME "NFFT"
| #define PACKAGE_TARNAME "nfft"
| #define PACKAGE_VERSION "3.2.2"
| #define PACKAGE_STRING "NFFT 3.2.2"
| #define PACKAGE_BUGREPORT "bugs@nfft.org"
| #define PACKAGE_URL ""
| #define STDC_HEADERS 1
| #define HAVE_SYS_TYPES_H 1
| #define HAVE_SYS_STAT_H 1
| #define HAVE_STDLIB_H 1
| #define HAVE_STRING_H 1
| #define HAVE_MEMORY_H 1
| #define HAVE_STRINGS_H 1
| #define HAVE_INTTYPES_H 1
| #define HAVE_STDINT_H 1
| #define HAVE_UNISTD_H 1
| #define HAVE_DLFCN_H 1
| #define LT_OBJDIR ".libs/"
| #define PACKAGE "nfft"
| #define VERSION "3.2.2"
| #define KAISER_BESSEL 1
| #define restrict __restrict
| #define HAVE_LIBFFTW3 1
| #define HAVE_OPENMP 1
| #define MATLAB_ARGCHECKS 1
| #define HAVE_MATH_H 1
| #define HAVE_STDIO_H 1
| #define HAVE_STDLIB_H 1
| #define HAVE_TIME_H 1
| #define HAVE_SYS_TIME_H 1
| #define HAVE_COMPLEX_H 1
| #define HAVE_STRING_H 1
| #define HAVE_FLOAT_H 1
| #define HAVE_LIMITS_H 1
| #define HAVE_STDARG_H 1
| #define HAVE_STDDEF_H 1
| #define HAVE_SYS_TYPES_H 1
| #define HAVE_STDINT_H 1
| #define HAVE_INTTYPES_H 1
| #define HAVE_STDBOOL_H 1
| #define HAVE_MALLOC_H 1
| #define TIME_WITH_SYS_TIME 1
| #define HAVE_LONG_DOUBLE 1
| #define HAVE_UINTPTR_T 1
| #define SIZEOF_INT 4
| #define SIZEOF_UNSIGNED_INT 4
| #define SIZEOF_LONG 8
| #define SIZEOF_UNSIGNED_LONG 8
| #define SIZEOF_LONG_LONG 8
| #define SIZEOF_UNSIGNED_LONG_LONG 8
| #define SIZEOF_SIZE_T 8
| #define SIZEOF_PTRDIFF_T 8
| #define SIZEOF_FLOAT 4
| #define SIZEOF_DOUBLE 8
| #define SIZEOF_LONG_DOUBLE 16
| #define HAVE_ALLOCA_H 1
| #define HAVE_ALLOCA 1
| #define HAVE_VPRINTF 1
| #define HAVE_LIBM 1
| #define HAVE_MEMSET 1
| #define HAVE_POSIX_MEMALIGN 1
| #define HAVE_MEMALIGN 1
| #define HAVE_SYSCTL 1
| #define HAVE_ABORT 1
| #define HAVE_SNPRINTF 1
| #define HAVE_SLEEP 1
| #define HAVE_USLEEP 1
| #define HAVE_NANOSLEEP 1
| #define HAVE_DRAND48 1
| #define HAVE_SRAND48 1
| #define HAVE_DECL_MEMALIGN 0
| #define HAVE_DECL_POSIX_MEMALIGN 1
| #define HAVE_DECL_SLEEP 1
| #define HAVE_DECL_NANOSLEEP 1
| #define HAVE_DECL_DRAND48 1
| #define HAVE_DECL_SRAND48 1
| #define HAVE_COPYSIGN 1
| #define HAVE_MODF 1
| #define HAVE_FREXP 1
| #define HAVE_LDEXP 1
| #define HAVE_SCALBN 1
| #define HAVE_SCALBLN 1
| /* end confdefs.h.  */
| /* Define cacos to an innocuous variant, in case <limits.h> declares cacos.
|    For example, HP-UX 11i <limits.h> declares gettimeofday.  */
| #define cacos innocuous_cacos
| 
| /* System header to define __stub macros and hopefully few prototypes,
|     which can conflict with char cacos (); below.
|     Prefer <limits.h> to <assert.h> if __STDC__ is defined, since
|     <limits.h> exists even on freestanding compilers.  */
| 
| #ifdef __STDC__
| # include <limits.h>
| #else
| # include <assert.h>
| #endif
| 
| #undef cacos
| 
| /* Override any GCC internal prototype to avoid an error.
|    Use char because int might match the return type of a GCC
|    builtin and then its argument prototype would still apply.  */
| #ifdef __cplusplus
| extern "C"
| #endif
| char cacos ();
| /* The GNU C library defines this for functions which it implements
|     to always fail with ENOSYS.  Some functions are actually named
|     something starting with __ and the normal name is an alias.  */
| #if defined __stub_cacos || defined __stub___cacos
| choke me
| #endif
| 
| int
| main ()
| {
| return cacos ();
|   ;
|   return 0;
| }
configure:17858: result: no
configure:17858: checking for catan
configure:17858: gcc -o conftest -O3 -fomit-frame-pointer -malign-double -fstrict-aliasing -ffast-math -march=native -std=gnu99    conftest.c  >&5
conftest.c:108: warning: conflicting types for built-in function 'catan'
/tmp/ccpfCVGx.o: In function `main':
conftest.c:(.text+0x7): undefined reference to `catan'
collect2: ld returned 1 exit status
configure:17858: $? = 1
configure: failed program was:
| /* confdefs.h */
| #define PACKAGE_NAME "NFFT"
| #define PACKAGE_TARNAME "nfft"
| #define PACKAGE_VERSION "3.2.2"
| #define PACKAGE_STRING "NFFT 3.2.2"
| #define PACKAGE_BUGREPORT "bugs@nfft.org"
| #define PACKAGE_URL ""
| #define STDC_HEADERS 1
| #define HAVE_SYS_TYPES_H 1
| #define HAVE_SYS_STAT_H 1
| #define HAVE_STDLIB_H 1
| #define HAVE_STRING_H 1
| #define HAVE_MEMORY_H 1
| #define HAVE_STRINGS_H 1
| #define HAVE_INTTYPES_H 1
| #define HAVE_STDINT_H 1
| #define HAVE_UNISTD_H 1
| #define HAVE_DLFCN_H 1
| #define LT_OBJDIR ".libs/"
| #define PACKAGE "nfft"
| #define VERSION "3.2.2"
| #define KAISER_BESSEL 1
| #define restrict __restrict
| #define HAVE_LIBFFTW3 1
| #define HAVE_OPENMP 1
| #define MATLAB_ARGCHECKS 1
| #define HAVE_MATH_H 1
| #define HAVE_STDIO_H 1
| #define HAVE_STDLIB_H 1
| #define HAVE_TIME_H 1
| #define HAVE_SYS_TIME_H 1
| #define HAVE_COMPLEX_H 1
| #define HAVE_STRING_H 1
| #define HAVE_FLOAT_H 1
| #define HAVE_LIMITS_H 1
| #define HAVE_STDARG_H 1
| #define HAVE_STDDEF_H 1
| #define HAVE_SYS_TYPES_H 1
| #define HAVE_STDINT_H 1
| #define HAVE_INTTYPES_H 1
| #define HAVE_STDBOOL_H 1
| #define HAVE_MALLOC_H 1
| #define TIME_WITH_SYS_TIME 1
| #define HAVE_LONG_DOUBLE 1
| #define HAVE_UINTPTR_T 1
| #define SIZEOF_INT 4
| #define SIZEOF_UNSIGNED_INT 4
| #define SIZEOF_LONG 8
| #define SIZEOF_UNSIGNED_LONG 8
| #define SIZEOF_LONG_LONG 8
| #define SIZEOF_UNSIGNED_LONG_LONG 8
| #define SIZEOF_SIZE_T 8
| #define SIZEOF_PTRDIFF_T 8
| #define SIZEOF_FLOAT 4
| #define SIZEOF_DOUBLE 8
| #define SIZEOF_LONG_DOUBLE 16
| #define HAVE_ALLOCA_H 1
| #define HAVE_ALLOCA 1
| #define HAVE_VPRINTF 1
| #define HAVE_LIBM 1
| #define HAVE_MEMSET 1
| #define HAVE_POSIX_MEMALIGN 1
| #define HAVE_MEMALIGN 1
| #define HAVE_SYSCTL 1
| #define HAVE_ABORT 1
| #define HAVE_SNPRINTF 1
| #define HAVE_SLEEP 1
| #define HAVE_USLEEP 1
| #define HAVE_NANOSLEEP 1
| #define HAVE_DRAND48 1
| #define HAVE_SRAND48 1
| #define HAVE_DECL_MEMALIGN 0
| #define HAVE_DECL_POSIX_MEMALIGN 1
| #define HAVE_DECL_SLEEP 1
| #define HAVE_DECL_NANOSLEEP 1
| #define HAVE_DECL_DRAND48 1
| #define HAVE_DECL_SRAND48 1
| #define HAVE_COPYSIGN 1
| #define HAVE_MODF 1
| #define HAVE_FREXP 1
| #define HAVE_LDEXP 1
| #define HAVE_SCALBN 1
| #define HAVE_SCALBLN 1
| /* end confdefs.h.  */
| /* Define catan to an innocuous variant, in case <limits.h> declares catan.
|    For example, HP-UX 11i <limits.h> declares gettimeofday.  */
| #define catan innocuous_catan
| 
| /* System header to define __stub macros and hopefully few prototypes,
|     which can conflict with char catan (); below.
|     Prefer <limits.h> to <assert.h> if __STDC__ is defined, since
|     <limits.h> exists even on freestanding compilers.  */
| 
| #ifdef __STDC__
| # include <limits.h>
| #else
| # include <assert.h>
| #endif
| 
| #undef catan
| 
| /* Override any GCC internal prototype to avoid an error.
|    Use char because int might match the return type of a GCC
|    builtin and then its argument prototype would still apply.  */
| #ifdef __cplusplus
| extern "C"
| #endif
| char catan ();
| /* The GNU C library defines this for functions which it implements
|     to always fail with ENOSYS.  Some functions are actually named
|     something starting with __ and the normal name is an alias.  */
| #if defined __stub_catan || defined __stub___catan
| choke me
| #endif
| 
| int
| main ()
| {
| return catan ();
|   ;
|   return 0;
| }
configure:17858: result: no
configure:17858: checking for csinh
configure:17858: gcc -o conftest -O3 -fomit-frame-pointer -malign-double -fstrict-aliasing -ffast-math -march=native -std=gnu99    conftest.c  >&5
conftest.c:108: warning: conflicting types for built-in function 'csinh'
/tmp/ccbKZJ0z.o: In function `main':
conftest.c:(.text+0x7): undefined reference to `csinh'
collect2: ld returned 1 exit status
configure:17858: $? = 1
configure: failed program was:
| /* confdefs.h */
| #define PACKAGE_NAME "NFFT"
| #define PACKAGE_TARNAME "nfft"
| #define PACKAGE_VERSION "3.2.2"
| #define PACKAGE_STRING "NFFT 3.2.2"
| #define PACKAGE_BUGREPORT "bugs@nfft.org"
| #define PACKAGE_URL ""
| #define STDC_HEADERS 1
| #define HAVE_SYS_TYPES_H 1
| #define HAVE_SYS_STAT_H 1
| #define HAVE_STDLIB_H 1
| #define HAVE_STRING_H 1
| #define HAVE_MEMORY_H 1
| #define HAVE_STRINGS_H 1
| #define HAVE_INTTYPES_H 1
| #define HAVE_STDINT_H 1
| #define HAVE_UNISTD_H 1
| #define HAVE_DLFCN_H 1
| #define LT_OBJDIR ".libs/"
| #define PACKAGE "nfft"
| #define VERSION "3.2.2"
| #define KAISER_BESSEL 1
| #define restrict __restrict
| #define HAVE_LIBFFTW3 1
| #define HAVE_OPENMP 1
| #define MATLAB_ARGCHECKS 1
| #define HAVE_MATH_H 1
| #define HAVE_STDIO_H 1
| #define HAVE_STDLIB_H 1
| #define HAVE_TIME_H 1
| #define HAVE_SYS_TIME_H 1
| #define HAVE_COMPLEX_H 1
| #define HAVE_STRING_H 1
| #define HAVE_FLOAT_H 1
| #define HAVE_LIMITS_H 1
| #define HAVE_STDARG_H 1
| #define HAVE_STDDEF_H 1
| #define HAVE_SYS_TYPES_H 1
| #define HAVE_STDINT_H 1
| #define HAVE_INTTYPES_H 1
| #define HAVE_STDBOOL_H 1
| #define HAVE_MALLOC_H 1
| #define TIME_WITH_SYS_TIME 1
| #define HAVE_LONG_DOUBLE 1
| #define HAVE_UINTPTR_T 1
| #define SIZEOF_INT 4
| #define SIZEOF_UNSIGNED_INT 4
| #define SIZEOF_LONG 8
| #define SIZEOF_UNSIGNED_LONG 8
| #define SIZEOF_LONG_LONG 8
| #define SIZEOF_UNSIGNED_LONG_LONG 8
| #define SIZEOF_SIZE_T 8
| #define SIZEOF_PTRDIFF_T 8
| #define SIZEOF_FLOAT 4
| #define SIZEOF_DOUBLE 8
| #define SIZEOF_LONG_DOUBLE 16
| #define HAVE_ALLOCA_H 1
| #define HAVE_ALLOCA 1
| #define HAVE_VPRINTF 1
| #define HAVE_LIBM 1
| #define HAVE_MEMSET 1
| #define HAVE_POSIX_MEMALIGN 1
| #define HAVE_MEMALIGN 1
| #define HAVE_SYSCTL 1
| #define HAVE_ABORT 1
| #define HAVE_SNPRINTF 1
| #define HAVE_SLEEP 1
| #define HAVE_USLEEP 1
| #define HAVE_NANOSLEEP 1
| #define HAVE_DRAND48 1
| #define HAVE_SRAND48 1
| #define HAVE_DECL_MEMALIGN 0
| #define HAVE_DECL_POSIX_MEMALIGN 1
| #define HAVE_DECL_SLEEP 1
| #define HAVE_DECL_NANOSLEEP 1
| #define HAVE_DECL_DRAND48 1
| #define HAVE_DECL_SRAND48 1
| #define HAVE_COPYSIGN 1
| #define HAVE_MODF 1
| #define HAVE_FREXP 1
| #define HAVE_LDEXP 1
| #define HAVE_SCALBN 1
| #define HAVE_SCALBLN 1
| /* end confdefs.h.  */
| /* Define csinh to an innocuous variant, in case <limits.h> declares csinh.
|    For example, HP-UX 11i <limits.h> declares gettimeofday.  */
| #define csinh innocuous_csinh
| 
| /* System header to define __stub macros and hopefully few prototypes,
|     which can conflict with char csinh (); below.
|     Prefer <limits.h> to <assert.h> if __STDC__ is defined, since
|     <limits.h> exists even on freestanding compilers.  */
| 
| #ifdef __STDC__
| # include <limits.h>
| #else
| # include <assert.h>
| #endif
| 
| #undef csinh
| 
| /* Override any GCC internal prototype to avoid an error.
|    Use char because int might match the return type of a GCC
|    builtin and then its argument prototype would still apply.  */
| #ifdef __cplusplus
| extern "C"
| #endif
| char csinh ();
| /* The GNU C library defines this for functions which it implements
|     to always fail with ENOSYS.  Some functions are actually named
|     something starting with __ and the normal name is an alias.  */
| #if defined __stub_csinh || defined __stub___csinh
| choke me
| #endif
| 
| int
| main ()
| {
| return csinh ();
|   ;
|   return 0;
| }
configure:17858: result: no
configure:17858: checking for ccosh
configure:17858: gcc -o conftest -O3 -fomit-frame-pointer -malign-double -fstrict-aliasing -ffast-math -march=native -std=gnu99    conftest.c  >&5
conftest.c:108: warning: conflicting types for built-in function 'ccosh'
/tmp/ccjGfSAE.o: In function `main':
conftest.c:(.text+0x7): undefined reference to `ccosh'
collect2: ld returned 1 exit status
configure:17858: $? = 1
configure: failed program was:
| /* confdefs.h */
| #define PACKAGE_NAME "NFFT"
| #define PACKAGE_TARNAME "nfft"
| #define PACKAGE_VERSION "3.2.2"
| #define PACKAGE_STRING "NFFT 3.2.2"
| #define PACKAGE_BUGREPORT "bugs@nfft.org"
| #define PACKAGE_URL ""
| #define STDC_HEADERS 1
| #define HAVE_SYS_TYPES_H 1
| #define HAVE_SYS_STAT_H 1
| #define HAVE_STDLIB_H 1
| #define HAVE_STRING_H 1
| #define HAVE_MEMORY_H 1
| #define HAVE_STRINGS_H 1
| #define HAVE_INTTYPES_H 1
| #define HAVE_STDINT_H 1
| #define HAVE_UNISTD_H 1
| #define HAVE_DLFCN_H 1
| #define LT_OBJDIR ".libs/"
| #define PACKAGE "nfft"
| #define VERSION "3.2.2"
| #define KAISER_BESSEL 1
| #define restrict __restrict
| #define HAVE_LIBFFTW3 1
| #define HAVE_OPENMP 1
| #define MATLAB_ARGCHECKS 1
| #define HAVE_MATH_H 1
| #define HAVE_STDIO_H 1
| #define HAVE_STDLIB_H 1
| #define HAVE_TIME_H 1
| #define HAVE_SYS_TIME_H 1
| #define HAVE_COMPLEX_H 1
| #define HAVE_STRING_H 1
| #define HAVE_FLOAT_H 1
| #define HAVE_LIMITS_H 1
| #define HAVE_STDARG_H 1
| #define HAVE_STDDEF_H 1
| #define HAVE_SYS_TYPES_H 1
| #define HAVE_STDINT_H 1
| #define HAVE_INTTYPES_H 1
| #define HAVE_STDBOOL_H 1
| #define HAVE_MALLOC_H 1
| #define TIME_WITH_SYS_TIME 1
| #define HAVE_LONG_DOUBLE 1
| #define HAVE_UINTPTR_T 1
| #define SIZEOF_INT 4
| #define SIZEOF_UNSIGNED_INT 4
| #define SIZEOF_LONG 8
| #define SIZEOF_UNSIGNED_LONG 8
| #define SIZEOF_LONG_LONG 8
| #define SIZEOF_UNSIGNED_LONG_LONG 8
| #define SIZEOF_SIZE_T 8
| #define SIZEOF_PTRDIFF_T 8
| #define SIZEOF_FLOAT 4
| #define SIZEOF_DOUBLE 8
| #define SIZEOF_LONG_DOUBLE 16
| #define HAVE_ALLOCA_H 1
| #define HAVE_ALLOCA 1
| #define HAVE_VPRINTF 1
| #define HAVE_LIBM 1
| #define HAVE_MEMSET 1
| #define HAVE_POSIX_MEMALIGN 1
| #define HAVE_MEMALIGN 1
| #define HAVE_SYSCTL 1
| #define HAVE_ABORT 1
| #define HAVE_SNPRINTF 1
| #define HAVE_SLEEP 1
| #define HAVE_USLEEP 1
| #define HAVE_NANOSLEEP 1
| #define HAVE_DRAND48 1
| #define HAVE_SRAND48 1
| #define HAVE_DECL_MEMALIGN 0
| #define HAVE_DECL_POSIX_MEMALIGN 1
| #define HAVE_DECL_SLEEP 1
| #define HAVE_DECL_NANOSLEEP 1
| #define HAVE_DECL_DRAND48 1
| #define HAVE_DECL_SRAND48 1
| #define HAVE_COPYSIGN 1
| #define HAVE_MODF 1
| #define HAVE_FREXP 1
| #define HAVE_LDEXP 1
| #define HAVE_SCALBN 1
| #define HAVE_SCALBLN 1
| /* end confdefs.h.  */
| /* Define ccosh to an innocuous variant, in case <limits.h> declares ccosh.
|    For example, HP-UX 11i <limits.h> declares gettimeofday.  */
| #define ccosh innocuous_ccosh
| 
| /* System header to define __stub macros and hopefully few prototypes,
|     which can conflict with char ccosh (); below.
|     Prefer <limits.h> to <assert.h> if __STDC__ is defined, since
|     <limits.h> exists even on freestanding compilers.  */
| 
| #ifdef __STDC__
| # include <limits.h>
| #else
| # include <assert.h>
| #endif
| 
| #undef ccosh
| 
| /* Override any GCC internal prototype to avoid an error.
|    Use char because int might match the return type of a GCC
|    builtin and then its argument prototype would still apply.  */
| #ifdef __cplusplus
| extern "C"
| #endif
| char ccosh ();
| /* The GNU C library defines this for functions which it implements
|     to always fail with ENOSYS.  Some functions are actually named
|     something starting with __ and the normal name is an alias.  */
| #if defined __stub_ccosh || defined __stub___ccosh
| choke me
| #endif
| 
| int
| main ()
| {
| return ccosh ();
|   ;
|   return 0;
| }
configure:17858: result: no
configure:17858: checking for ctanh
configure:17858: gcc -o conftest -O3 -fomit-frame-pointer -malign-double -fstrict-aliasing -ffast-math -march=native -std=gnu99    conftest.c  >&5
conftest.c:108: warning: conflicting types for built-in function 'ctanh'
/tmp/cc7pWgCL.o: In function `main':
conftest.c:(.text+0x7): undefined reference to `ctanh'
collect2: ld returned 1 exit status
configure:17858: $? = 1
configure: failed program was:
| /* confdefs.h */
| #define PACKAGE_NAME "NFFT"
| #define PACKAGE_TARNAME "nfft"
| #define PACKAGE_VERSION "3.2.2"
| #define PACKAGE_STRING "NFFT 3.2.2"
| #define PACKAGE_BUGREPORT "bugs@nfft.org"
| #define PACKAGE_URL ""
| #define STDC_HEADERS 1
| #define HAVE_SYS_TYPES_H 1
| #define HAVE_SYS_STAT_H 1
| #define HAVE_STDLIB_H 1
| #define HAVE_STRING_H 1
| #define HAVE_MEMORY_H 1
| #define HAVE_STRINGS_H 1
| #define HAVE_INTTYPES_H 1
| #define HAVE_STDINT_H 1
| #define HAVE_UNISTD_H 1
| #define HAVE_DLFCN_H 1
| #define LT_OBJDIR ".libs/"
| #define PACKAGE "nfft"
| #define VERSION "3.2.2"
| #define KAISER_BESSEL 1
| #define restrict __restrict
| #define HAVE_LIBFFTW3 1
| #define HAVE_OPENMP 1
| #define MATLAB_ARGCHECKS 1
| #define HAVE_MATH_H 1
| #define HAVE_STDIO_H 1
| #define HAVE_STDLIB_H 1
| #define HAVE_TIME_H 1
| #define HAVE_SYS_TIME_H 1
| #define HAVE_COMPLEX_H 1
| #define HAVE_STRING_H 1
| #define HAVE_FLOAT_H 1
| #define HAVE_LIMITS_H 1
| #define HAVE_STDARG_H 1
| #define HAVE_STDDEF_H 1
| #define HAVE_SYS_TYPES_H 1
| #define HAVE_STDINT_H 1
| #define HAVE_INTTYPES_H 1
| #define HAVE_STDBOOL_H 1
| #define HAVE_MALLOC_H 1
| #define TIME_WITH_SYS_TIME 1
| #define HAVE_LONG_DOUBLE 1
| #define HAVE_UINTPTR_T 1
| #define SIZEOF_INT 4
| #define SIZEOF_UNSIGNED_INT 4
| #define SIZEOF_LONG 8
| #define SIZEOF_UNSIGNED_LONG 8
| #define SIZEOF_LONG_LONG 8
| #define SIZEOF_UNSIGNED_LONG_LONG 8
| #define SIZEOF_SIZE_T 8
| #define SIZEOF_PTRDIFF_T 8
| #define SIZEOF_FLOAT 4
| #define SIZEOF_DOUBLE 8
| #define SIZEOF_LONG_DOUBLE 16
| #define HAVE_ALLOCA_H 1
| #define HAVE_ALLOCA 1
| #define HAVE_VPRINTF 1
| #define HAVE_LIBM 1
| #define HAVE_MEMSET 1
| #define HAVE_POSIX_MEMALIGN 1
| #define HAVE_MEMALIGN 1
| #define HAVE_SYSCTL 1
| #define HAVE_ABORT 1
| #define HAVE_SNPRINTF 1
| #define HAVE_SLEEP 1
| #define HAVE_USLEEP 1
| #define HAVE_NANOSLEEP 1
| #define HAVE_DRAND48 1
| #define HAVE_SRAND48 1
| #define HAVE_DECL_MEMALIGN 0
| #define HAVE_DECL_POSIX_MEMALIGN 1
| #define HAVE_DECL_SLEEP 1
| #define HAVE_DECL_NANOSLEEP 1
| #define HAVE_DECL_DRAND48 1
| #define HAVE_DECL_SRAND48 1
| #define HAVE_COPYSIGN 1
| #define HAVE_MODF 1
| #define HAVE_FREXP 1
| #define HAVE_LDEXP 1
| #define HAVE_SCALBN 1
| #define HAVE_SCALBLN 1
| /* end confdefs.h.  */
| /* Define ctanh to an innocuous variant, in case <limits.h> declares ctanh.
|    For example, HP-UX 11i <limits.h> declares gettimeofday.  */
| #define ctanh innocuous_ctanh
| 
| /* System header to define __stub macros and hopefully few prototypes,
|     which can conflict with char ctanh (); below.
|     Prefer <limits.h> to <assert.h> if __STDC__ is defined, since
|     <limits.h> exists even on freestanding compilers.  */
| 
| #ifdef __STDC__
| # include <limits.h>
| #else
| # include <assert.h>
| #endif
| 
| #undef ctanh
| 
| /* Override any GCC internal prototype to avoid an error.
|    Use char because int might match the return type of a GCC
|    builtin and then its argument prototype would still apply.  */
| #ifdef __cplusplus
| extern "C"
| #endif
| char ctanh ();
| /* The GNU C library defines this for functions which it implements
|     to always fail with ENOSYS.  Some functions are actually named
|     something starting with __ and the normal name is an alias.  */
| #if defined __stub_ctanh || defined __stub___ctanh
| choke me
| #endif
| 
| int
| main ()
| {
| return ctanh ();
|   ;
|   return 0;
| }
configure:17858: result: no
configure:17858: checking for casinh
configure:17858: gcc -o conftest -O3 -fomit-frame-pointer -malign-double -fstrict-aliasing -ffast-math -march=native -std=gnu99    conftest.c  >&5
conftest.c:108: warning: conflicting types for built-in function 'casinh'
/tmp/ccDO0sZP.o: In function `main':
conftest.c:(.text+0x7): undefined reference to `casinh'
collect2: ld returned 1 exit status
configure:17858: $? = 1
configure: failed program was:
| /* confdefs.h */
| #define PACKAGE_NAME "NFFT"
| #define PACKAGE_TARNAME "nfft"
| #define PACKAGE_VERSION "3.2.2"
| #define PACKAGE_STRING "NFFT 3.2.2"
| #define PACKAGE_BUGREPORT "bugs@nfft.org"
| #define PACKAGE_URL ""
| #define STDC_HEADERS 1
| #define HAVE_SYS_TYPES_H 1
| #define HAVE_SYS_STAT_H 1
| #define HAVE_STDLIB_H 1
| #define HAVE_STRING_H 1
| #define HAVE_MEMORY_H 1
| #define HAVE_STRINGS_H 1
| #define HAVE_INTTYPES_H 1
| #define HAVE_STDINT_H 1
| #define HAVE_UNISTD_H 1
| #define HAVE_DLFCN_H 1
| #define LT_OBJDIR ".libs/"
| #define PACKAGE "nfft"
| #define VERSION "3.2.2"
| #define KAISER_BESSEL 1
| #define restrict __restrict
| #define HAVE_LIBFFTW3 1
| #define HAVE_OPENMP 1
| #define MATLAB_ARGCHECKS 1
| #define HAVE_MATH_H 1
| #define HAVE_STDIO_H 1
| #define HAVE_STDLIB_H 1
| #define HAVE_TIME_H 1
| #define HAVE_SYS_TIME_H 1
| #define HAVE_COMPLEX_H 1
| #define HAVE_STRING_H 1
| #define HAVE_FLOAT_H 1
| #define HAVE_LIMITS_H 1
| #define HAVE_STDARG_H 1
| #define HAVE_STDDEF_H 1
| #define HAVE_SYS_TYPES_H 1
| #define HAVE_STDINT_H 1
| #define HAVE_INTTYPES_H 1
| #define HAVE_STDBOOL_H 1
| #define HAVE_MALLOC_H 1
| #define TIME_WITH_SYS_TIME 1
| #define HAVE_LONG_DOUBLE 1
| #define HAVE_UINTPTR_T 1
| #define SIZEOF_INT 4
| #define SIZEOF_UNSIGNED_INT 4
| #define SIZEOF_LONG 8
| #define SIZEOF_UNSIGNED_LONG 8
| #define SIZEOF_LONG_LONG 8
| #define SIZEOF_UNSIGNED_LONG_LONG 8
| #define SIZEOF_SIZE_T 8
| #define SIZEOF_PTRDIFF_T 8
| #define SIZEOF_FLOAT 4
| #define SIZEOF_DOUBLE 8
| #define SIZEOF_LONG_DOUBLE 16
| #define HAVE_ALLOCA_H 1
| #define HAVE_ALLOCA 1
| #define HAVE_VPRINTF 1
| #define HAVE_LIBM 1
| #define HAVE_MEMSET 1
| #define HAVE_POSIX_MEMALIGN 1
| #define HAVE_MEMALIGN 1
| #define HAVE_SYSCTL 1
| #define HAVE_ABORT 1
| #define HAVE_SNPRINTF 1
| #define HAVE_SLEEP 1
| #define HAVE_USLEEP 1
| #define HAVE_NANOSLEEP 1
| #define HAVE_DRAND48 1
| #define HAVE_SRAND48 1
| #define HAVE_DECL_MEMALIGN 0
| #define HAVE_DECL_POSIX_MEMALIGN 1
| #define HAVE_DECL_SLEEP 1
| #define HAVE_DECL_NANOSLEEP 1
| #define HAVE_DECL_DRAND48 1
| #define HAVE_DECL_SRAND48 1
| #define HAVE_COPYSIGN 1
| #define HAVE_MODF 1
| #define HAVE_FREXP 1
| #define HAVE_LDEXP 1
| #define HAVE_SCALBN 1
| #define HAVE_SCALBLN 1
| /* end confdefs.h.  */
| /* Define casinh to an innocuous variant, in case <limits.h> declares casinh.
|    For example, HP-UX 11i <limits.h> declares gettimeofday.  */
| #define casinh innocuous_casinh
| 
| /* System header to define __stub macros and hopefully few prototypes,
|     which can conflict with char casinh (); below.
|     Prefer <limits.h> to <assert.h> if __STDC__ is defined, since
|     <limits.h> exists even on freestanding compilers.  */
| 
| #ifdef __STDC__
| # include <limits.h>
| #else
| # include <assert.h>
| #endif
| 
| #undef casinh
| 
| /* Override any GCC internal prototype to avoid an error.
|    Use char because int might match the return type of a GCC
|    builtin and then its argument prototype would still apply.  */
| #ifdef __cplusplus
| extern "C"
| #endif
| char casinh ();
| /* The GNU C library defines this for functions which it implements
|     to always fail with ENOSYS.  Some functions are actually named
|     something starting with __ and the normal name is an alias.  */
| #if defined __stub_casinh || defined __stub___casinh
| choke me
| #endif
| 
| int
| main ()
| {
| return casinh ();
|   ;
|   return 0;
| }
configure:17858: result: no
configure:17858: checking for cacosh
configure:17858: gcc -o conftest -O3 -fomit-frame-pointer -malign-double -fstrict-aliasing -ffast-math -march=native -std=gnu99    conftest.c  >&5
conftest.c:108: warning: conflicting types for built-in function 'cacosh'
/tmp/ccvQBOBR.o: In function `main':
conftest.c:(.text+0x7): undefined reference to `cacosh'
collect2: ld returned 1 exit status
configure:17858: $? = 1
configure: failed program was:
| /* confdefs.h */
| #define PACKAGE_NAME "NFFT"
| #define PACKAGE_TARNAME "nfft"
| #define PACKAGE_VERSION "3.2.2"
| #define PACKAGE_STRING "NFFT 3.2.2"
| #define PACKAGE_BUGREPORT "bugs@nfft.org"
| #define PACKAGE_URL ""
| #define STDC_HEADERS 1
| #define HAVE_SYS_TYPES_H 1
| #define HAVE_SYS_STAT_H 1
| #define HAVE_STDLIB_H 1
| #define HAVE_STRING_H 1
| #define HAVE_MEMORY_H 1
| #define HAVE_STRINGS_H 1
| #define HAVE_INTTYPES_H 1
| #define HAVE_STDINT_H 1
| #define HAVE_UNISTD_H 1
| #define HAVE_DLFCN_H 1
| #define LT_OBJDIR ".libs/"
| #define PACKAGE "nfft"
| #define VERSION "3.2.2"
| #define KAISER_BESSEL 1
| #define restrict __restrict
| #define HAVE_LIBFFTW3 1
| #define HAVE_OPENMP 1
| #define MATLAB_ARGCHECKS 1
| #define HAVE_MATH_H 1
| #define HAVE_STDIO_H 1
| #define HAVE_STDLIB_H 1
| #define HAVE_TIME_H 1
| #define HAVE_SYS_TIME_H 1
| #define HAVE_COMPLEX_H 1
| #define HAVE_STRING_H 1
| #define HAVE_FLOAT_H 1
| #define HAVE_LIMITS_H 1
| #define HAVE_STDARG_H 1
| #define HAVE_STDDEF_H 1
| #define HAVE_SYS_TYPES_H 1
| #define HAVE_STDINT_H 1
| #define HAVE_INTTYPES_H 1
| #define HAVE_STDBOOL_H 1
| #define HAVE_MALLOC_H 1
| #define TIME_WITH_SYS_TIME 1
| #define HAVE_LONG_DOUBLE 1
| #define HAVE_UINTPTR_T 1
| #define SIZEOF_INT 4
| #define SIZEOF_UNSIGNED_INT 4
| #define SIZEOF_LONG 8
| #define SIZEOF_UNSIGNED_LONG 8
| #define SIZEOF_LONG_LONG 8
| #define SIZEOF_UNSIGNED_LONG_LONG 8
| #define SIZEOF_SIZE_T 8
| #define SIZEOF_PTRDIFF_T 8
| #define SIZEOF_FLOAT 4
| #define SIZEOF_DOUBLE 8
| #define SIZEOF_LONG_DOUBLE 16
| #define HAVE_ALLOCA_H 1
| #define HAVE_ALLOCA 1
| #define HAVE_VPRINTF 1
| #define HAVE_LIBM 1
| #define HAVE_MEMSET 1
| #define HAVE_POSIX_MEMALIGN 1
| #define HAVE_MEMALIGN 1
| #define HAVE_SYSCTL 1
| #define HAVE_ABORT 1
| #define HAVE_SNPRINTF 1
| #define HAVE_SLEEP 1
| #define HAVE_USLEEP 1
| #define HAVE_NANOSLEEP 1
| #define HAVE_DRAND48 1
| #define HAVE_SRAND48 1
| #define HAVE_DECL_MEMALIGN 0
| #define HAVE_DECL_POSIX_MEMALIGN 1
| #define HAVE_DECL_SLEEP 1
| #define HAVE_DECL_NANOSLEEP 1
| #define HAVE_DECL_DRAND48 1
| #define HAVE_DECL_SRAND48 1
| #define HAVE_COPYSIGN 1
| #define HAVE_MODF 1
| #define HAVE_FREXP 1
| #define HAVE_LDEXP 1
| #define HAVE_SCALBN 1
| #define HAVE_SCALBLN 1
| /* end confdefs.h.  */
| /* Define cacosh to an innocuous variant, in case <limits.h> declares cacosh.
|    For example, HP-UX 11i <limits.h> declares gettimeofday.  */
| #define cacosh innocuous_cacosh
| 
| /* System header to define __stub macros and hopefully few prototypes,
|     which can conflict with char cacosh (); below.
|     Prefer <limits.h> to <assert.h> if __STDC__ is defined, since
|     <limits.h> exists even on freestanding compilers.  */
| 
| #ifdef __STDC__
| # include <limits.h>
| #else
| # include <assert.h>
| #endif
| 
| #undef cacosh
| 
| /* Override any GCC internal prototype to avoid an error.
|    Use char because int might match the return type of a GCC
|    builtin and then its argument prototype would still apply.  */
| #ifdef __cplusplus
| extern "C"
| #endif
| char cacosh ();
| /* The GNU C library defines this for functions which it implements
|     to always fail with ENOSYS.  Some functions are actually named
|     something starting with __ and the normal name is an alias.  */
| #if defined __stub_cacosh || defined __stub___cacosh
| choke me
| #endif
| 
| int
| main ()
| {
| return cacosh ();
|   ;
|   return 0;
| }
configure:17858: result: no
configure:17858: checking for catanh
configure:17858: gcc -o conftest -O3 -fomit-frame-pointer -malign-double -fstrict-aliasing -ffast-math -march=native -std=gnu99    conftest.c  >&5
conftest.c:108: warning: conflicting types for built-in function 'catanh'
/tmp/cclb5ASX.o: In function `main':
conftest.c:(.text+0x7): undefined reference to `catanh'
collect2: ld returned 1 exit status
configure:17858: $? = 1
configure: failed program was:
| /* confdefs.h */
| #define PACKAGE_NAME "NFFT"
| #define PACKAGE_TARNAME "nfft"
| #define PACKAGE_VERSION "3.2.2"
| #define PACKAGE_STRING "NFFT 3.2.2"
| #define PACKAGE_BUGREPORT "bugs@nfft.org"
| #define PACKAGE_URL ""
| #define STDC_HEADERS 1
| #define HAVE_SYS_TYPES_H 1
| #define HAVE_SYS_STAT_H 1
| #define HAVE_STDLIB_H 1
| #define HAVE_STRING_H 1
| #define HAVE_MEMORY_H 1
| #define HAVE_STRINGS_H 1
| #define HAVE_INTTYPES_H 1
| #define HAVE_STDINT_H 1
| #define HAVE_UNISTD_H 1
| #define HAVE_DLFCN_H 1
| #define LT_OBJDIR ".libs/"
| #define PACKAGE "nfft"
| #define VERSION "3.2.2"
| #define KAISER_BESSEL 1
| #define restrict __restrict
| #define HAVE_LIBFFTW3 1
| #define HAVE_OPENMP 1
| #define MATLAB_ARGCHECKS 1
| #define HAVE_MATH_H 1
| #define HAVE_STDIO_H 1
| #define HAVE_STDLIB_H 1
| #define HAVE_TIME_H 1
| #define HAVE_SYS_TIME_H 1
| #define HAVE_COMPLEX_H 1
| #define HAVE_STRING_H 1
| #define HAVE_FLOAT_H 1
| #define HAVE_LIMITS_H 1
| #define HAVE_STDARG_H 1
| #define HAVE_STDDEF_H 1
| #define HAVE_SYS_TYPES_H 1
| #define HAVE_STDINT_H 1
| #define HAVE_INTTYPES_H 1
| #define HAVE_STDBOOL_H 1
| #define HAVE_MALLOC_H 1
| #define TIME_WITH_SYS_TIME 1
| #define HAVE_LONG_DOUBLE 1
| #define HAVE_UINTPTR_T 1
| #define SIZEOF_INT 4
| #define SIZEOF_UNSIGNED_INT 4
| #define SIZEOF_LONG 8
| #define SIZEOF_UNSIGNED_LONG 8
| #define SIZEOF_LONG_LONG 8
| #define SIZEOF_UNSIGNED_LONG_LONG 8
| #define SIZEOF_SIZE_T 8
| #define SIZEOF_PTRDIFF_T 8
| #define SIZEOF_FLOAT 4
| #define SIZEOF_DOUBLE 8
| #define SIZEOF_LONG_DOUBLE 16
| #define HAVE_ALLOCA_H 1
| #define HAVE_ALLOCA 1
| #define HAVE_VPRINTF 1
| #define HAVE_LIBM 1
| #define HAVE_MEMSET 1
| #define HAVE_POSIX_MEMALIGN 1
| #define HAVE_MEMALIGN 1
| #define HAVE_SYSCTL 1
| #define HAVE_ABORT 1
| #define HAVE_SNPRINTF 1
| #define HAVE_SLEEP 1
| #define HAVE_USLEEP 1
| #define HAVE_NANOSLEEP 1
| #define HAVE_DRAND48 1
| #define HAVE_SRAND48 1
| #define HAVE_DECL_MEMALIGN 0
| #define HAVE_DECL_POSIX_MEMALIGN 1
| #define HAVE_DECL_SLEEP 1
| #define HAVE_DECL_NANOSLEEP 1
| #define HAVE_DECL_DRAND48 1
| #define HAVE_DECL_SRAND48 1
| #define HAVE_COPYSIGN 1
| #define HAVE_MODF 1
| #define HAVE_FREXP 1
| #define HAVE_LDEXP 1
| #define HAVE_SCALBN 1
| #define HAVE_SCALBLN 1
| /* end confdefs.h.  */
| /* Define catanh to an innocuous variant, in case <limits.h> declares catanh.
|    For example, HP-UX 11i <limits.h> declares gettimeofday.  */
| #define catanh innocuous_catanh
| 
| /* System header to define __stub macros and hopefully few prototypes,
|     which can conflict with char catanh (); below.
|     Prefer <limits.h> to <assert.h> if __STDC__ is defined, since
|     <limits.h> exists even on freestanding compilers.  */
| 
| #ifdef __STDC__
| # include <limits.h>
| #else
| # include <assert.h>
| #endif
| 
| #undef catanh
| 
| /* Override any GCC internal prototype to avoid an error.
|    Use char because int might match the return type of a GCC
|    builtin and then its argument prototype would still apply.  */
| #ifdef __cplusplus
| extern "C"
| #endif
| char catanh ();
| /* The GNU C library defines this for functions which it implements
|     to always fail with ENOSYS.  Some functions are actually named
|     something starting with __ and the normal name is an alias.  */
| #if defined __stub_catanh || defined __stub___catanh
| choke me
| #endif
| 
| int
| main ()
| {
| return catanh ();
|   ;
|   return 0;
| }
configure:17858: result: no
configure:17867: checking whether copysign is declared
configure:17867: gcc -c -O3 -fomit-frame-pointer -malign-double -fstrict-aliasing -ffast-math -march=native -std=gnu99   conftest.c >&5
configure:17867: $? = 0
configure:17867: result: yes
configure:17879: checking whether nextafter is declared
configure:17879: gcc -c -O3 -fomit-frame-pointer -malign-double -fstrict-aliasing -ffast-math -march=native -std=gnu99   conftest.c >&5
configure:17879: $? = 0
configure:17879: result: yes
configure:17891: checking whether nan is declared
configure:17891: gcc -c -O3 -fomit-frame-pointer -malign-double -fstrict-aliasing -ffast-math -march=native -std=gnu99   conftest.c >&5
configure:17891: $? = 0
configure:17891: result: yes
configure:17903: checking whether ceil is declared
configure:17903: gcc -c -O3 -fomit-frame-pointer -malign-double -fstrict-aliasing -ffast-math -march=native -std=gnu99   conftest.c >&5
configure:17903: $? = 0
configure:17903: result: yes
configure:17915: checking whether floor is declared
configure:17915: gcc -c -O3 -fomit-frame-pointer -malign-double -fstrict-aliasing -ffast-math -march=native -std=gnu99   conftest.c >&5
configure:17915: $? = 0
configure:17915: result: yes
configure:17927: checking whether nearbyint is declared
configure:17927: gcc -c -O3 -fomit-frame-pointer -malign-double -fstrict-aliasing -ffast-math -march=native -std=gnu99   conftest.c >&5
configure:17927: $? = 0
configure:17927: result: yes
configure:17939: checking whether rint is declared
configure:17939: gcc -c -O3 -fomit-frame-pointer -malign-double -fstrict-aliasing -ffast-math -march=native -std=gnu99   conftest.c >&5
configure:17939: $? = 0
configure:17939: result: yes
configure:17951: checking whether round is declared
configure:17951: gcc -c -O3 -fomit-frame-pointer -malign-double -fstrict-aliasing -ffast-math -march=native -std=gnu99   conftest.c >&5
configure:17951: $? = 0
configure:17951: result: yes
configure:17963: checking whether lrint is declared
configure:17963: gcc -c -O3 -fomit-frame-pointer -malign-double -fstrict-aliasing -ffast-math -march=native -std=gnu99   conftest.c >&5
configure:17963: $? = 0
configure:17963: result: yes
configure:17975: checking whether lround is declared
configure:17975: gcc -c -O3 -fomit-frame-pointer -malign-double -fstrict-aliasing -ffast-math -march=native -std=gnu99   conftest.c >&5
configure:17975: $? = 0
configure:17975: result: yes
configure:17987: checking whether llrint is declared
configure:17987: gcc -c -O3 -fomit-frame-pointer -malign-double -fstrict-aliasing -ffast-math -march=native -std=gnu99   conftest.c >&5
configure:17987: $? = 0
configure:17987: result: yes
configure:17999: checking whether llround is declared
configure:17999: gcc -c -O3 -fomit-frame-pointer -malign-double -fstrict-aliasing -ffast-math -march=native -std=gnu99   conftest.c >&5
configure:17999: $? = 0
configure:17999: result: yes
configure:18011: checking whether trunc is declared
configure:18011: gcc -c -O3 -fomit-frame-pointer -malign-double -fstrict-aliasing -ffast-math -march=native -std=gnu99   conftest.c >&5
configure:18011: $? = 0
configure:18011: result: yes
configure:18023: checking whether fmod is declared
configure:18023: gcc -c -O3 -fomit-frame-pointer -malign-double -fstrict-aliasing -ffast-math -march=native -std=gnu99   conftest.c >&5
configure:18023: $? = 0
configure:18023: result: yes
configure:18035: checking whether remainder is declared
configure:18035: gcc -c -O3 -fomit-frame-pointer -malign-double -fstrict-aliasing -ffast-math -march=native -std=gnu99   conftest.c >&5
configure:18035: $? = 0
configure:18035: result: yes
configure:18047: checking whether remquo is declared
configure:18047: gcc -c -O3 -fomit-frame-pointer -malign-double -fstrict-aliasing -ffast-math -march=native -std=gnu99   conftest.c >&5
configure:18047: $? = 0
configure:18047: result: yes
configure:18059: checking whether fdim is declared
configure:18059: gcc -c -O3 -fomit-frame-pointer -malign-double -fstrict-aliasing -ffast-math -march=native -std=gnu99   conftest.c >&5
configure:18059: $? = 0
configure:18059: result: yes
configure:18071: checking whether fmax is declared
configure:18071: gcc -c -O3 -fomit-frame-pointer -malign-double -fstrict-aliasing -ffast-math -march=native -std=gnu99   conftest.c >&5
configure:18071: $? = 0
configure:18071: result: yes
configure:18083: checking whether fmin is declared
configure:18083: gcc -c -O3 -fomit-frame-pointer -malign-double -fstrict-aliasing -ffast-math -march=native -std=gnu99   conftest.c >&5
configure:18083: $? = 0
configure:18083: result: yes
configure:18095: checking whether fma is declared
configure:18095: gcc -c -O3 -fomit-frame-pointer -malign-double -fstrict-aliasing -ffast-math -march=native -std=gnu99   conftest.c >&5
configure:18095: $? = 0
configure:18095: result: yes
configure:18107: checking whether fabs is declared
configure:18107: gcc -c -O3 -fomit-frame-pointer -malign-double -fstrict-aliasing -ffast-math -march=native -std=gnu99   conftest.c >&5
configure:18107: $? = 0
configure:18107: result: yes
configure:18119: checking whether sqrt is declared
configure:18119: gcc -c -O3 -fomit-frame-pointer -malign-double -fstrict-aliasing -ffast-math -march=native -std=gnu99   conftest.c >&5
configure:18119: $? = 0
configure:18119: result: yes
configure:18131: checking whether cbrt is declared
configure:18131: gcc -c -O3 -fomit-frame-pointer -malign-double -fstrict-aliasing -ffast-math -march=native -std=gnu99   conftest.c >&5
configure:18131: $? = 0
configure:18131: result: yes
configure:18143: checking whether hypot is declared
configure:18143: gcc -c -O3 -fomit-frame-pointer -malign-double -fstrict-aliasing -ffast-math -march=native -std=gnu99   conftest.c >&5
configure:18143: $? = 0
configure:18143: result: yes
configure:18155: checking whether exp is declared
configure:18155: gcc -c -O3 -fomit-frame-pointer -malign-double -fstrict-aliasing -ffast-math -march=native -std=gnu99   conftest.c >&5
configure:18155: $? = 0
configure:18155: result: yes
configure:18167: checking whether exp2 is declared
configure:18167: gcc -c -O3 -fomit-frame-pointer -malign-double -fstrict-aliasing -ffast-math -march=native -std=gnu99   conftest.c >&5
configure:18167: $? = 0
configure:18167: result: yes
configure:18179: checking whether expm1 is declared
configure:18179: gcc -c -O3 -fomit-frame-pointer -malign-double -fstrict-aliasing -ffast-math -march=native -std=gnu99   conftest.c >&5
configure:18179: $? = 0
configure:18179: result: yes
configure:18191: checking whether log is declared
configure:18191: gcc -c -O3 -fomit-frame-pointer -malign-double -fstrict-aliasing -ffast-math -march=native -std=gnu99   conftest.c >&5
configure:18191: $? = 0
configure:18191: result: yes
configure:18203: checking whether log2 is declared
configure:18203: gcc -c -O3 -fomit-frame-pointer -malign-double -fstrict-aliasing -ffast-math -march=native -std=gnu99   conftest.c >&5
configure:18203: $? = 0
configure:18203: result: yes
configure:18215: checking whether log10 is declared
configure:18215: gcc -c -O3 -fomit-frame-pointer -malign-double -fstrict-aliasing -ffast-math -march=native -std=gnu99   conftest.c >&5
configure:18215: $? = 0
configure:18215: result: yes
configure:18227: checking whether log1p is declared
configure:18227: gcc -c -O3 -fomit-frame-pointer -malign-double -fstrict-aliasing -ffast-math -march=native -std=gnu99   conftest.c >&5
configure:18227: $? = 0
configure:18227: result: yes
configure:18239: checking whether logb is declared
configure:18239: gcc -c -O3 -fomit-frame-pointer -malign-double -fstrict-aliasing -ffast-math -march=native -std=gnu99   conftest.c >&5
configure:18239: $? = 0
configure:18239: result: yes
configure:18251: checking whether ilogb is declared
configure:18251: gcc -c -O3 -fomit-frame-pointer -malign-double -fstrict-aliasing -ffast-math -march=native -std=gnu99   conftest.c >&5
configure:18251: $? = 0
configure:18251: result: yes
configure:18263: checking whether modf is declared
configure:18263: gcc -c -O3 -fomit-frame-pointer -malign-double -fstrict-aliasing -ffast-math -march=native -std=gnu99   conftest.c >&5
configure:18263: $? = 0
configure:18263: result: yes
configure:18275: checking whether frexp is declared
configure:18275: gcc -c -O3 -fomit-frame-pointer -malign-double -fstrict-aliasing -ffast-math -march=native -std=gnu99   conftest.c >&5
configure:18275: $? = 0
configure:18275: result: yes
configure:18287: checking whether ldexp is declared
configure:18287: gcc -c -O3 -fomit-frame-pointer -malign-double -fstrict-aliasing -ffast-math -march=native -std=gnu99   conftest.c >&5
configure:18287: $? = 0
configure:18287: result: yes
configure:18299: checking whether scalbn is declared
configure:18299: gcc -c -O3 -fomit-frame-pointer -malign-double -fstrict-aliasing -ffast-math -march=native -std=gnu99   conftest.c >&5
configure:18299: $? = 0
configure:18299: result: yes
configure:18311: checking whether scalbln is declared
configure:18311: gcc -c -O3 -fomit-frame-pointer -malign-double -fstrict-aliasing -ffast-math -march=native -std=gnu99   conftest.c >&5
configure:18311: $? = 0
configure:18311: result: yes
configure:18323: checking whether pow is declared
configure:18323: gcc -c -O3 -fomit-frame-pointer -malign-double -fstrict-aliasing -ffast-math -march=native -std=gnu99   conftest.c >&5
configure:18323: $? = 0
configure:18323: result: yes
configure:18335: checking whether cos is declared
configure:18335: gcc -c -O3 -fomit-frame-pointer -malign-double -fstrict-aliasing -ffast-math -march=native -std=gnu99   conftest.c >&5
configure:18335: $? = 0
configure:18335: result: yes
configure:18347: checking whether sin is declared
configure:18347: gcc -c -O3 -fomit-frame-pointer -malign-double -fstrict-aliasing -ffast-math -march=native -std=gnu99   conftest.c >&5
configure:18347: $? = 0
configure:18347: result: yes
configure:18359: checking whether tan is declared
configure:18359: gcc -c -O3 -fomit-frame-pointer -malign-double -fstrict-aliasing -ffast-math -march=native -std=gnu99   conftest.c >&5
configure:18359: $? = 0
configure:18359: result: yes
configure:18371: checking whether cosh is declared
configure:18371: gcc -c -O3 -fomit-frame-pointer -malign-double -fstrict-aliasing -ffast-math -march=native -std=gnu99   conftest.c >&5
configure:18371: $? = 0
configure:18371: result: yes
configure:18383: checking whether sinh is declared
configure:18383: gcc -c -O3 -fomit-frame-pointer -malign-double -fstrict-aliasing -ffast-math -march=native -std=gnu99   conftest.c >&5
configure:18383: $? = 0
configure:18383: result: yes
configure:18395: checking whether tanh is declared
configure:18395: gcc -c -O3 -fomit-frame-pointer -malign-double -fstrict-aliasing -ffast-math -march=native -std=gnu99   conftest.c >&5
configure:18395: $? = 0
configure:18395: result: yes
configure:18407: checking whether acos is declared
configure:18407: gcc -c -O3 -fomit-frame-pointer -malign-double -fstrict-aliasing -ffast-math -march=native -std=gnu99   conftest.c >&5
configure:18407: $? = 0
configure:18407: result: yes
configure:18419: checking whether asin is declared
configure:18419: gcc -c -O3 -fomit-frame-pointer -malign-double -fstrict-aliasing -ffast-math -march=native -std=gnu99   conftest.c >&5
configure:18419: $? = 0
configure:18419: result: yes
configure:18431: checking whether atan is declared
configure:18431: gcc -c -O3 -fomit-frame-pointer -malign-double -fstrict-aliasing -ffast-math -march=native -std=gnu99   conftest.c >&5
configure:18431: $? = 0
configure:18431: result: yes
configure:18443: checking whether atan2 is declared
configure:18443: gcc -c -O3 -fomit-frame-pointer -malign-double -fstrict-aliasing -ffast-math -march=native -std=gnu99   conftest.c >&5
configure:18443: $? = 0
configure:18443: result: yes
configure:18455: checking whether acosh is declared
configure:18455: gcc -c -O3 -fomit-frame-pointer -malign-double -fstrict-aliasing -ffast-math -march=native -std=gnu99   conftest.c >&5
configure:18455: $? = 0
configure:18455: result: yes
configure:18467: checking whether asinh is declared
configure:18467: gcc -c -O3 -fomit-frame-pointer -malign-double -fstrict-aliasing -ffast-math -march=native -std=gnu99   conftest.c >&5
configure:18467: $? = 0
configure:18467: result: yes
configure:18479: checking whether atanh is declared
configure:18479: gcc -c -O3 -fomit-frame-pointer -malign-double -fstrict-aliasing -ffast-math -march=native -std=gnu99   conftest.c >&5
configure:18479: $? = 0
configure:18479: result: yes
configure:18491: checking whether tgamma is declared
configure:18491: gcc -c -O3 -fomit-frame-pointer -malign-double -fstrict-aliasing -ffast-math -march=native -std=gnu99   conftest.c >&5
configure:18491: $? = 0
configure:18491: result: yes
configure:18503: checking whether lgamma is declared
configure:18503: gcc -c -O3 -fomit-frame-pointer -malign-double -fstrict-aliasing -ffast-math -march=native -std=gnu99   conftest.c >&5
configure:18503: $? = 0
configure:18503: result: yes
configure:18515: checking whether j0 is declared
configure:18515: gcc -c -O3 -fomit-frame-pointer -malign-double -fstrict-aliasing -ffast-math -march=native -std=gnu99   conftest.c >&5
configure:18515: $? = 0
configure:18515: result: yes
configure:18527: checking whether j1 is declared
configure:18527: gcc -c -O3 -fomit-frame-pointer -malign-double -fstrict-aliasing -ffast-math -march=native -std=gnu99   conftest.c >&5
configure:18527: $? = 0
configure:18527: result: yes
configure:18539: checking whether jn is declared
configure:18539: gcc -c -O3 -fomit-frame-pointer -malign-double -fstrict-aliasing -ffast-math -march=native -std=gnu99   conftest.c >&5
configure:18539: $? = 0
configure:18539: result: yes
configure:18551: checking whether y0 is declared
configure:18551: gcc -c -O3 -fomit-frame-pointer -malign-double -fstrict-aliasing -ffast-math -march=native -std=gnu99   conftest.c >&5
configure:18551: $? = 0
configure:18551: result: yes
configure:18563: checking whether y1 is declared
configure:18563: gcc -c -O3 -fomit-frame-pointer -malign-double -fstrict-aliasing -ffast-math -march=native -std=gnu99   conftest.c >&5
configure:18563: $? = 0
configure:18563: result: yes
configure:18575: checking whether yn is declared
configure:18575: gcc -c -O3 -fomit-frame-pointer -malign-double -fstrict-aliasing -ffast-math -march=native -std=gnu99   conftest.c >&5
configure:18575: $? = 0
configure:18575: result: yes
configure:18587: checking whether erf is declared
configure:18587: gcc -c -O3 -fomit-frame-pointer -malign-double -fstrict-aliasing -ffast-math -march=native -std=gnu99   conftest.c >&5
configure:18587: $? = 0
configure:18587: result: yes
configure:18599: checking whether erfc is declared
configure:18599: gcc -c -O3 -fomit-frame-pointer -malign-double -fstrict-aliasing -ffast-math -march=native -std=gnu99   conftest.c >&5
configure:18599: $? = 0
configure:18599: result: yes
configure:18611: checking whether creal is declared
configure:18611: gcc -c -O3 -fomit-frame-pointer -malign-double -fstrict-aliasing -ffast-math -march=native -std=gnu99   conftest.c >&5
configure:18611: $? = 0
configure:18611: result: yes
configure:18623: checking whether cimag is declared
configure:18623: gcc -c -O3 -fomit-frame-pointer -malign-double -fstrict-aliasing -ffast-math -march=native -std=gnu99   conftest.c >&5
configure:18623: $? = 0
configure:18623: result: yes
configure:18635: checking whether cabs is declared
configure:18635: gcc -c -O3 -fomit-frame-pointer -malign-double -fstrict-aliasing -ffast-math -march=native -std=gnu99   conftest.c >&5
configure:18635: $? = 0
configure:18635: result: yes
configure:18647: checking whether carg is declared
configure:18647: gcc -c -O3 -fomit-frame-pointer -malign-double -fstrict-aliasing -ffast-math -march=native -std=gnu99   conftest.c >&5
configure:18647: $? = 0
configure:18647: result: yes
configure:18659: checking whether conj is declared
configure:18659: gcc -c -O3 -fomit-frame-pointer -malign-double -fstrict-aliasing -ffast-math -march=native -std=gnu99   conftest.c >&5
configure:18659: $? = 0
configure:18659: result: yes
configure:18671: checking whether cproj is declared
configure:18671: gcc -c -O3 -fomit-frame-pointer -malign-double -fstrict-aliasing -ffast-math -march=native -std=gnu99   conftest.c >&5
configure:18671: $? = 0
configure:18671: result: yes
configure:18683: checking whether csqrt is declared
configure:18683: gcc -c -O3 -fomit-frame-pointer -malign-double -fstrict-aliasing -ffast-math -march=native -std=gnu99   conftest.c >&5
configure:18683: $? = 0
configure:18683: result: yes
configure:18695: checking whether cexp is declared
configure:18695: gcc -c -O3 -fomit-frame-pointer -malign-double -fstrict-aliasing -ffast-math -march=native -std=gnu99   conftest.c >&5
configure:18695: $? = 0
configure:18695: result: yes
configure:18707: checking whether clog is declared
configure:18707: gcc -c -O3 -fomit-frame-pointer -malign-double -fstrict-aliasing -ffast-math -march=native -std=gnu99   conftest.c >&5
configure:18707: $? = 0
configure:18707: result: yes
configure:18719: checking whether cpow is declared
configure:18719: gcc -c -O3 -fomit-frame-pointer -malign-double -fstrict-aliasing -ffast-math -march=native -std=gnu99   conftest.c >&5
configure:18719: $? = 0
configure:18719: result: yes
configure:18731: checking whether csin is declared
configure:18731: gcc -c -O3 -fomit-frame-pointer -malign-double -fstrict-aliasing -ffast-math -march=native -std=gnu99   conftest.c >&5
configure:18731: $? = 0
configure:18731: result: yes
configure:18743: checking whether ccos is declared
configure:18743: gcc -c -O3 -fomit-frame-pointer -malign-double -fstrict-aliasing -ffast-math -march=native -std=gnu99   conftest.c >&5
configure:18743: $? = 0
configure:18743: result: yes
configure:18755: checking whether ctan is declared
configure:18755: gcc -c -O3 -fomit-frame-pointer -malign-double -fstrict-aliasing -ffast-math -march=native -std=gnu99   conftest.c >&5
configure:18755: $? = 0
configure:18755: result: yes
configure:18767: checking whether casin is declared
configure:18767: gcc -c -O3 -fomit-frame-pointer -malign-double -fstrict-aliasing -ffast-math -march=native -std=gnu99   conftest.c >&5
configure:18767: $? = 0
configure:18767: result: yes
configure:18779: checking whether cacos is declared
configure:18779: gcc -c -O3 -fomit-frame-pointer -malign-double -fstrict-aliasing -ffast-math -march=native -std=gnu99   conftest.c >&5
configure:18779: $? = 0
configure:18779: result: yes
configure:18791: checking whether catan is declared
configure:18791: gcc -c -O3 -fomit-frame-pointer -malign-double -fstrict-aliasing -ffast-math -march=native -std=gnu99   conftest.c >&5
configure:18791: $? = 0
configure:18791: result: yes
configure:18803: checking whether csinh is declared
configure:18803: gcc -c -O3 -fomit-frame-pointer -malign-double -fstrict-aliasing -ffast-math -march=native -std=gnu99   conftest.c >&5
configure:18803: $? = 0
configure:18803: result: yes
configure:18815: checking whether ccosh is declared
configure:18815: gcc -c -O3 -fomit-frame-pointer -malign-double -fstrict-aliasing -ffast-math -march=native -std=gnu99   conftest.c >&5
configure:18815: $? = 0
configure:18815: result: yes
configure:18827: checking whether ctanh is declared
configure:18827: gcc -c -O3 -fomit-frame-pointer -malign-double -fstrict-aliasing -ffast-math -march=native -std=gnu99   conftest.c >&5
configure:18827: $? = 0
configure:18827: result: yes
configure:18839: checking whether casinh is declared
configure:18839: gcc -c -O3 -fomit-frame-pointer -malign-double -fstrict-aliasing -ffast-math -march=native -std=gnu99   conftest.c >&5
configure:18839: $? = 0
configure:18839: result: yes
configure:18851: checking whether cacosh is declared
configure:18851: gcc -c -O3 -fomit-frame-pointer -malign-double -fstrict-aliasing -ffast-math -march=native -std=gnu99   conftest.c >&5
configure:18851: $? = 0
configure:18851: result: yes
configure:18863: checking whether catanh is declared
configure:18863: gcc -c -O3 -fomit-frame-pointer -malign-double -fstrict-aliasing -ffast-math -march=native -std=gnu99   conftest.c >&5
configure:18863: $? = 0
configure:18863: result: yes
configure:20096: creating ./config.status

## ---------------------- ##
## Running config.status. ##
## ---------------------- ##

This file was extended by NFFT config.status 3.2.2, which was
generated by GNU Autoconf 2.68.  Invocation command line was

  CONFIG_FILES    = 
  CONFIG_HEADERS  = 
  CONFIG_LINKS    = 
  CONFIG_COMMANDS = 
  $ ./config.status 

on electron.ices.utexas.edu

config.status:1342: creating Makefile
config.status:1342: creating nfft3.pc
config.status:1342: creating doxygen/doxygen.Doxyfile
config.status:1342: creating include/Makefile
config.status:1342: creating include/nfft3conf.h
config.status:1342: creating include/ticks.h
config.status:1342: creating 3rdparty/Makefile
config.status:1342: creating 3rdparty/cstripack/Makefile
config.status:1342: creating util/Makefile
config.status:1342: creating kernel/Makefile
config.status:1342: creating kernel/fpt/Makefile
config.status:1342: creating kernel/mri/Makefile
config.status:1342: creating kernel/nfct/Makefile
config.status:1342: creating kernel/nfft/Makefile
config.status:1342: creating kernel/nfsft/Makefile
config.status:1342: creating kernel/nfsoft/Makefile
config.status:1342: creating kernel/nfst/Makefile
config.status:1342: creating kernel/nnfft/Makefile
config.status:1342: creating kernel/nsfft/Makefile
config.status:1342: creating kernel/solver/Makefile
config.status:1342: creating kernel/util/Makefile
config.status:1342: creating tests/Makefile
config.status:1342: creating examples/Makefile
config.status:1342: creating examples/fpt/Makefile
config.status:1342: creating examples/mri/Makefile
config.status:1342: creating examples/nfct/Makefile
config.status:1342: creating examples/nfft/Makefile
config.status:1342: creating examples/nfsft/Makefile
config.status:1342: creating examples/nfsoft/Makefile
config.status:1342: creating examples/nfst/Makefile
config.status:1342: creating examples/nnfft/Makefile
config.status:1342: creating examples/nsfft/Makefile
config.status:1342: creating examples/solver/Makefile
config.status:1342: creating applications/Makefile
config.status:1342: creating applications/fastgauss/Makefile
config.status:1342: creating applications/fastsum/Makefile
config.status:1342: creating applications/fastsumS2/Makefile
config.status:1342: creating applications/quadratureS2/Makefile
config.status:1342: creating applications/mri/Makefile
config.status:1342: creating applications/mri/mri2d/Makefile
config.status:1342: creating applications/mri/mri3d/Makefile
config.status:1342: creating applications/polarFFT/Makefile
config.status:1342: creating applications/radon/Makefile
config.status:1342: creating applications/iterS2/Makefile
config.status:1342: creating matlab/Makefile
config.status:1342: creating matlab/nfsft/Makefile
config.status:1342: creating matlab/nfft/Makefile
config.status:1342: creating matlab/nfsft/@f_hat/Makefile
config.status:1342: creating doxygen/Makefile
config.status:1342: creating support/Makefile
config.status:1342: creating include/config.h
config.status:1556: executing libtool commands
config.status:1556: executing depfiles commands

## ---------------- ##
## Cache variables. ##
## ---------------- ##

ac_cv_build=x86_64-unknown-linux-gnu
ac_cv_c_compiler_gnu=yes
ac_cv_c_const=yes
ac_cv_c_inline=inline
ac_cv_c_restrict=__restrict
ac_cv_env_CCASFLAGS_set=
ac_cv_env_CCASFLAGS_value=
ac_cv_env_CCAS_set=
ac_cv_env_CCAS_value=
ac_cv_env_CC_set=
ac_cv_env_CC_value=
ac_cv_env_CFLAGS_set=
ac_cv_env_CFLAGS_value=
ac_cv_env_CPPFLAGS_set=
ac_cv_env_CPPFLAGS_value=
ac_cv_env_CPP_set=
ac_cv_env_CPP_value=
ac_cv_env_LDFLAGS_set=
ac_cv_env_LDFLAGS_value=
ac_cv_env_LIBS_set=
ac_cv_env_LIBS_value=
ac_cv_env_build_alias_set=
ac_cv_env_build_alias_value=
ac_cv_env_host_alias_set=
ac_cv_env_host_alias_value=
ac_cv_env_target_alias_set=
ac_cv_env_target_alias_value=
ac_cv_func__doprnt=no
ac_cv_func__mm_free=no
ac_cv_func__mm_malloc=no
ac_cv_func_abort=yes
ac_cv_func_acos=no
ac_cv_func_acosh=no
ac_cv_func_alloca_works=yes
ac_cv_func_asin=no
ac_cv_func_asinh=no
ac_cv_func_atan2=no
ac_cv_func_atan=no
ac_cv_func_atanh=no
ac_cv_func_cabs=no
ac_cv_func_cacos=no
ac_cv_func_cacosh=no
ac_cv_func_carg=no
ac_cv_func_casin=no
ac_cv_func_casinh=no
ac_cv_func_catan=no
ac_cv_func_catanh=no
ac_cv_func_cbrt=no
ac_cv_func_ccos=no
ac_cv_func_ccosh=no
ac_cv_func_ceil=no
ac_cv_func_cexp=no
ac_cv_func_cimag=no
ac_cv_func_clock_gettime=no
ac_cv_func_clog=no
ac_cv_func_conj=no
ac_cv_func_copysign=yes
ac_cv_func_cos=no
ac_cv_func_cosh=no
ac_cv_func_cpow=no
ac_cv_func_cproj=no
ac_cv_func_creal=no
ac_cv_func_csin=no
ac_cv_func_csinh=no
ac_cv_func_csqrt=no
ac_cv_func_ctan=no
ac_cv_func_ctanh=no
ac_cv_func_drand48=yes
ac_cv_func_erf=no
ac_cv_func_erfc=no
ac_cv_func_exp2=no
ac_cv_func_exp=no
ac_cv_func_expm1=no
ac_cv_func_fabs=no
ac_cv_func_fdim=no
ac_cv_func_floor=no
ac_cv_func_fma=no
ac_cv_func_fmax=no
ac_cv_func_fmin=no
ac_cv_func_fmod=no
ac_cv_func_frexp=yes
ac_cv_func_gethrtime=no
ac_cv_func_hypot=no
ac_cv_func_ilogb=no
ac_cv_func_j0=no
ac_cv_func_j1=no
ac_cv_func_jn=no
ac_cv_func_ldexp=yes
ac_cv_func_lgamma=no
ac_cv_func_llrint=no
ac_cv_func_llround=no
ac_cv_func_log10=no
ac_cv_func_log1p=no
ac_cv_func_log2=no
ac_cv_func_log=no
ac_cv_func_logb=no
ac_cv_func_lrint=no
ac_cv_func_lround=no
ac_cv_func_mach_absolute_time=no
ac_cv_func_memalign=yes
ac_cv_func_memset=yes
ac_cv_func_modf=yes
ac_cv_func_nan=no
ac_cv_func_nanosleep=yes
ac_cv_func_nearbyint=no
ac_cv_func_nextafter=no
ac_cv_func_posix_memalign=yes
ac_cv_func_pow=no
ac_cv_func_read_real_time=no
ac_cv_func_remainder=no
ac_cv_func_remquo=no
ac_cv_func_rint=no
ac_cv_func_round=no
ac_cv_func_scalbln=yes
ac_cv_func_scalbn=yes
ac_cv_func_sin=no
ac_cv_func_sinh=no
ac_cv_func_sleep=yes
ac_cv_func_snprintf=yes
ac_cv_func_sqrt=no
ac_cv_func_srand48=yes
ac_cv_func_strtod=yes
ac_cv_func_sysctl=yes
ac_cv_func_tan=no
ac_cv_func_tanh=no
ac_cv_func_tgamma=no
ac_cv_func_time_base_to_time=no
ac_cv_func_trunc=no
ac_cv_func_usleep=yes
ac_cv_func_vprintf=yes
ac_cv_func_y0=no
ac_cv_func_y1=no
ac_cv_func_yn=no
ac_cv_have_decl_acos=yes
ac_cv_have_decl_acosh=yes
ac_cv_have_decl_asin=yes
ac_cv_have_decl_asinh=yes
ac_cv_have_decl_atan2=yes
ac_cv_have_decl_atan=yes
ac_cv_have_decl_atanh=yes
ac_cv_have_decl_cabs=yes
ac_cv_have_decl_cacos=yes
ac_cv_have_decl_cacosh=yes
ac_cv_have_decl_carg=yes
ac_cv_have_decl_casin=yes
ac_cv_have_decl_casinh=yes
ac_cv_have_decl_catan=yes
ac_cv_have_decl_catanh=yes
ac_cv_have_decl_cbrt=yes
ac_cv_have_decl_ccos=yes
ac_cv_have_decl_ccosh=yes
ac_cv_have_decl_ceil=yes
ac_cv_have_decl_cexp=yes
ac_cv_have_decl_cimag=yes
ac_cv_have_decl_clog=yes
ac_cv_have_decl_conj=yes
ac_cv_have_decl_copysign=yes
ac_cv_have_decl_cos=yes
ac_cv_have_decl_cosh=yes
ac_cv_have_decl_cpow=yes
ac_cv_have_decl_cproj=yes
ac_cv_have_decl_creal=yes
ac_cv_have_decl_csin=yes
ac_cv_have_decl_csinh=yes
ac_cv_have_decl_csqrt=yes
ac_cv_have_decl_ctan=yes
ac_cv_have_decl_ctanh=yes
ac_cv_have_decl_drand48=yes
ac_cv_have_decl_erf=yes
ac_cv_have_decl_erfc=yes
ac_cv_have_decl_exp2=yes
ac_cv_have_decl_exp=yes
ac_cv_have_decl_expm1=yes
ac_cv_have_decl_fabs=yes
ac_cv_have_decl_fdim=yes
ac_cv_have_decl_floor=yes
ac_cv_have_decl_fma=yes
ac_cv_have_decl_fmax=yes
ac_cv_have_decl_fmin=yes
ac_cv_have_decl_fmod=yes
ac_cv_have_decl_frexp=yes
ac_cv_have_decl_hypot=yes
ac_cv_have_decl_ilogb=yes
ac_cv_have_decl_j0=yes
ac_cv_have_decl_j1=yes
ac_cv_have_decl_jn=yes
ac_cv_have_decl_ldexp=yes
ac_cv_have_decl_lgamma=yes
ac_cv_have_decl_llrint=yes
ac_cv_have_decl_llround=yes
ac_cv_have_decl_log10=yes
ac_cv_have_decl_log1p=yes
ac_cv_have_decl_log2=yes
ac_cv_have_decl_log=yes
ac_cv_have_decl_logb=yes
ac_cv_have_decl_lrint=yes
ac_cv_have_decl_lround=yes
ac_cv_have_decl_memalign=no
ac_cv_have_decl_modf=yes
ac_cv_have_decl_nan=yes
ac_cv_have_decl_nanosleep=yes
ac_cv_have_decl_nearbyint=yes
ac_cv_have_decl_nextafter=yes
ac_cv_have_decl_posix_memalign=yes
ac_cv_have_decl_pow=yes
ac_cv_have_decl_remainder=yes
ac_cv_have_decl_remquo=yes
ac_cv_have_decl_rint=yes
ac_cv_have_decl_round=yes
ac_cv_have_decl_scalbln=yes
ac_cv_have_decl_scalbn=yes
ac_cv_have_decl_sin=yes
ac_cv_have_decl_sinh=yes
ac_cv_have_decl_sleep=yes
ac_cv_have_decl_sqrt=yes
ac_cv_have_decl_srand48=yes
ac_cv_have_decl_tan=yes
ac_cv_have_decl_tanh=yes
ac_cv_have_decl_tgamma=yes
ac_cv_have_decl_trunc=yes
ac_cv_have_decl_y0=yes
ac_cv_have_decl_y1=yes
ac_cv_have_decl_yn=yes
ac_cv_header_c_asm_h=no
ac_cv_header_complex_h=yes
ac_cv_header_dlfcn_h=yes
ac_cv_header_fftw3_h=yes
ac_cv_header_float_h=yes
ac_cv_header_intrinsics_h=no
ac_cv_header_inttypes_h=yes
ac_cv_header_limits_h=yes
ac_cv_header_mach_mach_time_h=no
ac_cv_header_malloc_h=yes
ac_cv_header_math_h=yes
ac_cv_header_memory_h=yes
ac_cv_header_stdarg_h=yes
ac_cv_header_stdbool_h=yes
ac_cv_header_stdc=yes
ac_cv_header_stddef_h=yes
ac_cv_header_stdint_h=yes
ac_cv_header_stdio_h=yes
ac_cv_header_stdlib_h=yes
ac_cv_header_string_h=yes
ac_cv_header_strings_h=yes
ac_cv_header_sys_stat_h=yes
ac_cv_header_sys_time_h=yes
ac_cv_header_sys_types_h=yes
ac_cv_header_time=yes
ac_cv_header_time_h=yes
ac_cv_header_unistd_h=yes
ac_cv_host=x86_64-unknown-linux-gnu
ac_cv_lib_fftw3_fftw_execute=yes
ac_cv_lib_m_sin=yes
ac_cv_objext=o
ac_cv_path_EGREP='/bin/grep -E'
ac_cv_path_FGREP='/bin/grep -F'
ac_cv_path_GREP=/bin/grep
ac_cv_path_SED=/bin/sed
ac_cv_path_install='/usr/bin/install -c'
ac_cv_path_mkdir=/bin/mkdir
ac_cv_prog_AWK=gawk
ac_cv_prog_CPP='gcc -E'
ac_cv_prog_ac_ct_AR=ar
ac_cv_prog_ac_ct_CC=gcc
ac_cv_prog_ac_ct_OBJDUMP=objdump
ac_cv_prog_ac_ct_RANLIB=ranlib
ac_cv_prog_ac_ct_STRIP=strip
ac_cv_prog_cc_c89=
ac_cv_prog_cc_c99=-std=gnu99
ac_cv_prog_cc_g=yes
ac_cv_prog_cc_gcc_c_o=yes
ac_cv_prog_make_make_set=yes
ac_cv_sizeof_double=8
ac_cv_sizeof_float=4
ac_cv_sizeof_int=4
ac_cv_sizeof_long=8
ac_cv_sizeof_long_double=16
ac_cv_sizeof_long_long=8
ac_cv_sizeof_ptrdiff_t=8
ac_cv_sizeof_size_t=8
ac_cv_sizeof_unsigned_int=4
ac_cv_sizeof_unsigned_long=8
ac_cv_sizeof_unsigned_long_long=8
ac_cv_type_hrtime_t=no
ac_cv_type_long_double=yes
ac_cv_type_size_t=yes
ac_cv_type_uintptr_t=yes
ac_cv_working_alloca_h=yes
am_cv_CCAS_dependencies_compiler_type=gcc3
am_cv_CC_dependencies_compiler_type=gcc3
ax_cv_c_compiler_vendor=gnu
ax_cv_c_flags__O3__fomit_frame_pointer__malign_double__fstrict_aliasing__ffast_math__march_native=yes
ax_cv_c_flags__ffast_math=yes
ax_cv_c_flags__fstrict_aliasing=yes
ax_cv_c_flags__malign_double=yes
ax_cv_c_flags__march_native=yes
ax_cv_c_openmp=-fopenmp
ax_cv_gcc_archflag=-march=native
ax_cv_gcc_x86_cpuid_0=unknown
ax_cv_gcc_x86_cpuid_1=unknown
lt_cv_ar_at_file=@
lt_cv_deplibs_check_method=pass_all
lt_cv_file_magic_cmd='$MAGIC_CMD'
lt_cv_file_magic_test_file=
lt_cv_ld_reload_flag=-r
lt_cv_nm_interface='BSD nm'
lt_cv_objdir=.libs
lt_cv_path_LD=/usr/bin/ld
lt_cv_path_NM='/usr/bin/nm -B'
lt_cv_path_mainfest_tool=no
lt_cv_prog_compiler_c_o=yes
lt_cv_prog_compiler_pic='-fPIC -DPIC'
lt_cv_prog_compiler_pic_works=yes
lt_cv_prog_compiler_rtti_exceptions=no
lt_cv_prog_compiler_static_works=no
lt_cv_prog_gnu_ld=yes
lt_cv_sharedlib_from_linklib_cmd='printf %s\n'
lt_cv_shlibpath_overrides_runpath=no
lt_cv_sys_global_symbol_pipe='sed -n -e '\''s/^.*[	 ]\([ABCDGIRSTW][ABCDGIRSTW]*\)[	 ][	 ]*\([_A-Za-z][_A-Za-z0-9]*\)$/\1 \2 \2/p'\'' | sed '\''/ __gnu_lto/d'\'''
lt_cv_sys_global_symbol_to_c_name_address='sed -n -e '\''s/^: \([^ ]*\)[ ]*$/  {\"\1\", (void *) 0},/p'\'' -e '\''s/^[ABCDGIRSTW]* \([^ ]*\) \([^ ]*\)$/  {"\2", (void *) \&\2},/p'\'''
lt_cv_sys_global_symbol_to_c_name_address_lib_prefix='sed -n -e '\''s/^: \([^ ]*\)[ ]*$/  {\"\1\", (void *) 0},/p'\'' -e '\''s/^[ABCDGIRSTW]* \([^ ]*\) \(lib[^ ]*\)$/  {"\2", (void *) \&\2},/p'\'' -e '\''s/^[ABCDGIRSTW]* \([^ ]*\) \([^ ]*\)$/  {"lib\2", (void *) \&\2},/p'\'''
lt_cv_sys_global_symbol_to_cdecl='sed -n -e '\''s/^T .* \(.*\)$/extern int \1();/p'\'' -e '\''s/^[ABCDGIRSTW]* .* \(.*\)$/extern char \1;/p'\'''
lt_cv_sys_max_cmd_len=1966080
lt_cv_to_host_file_cmd=func_convert_file_noop
lt_cv_to_tool_file_cmd=func_convert_file_noop

## ----------------- ##
## Output variables. ##
## ----------------- ##

ACLOCAL='${SHELL} /workspace/cvcsoft/TexMol/third-party/nfft/config/missing --run aclocal-1.11'
ALLOCA=''
AMDEPBACKSLASH='\'
AMDEP_FALSE='#'
AMDEP_TRUE=''
AMTAR='${SHELL} /workspace/cvcsoft/TexMol/third-party/nfft/config/missing --run tar'
AR='ar'
AS='as'
AUTOCONF='${SHELL} /workspace/cvcsoft/TexMol/third-party/nfft/config/missing --run autoconf'
AUTOHEADER='${SHELL} /workspace/cvcsoft/TexMol/third-party/nfft/config/missing --run autoheader'
AUTOMAKE='${SHELL} /workspace/cvcsoft/TexMol/third-party/nfft/config/missing --run automake-1.11'
AWK='gawk'
CC='gcc'
CCAS='gcc'
CCASDEPMODE='depmode=gcc3'
CCASFLAGS='-g -O2'
CCDEPMODE='depmode=gcc3'
CFLAGS='-O3 -fomit-frame-pointer -malign-double -fstrict-aliasing -ffast-math -march=native -std=gnu99'
CPP='gcc -E'
CPPFLAGS=' '
CYGPATH_W='echo'
DEFS='-DHAVE_CONFIG_H'
DEPDIR='.deps'
DLLTOOL='false'
DSYMUTIL=''
DUMPBIN=''
ECHO_C=''
ECHO_N='-n'
ECHO_T=''
EGREP='/bin/grep -E'
EXEEXT=''
FGREP='/bin/grep -F'
GREP='/bin/grep'
HAVE_FPT='#undef HAVE_FPT'
HAVE_FPT_FALSE=''
HAVE_FPT_TRUE='#'
HAVE_MATLAB_FALSE=''
HAVE_MATLAB_THREADS_FALSE=''
HAVE_MATLAB_THREADS_TRUE='#'
HAVE_MATLAB_TRUE='#'
HAVE_MRI='#undef HAVE_MRI'
HAVE_MRI_FALSE=''
HAVE_MRI_TRUE='#'
HAVE_NFCT='#undef HAVE_NFCT'
HAVE_NFCT_FALSE=''
HAVE_NFCT_TRUE='#'
HAVE_NFSFT='#undef HAVE_NFSFT'
HAVE_NFSFT_FALSE=''
HAVE_NFSFT_TRUE='#'
HAVE_NFSOFT='#undef HAVE_NFSOFT'
HAVE_NFSOFT_FALSE=''
HAVE_NFSOFT_TRUE='#'
HAVE_NFST='#undef HAVE_NFST'
HAVE_NFST_FALSE=''
HAVE_NFST_TRUE='#'
HAVE_NNFFT='#undef HAVE_NNFFT'
HAVE_NNFFT_FALSE=''
HAVE_NNFFT_TRUE='#'
HAVE_NSFFT='#undef HAVE_NSFFT'
HAVE_NSFFT_FALSE=''
HAVE_NSFFT_TRUE='#'
HAVE_OPENMP_FALSE='#'
HAVE_OPENMP_TRUE=''
HAVE_THREADS_FALSE=''
HAVE_THREADS_TRUE='#'
INSTALL_DATA='${INSTALL} -m 644'
INSTALL_PROGRAM='${INSTALL}'
INSTALL_SCRIPT='${INSTALL}'
INSTALL_STRIP_PROGRAM='$(install_sh) -c -s'
LD='/usr/bin/ld -m elf_x86_64'
LDFLAGS=''
LIBOBJS=''
LIBS=''
LIBTOOL='$(SHELL) $(top_builddir)/libtool'
LIBTOOL_DEPS='/workspace/cvcsoft/TexMol/third-party/nfft/config/ltmain.sh'
LIPO=''
LN_S='ln -s'
LTLIBOBJS=''
MAINT='#'
MAINTAINER_MODE_FALSE=''
MAINTAINER_MODE_TRUE='#'
MAKEINFO='${SHELL} /workspace/cvcsoft/TexMol/third-party/nfft/config/missing --run makeinfo'
MANIFEST_TOOL=':'
MKDIR_P='/bin/mkdir -p'
NM='/usr/bin/nm -B'
NMEDIT=''
OBJDUMP='objdump'
OBJEXT='o'
OPENMP_CFLAGS='-fopenmp'
OTOOL64=''
OTOOL=''
PACKAGE='nfft'
PACKAGE_BUGREPORT='bugs@nfft.org'
PACKAGE_NAME='NFFT'
PACKAGE_STRING='NFFT 3.2.2'
PACKAGE_TARNAME='nfft'
PACKAGE_URL=''
PACKAGE_VERSION='3.2.2'
PATH_SEPARATOR=':'
POW_LIB=''
PRTDIAG=''
RANLIB='ranlib'
SED='/bin/sed'
SET_MAKE=''
SHARED_VERSION_INFO='1:0:0'
SHELL='/bin/sh'
STRIP='strip'
TICKS_PER_SECOND='3192376380.0'
VERSION='3.2.2'
abs_srcdir=''
ac_ct_AR='ar'
ac_ct_CC='gcc'
ac_ct_DUMPBIN=''
am__EXEEXT_FALSE=''
am__EXEEXT_TRUE='#'
am__fastdepCCAS_FALSE='#'
am__fastdepCCAS_TRUE=''
am__fastdepCC_FALSE='#'
am__fastdepCC_TRUE=''
am__include='include'
am__isrc=' -I$(srcdir)'
am__leading_dot='.'
am__quote=''
am__tar='${AMTAR} chof - "$$tardir"'
am__untar='${AMTAR} xf -'
bindir='${exec_prefix}/bin'
build='x86_64-unknown-linux-gnu'
build_alias=''
build_cpu='x86_64'
build_os='linux-gnu'
build_vendor='unknown'
datadir='${datarootdir}'
datarootdir='${prefix}/share'
docdir='${datarootdir}/doc/${PACKAGE_TARNAME}'
dvidir='${docdir}'
exec_prefix='${prefix}'
fftw3_LDFLAGS=''
fftw3_LIBS='-lfftw3'
fftw3_threads_LIBS=''
host='x86_64-unknown-linux-gnu'
host_alias=''
host_cpu='x86_64'
host_os='linux-gnu'
host_vendor='unknown'
htmldir='${docdir}'
includedir='${prefix}/include'
infodir='${datarootdir}/info'
install_sh='${SHELL} /workspace/cvcsoft/TexMol/third-party/nfft/config/install-sh'
libdir='${exec_prefix}/lib'
libexecdir='${exec_prefix}/libexec'
localedir='${datarootdir}/locale'
localstatedir='${prefix}/var'
mandir='${datarootdir}/man'
matlab_CPPFLAGS=''
matlab_LDFLAGS=''
matlab_LIBS=''
matlab_fftw3_LDFLAGS=''
matlab_fftw3_LIBS=''
matlab_mexext=''
matlab_prog_mexext=''
mkdir_p='/bin/mkdir -p'
oldincludedir='/usr/include'
pdfdir='${docdir}'
prefix='/workspace/cvcsoft/TexMol/release'
program_transform_name='s,x,x,'
psdir='${docdir}'
sbindir='${exec_prefix}/sbin'
sharedstatedir='${prefix}/com'
sysconfdir='${prefix}/etc'
target_alias=''

## ----------- ##
## confdefs.h. ##
## ----------- ##

/* confdefs.h */
#define PACKAGE_NAME "NFFT"
#define PACKAGE_TARNAME "nfft"
#define PACKAGE_VERSION "3.2.2"
#define PACKAGE_STRING "NFFT 3.2.2"
#define PACKAGE_BUGREPORT "bugs@nfft.org"
#define PACKAGE_URL ""
#define STDC_HEADERS 1
#define HAVE_SYS_TYPES_H 1
#define HAVE_SYS_STAT_H 1
#define HAVE_STDLIB_H 1
#define HAVE_STRING_H 1
#define HAVE_MEMORY_H 1
#define HAVE_STRINGS_H 1
#define HAVE_INTTYPES_H 1
#define HAVE_STDINT_H 1
#define HAVE_UNISTD_H 1
#define HAVE_DLFCN_H 1
#define LT_OBJDIR ".libs/"
#define PACKAGE "nfft"
#define VERSION "3.2.2"
#define KAISER_BESSEL 1
#define restrict __restrict
#define HAVE_LIBFFTW3 1
#define HAVE_OPENMP 1
#define MATLAB_ARGCHECKS 1
#define HAVE_MATH_H 1
#define HAVE_STDIO_H 1
#define HAVE_STDLIB_H 1
#define HAVE_TIME_H 1
#define HAVE_SYS_TIME_H 1
#define HAVE_COMPLEX_H 1
#define HAVE_STRING_H 1
#define HAVE_FLOAT_H 1
#define HAVE_LIMITS_H 1
#define HAVE_STDARG_H 1
#define HAVE_STDDEF_H 1
#define HAVE_SYS_TYPES_H 1
#define HAVE_STDINT_H 1
#define HAVE_INTTYPES_H 1
#define HAVE_STDBOOL_H 1
#define HAVE_MALLOC_H 1
#define TIME_WITH_SYS_TIME 1
#define HAVE_LONG_DOUBLE 1
#define HAVE_UINTPTR_T 1
#define SIZEOF_INT 4
#define SIZEOF_UNSIGNED_INT 4
#define SIZEOF_LONG 8
#define SIZEOF_UNSIGNED_LONG 8
#define SIZEOF_LONG_LONG 8
#define SIZEOF_UNSIGNED_LONG_LONG 8
#define SIZEOF_SIZE_T 8
#define SIZEOF_PTRDIFF_T 8
#define SIZEOF_FLOAT 4
#define SIZEOF_DOUBLE 8
#define SIZEOF_LONG_DOUBLE 16
#define HAVE_ALLOCA_H 1
#define HAVE_ALLOCA 1
#define HAVE_VPRINTF 1
#define HAVE_LIBM 1
#define HAVE_MEMSET 1
#define HAVE_POSIX_MEMALIGN 1
#define HAVE_MEMALIGN 1
#define HAVE_SYSCTL 1
#define HAVE_ABORT 1
#define HAVE_SNPRINTF 1
#define HAVE_SLEEP 1
#define HAVE_USLEEP 1
#define HAVE_NANOSLEEP 1
#define HAVE_DRAND48 1
#define HAVE_SRAND48 1
#define HAVE_DECL_MEMALIGN 0
#define HAVE_DECL_POSIX_MEMALIGN 1
#define HAVE_DECL_SLEEP 1
#define HAVE_DECL_NANOSLEEP 1
#define HAVE_DECL_DRAND48 1
#define HAVE_DECL_SRAND48 1
#define HAVE_COPYSIGN 1
#define HAVE_MODF 1
#define HAVE_FREXP 1
#define HAVE_LDEXP 1
#define HAVE_SCALBN 1
#define HAVE_SCALBLN 1
#define HAVE_DECL_COPYSIGN 1
#define HAVE_DECL_NEXTAFTER 1
#define HAVE_DECL_NAN 1
#define HAVE_DECL_CEIL 1
#define HAVE_DECL_FLOOR 1
#define HAVE_DECL_NEARBYINT 1
#define HAVE_DECL_RINT 1
#define HAVE_DECL_ROUND 1
#define HAVE_DECL_LRINT 1
#define HAVE_DECL_LROUND 1
#define HAVE_DECL_LLRINT 1
#define HAVE_DECL_LLROUND 1
#define HAVE_DECL_TRUNC 1
#define HAVE_DECL_FMOD 1
#define HAVE_DECL_REMAINDER 1
#define HAVE_DECL_REMQUO 1
#define HAVE_DECL_FDIM 1
#define HAVE_DECL_FMAX 1
#define HAVE_DECL_FMIN 1
#define HAVE_DECL_FMA 1
#define HAVE_DECL_FABS 1
#define HAVE_DECL_SQRT 1
#define HAVE_DECL_CBRT 1
#define HAVE_DECL_HYPOT 1
#define HAVE_DECL_EXP 1
#define HAVE_DECL_EXP2 1
#define HAVE_DECL_EXPM1 1
#define HAVE_DECL_LOG 1
#define HAVE_DECL_LOG2 1
#define HAVE_DECL_LOG10 1
#define HAVE_DECL_LOG1P 1
#define HAVE_DECL_LOGB 1
#define HAVE_DECL_ILOGB 1
#define HAVE_DECL_MODF 1
#define HAVE_DECL_FREXP 1
#define HAVE_DECL_LDEXP 1
#define HAVE_DECL_SCALBN 1
#define HAVE_DECL_SCALBLN 1
#define HAVE_DECL_POW 1
#define HAVE_DECL_COS 1
#define HAVE_DECL_SIN 1
#define HAVE_DECL_TAN 1
#define HAVE_DECL_COSH 1
#define HAVE_DECL_SINH 1
#define HAVE_DECL_TANH 1
#define HAVE_DECL_ACOS 1
#define HAVE_DECL_ASIN 1
#define HAVE_DECL_ATAN 1
#define HAVE_DECL_ATAN2 1
#define HAVE_DECL_ACOSH 1
#define HAVE_DECL_ASINH 1
#define HAVE_DECL_ATANH 1
#define HAVE_DECL_TGAMMA 1
#define HAVE_DECL_LGAMMA 1
#define HAVE_DECL_J0 1
#define HAVE_DECL_J1 1
#define HAVE_DECL_JN 1
#define HAVE_DECL_Y0 1
#define HAVE_DECL_Y1 1
#define HAVE_DECL_YN 1
#define HAVE_DECL_ERF 1
#define HAVE_DECL_ERFC 1
#define HAVE_DECL_CREAL 1
#define HAVE_DECL_CIMAG 1
#define HAVE_DECL_CABS 1
#define HAVE_DECL_CARG 1
#define HAVE_DECL_CONJ 1
#define HAVE_DECL_CPROJ 1
#define HAVE_DECL_CSQRT 1
#define HAVE_DECL_CEXP 1
#define HAVE_DECL_CLOG 1
#define HAVE_DECL_CPOW 1
#define HAVE_DECL_CSIN 1
#define HAVE_DECL_CCOS 1
#define HAVE_DECL_CTAN 1
#define HAVE_DECL_CASIN 1
#define HAVE_DECL_CACOS 1
#define HAVE_DECL_CATAN 1
#define HAVE_DECL_CSINH 1
#define HAVE_DECL_CCOSH 1
#define HAVE_DECL_CTANH 1
#define HAVE_DECL_CASINH 1
#define HAVE_DECL_CACOSH 1
#define HAVE_DECL_CATANH 1

configure: exit 0
