The system is: Linux - 2.6.32-279.22.1.el6.x86_64 - x86_64
Compiling the C compiler identification source file "CMakeCCompilerId.c" succeeded.
Compiler: /usr/bin/gcc 
Build flags: 
Id flags: 

The output was:
0


Compilation of the C compiler identification source "CMakeCCompilerId.c" produced "a.out"

The C compiler identification is GNU, found in "/workspace/cvcsoft/TexMol/release/third-party/hdf5_proj-prefix/src/hdf5_proj-build/CMakeFiles/CompilerIdC/a.out"

Compiling the CXX compiler identification source file "CMakeCXXCompilerId.cpp" succeeded.
Compiler: /usr/bin/c++ 
Build flags: 
Id flags: 

The output was:
0


Compilation of the CXX compiler identification source "CMakeCXXCompilerId.cpp" produced "a.out"

The CXX compiler identification is GNU, found in "/workspace/cvcsoft/TexMol/release/third-party/hdf5_proj-prefix/src/hdf5_proj-build/CMakeFiles/CompilerIdCXX/a.out"

Determining if the C compiler works passed with the following output:
Change Dir: /workspace/cvcsoft/TexMol/release/third-party/hdf5_proj-prefix/src/hdf5_proj-build/CMakeFiles/CMakeTmp

Run Build Command:/usr/bin/gmake "cmTryCompileExec265484021/fast"
gmake[3]: Entering directory `/workspace/cvcsoft/TexMol/release/third-party/hdf5_proj-prefix/src/hdf5_proj-build/CMakeFiles/CMakeTmp'
/usr/bin/gmake -f CMakeFiles/cmTryCompileExec265484021.dir/build.make CMakeFiles/cmTryCompileExec265484021.dir/build
gmake[4]: Entering directory `/workspace/cvcsoft/TexMol/release/third-party/hdf5_proj-prefix/src/hdf5_proj-build/CMakeFiles/CMakeTmp'
/opt/apps/ossw/applications/cmake/cmake-2.8.9/sl6/bin/cmake -E cmake_progress_report /workspace/cvcsoft/TexMol/release/third-party/hdf5_proj-prefix/src/hdf5_proj-build/CMakeFiles/CMakeTmp/CMakeFiles 1
Building C object CMakeFiles/cmTryCompileExec265484021.dir/testCCompiler.c.o
/usr/bin/gcc    -o CMakeFiles/cmTryCompileExec265484021.dir/testCCompiler.c.o   -c /workspace/cvcsoft/TexMol/release/third-party/hdf5_proj-prefix/src/hdf5_proj-build/CMakeFiles/CMakeTmp/testCCompiler.c
Linking C executable cmTryCompileExec265484021
/opt/apps/ossw/applications/cmake/cmake-2.8.9/sl6/bin/cmake -E cmake_link_script CMakeFiles/cmTryCompileExec265484021.dir/link.txt --verbose=1
/usr/bin/gcc         CMakeFiles/cmTryCompileExec265484021.dir/testCCompiler.c.o  -o cmTryCompileExec265484021 -rdynamic 
gmake[4]: Leaving directory `/workspace/cvcsoft/TexMol/release/third-party/hdf5_proj-prefix/src/hdf5_proj-build/CMakeFiles/CMakeTmp'
gmake[3]: Leaving directory `/workspace/cvcsoft/TexMol/release/third-party/hdf5_proj-prefix/src/hdf5_proj-build/CMakeFiles/CMakeTmp'


Detecting C compiler ABI info compiled with the following output:
Change Dir: /workspace/cvcsoft/TexMol/release/third-party/hdf5_proj-prefix/src/hdf5_proj-build/CMakeFiles/CMakeTmp

Run Build Command:/usr/bin/gmake "cmTryCompileExec3200153643/fast"
gmake[3]: Entering directory `/workspace/cvcsoft/TexMol/release/third-party/hdf5_proj-prefix/src/hdf5_proj-build/CMakeFiles/CMakeTmp'
/usr/bin/gmake -f CMakeFiles/cmTryCompileExec3200153643.dir/build.make CMakeFiles/cmTryCompileExec3200153643.dir/build
gmake[4]: Entering directory `/workspace/cvcsoft/TexMol/release/third-party/hdf5_proj-prefix/src/hdf5_proj-build/CMakeFiles/CMakeTmp'
/opt/apps/ossw/applications/cmake/cmake-2.8.9/sl6/bin/cmake -E cmake_progress_report /workspace/cvcsoft/TexMol/release/third-party/hdf5_proj-prefix/src/hdf5_proj-build/CMakeFiles/CMakeTmp/CMakeFiles 1
Building C object CMakeFiles/cmTryCompileExec3200153643.dir/CMakeCCompilerABI.c.o
/usr/bin/gcc    -o CMakeFiles/cmTryCompileExec3200153643.dir/CMakeCCompilerABI.c.o   -c /opt/apps/ossw/applications/cmake/cmake-2.8.9/sl6/share/cmake-2.8/Modules/CMakeCCompilerABI.c
Linking C executable cmTryCompileExec3200153643
/opt/apps/ossw/applications/cmake/cmake-2.8.9/sl6/bin/cmake -E cmake_link_script CMakeFiles/cmTryCompileExec3200153643.dir/link.txt --verbose=1
/usr/bin/gcc       -v CMakeFiles/cmTryCompileExec3200153643.dir/CMakeCCompilerABI.c.o  -o cmTryCompileExec3200153643 -rdynamic  
Using built-in specs.
Target: x86_64-redhat-linux
Configured with: ../configure --prefix=/usr --mandir=/usr/share/man --infodir=/usr/share/info --with-bugurl=http://bugzilla.redhat.com/bugzilla --enable-bootstrap --enable-shared --enable-threads=posix --enable-checking=release --with-system-zlib --enable-__cxa_atexit --disable-libunwind-exceptions --enable-gnu-unique-object --enable-languages=c,c++,objc,obj-c++,java,fortran,ada --enable-java-awt=gtk --disable-dssi --with-java-home=/usr/lib/jvm/java-1.5.0-gcj-1.5.0.0/jre --enable-libgcj-multifile --enable-java-maintainer-mode --with-ecj-jar=/usr/share/java/eclipse-ecj.jar --disable-libjava-multilib --with-ppl --with-cloog --with-tune=generic --with-arch_32=i686 --build=x86_64-redhat-linux
Thread model: posix
gcc version 4.4.6 20120305 (Red Hat 4.4.6-4) (GCC) 
COMPILER_PATH=/usr/libexec/gcc/x86_64-redhat-linux/4.4.6/:/usr/libexec/gcc/x86_64-redhat-linux/4.4.6/:/usr/libexec/gcc/x86_64-redhat-linux/:/usr/lib/gcc/x86_64-redhat-linux/4.4.6/:/usr/lib/gcc/x86_64-redhat-linux/:/usr/libexec/gcc/x86_64-redhat-linux/4.4.6/:/usr/libexec/gcc/x86_64-redhat-linux/:/usr/lib/gcc/x86_64-redhat-linux/4.4.6/:/usr/lib/gcc/x86_64-redhat-linux/
LIBRARY_PATH=/usr/lib/gcc/x86_64-redhat-linux/4.4.6/:/usr/lib/gcc/x86_64-redhat-linux/4.4.6/:/usr/lib/gcc/x86_64-redhat-linux/4.4.6/../../../../lib64/:/lib/../lib64/:/usr/lib/../lib64/:/usr/lib/gcc/x86_64-redhat-linux/4.4.6/../../../:/lib/:/usr/lib/
COLLECT_GCC_OPTIONS='-v' '-o' 'cmTryCompileExec3200153643' '-rdynamic' '-mtune=generic'
 /usr/libexec/gcc/x86_64-redhat-linux/4.4.6/collect2 --eh-frame-hdr --build-id -m elf_x86_64 --hash-style=gnu -export-dynamic -dynamic-linker /lib64/ld-linux-x86-64.so.2 -o cmTryCompileExec3200153643 /usr/lib/gcc/x86_64-redhat-linux/4.4.6/../../../../lib64/crt1.o /usr/lib/gcc/x86_64-redhat-linux/4.4.6/../../../../lib64/crti.o /usr/lib/gcc/x86_64-redhat-linux/4.4.6/crtbegin.o -L/usr/lib/gcc/x86_64-redhat-linux/4.4.6 -L/usr/lib/gcc/x86_64-redhat-linux/4.4.6 -L/usr/lib/gcc/x86_64-redhat-linux/4.4.6/../../../../lib64 -L/lib/../lib64 -L/usr/lib/../lib64 -L/usr/lib/gcc/x86_64-redhat-linux/4.4.6/../../.. CMakeFiles/cmTryCompileExec3200153643.dir/CMakeCCompilerABI.c.o -lgcc --as-needed -lgcc_s --no-as-needed -lc -lgcc --as-needed -lgcc_s --no-as-needed /usr/lib/gcc/x86_64-redhat-linux/4.4.6/crtend.o /usr/lib/gcc/x86_64-redhat-linux/4.4.6/../../../../lib64/crtn.o
gmake[4]: Leaving directory `/workspace/cvcsoft/TexMol/release/third-party/hdf5_proj-prefix/src/hdf5_proj-build/CMakeFiles/CMakeTmp'
gmake[3]: Leaving directory `/workspace/cvcsoft/TexMol/release/third-party/hdf5_proj-prefix/src/hdf5_proj-build/CMakeFiles/CMakeTmp'


Parsed C implicit link information from above output:
  link line regex: [^( *|.*[/\])(ld|ld|collect2)[^/\]*( |$)]
  ignore line: [Change Dir: /workspace/cvcsoft/TexMol/release/third-party/hdf5_proj-prefix/src/hdf5_proj-build/CMakeFiles/CMakeTmp]
  ignore line: []
  ignore line: [Run Build Command:/usr/bin/gmake "cmTryCompileExec3200153643/fast"]
  ignore line: [gmake[3]: Entering directory `/workspace/cvcsoft/TexMol/release/third-party/hdf5_proj-prefix/src/hdf5_proj-build/CMakeFiles/CMakeTmp']
  ignore line: [/usr/bin/gmake -f CMakeFiles/cmTryCompileExec3200153643.dir/build.make CMakeFiles/cmTryCompileExec3200153643.dir/build]
  ignore line: [gmake[4]: Entering directory `/workspace/cvcsoft/TexMol/release/third-party/hdf5_proj-prefix/src/hdf5_proj-build/CMakeFiles/CMakeTmp']
  ignore line: [/opt/apps/ossw/applications/cmake/cmake-2.8.9/sl6/bin/cmake -E cmake_progress_report /workspace/cvcsoft/TexMol/release/third-party/hdf5_proj-prefix/src/hdf5_proj-build/CMakeFiles/CMakeTmp/CMakeFiles 1]
  ignore line: [Building C object CMakeFiles/cmTryCompileExec3200153643.dir/CMakeCCompilerABI.c.o]
  ignore line: [/usr/bin/gcc    -o CMakeFiles/cmTryCompileExec3200153643.dir/CMakeCCompilerABI.c.o   -c /opt/apps/ossw/applications/cmake/cmake-2.8.9/sl6/share/cmake-2.8/Modules/CMakeCCompilerABI.c]
  ignore line: [Linking C executable cmTryCompileExec3200153643]
  ignore line: [/opt/apps/ossw/applications/cmake/cmake-2.8.9/sl6/bin/cmake -E cmake_link_script CMakeFiles/cmTryCompileExec3200153643.dir/link.txt --verbose=1]
  ignore line: [/usr/bin/gcc       -v CMakeFiles/cmTryCompileExec3200153643.dir/CMakeCCompilerABI.c.o  -o cmTryCompileExec3200153643 -rdynamic  ]
  ignore line: [Using built-in specs.]
  ignore line: [Target: x86_64-redhat-linux]
  ignore line: [Configured with: ../configure --prefix=/usr --mandir=/usr/share/man --infodir=/usr/share/info --with-bugurl=http://bugzilla.redhat.com/bugzilla --enable-bootstrap --enable-shared --enable-threads=posix --enable-checking=release --with-system-zlib --enable-__cxa_atexit --disable-libunwind-exceptions --enable-gnu-unique-object --enable-languages=c,c++,objc,obj-c++,java,fortran,ada --enable-java-awt=gtk --disable-dssi --with-java-home=/usr/lib/jvm/java-1.5.0-gcj-1.5.0.0/jre --enable-libgcj-multifile --enable-java-maintainer-mode --with-ecj-jar=/usr/share/java/eclipse-ecj.jar --disable-libjava-multilib --with-ppl --with-cloog --with-tune=generic --with-arch_32=i686 --build=x86_64-redhat-linux]
  ignore line: [Thread model: posix]
  ignore line: [gcc version 4.4.6 20120305 (Red Hat 4.4.6-4) (GCC) ]
  ignore line: [COMPILER_PATH=/usr/libexec/gcc/x86_64-redhat-linux/4.4.6/:/usr/libexec/gcc/x86_64-redhat-linux/4.4.6/:/usr/libexec/gcc/x86_64-redhat-linux/:/usr/lib/gcc/x86_64-redhat-linux/4.4.6/:/usr/lib/gcc/x86_64-redhat-linux/:/usr/libexec/gcc/x86_64-redhat-linux/4.4.6/:/usr/libexec/gcc/x86_64-redhat-linux/:/usr/lib/gcc/x86_64-redhat-linux/4.4.6/:/usr/lib/gcc/x86_64-redhat-linux/]
  ignore line: [LIBRARY_PATH=/usr/lib/gcc/x86_64-redhat-linux/4.4.6/:/usr/lib/gcc/x86_64-redhat-linux/4.4.6/:/usr/lib/gcc/x86_64-redhat-linux/4.4.6/../../../../lib64/:/lib/../lib64/:/usr/lib/../lib64/:/usr/lib/gcc/x86_64-redhat-linux/4.4.6/../../../:/lib/:/usr/lib/]
  ignore line: [COLLECT_GCC_OPTIONS='-v' '-o' 'cmTryCompileExec3200153643' '-rdynamic' '-mtune=generic']
  link line: [ /usr/libexec/gcc/x86_64-redhat-linux/4.4.6/collect2 --eh-frame-hdr --build-id -m elf_x86_64 --hash-style=gnu -export-dynamic -dynamic-linker /lib64/ld-linux-x86-64.so.2 -o cmTryCompileExec3200153643 /usr/lib/gcc/x86_64-redhat-linux/4.4.6/../../../../lib64/crt1.o /usr/lib/gcc/x86_64-redhat-linux/4.4.6/../../../../lib64/crti.o /usr/lib/gcc/x86_64-redhat-linux/4.4.6/crtbegin.o -L/usr/lib/gcc/x86_64-redhat-linux/4.4.6 -L/usr/lib/gcc/x86_64-redhat-linux/4.4.6 -L/usr/lib/gcc/x86_64-redhat-linux/4.4.6/../../../../lib64 -L/lib/../lib64 -L/usr/lib/../lib64 -L/usr/lib/gcc/x86_64-redhat-linux/4.4.6/../../.. CMakeFiles/cmTryCompileExec3200153643.dir/CMakeCCompilerABI.c.o -lgcc --as-needed -lgcc_s --no-as-needed -lc -lgcc --as-needed -lgcc_s --no-as-needed /usr/lib/gcc/x86_64-redhat-linux/4.4.6/crtend.o /usr/lib/gcc/x86_64-redhat-linux/4.4.6/../../../../lib64/crtn.o]
    arg [/usr/libexec/gcc/x86_64-redhat-linux/4.4.6/collect2] ==> ignore
    arg [--eh-frame-hdr] ==> ignore
    arg [--build-id] ==> ignore
    arg [-m] ==> ignore
    arg [elf_x86_64] ==> ignore
    arg [--hash-style=gnu] ==> ignore
    arg [-export-dynamic] ==> ignore
    arg [-dynamic-linker] ==> ignore
    arg [/lib64/ld-linux-x86-64.so.2] ==> ignore
    arg [-o] ==> ignore
    arg [cmTryCompileExec3200153643] ==> ignore
    arg [/usr/lib/gcc/x86_64-redhat-linux/4.4.6/../../../../lib64/crt1.o] ==> ignore
    arg [/usr/lib/gcc/x86_64-redhat-linux/4.4.6/../../../../lib64/crti.o] ==> ignore
    arg [/usr/lib/gcc/x86_64-redhat-linux/4.4.6/crtbegin.o] ==> ignore
    arg [-L/usr/lib/gcc/x86_64-redhat-linux/4.4.6] ==> dir [/usr/lib/gcc/x86_64-redhat-linux/4.4.6]
    arg [-L/usr/lib/gcc/x86_64-redhat-linux/4.4.6] ==> dir [/usr/lib/gcc/x86_64-redhat-linux/4.4.6]
    arg [-L/usr/lib/gcc/x86_64-redhat-linux/4.4.6/../../../../lib64] ==> dir [/usr/lib/gcc/x86_64-redhat-linux/4.4.6/../../../../lib64]
    arg [-L/lib/../lib64] ==> dir [/lib/../lib64]
    arg [-L/usr/lib/../lib64] ==> dir [/usr/lib/../lib64]
    arg [-L/usr/lib/gcc/x86_64-redhat-linux/4.4.6/../../..] ==> dir [/usr/lib/gcc/x86_64-redhat-linux/4.4.6/../../..]
    arg [CMakeFiles/cmTryCompileExec3200153643.dir/CMakeCCompilerABI.c.o] ==> ignore
    arg [-lgcc] ==> lib [gcc]
    arg [--as-needed] ==> ignore
    arg [-lgcc_s] ==> lib [gcc_s]
    arg [--no-as-needed] ==> ignore
    arg [-lc] ==> lib [c]
    arg [-lgcc] ==> lib [gcc]
    arg [--as-needed] ==> ignore
    arg [-lgcc_s] ==> lib [gcc_s]
    arg [--no-as-needed] ==> ignore
    arg [/usr/lib/gcc/x86_64-redhat-linux/4.4.6/crtend.o] ==> ignore
    arg [/usr/lib/gcc/x86_64-redhat-linux/4.4.6/../../../../lib64/crtn.o] ==> ignore
  remove lib [gcc]
  remove lib [gcc_s]
  remove lib [gcc]
  remove lib [gcc_s]
  collapse dir [/usr/lib/gcc/x86_64-redhat-linux/4.4.6] ==> [/usr/lib/gcc/x86_64-redhat-linux/4.4.6]
  collapse dir [/usr/lib/gcc/x86_64-redhat-linux/4.4.6] ==> [/usr/lib/gcc/x86_64-redhat-linux/4.4.6]
  collapse dir [/usr/lib/gcc/x86_64-redhat-linux/4.4.6/../../../../lib64] ==> [/usr/lib64]
  collapse dir [/lib/../lib64] ==> [/lib64]
  collapse dir [/usr/lib/../lib64] ==> [/usr/lib64]
  collapse dir [/usr/lib/gcc/x86_64-redhat-linux/4.4.6/../../..] ==> [/usr/lib]
  implicit libs: [c]
  implicit dirs: [/usr/lib/gcc/x86_64-redhat-linux/4.4.6;/usr/lib64;/lib64;/usr/lib]


Determining if the CXX compiler works passed with the following output:
Change Dir: /workspace/cvcsoft/TexMol/release/third-party/hdf5_proj-prefix/src/hdf5_proj-build/CMakeFiles/CMakeTmp

Run Build Command:/usr/bin/gmake "cmTryCompileExec456699603/fast"
gmake[3]: Entering directory `/workspace/cvcsoft/TexMol/release/third-party/hdf5_proj-prefix/src/hdf5_proj-build/CMakeFiles/CMakeTmp'
/usr/bin/gmake -f CMakeFiles/cmTryCompileExec456699603.dir/build.make CMakeFiles/cmTryCompileExec456699603.dir/build
gmake[4]: Entering directory `/workspace/cvcsoft/TexMol/release/third-party/hdf5_proj-prefix/src/hdf5_proj-build/CMakeFiles/CMakeTmp'
/opt/apps/ossw/applications/cmake/cmake-2.8.9/sl6/bin/cmake -E cmake_progress_report /workspace/cvcsoft/TexMol/release/third-party/hdf5_proj-prefix/src/hdf5_proj-build/CMakeFiles/CMakeTmp/CMakeFiles 1
Building CXX object CMakeFiles/cmTryCompileExec456699603.dir/testCXXCompiler.cxx.o
/usr/bin/c++     -o CMakeFiles/cmTryCompileExec456699603.dir/testCXXCompiler.cxx.o -c /workspace/cvcsoft/TexMol/release/third-party/hdf5_proj-prefix/src/hdf5_proj-build/CMakeFiles/CMakeTmp/testCXXCompiler.cxx
Linking CXX executable cmTryCompileExec456699603
/opt/apps/ossw/applications/cmake/cmake-2.8.9/sl6/bin/cmake -E cmake_link_script CMakeFiles/cmTryCompileExec456699603.dir/link.txt --verbose=1
/usr/bin/c++          CMakeFiles/cmTryCompileExec456699603.dir/testCXXCompiler.cxx.o  -o cmTryCompileExec456699603 -rdynamic 
gmake[4]: Leaving directory `/workspace/cvcsoft/TexMol/release/third-party/hdf5_proj-prefix/src/hdf5_proj-build/CMakeFiles/CMakeTmp'
gmake[3]: Leaving directory `/workspace/cvcsoft/TexMol/release/third-party/hdf5_proj-prefix/src/hdf5_proj-build/CMakeFiles/CMakeTmp'


Detecting CXX compiler ABI info compiled with the following output:
Change Dir: /workspace/cvcsoft/TexMol/release/third-party/hdf5_proj-prefix/src/hdf5_proj-build/CMakeFiles/CMakeTmp

Run Build Command:/usr/bin/gmake "cmTryCompileExec1085891154/fast"
gmake[3]: Entering directory `/workspace/cvcsoft/TexMol/release/third-party/hdf5_proj-prefix/src/hdf5_proj-build/CMakeFiles/CMakeTmp'
/usr/bin/gmake -f CMakeFiles/cmTryCompileExec1085891154.dir/build.make CMakeFiles/cmTryCompileExec1085891154.dir/build
gmake[4]: Entering directory `/workspace/cvcsoft/TexMol/release/third-party/hdf5_proj-prefix/src/hdf5_proj-build/CMakeFiles/CMakeTmp'
/opt/apps/ossw/applications/cmake/cmake-2.8.9/sl6/bin/cmake -E cmake_progress_report /workspace/cvcsoft/TexMol/release/third-party/hdf5_proj-prefix/src/hdf5_proj-build/CMakeFiles/CMakeTmp/CMakeFiles 1
Building CXX object CMakeFiles/cmTryCompileExec1085891154.dir/CMakeCXXCompilerABI.cpp.o
/usr/bin/c++     -o CMakeFiles/cmTryCompileExec1085891154.dir/CMakeCXXCompilerABI.cpp.o -c /opt/apps/ossw/applications/cmake/cmake-2.8.9/sl6/share/cmake-2.8/Modules/CMakeCXXCompilerABI.cpp
Linking CXX executable cmTryCompileExec1085891154
/opt/apps/ossw/applications/cmake/cmake-2.8.9/sl6/bin/cmake -E cmake_link_script CMakeFiles/cmTryCompileExec1085891154.dir/link.txt --verbose=1
/usr/bin/c++        -v CMakeFiles/cmTryCompileExec1085891154.dir/CMakeCXXCompilerABI.cpp.o  -o cmTryCompileExec1085891154 -rdynamic  
Using built-in specs.
Target: x86_64-redhat-linux
Configured with: ../configure --prefix=/usr --mandir=/usr/share/man --infodir=/usr/share/info --with-bugurl=http://bugzilla.redhat.com/bugzilla --enable-bootstrap --enable-shared --enable-threads=posix --enable-checking=release --with-system-zlib --enable-__cxa_atexit --disable-libunwind-exceptions --enable-gnu-unique-object --enable-languages=c,c++,objc,obj-c++,java,fortran,ada --enable-java-awt=gtk --disable-dssi --with-java-home=/usr/lib/jvm/java-1.5.0-gcj-1.5.0.0/jre --enable-libgcj-multifile --enable-java-maintainer-mode --with-ecj-jar=/usr/share/java/eclipse-ecj.jar --disable-libjava-multilib --with-ppl --with-cloog --with-tune=generic --with-arch_32=i686 --build=x86_64-redhat-linux
Thread model: posix
gcc version 4.4.6 20120305 (Red Hat 4.4.6-4) (GCC) 
COMPILER_PATH=/usr/libexec/gcc/x86_64-redhat-linux/4.4.6/:/usr/libexec/gcc/x86_64-redhat-linux/4.4.6/:/usr/libexec/gcc/x86_64-redhat-linux/:/usr/lib/gcc/x86_64-redhat-linux/4.4.6/:/usr/lib/gcc/x86_64-redhat-linux/:/usr/libexec/gcc/x86_64-redhat-linux/4.4.6/:/usr/libexec/gcc/x86_64-redhat-linux/:/usr/lib/gcc/x86_64-redhat-linux/4.4.6/:/usr/lib/gcc/x86_64-redhat-linux/
LIBRARY_PATH=/usr/lib/gcc/x86_64-redhat-linux/4.4.6/:/usr/lib/gcc/x86_64-redhat-linux/4.4.6/:/usr/lib/gcc/x86_64-redhat-linux/4.4.6/../../../../lib64/:/lib/../lib64/:/usr/lib/../lib64/:/usr/lib/gcc/x86_64-redhat-linux/4.4.6/../../../:/lib/:/usr/lib/
COLLECT_GCC_OPTIONS='-v' '-o' 'cmTryCompileExec1085891154' '-rdynamic' '-shared-libgcc' '-mtune=generic'
 /usr/libexec/gcc/x86_64-redhat-linux/4.4.6/collect2 --eh-frame-hdr --build-id -m elf_x86_64 --hash-style=gnu -export-dynamic -dynamic-linker /lib64/ld-linux-x86-64.so.2 -o cmTryCompileExec1085891154 /usr/lib/gcc/x86_64-redhat-linux/4.4.6/../../../../lib64/crt1.o /usr/lib/gcc/x86_64-redhat-linux/4.4.6/../../../../lib64/crti.o /usr/lib/gcc/x86_64-redhat-linux/4.4.6/crtbegin.o -L/usr/lib/gcc/x86_64-redhat-linux/4.4.6 -L/usr/lib/gcc/x86_64-redhat-linux/4.4.6 -L/usr/lib/gcc/x86_64-redhat-linux/4.4.6/../../../../lib64 -L/lib/../lib64 -L/usr/lib/../lib64 -L/usr/lib/gcc/x86_64-redhat-linux/4.4.6/../../.. CMakeFiles/cmTryCompileExec1085891154.dir/CMakeCXXCompilerABI.cpp.o -lstdc++ -lm -lgcc_s -lgcc -lc -lgcc_s -lgcc /usr/lib/gcc/x86_64-redhat-linux/4.4.6/crtend.o /usr/lib/gcc/x86_64-redhat-linux/4.4.6/../../../../lib64/crtn.o
gmake[4]: Leaving directory `/workspace/cvcsoft/TexMol/release/third-party/hdf5_proj-prefix/src/hdf5_proj-build/CMakeFiles/CMakeTmp'
gmake[3]: Leaving directory `/workspace/cvcsoft/TexMol/release/third-party/hdf5_proj-prefix/src/hdf5_proj-build/CMakeFiles/CMakeTmp'


Parsed CXX implicit link information from above output:
  link line regex: [^( *|.*[/\])(ld|ld|collect2)[^/\]*( |$)]
  ignore line: [Change Dir: /workspace/cvcsoft/TexMol/release/third-party/hdf5_proj-prefix/src/hdf5_proj-build/CMakeFiles/CMakeTmp]
  ignore line: []
  ignore line: [Run Build Command:/usr/bin/gmake "cmTryCompileExec1085891154/fast"]
  ignore line: [gmake[3]: Entering directory `/workspace/cvcsoft/TexMol/release/third-party/hdf5_proj-prefix/src/hdf5_proj-build/CMakeFiles/CMakeTmp']
  ignore line: [/usr/bin/gmake -f CMakeFiles/cmTryCompileExec1085891154.dir/build.make CMakeFiles/cmTryCompileExec1085891154.dir/build]
  ignore line: [gmake[4]: Entering directory `/workspace/cvcsoft/TexMol/release/third-party/hdf5_proj-prefix/src/hdf5_proj-build/CMakeFiles/CMakeTmp']
  ignore line: [/opt/apps/ossw/applications/cmake/cmake-2.8.9/sl6/bin/cmake -E cmake_progress_report /workspace/cvcsoft/TexMol/release/third-party/hdf5_proj-prefix/src/hdf5_proj-build/CMakeFiles/CMakeTmp/CMakeFiles 1]
  ignore line: [Building CXX object CMakeFiles/cmTryCompileExec1085891154.dir/CMakeCXXCompilerABI.cpp.o]
  ignore line: [/usr/bin/c++     -o CMakeFiles/cmTryCompileExec1085891154.dir/CMakeCXXCompilerABI.cpp.o -c /opt/apps/ossw/applications/cmake/cmake-2.8.9/sl6/share/cmake-2.8/Modules/CMakeCXXCompilerABI.cpp]
  ignore line: [Linking CXX executable cmTryCompileExec1085891154]
  ignore line: [/opt/apps/ossw/applications/cmake/cmake-2.8.9/sl6/bin/cmake -E cmake_link_script CMakeFiles/cmTryCompileExec1085891154.dir/link.txt --verbose=1]
  ignore line: [/usr/bin/c++        -v CMakeFiles/cmTryCompileExec1085891154.dir/CMakeCXXCompilerABI.cpp.o  -o cmTryCompileExec1085891154 -rdynamic  ]
  ignore line: [Using built-in specs.]
  ignore line: [Target: x86_64-redhat-linux]
  ignore line: [Configured with: ../configure --prefix=/usr --mandir=/usr/share/man --infodir=/usr/share/info --with-bugurl=http://bugzilla.redhat.com/bugzilla --enable-bootstrap --enable-shared --enable-threads=posix --enable-checking=release --with-system-zlib --enable-__cxa_atexit --disable-libunwind-exceptions --enable-gnu-unique-object --enable-languages=c,c++,objc,obj-c++,java,fortran,ada --enable-java-awt=gtk --disable-dssi --with-java-home=/usr/lib/jvm/java-1.5.0-gcj-1.5.0.0/jre --enable-libgcj-multifile --enable-java-maintainer-mode --with-ecj-jar=/usr/share/java/eclipse-ecj.jar --disable-libjava-multilib --with-ppl --with-cloog --with-tune=generic --with-arch_32=i686 --build=x86_64-redhat-linux]
  ignore line: [Thread model: posix]
  ignore line: [gcc version 4.4.6 20120305 (Red Hat 4.4.6-4) (GCC) ]
  ignore line: [COMPILER_PATH=/usr/libexec/gcc/x86_64-redhat-linux/4.4.6/:/usr/libexec/gcc/x86_64-redhat-linux/4.4.6/:/usr/libexec/gcc/x86_64-redhat-linux/:/usr/lib/gcc/x86_64-redhat-linux/4.4.6/:/usr/lib/gcc/x86_64-redhat-linux/:/usr/libexec/gcc/x86_64-redhat-linux/4.4.6/:/usr/libexec/gcc/x86_64-redhat-linux/:/usr/lib/gcc/x86_64-redhat-linux/4.4.6/:/usr/lib/gcc/x86_64-redhat-linux/]
  ignore line: [LIBRARY_PATH=/usr/lib/gcc/x86_64-redhat-linux/4.4.6/:/usr/lib/gcc/x86_64-redhat-linux/4.4.6/:/usr/lib/gcc/x86_64-redhat-linux/4.4.6/../../../../lib64/:/lib/../lib64/:/usr/lib/../lib64/:/usr/lib/gcc/x86_64-redhat-linux/4.4.6/../../../:/lib/:/usr/lib/]
  ignore line: [COLLECT_GCC_OPTIONS='-v' '-o' 'cmTryCompileExec1085891154' '-rdynamic' '-shared-libgcc' '-mtune=generic']
  link line: [ /usr/libexec/gcc/x86_64-redhat-linux/4.4.6/collect2 --eh-frame-hdr --build-id -m elf_x86_64 --hash-style=gnu -export-dynamic -dynamic-linker /lib64/ld-linux-x86-64.so.2 -o cmTryCompileExec1085891154 /usr/lib/gcc/x86_64-redhat-linux/4.4.6/../../../../lib64/crt1.o /usr/lib/gcc/x86_64-redhat-linux/4.4.6/../../../../lib64/crti.o /usr/lib/gcc/x86_64-redhat-linux/4.4.6/crtbegin.o -L/usr/lib/gcc/x86_64-redhat-linux/4.4.6 -L/usr/lib/gcc/x86_64-redhat-linux/4.4.6 -L/usr/lib/gcc/x86_64-redhat-linux/4.4.6/../../../../lib64 -L/lib/../lib64 -L/usr/lib/../lib64 -L/usr/lib/gcc/x86_64-redhat-linux/4.4.6/../../.. CMakeFiles/cmTryCompileExec1085891154.dir/CMakeCXXCompilerABI.cpp.o -lstdc++ -lm -lgcc_s -lgcc -lc -lgcc_s -lgcc /usr/lib/gcc/x86_64-redhat-linux/4.4.6/crtend.o /usr/lib/gcc/x86_64-redhat-linux/4.4.6/../../../../lib64/crtn.o]
    arg [/usr/libexec/gcc/x86_64-redhat-linux/4.4.6/collect2] ==> ignore
    arg [--eh-frame-hdr] ==> ignore
    arg [--build-id] ==> ignore
    arg [-m] ==> ignore
    arg [elf_x86_64] ==> ignore
    arg [--hash-style=gnu] ==> ignore
    arg [-export-dynamic] ==> ignore
    arg [-dynamic-linker] ==> ignore
    arg [/lib64/ld-linux-x86-64.so.2] ==> ignore
    arg [-o] ==> ignore
    arg [cmTryCompileExec1085891154] ==> ignore
    arg [/usr/lib/gcc/x86_64-redhat-linux/4.4.6/../../../../lib64/crt1.o] ==> ignore
    arg [/usr/lib/gcc/x86_64-redhat-linux/4.4.6/../../../../lib64/crti.o] ==> ignore
    arg [/usr/lib/gcc/x86_64-redhat-linux/4.4.6/crtbegin.o] ==> ignore
    arg [-L/usr/lib/gcc/x86_64-redhat-linux/4.4.6] ==> dir [/usr/lib/gcc/x86_64-redhat-linux/4.4.6]
    arg [-L/usr/lib/gcc/x86_64-redhat-linux/4.4.6] ==> dir [/usr/lib/gcc/x86_64-redhat-linux/4.4.6]
    arg [-L/usr/lib/gcc/x86_64-redhat-linux/4.4.6/../../../../lib64] ==> dir [/usr/lib/gcc/x86_64-redhat-linux/4.4.6/../../../../lib64]
    arg [-L/lib/../lib64] ==> dir [/lib/../lib64]
    arg [-L/usr/lib/../lib64] ==> dir [/usr/lib/../lib64]
    arg [-L/usr/lib/gcc/x86_64-redhat-linux/4.4.6/../../..] ==> dir [/usr/lib/gcc/x86_64-redhat-linux/4.4.6/../../..]
    arg [CMakeFiles/cmTryCompileExec1085891154.dir/CMakeCXXCompilerABI.cpp.o] ==> ignore
    arg [-lstdc++] ==> lib [stdc++]
    arg [-lm] ==> lib [m]
    arg [-lgcc_s] ==> lib [gcc_s]
    arg [-lgcc] ==> lib [gcc]
    arg [-lc] ==> lib [c]
    arg [-lgcc_s] ==> lib [gcc_s]
    arg [-lgcc] ==> lib [gcc]
    arg [/usr/lib/gcc/x86_64-redhat-linux/4.4.6/crtend.o] ==> ignore
    arg [/usr/lib/gcc/x86_64-redhat-linux/4.4.6/../../../../lib64/crtn.o] ==> ignore
  remove lib [gcc_s]
  remove lib [gcc]
  remove lib [gcc_s]
  remove lib [gcc]
  collapse dir [/usr/lib/gcc/x86_64-redhat-linux/4.4.6] ==> [/usr/lib/gcc/x86_64-redhat-linux/4.4.6]
  collapse dir [/usr/lib/gcc/x86_64-redhat-linux/4.4.6] ==> [/usr/lib/gcc/x86_64-redhat-linux/4.4.6]
  collapse dir [/usr/lib/gcc/x86_64-redhat-linux/4.4.6/../../../../lib64] ==> [/usr/lib64]
  collapse dir [/lib/../lib64] ==> [/lib64]
  collapse dir [/usr/lib/../lib64] ==> [/usr/lib64]
  collapse dir [/usr/lib/gcc/x86_64-redhat-linux/4.4.6/../../..] ==> [/usr/lib]
  implicit libs: [stdc++;m;c]
  implicit dirs: [/usr/lib/gcc/x86_64-redhat-linux/4.4.6;/usr/lib64;/lib64;/usr/lib]


Determining if the CXX compiler has std namespace passed with the following output:
Change Dir: /workspace/cvcsoft/TexMol/release/third-party/hdf5_proj-prefix/src/hdf5_proj-build/CMakeFiles/CMakeTmp

Run Build Command:/usr/bin/gmake "cmTryCompileExec3656808248/fast"
gmake[3]: Entering directory `/workspace/cvcsoft/TexMol/release/third-party/hdf5_proj-prefix/src/hdf5_proj-build/CMakeFiles/CMakeTmp'
/usr/bin/gmake -f CMakeFiles/cmTryCompileExec3656808248.dir/build.make CMakeFiles/cmTryCompileExec3656808248.dir/build
gmake[4]: Entering directory `/workspace/cvcsoft/TexMol/release/third-party/hdf5_proj-prefix/src/hdf5_proj-build/CMakeFiles/CMakeTmp'
/opt/apps/ossw/applications/cmake/cmake-2.8.9/sl6/bin/cmake -E cmake_progress_report /workspace/cvcsoft/TexMol/release/third-party/hdf5_proj-prefix/src/hdf5_proj-build/CMakeFiles/CMakeTmp/CMakeFiles 1
Building CXX object CMakeFiles/cmTryCompileExec3656808248.dir/TestForSTDNamespace.cxx.o
/usr/bin/c++     -o CMakeFiles/cmTryCompileExec3656808248.dir/TestForSTDNamespace.cxx.o -c /opt/apps/ossw/applications/cmake/cmake-2.8.9/sl6/share/cmake-2.8/Modules/TestForSTDNamespace.cxx
Linking CXX executable cmTryCompileExec3656808248
/opt/apps/ossw/applications/cmake/cmake-2.8.9/sl6/bin/cmake -E cmake_link_script CMakeFiles/cmTryCompileExec3656808248.dir/link.txt --verbose=1
/usr/bin/c++          CMakeFiles/cmTryCompileExec3656808248.dir/TestForSTDNamespace.cxx.o  -o cmTryCompileExec3656808248 -rdynamic 
gmake[4]: Leaving directory `/workspace/cvcsoft/TexMol/release/third-party/hdf5_proj-prefix/src/hdf5_proj-build/CMakeFiles/CMakeTmp'
gmake[3]: Leaving directory `/workspace/cvcsoft/TexMol/release/third-party/hdf5_proj-prefix/src/hdf5_proj-build/CMakeFiles/CMakeTmp'


Determining if the function ceil exists in the m; passed with the following output:
Change Dir: /workspace/cvcsoft/TexMol/release/third-party/hdf5_proj-prefix/src/hdf5_proj-build/CMakeFiles/CMakeTmp

Run Build Command:/usr/bin/gmake "cmTryCompileExec2711491450/fast"
gmake[3]: Entering directory `/workspace/cvcsoft/TexMol/release/third-party/hdf5_proj-prefix/src/hdf5_proj-build/CMakeFiles/CMakeTmp'
/usr/bin/gmake -f CMakeFiles/cmTryCompileExec2711491450.dir/build.make CMakeFiles/cmTryCompileExec2711491450.dir/build
gmake[4]: Entering directory `/workspace/cvcsoft/TexMol/release/third-party/hdf5_proj-prefix/src/hdf5_proj-build/CMakeFiles/CMakeTmp'
/opt/apps/ossw/applications/cmake/cmake-2.8.9/sl6/bin/cmake -E cmake_progress_report /workspace/cvcsoft/TexMol/release/third-party/hdf5_proj-prefix/src/hdf5_proj-build/CMakeFiles/CMakeTmp/CMakeFiles 1
Building C object CMakeFiles/cmTryCompileExec2711491450.dir/CheckFunctionExists.c.o
/usr/bin/gcc   -DCHECK_FUNCTION_EXISTS=ceil   -o CMakeFiles/cmTryCompileExec2711491450.dir/CheckFunctionExists.c.o   -c /opt/apps/ossw/applications/cmake/cmake-2.8.9/sl6/share/cmake-2.8/Modules/CheckFunctionExists.c
/opt/apps/ossw/applications/cmake/cmake-2.8.9/sl6/share/cmake-2.8/Modules/CheckFunctionExists.c:3: warning: conflicting types for built-in function ‘ceil’
Linking C executable cmTryCompileExec2711491450
/opt/apps/ossw/applications/cmake/cmake-2.8.9/sl6/bin/cmake -E cmake_link_script CMakeFiles/cmTryCompileExec2711491450.dir/link.txt --verbose=1
/usr/bin/gcc     -DCHECK_FUNCTION_EXISTS=ceil    CMakeFiles/cmTryCompileExec2711491450.dir/CheckFunctionExists.c.o  -o cmTryCompileExec2711491450 -rdynamic -lm 
gmake[4]: Leaving directory `/workspace/cvcsoft/TexMol/release/third-party/hdf5_proj-prefix/src/hdf5_proj-build/CMakeFiles/CMakeTmp'
gmake[3]: Leaving directory `/workspace/cvcsoft/TexMol/release/third-party/hdf5_proj-prefix/src/hdf5_proj-build/CMakeFiles/CMakeTmp'


Determining if the function gethostbyname exists in the c passed with the following output:
Change Dir: /workspace/cvcsoft/TexMol/release/third-party/hdf5_proj-prefix/src/hdf5_proj-build/CMakeFiles/CMakeTmp

Run Build Command:/usr/bin/gmake "cmTryCompileExec2007936352/fast"
gmake[3]: Entering directory `/workspace/cvcsoft/TexMol/release/third-party/hdf5_proj-prefix/src/hdf5_proj-build/CMakeFiles/CMakeTmp'
/usr/bin/gmake -f CMakeFiles/cmTryCompileExec2007936352.dir/build.make CMakeFiles/cmTryCompileExec2007936352.dir/build
gmake[4]: Entering directory `/workspace/cvcsoft/TexMol/release/third-party/hdf5_proj-prefix/src/hdf5_proj-build/CMakeFiles/CMakeTmp'
/opt/apps/ossw/applications/cmake/cmake-2.8.9/sl6/bin/cmake -E cmake_progress_report /workspace/cvcsoft/TexMol/release/third-party/hdf5_proj-prefix/src/hdf5_proj-build/CMakeFiles/CMakeTmp/CMakeFiles 1
Building C object CMakeFiles/cmTryCompileExec2007936352.dir/CheckFunctionExists.c.o
/usr/bin/gcc   -DCHECK_FUNCTION_EXISTS=gethostbyname   -o CMakeFiles/cmTryCompileExec2007936352.dir/CheckFunctionExists.c.o   -c /opt/apps/ossw/applications/cmake/cmake-2.8.9/sl6/share/cmake-2.8/Modules/CheckFunctionExists.c
Linking C executable cmTryCompileExec2007936352
/opt/apps/ossw/applications/cmake/cmake-2.8.9/sl6/bin/cmake -E cmake_link_script CMakeFiles/cmTryCompileExec2007936352.dir/link.txt --verbose=1
/usr/bin/gcc     -DCHECK_FUNCTION_EXISTS=gethostbyname    CMakeFiles/cmTryCompileExec2007936352.dir/CheckFunctionExists.c.o  -o cmTryCompileExec2007936352 -rdynamic -lc 
gmake[4]: Leaving directory `/workspace/cvcsoft/TexMol/release/third-party/hdf5_proj-prefix/src/hdf5_proj-build/CMakeFiles/CMakeTmp'
gmake[3]: Leaving directory `/workspace/cvcsoft/TexMol/release/third-party/hdf5_proj-prefix/src/hdf5_proj-build/CMakeFiles/CMakeTmp'


Determining if the include file sys/types.h exists passed with the following output:
Change Dir: /workspace/cvcsoft/TexMol/release/third-party/hdf5_proj-prefix/src/hdf5_proj-build/CMakeFiles/CMakeTmp

Run Build Command:/usr/bin/gmake "cmTryCompileExec3545476019/fast"
gmake[3]: Entering directory `/workspace/cvcsoft/TexMol/release/third-party/hdf5_proj-prefix/src/hdf5_proj-build/CMakeFiles/CMakeTmp'
/usr/bin/gmake -f CMakeFiles/cmTryCompileExec3545476019.dir/build.make CMakeFiles/cmTryCompileExec3545476019.dir/build
gmake[4]: Entering directory `/workspace/cvcsoft/TexMol/release/third-party/hdf5_proj-prefix/src/hdf5_proj-build/CMakeFiles/CMakeTmp'
/opt/apps/ossw/applications/cmake/cmake-2.8.9/sl6/bin/cmake -E cmake_progress_report /workspace/cvcsoft/TexMol/release/third-party/hdf5_proj-prefix/src/hdf5_proj-build/CMakeFiles/CMakeTmp/CMakeFiles 1
Building C object CMakeFiles/cmTryCompileExec3545476019.dir/CheckIncludeFile.c.o
/usr/bin/gcc    -o CMakeFiles/cmTryCompileExec3545476019.dir/CheckIncludeFile.c.o   -c /workspace/cvcsoft/TexMol/release/third-party/hdf5_proj-prefix/src/hdf5_proj-build/CMakeFiles/CMakeTmp/CheckIncludeFile.c
Linking C executable cmTryCompileExec3545476019
/opt/apps/ossw/applications/cmake/cmake-2.8.9/sl6/bin/cmake -E cmake_link_script CMakeFiles/cmTryCompileExec3545476019.dir/link.txt --verbose=1
/usr/bin/gcc         CMakeFiles/cmTryCompileExec3545476019.dir/CheckIncludeFile.c.o  -o cmTryCompileExec3545476019 -rdynamic 
gmake[4]: Leaving directory `/workspace/cvcsoft/TexMol/release/third-party/hdf5_proj-prefix/src/hdf5_proj-build/CMakeFiles/CMakeTmp'
gmake[3]: Leaving directory `/workspace/cvcsoft/TexMol/release/third-party/hdf5_proj-prefix/src/hdf5_proj-build/CMakeFiles/CMakeTmp'


Determining if the include file stdint.h exists passed with the following output:
Change Dir: /workspace/cvcsoft/TexMol/release/third-party/hdf5_proj-prefix/src/hdf5_proj-build/CMakeFiles/CMakeTmp

Run Build Command:/usr/bin/gmake "cmTryCompileExec353052240/fast"
gmake[3]: Entering directory `/workspace/cvcsoft/TexMol/release/third-party/hdf5_proj-prefix/src/hdf5_proj-build/CMakeFiles/CMakeTmp'
/usr/bin/gmake -f CMakeFiles/cmTryCompileExec353052240.dir/build.make CMakeFiles/cmTryCompileExec353052240.dir/build
gmake[4]: Entering directory `/workspace/cvcsoft/TexMol/release/third-party/hdf5_proj-prefix/src/hdf5_proj-build/CMakeFiles/CMakeTmp'
/opt/apps/ossw/applications/cmake/cmake-2.8.9/sl6/bin/cmake -E cmake_progress_report /workspace/cvcsoft/TexMol/release/third-party/hdf5_proj-prefix/src/hdf5_proj-build/CMakeFiles/CMakeTmp/CMakeFiles 1
Building C object CMakeFiles/cmTryCompileExec353052240.dir/CheckIncludeFile.c.o
/usr/bin/gcc    -o CMakeFiles/cmTryCompileExec353052240.dir/CheckIncludeFile.c.o   -c /workspace/cvcsoft/TexMol/release/third-party/hdf5_proj-prefix/src/hdf5_proj-build/CMakeFiles/CMakeTmp/CheckIncludeFile.c
Linking C executable cmTryCompileExec353052240
/opt/apps/ossw/applications/cmake/cmake-2.8.9/sl6/bin/cmake -E cmake_link_script CMakeFiles/cmTryCompileExec353052240.dir/link.txt --verbose=1
/usr/bin/gcc         CMakeFiles/cmTryCompileExec353052240.dir/CheckIncludeFile.c.o  -o cmTryCompileExec353052240 -rdynamic 
gmake[4]: Leaving directory `/workspace/cvcsoft/TexMol/release/third-party/hdf5_proj-prefix/src/hdf5_proj-build/CMakeFiles/CMakeTmp'
gmake[3]: Leaving directory `/workspace/cvcsoft/TexMol/release/third-party/hdf5_proj-prefix/src/hdf5_proj-build/CMakeFiles/CMakeTmp'


Determining if the include file stddef.h exists passed with the following output:
Change Dir: /workspace/cvcsoft/TexMol/release/third-party/hdf5_proj-prefix/src/hdf5_proj-build/CMakeFiles/CMakeTmp

Run Build Command:/usr/bin/gmake "cmTryCompileExec2655220606/fast"
gmake[3]: Entering directory `/workspace/cvcsoft/TexMol/release/third-party/hdf5_proj-prefix/src/hdf5_proj-build/CMakeFiles/CMakeTmp'
/usr/bin/gmake -f CMakeFiles/cmTryCompileExec2655220606.dir/build.make CMakeFiles/cmTryCompileExec2655220606.dir/build
gmake[4]: Entering directory `/workspace/cvcsoft/TexMol/release/third-party/hdf5_proj-prefix/src/hdf5_proj-build/CMakeFiles/CMakeTmp'
/opt/apps/ossw/applications/cmake/cmake-2.8.9/sl6/bin/cmake -E cmake_progress_report /workspace/cvcsoft/TexMol/release/third-party/hdf5_proj-prefix/src/hdf5_proj-build/CMakeFiles/CMakeTmp/CMakeFiles 1
Building C object CMakeFiles/cmTryCompileExec2655220606.dir/CheckIncludeFile.c.o
/usr/bin/gcc    -o CMakeFiles/cmTryCompileExec2655220606.dir/CheckIncludeFile.c.o   -c /workspace/cvcsoft/TexMol/release/third-party/hdf5_proj-prefix/src/hdf5_proj-build/CMakeFiles/CMakeTmp/CheckIncludeFile.c
Linking C executable cmTryCompileExec2655220606
/opt/apps/ossw/applications/cmake/cmake-2.8.9/sl6/bin/cmake -E cmake_link_script CMakeFiles/cmTryCompileExec2655220606.dir/link.txt --verbose=1
/usr/bin/gcc         CMakeFiles/cmTryCompileExec2655220606.dir/CheckIncludeFile.c.o  -o cmTryCompileExec2655220606 -rdynamic 
gmake[4]: Leaving directory `/workspace/cvcsoft/TexMol/release/third-party/hdf5_proj-prefix/src/hdf5_proj-build/CMakeFiles/CMakeTmp'
gmake[3]: Leaving directory `/workspace/cvcsoft/TexMol/release/third-party/hdf5_proj-prefix/src/hdf5_proj-build/CMakeFiles/CMakeTmp'


Determining size of unsigned short passed with the following output:
Change Dir: /workspace/cvcsoft/TexMol/release/third-party/hdf5_proj-prefix/src/hdf5_proj-build/CMakeFiles/CMakeTmp

Run Build Command:/usr/bin/gmake "cmTryCompileExec969812791/fast"
gmake[3]: Entering directory `/workspace/cvcsoft/TexMol/release/third-party/hdf5_proj-prefix/src/hdf5_proj-build/CMakeFiles/CMakeTmp'
/usr/bin/gmake -f CMakeFiles/cmTryCompileExec969812791.dir/build.make CMakeFiles/cmTryCompileExec969812791.dir/build
gmake[4]: Entering directory `/workspace/cvcsoft/TexMol/release/third-party/hdf5_proj-prefix/src/hdf5_proj-build/CMakeFiles/CMakeTmp'
/opt/apps/ossw/applications/cmake/cmake-2.8.9/sl6/bin/cmake -E cmake_progress_report /workspace/cvcsoft/TexMol/release/third-party/hdf5_proj-prefix/src/hdf5_proj-build/CMakeFiles/CMakeTmp/CMakeFiles 1
Building C object CMakeFiles/cmTryCompileExec969812791.dir/CMAKE_SIZEOF_UNSIGNED_SHORT.c.o
/usr/bin/gcc    -o CMakeFiles/cmTryCompileExec969812791.dir/CMAKE_SIZEOF_UNSIGNED_SHORT.c.o   -c /workspace/cvcsoft/TexMol/release/third-party/hdf5_proj-prefix/src/hdf5_proj-build/CMakeFiles/CheckTypeSize/CMAKE_SIZEOF_UNSIGNED_SHORT.c
Linking C executable cmTryCompileExec969812791
/opt/apps/ossw/applications/cmake/cmake-2.8.9/sl6/bin/cmake -E cmake_link_script CMakeFiles/cmTryCompileExec969812791.dir/link.txt --verbose=1
/usr/bin/gcc         CMakeFiles/cmTryCompileExec969812791.dir/CMAKE_SIZEOF_UNSIGNED_SHORT.c.o  -o cmTryCompileExec969812791 -rdynamic -lm 
gmake[4]: Leaving directory `/workspace/cvcsoft/TexMol/release/third-party/hdf5_proj-prefix/src/hdf5_proj-build/CMakeFiles/CMakeTmp'
gmake[3]: Leaving directory `/workspace/cvcsoft/TexMol/release/third-party/hdf5_proj-prefix/src/hdf5_proj-build/CMakeFiles/CMakeTmp'


Determining if the function difftime exists passed with the following output:
Change Dir: /workspace/cvcsoft/TexMol/release/third-party/hdf5_proj-prefix/src/hdf5_proj-build/CMakeFiles/CMakeTmp

Run Build Command:/usr/bin/gmake "cmTryCompileExec2643681738/fast"
gmake[3]: Entering directory `/workspace/cvcsoft/TexMol/release/third-party/hdf5_proj-prefix/src/hdf5_proj-build/CMakeFiles/CMakeTmp'
/usr/bin/gmake -f CMakeFiles/cmTryCompileExec2643681738.dir/build.make CMakeFiles/cmTryCompileExec2643681738.dir/build
gmake[4]: Entering directory `/workspace/cvcsoft/TexMol/release/third-party/hdf5_proj-prefix/src/hdf5_proj-build/CMakeFiles/CMakeTmp'
/opt/apps/ossw/applications/cmake/cmake-2.8.9/sl6/bin/cmake -E cmake_progress_report /workspace/cvcsoft/TexMol/release/third-party/hdf5_proj-prefix/src/hdf5_proj-build/CMakeFiles/CMakeTmp/CMakeFiles 1
Building C object CMakeFiles/cmTryCompileExec2643681738.dir/CheckFunctionExists.c.o
/usr/bin/gcc   -DCHECK_FUNCTION_EXISTS=difftime   -o CMakeFiles/cmTryCompileExec2643681738.dir/CheckFunctionExists.c.o   -c /opt/apps/ossw/applications/cmake/cmake-2.8.9/sl6/share/cmake-2.8/Modules/CheckFunctionExists.c
Linking C executable cmTryCompileExec2643681738
/opt/apps/ossw/applications/cmake/cmake-2.8.9/sl6/bin/cmake -E cmake_link_script CMakeFiles/cmTryCompileExec2643681738.dir/link.txt --verbose=1
/usr/bin/gcc     -DCHECK_FUNCTION_EXISTS=difftime    CMakeFiles/cmTryCompileExec2643681738.dir/CheckFunctionExists.c.o  -o cmTryCompileExec2643681738 -rdynamic -lm 
gmake[4]: Leaving directory `/workspace/cvcsoft/TexMol/release/third-party/hdf5_proj-prefix/src/hdf5_proj-build/CMakeFiles/CMakeTmp'
gmake[3]: Leaving directory `/workspace/cvcsoft/TexMol/release/third-party/hdf5_proj-prefix/src/hdf5_proj-build/CMakeFiles/CMakeTmp'


Determining if the function clock_gettime exists in the rt passed with the following output:
Change Dir: /workspace/cvcsoft/TexMol/release/third-party/hdf5_proj-prefix/src/hdf5_proj-build/CMakeFiles/CMakeTmp

Run Build Command:/usr/bin/gmake "cmTryCompileExec3685591491/fast"
gmake[3]: Entering directory `/workspace/cvcsoft/TexMol/release/third-party/hdf5_proj-prefix/src/hdf5_proj-build/CMakeFiles/CMakeTmp'
/usr/bin/gmake -f CMakeFiles/cmTryCompileExec3685591491.dir/build.make CMakeFiles/cmTryCompileExec3685591491.dir/build
gmake[4]: Entering directory `/workspace/cvcsoft/TexMol/release/third-party/hdf5_proj-prefix/src/hdf5_proj-build/CMakeFiles/CMakeTmp'
/opt/apps/ossw/applications/cmake/cmake-2.8.9/sl6/bin/cmake -E cmake_progress_report /workspace/cvcsoft/TexMol/release/third-party/hdf5_proj-prefix/src/hdf5_proj-build/CMakeFiles/CMakeTmp/CMakeFiles 1
Building C object CMakeFiles/cmTryCompileExec3685591491.dir/CheckFunctionExists.c.o
/usr/bin/gcc   -DCHECK_FUNCTION_EXISTS=clock_gettime   -o CMakeFiles/cmTryCompileExec3685591491.dir/CheckFunctionExists.c.o   -c /opt/apps/ossw/applications/cmake/cmake-2.8.9/sl6/share/cmake-2.8/Modules/CheckFunctionExists.c
Linking C executable cmTryCompileExec3685591491
/opt/apps/ossw/applications/cmake/cmake-2.8.9/sl6/bin/cmake -E cmake_link_script CMakeFiles/cmTryCompileExec3685591491.dir/link.txt --verbose=1
/usr/bin/gcc     -DCHECK_FUNCTION_EXISTS=clock_gettime    CMakeFiles/cmTryCompileExec3685591491.dir/CheckFunctionExists.c.o  -o cmTryCompileExec3685591491 -rdynamic -lrt -lm 
gmake[4]: Leaving directory `/workspace/cvcsoft/TexMol/release/third-party/hdf5_proj-prefix/src/hdf5_proj-build/CMakeFiles/CMakeTmp'
gmake[3]: Leaving directory `/workspace/cvcsoft/TexMol/release/third-party/hdf5_proj-prefix/src/hdf5_proj-build/CMakeFiles/CMakeTmp'


Determining if files ;sys/resource.h exist passed with the following output:
Change Dir: /workspace/cvcsoft/TexMol/release/third-party/hdf5_proj-prefix/src/hdf5_proj-build/CMakeFiles/CMakeTmp

Run Build Command:/usr/bin/gmake "cmTryCompileExec2808335077/fast"
gmake[3]: Entering directory `/workspace/cvcsoft/TexMol/release/third-party/hdf5_proj-prefix/src/hdf5_proj-build/CMakeFiles/CMakeTmp'
/usr/bin/gmake -f CMakeFiles/cmTryCompileExec2808335077.dir/build.make CMakeFiles/cmTryCompileExec2808335077.dir/build
gmake[4]: Entering directory `/workspace/cvcsoft/TexMol/release/third-party/hdf5_proj-prefix/src/hdf5_proj-build/CMakeFiles/CMakeTmp'
/opt/apps/ossw/applications/cmake/cmake-2.8.9/sl6/bin/cmake -E cmake_progress_report /workspace/cvcsoft/TexMol/release/third-party/hdf5_proj-prefix/src/hdf5_proj-build/CMakeFiles/CMakeTmp/CMakeFiles 1
Building C object CMakeFiles/cmTryCompileExec2808335077.dir/CheckIncludeFiles.c.o
/usr/bin/gcc    -o CMakeFiles/cmTryCompileExec2808335077.dir/CheckIncludeFiles.c.o   -c /workspace/cvcsoft/TexMol/release/third-party/hdf5_proj-prefix/src/hdf5_proj-build/CMakeFiles/CMakeTmp/CheckIncludeFiles.c
Linking C executable cmTryCompileExec2808335077
/opt/apps/ossw/applications/cmake/cmake-2.8.9/sl6/bin/cmake -E cmake_link_script CMakeFiles/cmTryCompileExec2808335077.dir/link.txt --verbose=1
/usr/bin/gcc         CMakeFiles/cmTryCompileExec2808335077.dir/CheckIncludeFiles.c.o  -o cmTryCompileExec2808335077 -rdynamic 
gmake[4]: Leaving directory `/workspace/cvcsoft/TexMol/release/third-party/hdf5_proj-prefix/src/hdf5_proj-build/CMakeFiles/CMakeTmp'
gmake[3]: Leaving directory `/workspace/cvcsoft/TexMol/release/third-party/hdf5_proj-prefix/src/hdf5_proj-build/CMakeFiles/CMakeTmp'


Determining if files sys/resource.h;sys/time.h exist passed with the following output:
Change Dir: /workspace/cvcsoft/TexMol/release/third-party/hdf5_proj-prefix/src/hdf5_proj-build/CMakeFiles/CMakeTmp

Run Build Command:/usr/bin/gmake "cmTryCompileExec2111627119/fast"
gmake[3]: Entering directory `/workspace/cvcsoft/TexMol/release/third-party/hdf5_proj-prefix/src/hdf5_proj-build/CMakeFiles/CMakeTmp'
/usr/bin/gmake -f CMakeFiles/cmTryCompileExec2111627119.dir/build.make CMakeFiles/cmTryCompileExec2111627119.dir/build
gmake[4]: Entering directory `/workspace/cvcsoft/TexMol/release/third-party/hdf5_proj-prefix/src/hdf5_proj-build/CMakeFiles/CMakeTmp'
/opt/apps/ossw/applications/cmake/cmake-2.8.9/sl6/bin/cmake -E cmake_progress_report /workspace/cvcsoft/TexMol/release/third-party/hdf5_proj-prefix/src/hdf5_proj-build/CMakeFiles/CMakeTmp/CMakeFiles 1
Building C object CMakeFiles/cmTryCompileExec2111627119.dir/CheckIncludeFiles.c.o
/usr/bin/gcc    -o CMakeFiles/cmTryCompileExec2111627119.dir/CheckIncludeFiles.c.o   -c /workspace/cvcsoft/TexMol/release/third-party/hdf5_proj-prefix/src/hdf5_proj-build/CMakeFiles/CMakeTmp/CheckIncludeFiles.c
Linking C executable cmTryCompileExec2111627119
/opt/apps/ossw/applications/cmake/cmake-2.8.9/sl6/bin/cmake -E cmake_link_script CMakeFiles/cmTryCompileExec2111627119.dir/link.txt --verbose=1
/usr/bin/gcc         CMakeFiles/cmTryCompileExec2111627119.dir/CheckIncludeFiles.c.o  -o cmTryCompileExec2111627119 -rdynamic 
gmake[4]: Leaving directory `/workspace/cvcsoft/TexMol/release/third-party/hdf5_proj-prefix/src/hdf5_proj-build/CMakeFiles/CMakeTmp'
gmake[3]: Leaving directory `/workspace/cvcsoft/TexMol/release/third-party/hdf5_proj-prefix/src/hdf5_proj-build/CMakeFiles/CMakeTmp'


Determining if files sys/resource.h;sys/time.h;unistd.h exist passed with the following output:
Change Dir: /workspace/cvcsoft/TexMol/release/third-party/hdf5_proj-prefix/src/hdf5_proj-build/CMakeFiles/CMakeTmp

Run Build Command:/usr/bin/gmake "cmTryCompileExec3412915193/fast"
gmake[3]: Entering directory `/workspace/cvcsoft/TexMol/release/third-party/hdf5_proj-prefix/src/hdf5_proj-build/CMakeFiles/CMakeTmp'
/usr/bin/gmake -f CMakeFiles/cmTryCompileExec3412915193.dir/build.make CMakeFiles/cmTryCompileExec3412915193.dir/build
gmake[4]: Entering directory `/workspace/cvcsoft/TexMol/release/third-party/hdf5_proj-prefix/src/hdf5_proj-build/CMakeFiles/CMakeTmp'
/opt/apps/ossw/applications/cmake/cmake-2.8.9/sl6/bin/cmake -E cmake_progress_report /workspace/cvcsoft/TexMol/release/third-party/hdf5_proj-prefix/src/hdf5_proj-build/CMakeFiles/CMakeTmp/CMakeFiles 1
Building C object CMakeFiles/cmTryCompileExec3412915193.dir/CheckIncludeFiles.c.o
/usr/bin/gcc    -o CMakeFiles/cmTryCompileExec3412915193.dir/CheckIncludeFiles.c.o   -c /workspace/cvcsoft/TexMol/release/third-party/hdf5_proj-prefix/src/hdf5_proj-build/CMakeFiles/CMakeTmp/CheckIncludeFiles.c
Linking C executable cmTryCompileExec3412915193
/opt/apps/ossw/applications/cmake/cmake-2.8.9/sl6/bin/cmake -E cmake_link_script CMakeFiles/cmTryCompileExec3412915193.dir/link.txt --verbose=1
/usr/bin/gcc         CMakeFiles/cmTryCompileExec3412915193.dir/CheckIncludeFiles.c.o  -o cmTryCompileExec3412915193 -rdynamic 
gmake[4]: Leaving directory `/workspace/cvcsoft/TexMol/release/third-party/hdf5_proj-prefix/src/hdf5_proj-build/CMakeFiles/CMakeTmp'
gmake[3]: Leaving directory `/workspace/cvcsoft/TexMol/release/third-party/hdf5_proj-prefix/src/hdf5_proj-build/CMakeFiles/CMakeTmp'


Determining if files sys/resource.h;sys/time.h;unistd.h;sys/ioctl.h exist passed with the following output:
Change Dir: /workspace/cvcsoft/TexMol/release/third-party/hdf5_proj-prefix/src/hdf5_proj-build/CMakeFiles/CMakeTmp

Run Build Command:/usr/bin/gmake "cmTryCompileExec889385343/fast"
gmake[3]: Entering directory `/workspace/cvcsoft/TexMol/release/third-party/hdf5_proj-prefix/src/hdf5_proj-build/CMakeFiles/CMakeTmp'
/usr/bin/gmake -f CMakeFiles/cmTryCompileExec889385343.dir/build.make CMakeFiles/cmTryCompileExec889385343.dir/build
gmake[4]: Entering directory `/workspace/cvcsoft/TexMol/release/third-party/hdf5_proj-prefix/src/hdf5_proj-build/CMakeFiles/CMakeTmp'
/opt/apps/ossw/applications/cmake/cmake-2.8.9/sl6/bin/cmake -E cmake_progress_report /workspace/cvcsoft/TexMol/release/third-party/hdf5_proj-prefix/src/hdf5_proj-build/CMakeFiles/CMakeTmp/CMakeFiles 1
Building C object CMakeFiles/cmTryCompileExec889385343.dir/CheckIncludeFiles.c.o
/usr/bin/gcc    -o CMakeFiles/cmTryCompileExec889385343.dir/CheckIncludeFiles.c.o   -c /workspace/cvcsoft/TexMol/release/third-party/hdf5_proj-prefix/src/hdf5_proj-build/CMakeFiles/CMakeTmp/CheckIncludeFiles.c
Linking C executable cmTryCompileExec889385343
/opt/apps/ossw/applications/cmake/cmake-2.8.9/sl6/bin/cmake -E cmake_link_script CMakeFiles/cmTryCompileExec889385343.dir/link.txt --verbose=1
/usr/bin/gcc         CMakeFiles/cmTryCompileExec889385343.dir/CheckIncludeFiles.c.o  -o cmTryCompileExec889385343 -rdynamic 
gmake[4]: Leaving directory `/workspace/cvcsoft/TexMol/release/third-party/hdf5_proj-prefix/src/hdf5_proj-build/CMakeFiles/CMakeTmp'
gmake[3]: Leaving directory `/workspace/cvcsoft/TexMol/release/third-party/hdf5_proj-prefix/src/hdf5_proj-build/CMakeFiles/CMakeTmp'


Determining if files sys/resource.h;sys/time.h;unistd.h;sys/ioctl.h;sys/stat.h exist passed with the following output:
Change Dir: /workspace/cvcsoft/TexMol/release/third-party/hdf5_proj-prefix/src/hdf5_proj-build/CMakeFiles/CMakeTmp

Run Build Command:/usr/bin/gmake "cmTryCompileExec2159702226/fast"
gmake[3]: Entering directory `/workspace/cvcsoft/TexMol/release/third-party/hdf5_proj-prefix/src/hdf5_proj-build/CMakeFiles/CMakeTmp'
/usr/bin/gmake -f CMakeFiles/cmTryCompileExec2159702226.dir/build.make CMakeFiles/cmTryCompileExec2159702226.dir/build
gmake[4]: Entering directory `/workspace/cvcsoft/TexMol/release/third-party/hdf5_proj-prefix/src/hdf5_proj-build/CMakeFiles/CMakeTmp'
/opt/apps/ossw/applications/cmake/cmake-2.8.9/sl6/bin/cmake -E cmake_progress_report /workspace/cvcsoft/TexMol/release/third-party/hdf5_proj-prefix/src/hdf5_proj-build/CMakeFiles/CMakeTmp/CMakeFiles 1
Building C object CMakeFiles/cmTryCompileExec2159702226.dir/CheckIncludeFiles.c.o
/usr/bin/gcc    -o CMakeFiles/cmTryCompileExec2159702226.dir/CheckIncludeFiles.c.o   -c /workspace/cvcsoft/TexMol/release/third-party/hdf5_proj-prefix/src/hdf5_proj-build/CMakeFiles/CMakeTmp/CheckIncludeFiles.c
Linking C executable cmTryCompileExec2159702226
/opt/apps/ossw/applications/cmake/cmake-2.8.9/sl6/bin/cmake -E cmake_link_script CMakeFiles/cmTryCompileExec2159702226.dir/link.txt --verbose=1
/usr/bin/gcc         CMakeFiles/cmTryCompileExec2159702226.dir/CheckIncludeFiles.c.o  -o cmTryCompileExec2159702226 -rdynamic 
gmake[4]: Leaving directory `/workspace/cvcsoft/TexMol/release/third-party/hdf5_proj-prefix/src/hdf5_proj-build/CMakeFiles/CMakeTmp'
gmake[3]: Leaving directory `/workspace/cvcsoft/TexMol/release/third-party/hdf5_proj-prefix/src/hdf5_proj-build/CMakeFiles/CMakeTmp'


Determining if files sys/resource.h;sys/time.h;unistd.h;sys/ioctl.h;sys/stat.h;sys/socket.h exist passed with the following output:
Change Dir: /workspace/cvcsoft/TexMol/release/third-party/hdf5_proj-prefix/src/hdf5_proj-build/CMakeFiles/CMakeTmp

Run Build Command:/usr/bin/gmake "cmTryCompileExec1819239704/fast"
gmake[3]: Entering directory `/workspace/cvcsoft/TexMol/release/third-party/hdf5_proj-prefix/src/hdf5_proj-build/CMakeFiles/CMakeTmp'
/usr/bin/gmake -f CMakeFiles/cmTryCompileExec1819239704.dir/build.make CMakeFiles/cmTryCompileExec1819239704.dir/build
gmake[4]: Entering directory `/workspace/cvcsoft/TexMol/release/third-party/hdf5_proj-prefix/src/hdf5_proj-build/CMakeFiles/CMakeTmp'
/opt/apps/ossw/applications/cmake/cmake-2.8.9/sl6/bin/cmake -E cmake_progress_report /workspace/cvcsoft/TexMol/release/third-party/hdf5_proj-prefix/src/hdf5_proj-build/CMakeFiles/CMakeTmp/CMakeFiles 1
Building C object CMakeFiles/cmTryCompileExec1819239704.dir/CheckIncludeFiles.c.o
/usr/bin/gcc    -o CMakeFiles/cmTryCompileExec1819239704.dir/CheckIncludeFiles.c.o   -c /workspace/cvcsoft/TexMol/release/third-party/hdf5_proj-prefix/src/hdf5_proj-build/CMakeFiles/CMakeTmp/CheckIncludeFiles.c
Linking C executable cmTryCompileExec1819239704
/opt/apps/ossw/applications/cmake/cmake-2.8.9/sl6/bin/cmake -E cmake_link_script CMakeFiles/cmTryCompileExec1819239704.dir/link.txt --verbose=1
/usr/bin/gcc         CMakeFiles/cmTryCompileExec1819239704.dir/CheckIncludeFiles.c.o  -o cmTryCompileExec1819239704 -rdynamic 
gmake[4]: Leaving directory `/workspace/cvcsoft/TexMol/release/third-party/hdf5_proj-prefix/src/hdf5_proj-build/CMakeFiles/CMakeTmp'
gmake[3]: Leaving directory `/workspace/cvcsoft/TexMol/release/third-party/hdf5_proj-prefix/src/hdf5_proj-build/CMakeFiles/CMakeTmp'


Determining if files sys/resource.h;sys/time.h;unistd.h;sys/ioctl.h;sys/stat.h;sys/socket.h;sys/types.h exist passed with the following output:
Change Dir: /workspace/cvcsoft/TexMol/release/third-party/hdf5_proj-prefix/src/hdf5_proj-build/CMakeFiles/CMakeTmp

Run Build Command:/usr/bin/gmake "cmTryCompileExec463064607/fast"
gmake[3]: Entering directory `/workspace/cvcsoft/TexMol/release/third-party/hdf5_proj-prefix/src/hdf5_proj-build/CMakeFiles/CMakeTmp'
/usr/bin/gmake -f CMakeFiles/cmTryCompileExec463064607.dir/build.make CMakeFiles/cmTryCompileExec463064607.dir/build
gmake[4]: Entering directory `/workspace/cvcsoft/TexMol/release/third-party/hdf5_proj-prefix/src/hdf5_proj-build/CMakeFiles/CMakeTmp'
/opt/apps/ossw/applications/cmake/cmake-2.8.9/sl6/bin/cmake -E cmake_progress_report /workspace/cvcsoft/TexMol/release/third-party/hdf5_proj-prefix/src/hdf5_proj-build/CMakeFiles/CMakeTmp/CMakeFiles 1
Building C object CMakeFiles/cmTryCompileExec463064607.dir/CheckIncludeFiles.c.o
/usr/bin/gcc    -o CMakeFiles/cmTryCompileExec463064607.dir/CheckIncludeFiles.c.o   -c /workspace/cvcsoft/TexMol/release/third-party/hdf5_proj-prefix/src/hdf5_proj-build/CMakeFiles/CMakeTmp/CheckIncludeFiles.c
Linking C executable cmTryCompileExec463064607
/opt/apps/ossw/applications/cmake/cmake-2.8.9/sl6/bin/cmake -E cmake_link_script CMakeFiles/cmTryCompileExec463064607.dir/link.txt --verbose=1
/usr/bin/gcc         CMakeFiles/cmTryCompileExec463064607.dir/CheckIncludeFiles.c.o  -o cmTryCompileExec463064607 -rdynamic 
gmake[4]: Leaving directory `/workspace/cvcsoft/TexMol/release/third-party/hdf5_proj-prefix/src/hdf5_proj-build/CMakeFiles/CMakeTmp'
gmake[3]: Leaving directory `/workspace/cvcsoft/TexMol/release/third-party/hdf5_proj-prefix/src/hdf5_proj-build/CMakeFiles/CMakeTmp'


Determining if files sys/resource.h;sys/time.h;unistd.h;sys/ioctl.h;sys/stat.h;sys/socket.h;sys/types.h;stddef.h exist passed with the following output:
Change Dir: /workspace/cvcsoft/TexMol/release/third-party/hdf5_proj-prefix/src/hdf5_proj-build/CMakeFiles/CMakeTmp

Run Build Command:/usr/bin/gmake "cmTryCompileExec3182518522/fast"
gmake[3]: Entering directory `/workspace/cvcsoft/TexMol/release/third-party/hdf5_proj-prefix/src/hdf5_proj-build/CMakeFiles/CMakeTmp'
/usr/bin/gmake -f CMakeFiles/cmTryCompileExec3182518522.dir/build.make CMakeFiles/cmTryCompileExec3182518522.dir/build
gmake[4]: Entering directory `/workspace/cvcsoft/TexMol/release/third-party/hdf5_proj-prefix/src/hdf5_proj-build/CMakeFiles/CMakeTmp'
/opt/apps/ossw/applications/cmake/cmake-2.8.9/sl6/bin/cmake -E cmake_progress_report /workspace/cvcsoft/TexMol/release/third-party/hdf5_proj-prefix/src/hdf5_proj-build/CMakeFiles/CMakeTmp/CMakeFiles 1
Building C object CMakeFiles/cmTryCompileExec3182518522.dir/CheckIncludeFiles.c.o
/usr/bin/gcc    -o CMakeFiles/cmTryCompileExec3182518522.dir/CheckIncludeFiles.c.o   -c /workspace/cvcsoft/TexMol/release/third-party/hdf5_proj-prefix/src/hdf5_proj-build/CMakeFiles/CMakeTmp/CheckIncludeFiles.c
Linking C executable cmTryCompileExec3182518522
/opt/apps/ossw/applications/cmake/cmake-2.8.9/sl6/bin/cmake -E cmake_link_script CMakeFiles/cmTryCompileExec3182518522.dir/link.txt --verbose=1
/usr/bin/gcc         CMakeFiles/cmTryCompileExec3182518522.dir/CheckIncludeFiles.c.o  -o cmTryCompileExec3182518522 -rdynamic 
gmake[4]: Leaving directory `/workspace/cvcsoft/TexMol/release/third-party/hdf5_proj-prefix/src/hdf5_proj-build/CMakeFiles/CMakeTmp'
gmake[3]: Leaving directory `/workspace/cvcsoft/TexMol/release/third-party/hdf5_proj-prefix/src/hdf5_proj-build/CMakeFiles/CMakeTmp'


Determining if files sys/resource.h;sys/time.h;unistd.h;sys/ioctl.h;sys/stat.h;sys/socket.h;sys/types.h;stddef.h;setjmp.h exist passed with the following output:
Change Dir: /workspace/cvcsoft/TexMol/release/third-party/hdf5_proj-prefix/src/hdf5_proj-build/CMakeFiles/CMakeTmp

Run Build Command:/usr/bin/gmake "cmTryCompileExec4166495430/fast"
gmake[3]: Entering directory `/workspace/cvcsoft/TexMol/release/third-party/hdf5_proj-prefix/src/hdf5_proj-build/CMakeFiles/CMakeTmp'
/usr/bin/gmake -f CMakeFiles/cmTryCompileExec4166495430.dir/build.make CMakeFiles/cmTryCompileExec4166495430.dir/build
gmake[4]: Entering directory `/workspace/cvcsoft/TexMol/release/third-party/hdf5_proj-prefix/src/hdf5_proj-build/CMakeFiles/CMakeTmp'
/opt/apps/ossw/applications/cmake/cmake-2.8.9/sl6/bin/cmake -E cmake_progress_report /workspace/cvcsoft/TexMol/release/third-party/hdf5_proj-prefix/src/hdf5_proj-build/CMakeFiles/CMakeTmp/CMakeFiles 1
Building C object CMakeFiles/cmTryCompileExec4166495430.dir/CheckIncludeFiles.c.o
/usr/bin/gcc    -o CMakeFiles/cmTryCompileExec4166495430.dir/CheckIncludeFiles.c.o   -c /workspace/cvcsoft/TexMol/release/third-party/hdf5_proj-prefix/src/hdf5_proj-build/CMakeFiles/CMakeTmp/CheckIncludeFiles.c
Linking C executable cmTryCompileExec4166495430
/opt/apps/ossw/applications/cmake/cmake-2.8.9/sl6/bin/cmake -E cmake_link_script CMakeFiles/cmTryCompileExec4166495430.dir/link.txt --verbose=1
/usr/bin/gcc         CMakeFiles/cmTryCompileExec4166495430.dir/CheckIncludeFiles.c.o  -o cmTryCompileExec4166495430 -rdynamic 
gmake[4]: Leaving directory `/workspace/cvcsoft/TexMol/release/third-party/hdf5_proj-prefix/src/hdf5_proj-build/CMakeFiles/CMakeTmp'
gmake[3]: Leaving directory `/workspace/cvcsoft/TexMol/release/third-party/hdf5_proj-prefix/src/hdf5_proj-build/CMakeFiles/CMakeTmp'


Determining if files sys/resource.h;sys/time.h;unistd.h;sys/ioctl.h;sys/stat.h;sys/socket.h;sys/types.h;stddef.h;setjmp.h;features.h exist passed with the following output:
Change Dir: /workspace/cvcsoft/TexMol/release/third-party/hdf5_proj-prefix/src/hdf5_proj-build/CMakeFiles/CMakeTmp

Run Build Command:/usr/bin/gmake "cmTryCompileExec1280315191/fast"
gmake[3]: Entering directory `/workspace/cvcsoft/TexMol/release/third-party/hdf5_proj-prefix/src/hdf5_proj-build/CMakeFiles/CMakeTmp'
/usr/bin/gmake -f CMakeFiles/cmTryCompileExec1280315191.dir/build.make CMakeFiles/cmTryCompileExec1280315191.dir/build
gmake[4]: Entering directory `/workspace/cvcsoft/TexMol/release/third-party/hdf5_proj-prefix/src/hdf5_proj-build/CMakeFiles/CMakeTmp'
/opt/apps/ossw/applications/cmake/cmake-2.8.9/sl6/bin/cmake -E cmake_progress_report /workspace/cvcsoft/TexMol/release/third-party/hdf5_proj-prefix/src/hdf5_proj-build/CMakeFiles/CMakeTmp/CMakeFiles 1
Building C object CMakeFiles/cmTryCompileExec1280315191.dir/CheckIncludeFiles.c.o
/usr/bin/gcc    -o CMakeFiles/cmTryCompileExec1280315191.dir/CheckIncludeFiles.c.o   -c /workspace/cvcsoft/TexMol/release/third-party/hdf5_proj-prefix/src/hdf5_proj-build/CMakeFiles/CMakeTmp/CheckIncludeFiles.c
Linking C executable cmTryCompileExec1280315191
/opt/apps/ossw/applications/cmake/cmake-2.8.9/sl6/bin/cmake -E cmake_link_script CMakeFiles/cmTryCompileExec1280315191.dir/link.txt --verbose=1
/usr/bin/gcc         CMakeFiles/cmTryCompileExec1280315191.dir/CheckIncludeFiles.c.o  -o cmTryCompileExec1280315191 -rdynamic 
gmake[4]: Leaving directory `/workspace/cvcsoft/TexMol/release/third-party/hdf5_proj-prefix/src/hdf5_proj-build/CMakeFiles/CMakeTmp'
gmake[3]: Leaving directory `/workspace/cvcsoft/TexMol/release/third-party/hdf5_proj-prefix/src/hdf5_proj-build/CMakeFiles/CMakeTmp'


Determining if files sys/resource.h;sys/time.h;unistd.h;sys/ioctl.h;sys/stat.h;sys/socket.h;sys/types.h;stddef.h;setjmp.h;features.h;stdint.h exist passed with the following output:
Change Dir: /workspace/cvcsoft/TexMol/release/third-party/hdf5_proj-prefix/src/hdf5_proj-build/CMakeFiles/CMakeTmp

Run Build Command:/usr/bin/gmake "cmTryCompileExec557506770/fast"
gmake[3]: Entering directory `/workspace/cvcsoft/TexMol/release/third-party/hdf5_proj-prefix/src/hdf5_proj-build/CMakeFiles/CMakeTmp'
/usr/bin/gmake -f CMakeFiles/cmTryCompileExec557506770.dir/build.make CMakeFiles/cmTryCompileExec557506770.dir/build
gmake[4]: Entering directory `/workspace/cvcsoft/TexMol/release/third-party/hdf5_proj-prefix/src/hdf5_proj-build/CMakeFiles/CMakeTmp'
/opt/apps/ossw/applications/cmake/cmake-2.8.9/sl6/bin/cmake -E cmake_progress_report /workspace/cvcsoft/TexMol/release/third-party/hdf5_proj-prefix/src/hdf5_proj-build/CMakeFiles/CMakeTmp/CMakeFiles 1
Building C object CMakeFiles/cmTryCompileExec557506770.dir/CheckIncludeFiles.c.o
/usr/bin/gcc    -o CMakeFiles/cmTryCompileExec557506770.dir/CheckIncludeFiles.c.o   -c /workspace/cvcsoft/TexMol/release/third-party/hdf5_proj-prefix/src/hdf5_proj-build/CMakeFiles/CMakeTmp/CheckIncludeFiles.c
Linking C executable cmTryCompileExec557506770
/opt/apps/ossw/applications/cmake/cmake-2.8.9/sl6/bin/cmake -E cmake_link_script CMakeFiles/cmTryCompileExec557506770.dir/link.txt --verbose=1
/usr/bin/gcc         CMakeFiles/cmTryCompileExec557506770.dir/CheckIncludeFiles.c.o  -o cmTryCompileExec557506770 -rdynamic 
gmake[4]: Leaving directory `/workspace/cvcsoft/TexMol/release/third-party/hdf5_proj-prefix/src/hdf5_proj-build/CMakeFiles/CMakeTmp'
gmake[3]: Leaving directory `/workspace/cvcsoft/TexMol/release/third-party/hdf5_proj-prefix/src/hdf5_proj-build/CMakeFiles/CMakeTmp'


Determining if the include file stdint.h exists passed with the following output:
Change Dir: /workspace/cvcsoft/TexMol/release/third-party/hdf5_proj-prefix/src/hdf5_proj-build/CMakeFiles/CMakeTmp

Run Build Command:/usr/bin/gmake "cmTryCompileExec1675934784/fast"
gmake[3]: Entering directory `/workspace/cvcsoft/TexMol/release/third-party/hdf5_proj-prefix/src/hdf5_proj-build/CMakeFiles/CMakeTmp'
/usr/bin/gmake -f CMakeFiles/cmTryCompileExec1675934784.dir/build.make CMakeFiles/cmTryCompileExec1675934784.dir/build
gmake[4]: Entering directory `/workspace/cvcsoft/TexMol/release/third-party/hdf5_proj-prefix/src/hdf5_proj-build/CMakeFiles/CMakeTmp'
/opt/apps/ossw/applications/cmake/cmake-2.8.9/sl6/bin/cmake -E cmake_progress_report /workspace/cvcsoft/TexMol/release/third-party/hdf5_proj-prefix/src/hdf5_proj-build/CMakeFiles/CMakeTmp/CMakeFiles 1
Building CXX object CMakeFiles/cmTryCompileExec1675934784.dir/CheckIncludeFile.cxx.o
/usr/bin/c++     -o CMakeFiles/cmTryCompileExec1675934784.dir/CheckIncludeFile.cxx.o -c /workspace/cvcsoft/TexMol/release/third-party/hdf5_proj-prefix/src/hdf5_proj-build/CMakeFiles/CMakeTmp/CheckIncludeFile.cxx
Linking CXX executable cmTryCompileExec1675934784
/opt/apps/ossw/applications/cmake/cmake-2.8.9/sl6/bin/cmake -E cmake_link_script CMakeFiles/cmTryCompileExec1675934784.dir/link.txt --verbose=1
/usr/bin/c++          CMakeFiles/cmTryCompileExec1675934784.dir/CheckIncludeFile.cxx.o  -o cmTryCompileExec1675934784 -rdynamic 
gmake[4]: Leaving directory `/workspace/cvcsoft/TexMol/release/third-party/hdf5_proj-prefix/src/hdf5_proj-build/CMakeFiles/CMakeTmp'
gmake[3]: Leaving directory `/workspace/cvcsoft/TexMol/release/third-party/hdf5_proj-prefix/src/hdf5_proj-build/CMakeFiles/CMakeTmp'


Determining if files sys/resource.h;sys/time.h;unistd.h;sys/ioctl.h;sys/stat.h;sys/socket.h;sys/types.h;stddef.h;setjmp.h;features.h;stdint.h;sys/timeb.h exist passed with the following output:
Change Dir: /workspace/cvcsoft/TexMol/release/third-party/hdf5_proj-prefix/src/hdf5_proj-build/CMakeFiles/CMakeTmp

Run Build Command:/usr/bin/gmake "cmTryCompileExec3750111793/fast"
gmake[3]: Entering directory `/workspace/cvcsoft/TexMol/release/third-party/hdf5_proj-prefix/src/hdf5_proj-build/CMakeFiles/CMakeTmp'
/usr/bin/gmake -f CMakeFiles/cmTryCompileExec3750111793.dir/build.make CMakeFiles/cmTryCompileExec3750111793.dir/build
gmake[4]: Entering directory `/workspace/cvcsoft/TexMol/release/third-party/hdf5_proj-prefix/src/hdf5_proj-build/CMakeFiles/CMakeTmp'
/opt/apps/ossw/applications/cmake/cmake-2.8.9/sl6/bin/cmake -E cmake_progress_report /workspace/cvcsoft/TexMol/release/third-party/hdf5_proj-prefix/src/hdf5_proj-build/CMakeFiles/CMakeTmp/CMakeFiles 1
Building C object CMakeFiles/cmTryCompileExec3750111793.dir/CheckIncludeFiles.c.o
/usr/bin/gcc    -o CMakeFiles/cmTryCompileExec3750111793.dir/CheckIncludeFiles.c.o   -c /workspace/cvcsoft/TexMol/release/third-party/hdf5_proj-prefix/src/hdf5_proj-build/CMakeFiles/CMakeTmp/CheckIncludeFiles.c
Linking C executable cmTryCompileExec3750111793
/opt/apps/ossw/applications/cmake/cmake-2.8.9/sl6/bin/cmake -E cmake_link_script CMakeFiles/cmTryCompileExec3750111793.dir/link.txt --verbose=1
/usr/bin/gcc         CMakeFiles/cmTryCompileExec3750111793.dir/CheckIncludeFiles.c.o  -o cmTryCompileExec3750111793 -rdynamic 
gmake[4]: Leaving directory `/workspace/cvcsoft/TexMol/release/third-party/hdf5_proj-prefix/src/hdf5_proj-build/CMakeFiles/CMakeTmp'
gmake[3]: Leaving directory `/workspace/cvcsoft/TexMol/release/third-party/hdf5_proj-prefix/src/hdf5_proj-build/CMakeFiles/CMakeTmp'


Determining if files sys/resource.h;sys/time.h;unistd.h;sys/ioctl.h;sys/stat.h;sys/socket.h;sys/types.h;stddef.h;setjmp.h;features.h;stdint.h;sys/timeb.h;pthread.h exist passed with the following output:
Change Dir: /workspace/cvcsoft/TexMol/release/third-party/hdf5_proj-prefix/src/hdf5_proj-build/CMakeFiles/CMakeTmp

Run Build Command:/usr/bin/gmake "cmTryCompileExec3378676135/fast"
gmake[3]: Entering directory `/workspace/cvcsoft/TexMol/release/third-party/hdf5_proj-prefix/src/hdf5_proj-build/CMakeFiles/CMakeTmp'
/usr/bin/gmake -f CMakeFiles/cmTryCompileExec3378676135.dir/build.make CMakeFiles/cmTryCompileExec3378676135.dir/build
gmake[4]: Entering directory `/workspace/cvcsoft/TexMol/release/third-party/hdf5_proj-prefix/src/hdf5_proj-build/CMakeFiles/CMakeTmp'
/opt/apps/ossw/applications/cmake/cmake-2.8.9/sl6/bin/cmake -E cmake_progress_report /workspace/cvcsoft/TexMol/release/third-party/hdf5_proj-prefix/src/hdf5_proj-build/CMakeFiles/CMakeTmp/CMakeFiles 1
Building C object CMakeFiles/cmTryCompileExec3378676135.dir/CheckIncludeFiles.c.o
/usr/bin/gcc    -o CMakeFiles/cmTryCompileExec3378676135.dir/CheckIncludeFiles.c.o   -c /workspace/cvcsoft/TexMol/release/third-party/hdf5_proj-prefix/src/hdf5_proj-build/CMakeFiles/CMakeTmp/CheckIncludeFiles.c
Linking C executable cmTryCompileExec3378676135
/opt/apps/ossw/applications/cmake/cmake-2.8.9/sl6/bin/cmake -E cmake_link_script CMakeFiles/cmTryCompileExec3378676135.dir/link.txt --verbose=1
/usr/bin/gcc         CMakeFiles/cmTryCompileExec3378676135.dir/CheckIncludeFiles.c.o  -o cmTryCompileExec3378676135 -rdynamic 
gmake[4]: Leaving directory `/workspace/cvcsoft/TexMol/release/third-party/hdf5_proj-prefix/src/hdf5_proj-build/CMakeFiles/CMakeTmp'
gmake[3]: Leaving directory `/workspace/cvcsoft/TexMol/release/third-party/hdf5_proj-prefix/src/hdf5_proj-build/CMakeFiles/CMakeTmp'


Determining if files sys/resource.h;sys/time.h;unistd.h;sys/ioctl.h;sys/stat.h;sys/socket.h;sys/types.h;stddef.h;setjmp.h;features.h;stdint.h;sys/timeb.h;pthread.h;string.h exist passed with the following output:
Change Dir: /workspace/cvcsoft/TexMol/release/third-party/hdf5_proj-prefix/src/hdf5_proj-build/CMakeFiles/CMakeTmp

Run Build Command:/usr/bin/gmake "cmTryCompileExec3893459833/fast"
gmake[3]: Entering directory `/workspace/cvcsoft/TexMol/release/third-party/hdf5_proj-prefix/src/hdf5_proj-build/CMakeFiles/CMakeTmp'
/usr/bin/gmake -f CMakeFiles/cmTryCompileExec3893459833.dir/build.make CMakeFiles/cmTryCompileExec3893459833.dir/build
gmake[4]: Entering directory `/workspace/cvcsoft/TexMol/release/third-party/hdf5_proj-prefix/src/hdf5_proj-build/CMakeFiles/CMakeTmp'
/opt/apps/ossw/applications/cmake/cmake-2.8.9/sl6/bin/cmake -E cmake_progress_report /workspace/cvcsoft/TexMol/release/third-party/hdf5_proj-prefix/src/hdf5_proj-build/CMakeFiles/CMakeTmp/CMakeFiles 1
Building C object CMakeFiles/cmTryCompileExec3893459833.dir/CheckIncludeFiles.c.o
/usr/bin/gcc    -o CMakeFiles/cmTryCompileExec3893459833.dir/CheckIncludeFiles.c.o   -c /workspace/cvcsoft/TexMol/release/third-party/hdf5_proj-prefix/src/hdf5_proj-build/CMakeFiles/CMakeTmp/CheckIncludeFiles.c
Linking C executable cmTryCompileExec3893459833
/opt/apps/ossw/applications/cmake/cmake-2.8.9/sl6/bin/cmake -E cmake_link_script CMakeFiles/cmTryCompileExec3893459833.dir/link.txt --verbose=1
/usr/bin/gcc         CMakeFiles/cmTryCompileExec3893459833.dir/CheckIncludeFiles.c.o  -o cmTryCompileExec3893459833 -rdynamic 
gmake[4]: Leaving directory `/workspace/cvcsoft/TexMol/release/third-party/hdf5_proj-prefix/src/hdf5_proj-build/CMakeFiles/CMakeTmp'
gmake[3]: Leaving directory `/workspace/cvcsoft/TexMol/release/third-party/hdf5_proj-prefix/src/hdf5_proj-build/CMakeFiles/CMakeTmp'


Determining if files sys/resource.h;sys/time.h;unistd.h;sys/ioctl.h;sys/stat.h;sys/socket.h;sys/types.h;stddef.h;setjmp.h;features.h;stdint.h;sys/timeb.h;pthread.h;string.h;strings.h exist passed with the following output:
Change Dir: /workspace/cvcsoft/TexMol/release/third-party/hdf5_proj-prefix/src/hdf5_proj-build/CMakeFiles/CMakeTmp

Run Build Command:/usr/bin/gmake "cmTryCompileExec1685937415/fast"
gmake[3]: Entering directory `/workspace/cvcsoft/TexMol/release/third-party/hdf5_proj-prefix/src/hdf5_proj-build/CMakeFiles/CMakeTmp'
/usr/bin/gmake -f CMakeFiles/cmTryCompileExec1685937415.dir/build.make CMakeFiles/cmTryCompileExec1685937415.dir/build
gmake[4]: Entering directory `/workspace/cvcsoft/TexMol/release/third-party/hdf5_proj-prefix/src/hdf5_proj-build/CMakeFiles/CMakeTmp'
/opt/apps/ossw/applications/cmake/cmake-2.8.9/sl6/bin/cmake -E cmake_progress_report /workspace/cvcsoft/TexMol/release/third-party/hdf5_proj-prefix/src/hdf5_proj-build/CMakeFiles/CMakeTmp/CMakeFiles 1
Building C object CMakeFiles/cmTryCompileExec1685937415.dir/CheckIncludeFiles.c.o
/usr/bin/gcc    -o CMakeFiles/cmTryCompileExec1685937415.dir/CheckIncludeFiles.c.o   -c /workspace/cvcsoft/TexMol/release/third-party/hdf5_proj-prefix/src/hdf5_proj-build/CMakeFiles/CMakeTmp/CheckIncludeFiles.c
Linking C executable cmTryCompileExec1685937415
/opt/apps/ossw/applications/cmake/cmake-2.8.9/sl6/bin/cmake -E cmake_link_script CMakeFiles/cmTryCompileExec1685937415.dir/link.txt --verbose=1
/usr/bin/gcc         CMakeFiles/cmTryCompileExec1685937415.dir/CheckIncludeFiles.c.o  -o cmTryCompileExec1685937415 -rdynamic 
gmake[4]: Leaving directory `/workspace/cvcsoft/TexMol/release/third-party/hdf5_proj-prefix/src/hdf5_proj-build/CMakeFiles/CMakeTmp'
gmake[3]: Leaving directory `/workspace/cvcsoft/TexMol/release/third-party/hdf5_proj-prefix/src/hdf5_proj-build/CMakeFiles/CMakeTmp'


Determining if files sys/resource.h;sys/time.h;unistd.h;sys/ioctl.h;sys/stat.h;sys/socket.h;sys/types.h;stddef.h;setjmp.h;features.h;stdint.h;sys/timeb.h;pthread.h;string.h;strings.h;time.h exist passed with the following output:
Change Dir: /workspace/cvcsoft/TexMol/release/third-party/hdf5_proj-prefix/src/hdf5_proj-build/CMakeFiles/CMakeTmp

Run Build Command:/usr/bin/gmake "cmTryCompileExec2128432989/fast"
gmake[3]: Entering directory `/workspace/cvcsoft/TexMol/release/third-party/hdf5_proj-prefix/src/hdf5_proj-build/CMakeFiles/CMakeTmp'
/usr/bin/gmake -f CMakeFiles/cmTryCompileExec2128432989.dir/build.make CMakeFiles/cmTryCompileExec2128432989.dir/build
gmake[4]: Entering directory `/workspace/cvcsoft/TexMol/release/third-party/hdf5_proj-prefix/src/hdf5_proj-build/CMakeFiles/CMakeTmp'
/opt/apps/ossw/applications/cmake/cmake-2.8.9/sl6/bin/cmake -E cmake_progress_report /workspace/cvcsoft/TexMol/release/third-party/hdf5_proj-prefix/src/hdf5_proj-build/CMakeFiles/CMakeTmp/CMakeFiles 1
Building C object CMakeFiles/cmTryCompileExec2128432989.dir/CheckIncludeFiles.c.o
/usr/bin/gcc    -o CMakeFiles/cmTryCompileExec2128432989.dir/CheckIncludeFiles.c.o   -c /workspace/cvcsoft/TexMol/release/third-party/hdf5_proj-prefix/src/hdf5_proj-build/CMakeFiles/CMakeTmp/CheckIncludeFiles.c
Linking C executable cmTryCompileExec2128432989
/opt/apps/ossw/applications/cmake/cmake-2.8.9/sl6/bin/cmake -E cmake_link_script CMakeFiles/cmTryCompileExec2128432989.dir/link.txt --verbose=1
/usr/bin/gcc         CMakeFiles/cmTryCompileExec2128432989.dir/CheckIncludeFiles.c.o  -o cmTryCompileExec2128432989 -rdynamic 
gmake[4]: Leaving directory `/workspace/cvcsoft/TexMol/release/third-party/hdf5_proj-prefix/src/hdf5_proj-build/CMakeFiles/CMakeTmp'
gmake[3]: Leaving directory `/workspace/cvcsoft/TexMol/release/third-party/hdf5_proj-prefix/src/hdf5_proj-build/CMakeFiles/CMakeTmp'


Determining if files sys/resource.h;sys/time.h;unistd.h;sys/ioctl.h;sys/stat.h;sys/socket.h;sys/types.h;stddef.h;setjmp.h;features.h;stdint.h;sys/timeb.h;pthread.h;string.h;strings.h;time.h;stdlib.h exist passed with the following output:
Change Dir: /workspace/cvcsoft/TexMol/release/third-party/hdf5_proj-prefix/src/hdf5_proj-build/CMakeFiles/CMakeTmp

Run Build Command:/usr/bin/gmake "cmTryCompileExec3983310894/fast"
gmake[3]: Entering directory `/workspace/cvcsoft/TexMol/release/third-party/hdf5_proj-prefix/src/hdf5_proj-build/CMakeFiles/CMakeTmp'
/usr/bin/gmake -f CMakeFiles/cmTryCompileExec3983310894.dir/build.make CMakeFiles/cmTryCompileExec3983310894.dir/build
gmake[4]: Entering directory `/workspace/cvcsoft/TexMol/release/third-party/hdf5_proj-prefix/src/hdf5_proj-build/CMakeFiles/CMakeTmp'
/opt/apps/ossw/applications/cmake/cmake-2.8.9/sl6/bin/cmake -E cmake_progress_report /workspace/cvcsoft/TexMol/release/third-party/hdf5_proj-prefix/src/hdf5_proj-build/CMakeFiles/CMakeTmp/CMakeFiles 1
Building C object CMakeFiles/cmTryCompileExec3983310894.dir/CheckIncludeFiles.c.o
/usr/bin/gcc    -o CMakeFiles/cmTryCompileExec3983310894.dir/CheckIncludeFiles.c.o   -c /workspace/cvcsoft/TexMol/release/third-party/hdf5_proj-prefix/src/hdf5_proj-build/CMakeFiles/CMakeTmp/CheckIncludeFiles.c
Linking C executable cmTryCompileExec3983310894
/opt/apps/ossw/applications/cmake/cmake-2.8.9/sl6/bin/cmake -E cmake_link_script CMakeFiles/cmTryCompileExec3983310894.dir/link.txt --verbose=1
/usr/bin/gcc         CMakeFiles/cmTryCompileExec3983310894.dir/CheckIncludeFiles.c.o  -o cmTryCompileExec3983310894 -rdynamic 
gmake[4]: Leaving directory `/workspace/cvcsoft/TexMol/release/third-party/hdf5_proj-prefix/src/hdf5_proj-build/CMakeFiles/CMakeTmp'
gmake[3]: Leaving directory `/workspace/cvcsoft/TexMol/release/third-party/hdf5_proj-prefix/src/hdf5_proj-build/CMakeFiles/CMakeTmp'


Determining if files sys/resource.h;sys/time.h;unistd.h;sys/ioctl.h;sys/stat.h;sys/socket.h;sys/types.h;stddef.h;setjmp.h;features.h;stdint.h;sys/timeb.h;pthread.h;string.h;strings.h;time.h;stdlib.h;memory.h exist passed with the following output:
Change Dir: /workspace/cvcsoft/TexMol/release/third-party/hdf5_proj-prefix/src/hdf5_proj-build/CMakeFiles/CMakeTmp

Run Build Command:/usr/bin/gmake "cmTryCompileExec2271859741/fast"
gmake[3]: Entering directory `/workspace/cvcsoft/TexMol/release/third-party/hdf5_proj-prefix/src/hdf5_proj-build/CMakeFiles/CMakeTmp'
/usr/bin/gmake -f CMakeFiles/cmTryCompileExec2271859741.dir/build.make CMakeFiles/cmTryCompileExec2271859741.dir/build
gmake[4]: Entering directory `/workspace/cvcsoft/TexMol/release/third-party/hdf5_proj-prefix/src/hdf5_proj-build/CMakeFiles/CMakeTmp'
/opt/apps/ossw/applications/cmake/cmake-2.8.9/sl6/bin/cmake -E cmake_progress_report /workspace/cvcsoft/TexMol/release/third-party/hdf5_proj-prefix/src/hdf5_proj-build/CMakeFiles/CMakeTmp/CMakeFiles 1
Building C object CMakeFiles/cmTryCompileExec2271859741.dir/CheckIncludeFiles.c.o
/usr/bin/gcc    -o CMakeFiles/cmTryCompileExec2271859741.dir/CheckIncludeFiles.c.o   -c /workspace/cvcsoft/TexMol/release/third-party/hdf5_proj-prefix/src/hdf5_proj-build/CMakeFiles/CMakeTmp/CheckIncludeFiles.c
Linking C executable cmTryCompileExec2271859741
/opt/apps/ossw/applications/cmake/cmake-2.8.9/sl6/bin/cmake -E cmake_link_script CMakeFiles/cmTryCompileExec2271859741.dir/link.txt --verbose=1
/usr/bin/gcc         CMakeFiles/cmTryCompileExec2271859741.dir/CheckIncludeFiles.c.o  -o cmTryCompileExec2271859741 -rdynamic 
gmake[4]: Leaving directory `/workspace/cvcsoft/TexMol/release/third-party/hdf5_proj-prefix/src/hdf5_proj-build/CMakeFiles/CMakeTmp'
gmake[3]: Leaving directory `/workspace/cvcsoft/TexMol/release/third-party/hdf5_proj-prefix/src/hdf5_proj-build/CMakeFiles/CMakeTmp'


Determining if files sys/resource.h;sys/time.h;unistd.h;sys/ioctl.h;sys/stat.h;sys/socket.h;sys/types.h;stddef.h;setjmp.h;features.h;stdint.h;sys/timeb.h;pthread.h;string.h;strings.h;time.h;stdlib.h;memory.h;dlfcn.h exist passed with the following output:
Change Dir: /workspace/cvcsoft/TexMol/release/third-party/hdf5_proj-prefix/src/hdf5_proj-build/CMakeFiles/CMakeTmp

Run Build Command:/usr/bin/gmake "cmTryCompileExec65957574/fast"
gmake[3]: Entering directory `/workspace/cvcsoft/TexMol/release/third-party/hdf5_proj-prefix/src/hdf5_proj-build/CMakeFiles/CMakeTmp'
/usr/bin/gmake -f CMakeFiles/cmTryCompileExec65957574.dir/build.make CMakeFiles/cmTryCompileExec65957574.dir/build
gmake[4]: Entering directory `/workspace/cvcsoft/TexMol/release/third-party/hdf5_proj-prefix/src/hdf5_proj-build/CMakeFiles/CMakeTmp'
/opt/apps/ossw/applications/cmake/cmake-2.8.9/sl6/bin/cmake -E cmake_progress_report /workspace/cvcsoft/TexMol/release/third-party/hdf5_proj-prefix/src/hdf5_proj-build/CMakeFiles/CMakeTmp/CMakeFiles 1
Building C object CMakeFiles/cmTryCompileExec65957574.dir/CheckIncludeFiles.c.o
/usr/bin/gcc    -o CMakeFiles/cmTryCompileExec65957574.dir/CheckIncludeFiles.c.o   -c /workspace/cvcsoft/TexMol/release/third-party/hdf5_proj-prefix/src/hdf5_proj-build/CMakeFiles/CMakeTmp/CheckIncludeFiles.c
Linking C executable cmTryCompileExec65957574
/opt/apps/ossw/applications/cmake/cmake-2.8.9/sl6/bin/cmake -E cmake_link_script CMakeFiles/cmTryCompileExec65957574.dir/link.txt --verbose=1
/usr/bin/gcc         CMakeFiles/cmTryCompileExec65957574.dir/CheckIncludeFiles.c.o  -o cmTryCompileExec65957574 -rdynamic 
gmake[4]: Leaving directory `/workspace/cvcsoft/TexMol/release/third-party/hdf5_proj-prefix/src/hdf5_proj-build/CMakeFiles/CMakeTmp'
gmake[3]: Leaving directory `/workspace/cvcsoft/TexMol/release/third-party/hdf5_proj-prefix/src/hdf5_proj-build/CMakeFiles/CMakeTmp'


Determining if files sys/resource.h;sys/time.h;unistd.h;sys/ioctl.h;sys/stat.h;sys/socket.h;sys/types.h;stddef.h;setjmp.h;features.h;stdint.h;sys/timeb.h;pthread.h;string.h;strings.h;time.h;stdlib.h;memory.h;dlfcn.h;inttypes.h exist passed with the following output:
Change Dir: /workspace/cvcsoft/TexMol/release/third-party/hdf5_proj-prefix/src/hdf5_proj-build/CMakeFiles/CMakeTmp

Run Build Command:/usr/bin/gmake "cmTryCompileExec2431032378/fast"
gmake[3]: Entering directory `/workspace/cvcsoft/TexMol/release/third-party/hdf5_proj-prefix/src/hdf5_proj-build/CMakeFiles/CMakeTmp'
/usr/bin/gmake -f CMakeFiles/cmTryCompileExec2431032378.dir/build.make CMakeFiles/cmTryCompileExec2431032378.dir/build
gmake[4]: Entering directory `/workspace/cvcsoft/TexMol/release/third-party/hdf5_proj-prefix/src/hdf5_proj-build/CMakeFiles/CMakeTmp'
/opt/apps/ossw/applications/cmake/cmake-2.8.9/sl6/bin/cmake -E cmake_progress_report /workspace/cvcsoft/TexMol/release/third-party/hdf5_proj-prefix/src/hdf5_proj-build/CMakeFiles/CMakeTmp/CMakeFiles 1
Building C object CMakeFiles/cmTryCompileExec2431032378.dir/CheckIncludeFiles.c.o
/usr/bin/gcc    -o CMakeFiles/cmTryCompileExec2431032378.dir/CheckIncludeFiles.c.o   -c /workspace/cvcsoft/TexMol/release/third-party/hdf5_proj-prefix/src/hdf5_proj-build/CMakeFiles/CMakeTmp/CheckIncludeFiles.c
Linking C executable cmTryCompileExec2431032378
/opt/apps/ossw/applications/cmake/cmake-2.8.9/sl6/bin/cmake -E cmake_link_script CMakeFiles/cmTryCompileExec2431032378.dir/link.txt --verbose=1
/usr/bin/gcc         CMakeFiles/cmTryCompileExec2431032378.dir/CheckIncludeFiles.c.o  -o cmTryCompileExec2431032378 -rdynamic 
gmake[4]: Leaving directory `/workspace/cvcsoft/TexMol/release/third-party/hdf5_proj-prefix/src/hdf5_proj-build/CMakeFiles/CMakeTmp'
gmake[3]: Leaving directory `/workspace/cvcsoft/TexMol/release/third-party/hdf5_proj-prefix/src/hdf5_proj-build/CMakeFiles/CMakeTmp'


Determining if files sys/resource.h;sys/time.h;unistd.h;sys/ioctl.h;sys/stat.h;sys/socket.h;sys/types.h;stddef.h;setjmp.h;features.h;stdint.h;sys/timeb.h;pthread.h;string.h;strings.h;time.h;stdlib.h;memory.h;dlfcn.h;inttypes.h;netinet/in.h exist passed with the following output:
Change Dir: /workspace/cvcsoft/TexMol/release/third-party/hdf5_proj-prefix/src/hdf5_proj-build/CMakeFiles/CMakeTmp

Run Build Command:/usr/bin/gmake "cmTryCompileExec1347871278/fast"
gmake[3]: Entering directory `/workspace/cvcsoft/TexMol/release/third-party/hdf5_proj-prefix/src/hdf5_proj-build/CMakeFiles/CMakeTmp'
/usr/bin/gmake -f CMakeFiles/cmTryCompileExec1347871278.dir/build.make CMakeFiles/cmTryCompileExec1347871278.dir/build
gmake[4]: Entering directory `/workspace/cvcsoft/TexMol/release/third-party/hdf5_proj-prefix/src/hdf5_proj-build/CMakeFiles/CMakeTmp'
/opt/apps/ossw/applications/cmake/cmake-2.8.9/sl6/bin/cmake -E cmake_progress_report /workspace/cvcsoft/TexMol/release/third-party/hdf5_proj-prefix/src/hdf5_proj-build/CMakeFiles/CMakeTmp/CMakeFiles 1
Building C object CMakeFiles/cmTryCompileExec1347871278.dir/CheckIncludeFiles.c.o
/usr/bin/gcc    -o CMakeFiles/cmTryCompileExec1347871278.dir/CheckIncludeFiles.c.o   -c /workspace/cvcsoft/TexMol/release/third-party/hdf5_proj-prefix/src/hdf5_proj-build/CMakeFiles/CMakeTmp/CheckIncludeFiles.c
Linking C executable cmTryCompileExec1347871278
/opt/apps/ossw/applications/cmake/cmake-2.8.9/sl6/bin/cmake -E cmake_link_script CMakeFiles/cmTryCompileExec1347871278.dir/link.txt --verbose=1
/usr/bin/gcc         CMakeFiles/cmTryCompileExec1347871278.dir/CheckIncludeFiles.c.o  -o cmTryCompileExec1347871278 -rdynamic 
gmake[4]: Leaving directory `/workspace/cvcsoft/TexMol/release/third-party/hdf5_proj-prefix/src/hdf5_proj-build/CMakeFiles/CMakeTmp'
gmake[3]: Leaving directory `/workspace/cvcsoft/TexMol/release/third-party/hdf5_proj-prefix/src/hdf5_proj-build/CMakeFiles/CMakeTmp'


Determining if the function lseek64 exists passed with the following output:
Change Dir: /workspace/cvcsoft/TexMol/release/third-party/hdf5_proj-prefix/src/hdf5_proj-build/CMakeFiles/CMakeTmp

Run Build Command:/usr/bin/gmake "cmTryCompileExec350389379/fast"
gmake[3]: Entering directory `/workspace/cvcsoft/TexMol/release/third-party/hdf5_proj-prefix/src/hdf5_proj-build/CMakeFiles/CMakeTmp'
/usr/bin/gmake -f CMakeFiles/cmTryCompileExec350389379.dir/build.make CMakeFiles/cmTryCompileExec350389379.dir/build
gmake[4]: Entering directory `/workspace/cvcsoft/TexMol/release/third-party/hdf5_proj-prefix/src/hdf5_proj-build/CMakeFiles/CMakeTmp'
/opt/apps/ossw/applications/cmake/cmake-2.8.9/sl6/bin/cmake -E cmake_progress_report /workspace/cvcsoft/TexMol/release/third-party/hdf5_proj-prefix/src/hdf5_proj-build/CMakeFiles/CMakeTmp/CMakeFiles 1
Building C object CMakeFiles/cmTryCompileExec350389379.dir/CheckFunctionExists.c.o
/usr/bin/gcc  -D_BSD_SOURCE -D_FILE_OFFSET_BITS=64 -D_LARGEFILE64_SOURCE -D_LARGEFILE_SOURCE -DCHECK_FUNCTION_EXISTS=lseek64   -o CMakeFiles/cmTryCompileExec350389379.dir/CheckFunctionExists.c.o   -c /opt/apps/ossw/applications/cmake/cmake-2.8.9/sl6/share/cmake-2.8/Modules/CheckFunctionExists.c
Linking C executable cmTryCompileExec350389379
/opt/apps/ossw/applications/cmake/cmake-2.8.9/sl6/bin/cmake -E cmake_link_script CMakeFiles/cmTryCompileExec350389379.dir/link.txt --verbose=1
/usr/bin/gcc     -DCHECK_FUNCTION_EXISTS=lseek64    CMakeFiles/cmTryCompileExec350389379.dir/CheckFunctionExists.c.o  -o cmTryCompileExec350389379 -rdynamic -lm 
gmake[4]: Leaving directory `/workspace/cvcsoft/TexMol/release/third-party/hdf5_proj-prefix/src/hdf5_proj-build/CMakeFiles/CMakeTmp'
gmake[3]: Leaving directory `/workspace/cvcsoft/TexMol/release/third-party/hdf5_proj-prefix/src/hdf5_proj-build/CMakeFiles/CMakeTmp'


Determining if the function fseeko64 exists passed with the following output:
Change Dir: /workspace/cvcsoft/TexMol/release/third-party/hdf5_proj-prefix/src/hdf5_proj-build/CMakeFiles/CMakeTmp

Run Build Command:/usr/bin/gmake "cmTryCompileExec3545215892/fast"
gmake[3]: Entering directory `/workspace/cvcsoft/TexMol/release/third-party/hdf5_proj-prefix/src/hdf5_proj-build/CMakeFiles/CMakeTmp'
/usr/bin/gmake -f CMakeFiles/cmTryCompileExec3545215892.dir/build.make CMakeFiles/cmTryCompileExec3545215892.dir/build
gmake[4]: Entering directory `/workspace/cvcsoft/TexMol/release/third-party/hdf5_proj-prefix/src/hdf5_proj-build/CMakeFiles/CMakeTmp'
/opt/apps/ossw/applications/cmake/cmake-2.8.9/sl6/bin/cmake -E cmake_progress_report /workspace/cvcsoft/TexMol/release/third-party/hdf5_proj-prefix/src/hdf5_proj-build/CMakeFiles/CMakeTmp/CMakeFiles 1
Building C object CMakeFiles/cmTryCompileExec3545215892.dir/CheckFunctionExists.c.o
/usr/bin/gcc  -D_BSD_SOURCE -D_FILE_OFFSET_BITS=64 -D_LARGEFILE64_SOURCE -D_LARGEFILE_SOURCE -DCHECK_FUNCTION_EXISTS=fseeko64   -o CMakeFiles/cmTryCompileExec3545215892.dir/CheckFunctionExists.c.o   -c /opt/apps/ossw/applications/cmake/cmake-2.8.9/sl6/share/cmake-2.8/Modules/CheckFunctionExists.c
Linking C executable cmTryCompileExec3545215892
/opt/apps/ossw/applications/cmake/cmake-2.8.9/sl6/bin/cmake -E cmake_link_script CMakeFiles/cmTryCompileExec3545215892.dir/link.txt --verbose=1
/usr/bin/gcc     -DCHECK_FUNCTION_EXISTS=fseeko64    CMakeFiles/cmTryCompileExec3545215892.dir/CheckFunctionExists.c.o  -o cmTryCompileExec3545215892 -rdynamic -lm 
gmake[4]: Leaving directory `/workspace/cvcsoft/TexMol/release/third-party/hdf5_proj-prefix/src/hdf5_proj-build/CMakeFiles/CMakeTmp'
gmake[3]: Leaving directory `/workspace/cvcsoft/TexMol/release/third-party/hdf5_proj-prefix/src/hdf5_proj-build/CMakeFiles/CMakeTmp'


Determining if the function ftello64 exists passed with the following output:
Change Dir: /workspace/cvcsoft/TexMol/release/third-party/hdf5_proj-prefix/src/hdf5_proj-build/CMakeFiles/CMakeTmp

Run Build Command:/usr/bin/gmake "cmTryCompileExec3110948051/fast"
gmake[3]: Entering directory `/workspace/cvcsoft/TexMol/release/third-party/hdf5_proj-prefix/src/hdf5_proj-build/CMakeFiles/CMakeTmp'
/usr/bin/gmake -f CMakeFiles/cmTryCompileExec3110948051.dir/build.make CMakeFiles/cmTryCompileExec3110948051.dir/build
gmake[4]: Entering directory `/workspace/cvcsoft/TexMol/release/third-party/hdf5_proj-prefix/src/hdf5_proj-build/CMakeFiles/CMakeTmp'
/opt/apps/ossw/applications/cmake/cmake-2.8.9/sl6/bin/cmake -E cmake_progress_report /workspace/cvcsoft/TexMol/release/third-party/hdf5_proj-prefix/src/hdf5_proj-build/CMakeFiles/CMakeTmp/CMakeFiles 1
Building C object CMakeFiles/cmTryCompileExec3110948051.dir/CheckFunctionExists.c.o
/usr/bin/gcc  -D_BSD_SOURCE -D_FILE_OFFSET_BITS=64 -D_LARGEFILE64_SOURCE -D_LARGEFILE_SOURCE -DCHECK_FUNCTION_EXISTS=ftello64   -o CMakeFiles/cmTryCompileExec3110948051.dir/CheckFunctionExists.c.o   -c /opt/apps/ossw/applications/cmake/cmake-2.8.9/sl6/share/cmake-2.8/Modules/CheckFunctionExists.c
Linking C executable cmTryCompileExec3110948051
/opt/apps/ossw/applications/cmake/cmake-2.8.9/sl6/bin/cmake -E cmake_link_script CMakeFiles/cmTryCompileExec3110948051.dir/link.txt --verbose=1
/usr/bin/gcc     -DCHECK_FUNCTION_EXISTS=ftello64    CMakeFiles/cmTryCompileExec3110948051.dir/CheckFunctionExists.c.o  -o cmTryCompileExec3110948051 -rdynamic -lm 
gmake[4]: Leaving directory `/workspace/cvcsoft/TexMol/release/third-party/hdf5_proj-prefix/src/hdf5_proj-build/CMakeFiles/CMakeTmp'
gmake[3]: Leaving directory `/workspace/cvcsoft/TexMol/release/third-party/hdf5_proj-prefix/src/hdf5_proj-build/CMakeFiles/CMakeTmp'


Determining if the function ftruncate64 exists passed with the following output:
Change Dir: /workspace/cvcsoft/TexMol/release/third-party/hdf5_proj-prefix/src/hdf5_proj-build/CMakeFiles/CMakeTmp

Run Build Command:/usr/bin/gmake "cmTryCompileExec4238493164/fast"
gmake[3]: Entering directory `/workspace/cvcsoft/TexMol/release/third-party/hdf5_proj-prefix/src/hdf5_proj-build/CMakeFiles/CMakeTmp'
/usr/bin/gmake -f CMakeFiles/cmTryCompileExec4238493164.dir/build.make CMakeFiles/cmTryCompileExec4238493164.dir/build
gmake[4]: Entering directory `/workspace/cvcsoft/TexMol/release/third-party/hdf5_proj-prefix/src/hdf5_proj-build/CMakeFiles/CMakeTmp'
/opt/apps/ossw/applications/cmake/cmake-2.8.9/sl6/bin/cmake -E cmake_progress_report /workspace/cvcsoft/TexMol/release/third-party/hdf5_proj-prefix/src/hdf5_proj-build/CMakeFiles/CMakeTmp/CMakeFiles 1
Building C object CMakeFiles/cmTryCompileExec4238493164.dir/CheckFunctionExists.c.o
/usr/bin/gcc  -D_BSD_SOURCE -D_FILE_OFFSET_BITS=64 -D_LARGEFILE64_SOURCE -D_LARGEFILE_SOURCE -DCHECK_FUNCTION_EXISTS=ftruncate64   -o CMakeFiles/cmTryCompileExec4238493164.dir/CheckFunctionExists.c.o   -c /opt/apps/ossw/applications/cmake/cmake-2.8.9/sl6/share/cmake-2.8/Modules/CheckFunctionExists.c
Linking C executable cmTryCompileExec4238493164
/opt/apps/ossw/applications/cmake/cmake-2.8.9/sl6/bin/cmake -E cmake_link_script CMakeFiles/cmTryCompileExec4238493164.dir/link.txt --verbose=1
/usr/bin/gcc     -DCHECK_FUNCTION_EXISTS=ftruncate64    CMakeFiles/cmTryCompileExec4238493164.dir/CheckFunctionExists.c.o  -o cmTryCompileExec4238493164 -rdynamic -lm 
gmake[4]: Leaving directory `/workspace/cvcsoft/TexMol/release/third-party/hdf5_proj-prefix/src/hdf5_proj-build/CMakeFiles/CMakeTmp'
gmake[3]: Leaving directory `/workspace/cvcsoft/TexMol/release/third-party/hdf5_proj-prefix/src/hdf5_proj-build/CMakeFiles/CMakeTmp'


Determining if the function fseeko exists passed with the following output:
Change Dir: /workspace/cvcsoft/TexMol/release/third-party/hdf5_proj-prefix/src/hdf5_proj-build/CMakeFiles/CMakeTmp

Run Build Command:/usr/bin/gmake "cmTryCompileExec1703256142/fast"
gmake[3]: Entering directory `/workspace/cvcsoft/TexMol/release/third-party/hdf5_proj-prefix/src/hdf5_proj-build/CMakeFiles/CMakeTmp'
/usr/bin/gmake -f CMakeFiles/cmTryCompileExec1703256142.dir/build.make CMakeFiles/cmTryCompileExec1703256142.dir/build
gmake[4]: Entering directory `/workspace/cvcsoft/TexMol/release/third-party/hdf5_proj-prefix/src/hdf5_proj-build/CMakeFiles/CMakeTmp'
/opt/apps/ossw/applications/cmake/cmake-2.8.9/sl6/bin/cmake -E cmake_progress_report /workspace/cvcsoft/TexMol/release/third-party/hdf5_proj-prefix/src/hdf5_proj-build/CMakeFiles/CMakeTmp/CMakeFiles 1
Building C object CMakeFiles/cmTryCompileExec1703256142.dir/CheckFunctionExists.c.o
/usr/bin/gcc  -D_BSD_SOURCE -D_FILE_OFFSET_BITS=64 -D_LARGEFILE64_SOURCE -D_LARGEFILE_SOURCE -DCHECK_FUNCTION_EXISTS=fseeko   -o CMakeFiles/cmTryCompileExec1703256142.dir/CheckFunctionExists.c.o   -c /opt/apps/ossw/applications/cmake/cmake-2.8.9/sl6/share/cmake-2.8/Modules/CheckFunctionExists.c
Linking C executable cmTryCompileExec1703256142
/opt/apps/ossw/applications/cmake/cmake-2.8.9/sl6/bin/cmake -E cmake_link_script CMakeFiles/cmTryCompileExec1703256142.dir/link.txt --verbose=1
/usr/bin/gcc     -DCHECK_FUNCTION_EXISTS=fseeko    CMakeFiles/cmTryCompileExec1703256142.dir/CheckFunctionExists.c.o  -o cmTryCompileExec1703256142 -rdynamic -lm 
gmake[4]: Leaving directory `/workspace/cvcsoft/TexMol/release/third-party/hdf5_proj-prefix/src/hdf5_proj-build/CMakeFiles/CMakeTmp'
gmake[3]: Leaving directory `/workspace/cvcsoft/TexMol/release/third-party/hdf5_proj-prefix/src/hdf5_proj-build/CMakeFiles/CMakeTmp'


Determining if the function ftello exists passed with the following output:
Change Dir: /workspace/cvcsoft/TexMol/release/third-party/hdf5_proj-prefix/src/hdf5_proj-build/CMakeFiles/CMakeTmp

Run Build Command:/usr/bin/gmake "cmTryCompileExec2932015125/fast"
gmake[3]: Entering directory `/workspace/cvcsoft/TexMol/release/third-party/hdf5_proj-prefix/src/hdf5_proj-build/CMakeFiles/CMakeTmp'
/usr/bin/gmake -f CMakeFiles/cmTryCompileExec2932015125.dir/build.make CMakeFiles/cmTryCompileExec2932015125.dir/build
gmake[4]: Entering directory `/workspace/cvcsoft/TexMol/release/third-party/hdf5_proj-prefix/src/hdf5_proj-build/CMakeFiles/CMakeTmp'
/opt/apps/ossw/applications/cmake/cmake-2.8.9/sl6/bin/cmake -E cmake_progress_report /workspace/cvcsoft/TexMol/release/third-party/hdf5_proj-prefix/src/hdf5_proj-build/CMakeFiles/CMakeTmp/CMakeFiles 1
Building C object CMakeFiles/cmTryCompileExec2932015125.dir/CheckFunctionExists.c.o
/usr/bin/gcc  -D_BSD_SOURCE -D_FILE_OFFSET_BITS=64 -D_LARGEFILE64_SOURCE -D_LARGEFILE_SOURCE -DCHECK_FUNCTION_EXISTS=ftello   -o CMakeFiles/cmTryCompileExec2932015125.dir/CheckFunctionExists.c.o   -c /opt/apps/ossw/applications/cmake/cmake-2.8.9/sl6/share/cmake-2.8/Modules/CheckFunctionExists.c
Linking C executable cmTryCompileExec2932015125
/opt/apps/ossw/applications/cmake/cmake-2.8.9/sl6/bin/cmake -E cmake_link_script CMakeFiles/cmTryCompileExec2932015125.dir/link.txt --verbose=1
/usr/bin/gcc     -DCHECK_FUNCTION_EXISTS=ftello    CMakeFiles/cmTryCompileExec2932015125.dir/CheckFunctionExists.c.o  -o cmTryCompileExec2932015125 -rdynamic -lm 
gmake[4]: Leaving directory `/workspace/cvcsoft/TexMol/release/third-party/hdf5_proj-prefix/src/hdf5_proj-build/CMakeFiles/CMakeTmp'
gmake[3]: Leaving directory `/workspace/cvcsoft/TexMol/release/third-party/hdf5_proj-prefix/src/hdf5_proj-build/CMakeFiles/CMakeTmp'


Determining if the function fstat64 exists passed with the following output:
Change Dir: /workspace/cvcsoft/TexMol/release/third-party/hdf5_proj-prefix/src/hdf5_proj-build/CMakeFiles/CMakeTmp

Run Build Command:/usr/bin/gmake "cmTryCompileExec537443919/fast"
gmake[3]: Entering directory `/workspace/cvcsoft/TexMol/release/third-party/hdf5_proj-prefix/src/hdf5_proj-build/CMakeFiles/CMakeTmp'
/usr/bin/gmake -f CMakeFiles/cmTryCompileExec537443919.dir/build.make CMakeFiles/cmTryCompileExec537443919.dir/build
gmake[4]: Entering directory `/workspace/cvcsoft/TexMol/release/third-party/hdf5_proj-prefix/src/hdf5_proj-build/CMakeFiles/CMakeTmp'
/opt/apps/ossw/applications/cmake/cmake-2.8.9/sl6/bin/cmake -E cmake_progress_report /workspace/cvcsoft/TexMol/release/third-party/hdf5_proj-prefix/src/hdf5_proj-build/CMakeFiles/CMakeTmp/CMakeFiles 1
Building C object CMakeFiles/cmTryCompileExec537443919.dir/CheckFunctionExists.c.o
/usr/bin/gcc  -D_BSD_SOURCE -D_FILE_OFFSET_BITS=64 -D_LARGEFILE64_SOURCE -D_LARGEFILE_SOURCE -DCHECK_FUNCTION_EXISTS=fstat64   -o CMakeFiles/cmTryCompileExec537443919.dir/CheckFunctionExists.c.o   -c /opt/apps/ossw/applications/cmake/cmake-2.8.9/sl6/share/cmake-2.8/Modules/CheckFunctionExists.c
Linking C executable cmTryCompileExec537443919
/opt/apps/ossw/applications/cmake/cmake-2.8.9/sl6/bin/cmake -E cmake_link_script CMakeFiles/cmTryCompileExec537443919.dir/link.txt --verbose=1
/usr/bin/gcc     -DCHECK_FUNCTION_EXISTS=fstat64    CMakeFiles/cmTryCompileExec537443919.dir/CheckFunctionExists.c.o  -o cmTryCompileExec537443919 -rdynamic -lm 
gmake[4]: Leaving directory `/workspace/cvcsoft/TexMol/release/third-party/hdf5_proj-prefix/src/hdf5_proj-build/CMakeFiles/CMakeTmp'
gmake[3]: Leaving directory `/workspace/cvcsoft/TexMol/release/third-party/hdf5_proj-prefix/src/hdf5_proj-build/CMakeFiles/CMakeTmp'


Determining if the function stat64 exists passed with the following output:
Change Dir: /workspace/cvcsoft/TexMol/release/third-party/hdf5_proj-prefix/src/hdf5_proj-build/CMakeFiles/CMakeTmp

Run Build Command:/usr/bin/gmake "cmTryCompileExec304057484/fast"
gmake[3]: Entering directory `/workspace/cvcsoft/TexMol/release/third-party/hdf5_proj-prefix/src/hdf5_proj-build/CMakeFiles/CMakeTmp'
/usr/bin/gmake -f CMakeFiles/cmTryCompileExec304057484.dir/build.make CMakeFiles/cmTryCompileExec304057484.dir/build
gmake[4]: Entering directory `/workspace/cvcsoft/TexMol/release/third-party/hdf5_proj-prefix/src/hdf5_proj-build/CMakeFiles/CMakeTmp'
/opt/apps/ossw/applications/cmake/cmake-2.8.9/sl6/bin/cmake -E cmake_progress_report /workspace/cvcsoft/TexMol/release/third-party/hdf5_proj-prefix/src/hdf5_proj-build/CMakeFiles/CMakeTmp/CMakeFiles 1
Building C object CMakeFiles/cmTryCompileExec304057484.dir/CheckFunctionExists.c.o
/usr/bin/gcc  -D_BSD_SOURCE -D_FILE_OFFSET_BITS=64 -D_LARGEFILE64_SOURCE -D_LARGEFILE_SOURCE -DCHECK_FUNCTION_EXISTS=stat64   -o CMakeFiles/cmTryCompileExec304057484.dir/CheckFunctionExists.c.o   -c /opt/apps/ossw/applications/cmake/cmake-2.8.9/sl6/share/cmake-2.8/Modules/CheckFunctionExists.c
Linking C executable cmTryCompileExec304057484
/opt/apps/ossw/applications/cmake/cmake-2.8.9/sl6/bin/cmake -E cmake_link_script CMakeFiles/cmTryCompileExec304057484.dir/link.txt --verbose=1
/usr/bin/gcc     -DCHECK_FUNCTION_EXISTS=stat64    CMakeFiles/cmTryCompileExec304057484.dir/CheckFunctionExists.c.o  -o cmTryCompileExec304057484 -rdynamic -lm 
gmake[4]: Leaving directory `/workspace/cvcsoft/TexMol/release/third-party/hdf5_proj-prefix/src/hdf5_proj-build/CMakeFiles/CMakeTmp'
gmake[3]: Leaving directory `/workspace/cvcsoft/TexMol/release/third-party/hdf5_proj-prefix/src/hdf5_proj-build/CMakeFiles/CMakeTmp'


Determining size of char passed with the following output:
Change Dir: /workspace/cvcsoft/TexMol/release/third-party/hdf5_proj-prefix/src/hdf5_proj-build/CMakeFiles/CMakeTmp

Run Build Command:/usr/bin/gmake "cmTryCompileExec813256249/fast"
gmake[3]: Entering directory `/workspace/cvcsoft/TexMol/release/third-party/hdf5_proj-prefix/src/hdf5_proj-build/CMakeFiles/CMakeTmp'
/usr/bin/gmake -f CMakeFiles/cmTryCompileExec813256249.dir/build.make CMakeFiles/cmTryCompileExec813256249.dir/build
gmake[4]: Entering directory `/workspace/cvcsoft/TexMol/release/third-party/hdf5_proj-prefix/src/hdf5_proj-build/CMakeFiles/CMakeTmp'
/opt/apps/ossw/applications/cmake/cmake-2.8.9/sl6/bin/cmake -E cmake_progress_report /workspace/cvcsoft/TexMol/release/third-party/hdf5_proj-prefix/src/hdf5_proj-build/CMakeFiles/CMakeTmp/CMakeFiles 1
Building C object CMakeFiles/cmTryCompileExec813256249.dir/H5_SIZEOF_CHAR.c.o
/usr/bin/gcc  -D_BSD_SOURCE -D_FILE_OFFSET_BITS=64 -D_LARGEFILE64_SOURCE -D_LARGEFILE_SOURCE  -o CMakeFiles/cmTryCompileExec813256249.dir/H5_SIZEOF_CHAR.c.o   -c /workspace/cvcsoft/TexMol/release/third-party/hdf5_proj-prefix/src/hdf5_proj-build/CMakeFiles/CheckTypeSize/H5_SIZEOF_CHAR.c
Linking C executable cmTryCompileExec813256249
/opt/apps/ossw/applications/cmake/cmake-2.8.9/sl6/bin/cmake -E cmake_link_script CMakeFiles/cmTryCompileExec813256249.dir/link.txt --verbose=1
/usr/bin/gcc         CMakeFiles/cmTryCompileExec813256249.dir/H5_SIZEOF_CHAR.c.o  -o cmTryCompileExec813256249 -rdynamic -lm 
gmake[4]: Leaving directory `/workspace/cvcsoft/TexMol/release/third-party/hdf5_proj-prefix/src/hdf5_proj-build/CMakeFiles/CMakeTmp'
gmake[3]: Leaving directory `/workspace/cvcsoft/TexMol/release/third-party/hdf5_proj-prefix/src/hdf5_proj-build/CMakeFiles/CMakeTmp'


Determining size of short passed with the following output:
Change Dir: /workspace/cvcsoft/TexMol/release/third-party/hdf5_proj-prefix/src/hdf5_proj-build/CMakeFiles/CMakeTmp

Run Build Command:/usr/bin/gmake "cmTryCompileExec2231538481/fast"
gmake[3]: Entering directory `/workspace/cvcsoft/TexMol/release/third-party/hdf5_proj-prefix/src/hdf5_proj-build/CMakeFiles/CMakeTmp'
/usr/bin/gmake -f CMakeFiles/cmTryCompileExec2231538481.dir/build.make CMakeFiles/cmTryCompileExec2231538481.dir/build
gmake[4]: Entering directory `/workspace/cvcsoft/TexMol/release/third-party/hdf5_proj-prefix/src/hdf5_proj-build/CMakeFiles/CMakeTmp'
/opt/apps/ossw/applications/cmake/cmake-2.8.9/sl6/bin/cmake -E cmake_progress_report /workspace/cvcsoft/TexMol/release/third-party/hdf5_proj-prefix/src/hdf5_proj-build/CMakeFiles/CMakeTmp/CMakeFiles 1
Building C object CMakeFiles/cmTryCompileExec2231538481.dir/H5_SIZEOF_SHORT.c.o
/usr/bin/gcc  -D_BSD_SOURCE -D_FILE_OFFSET_BITS=64 -D_LARGEFILE64_SOURCE -D_LARGEFILE_SOURCE  -o CMakeFiles/cmTryCompileExec2231538481.dir/H5_SIZEOF_SHORT.c.o   -c /workspace/cvcsoft/TexMol/release/third-party/hdf5_proj-prefix/src/hdf5_proj-build/CMakeFiles/CheckTypeSize/H5_SIZEOF_SHORT.c
Linking C executable cmTryCompileExec2231538481
/opt/apps/ossw/applications/cmake/cmake-2.8.9/sl6/bin/cmake -E cmake_link_script CMakeFiles/cmTryCompileExec2231538481.dir/link.txt --verbose=1
/usr/bin/gcc         CMakeFiles/cmTryCompileExec2231538481.dir/H5_SIZEOF_SHORT.c.o  -o cmTryCompileExec2231538481 -rdynamic -lm 
gmake[4]: Leaving directory `/workspace/cvcsoft/TexMol/release/third-party/hdf5_proj-prefix/src/hdf5_proj-build/CMakeFiles/CMakeTmp'
gmake[3]: Leaving directory `/workspace/cvcsoft/TexMol/release/third-party/hdf5_proj-prefix/src/hdf5_proj-build/CMakeFiles/CMakeTmp'


Determining size of int passed with the following output:
Change Dir: /workspace/cvcsoft/TexMol/release/third-party/hdf5_proj-prefix/src/hdf5_proj-build/CMakeFiles/CMakeTmp

Run Build Command:/usr/bin/gmake "cmTryCompileExec1410490904/fast"
gmake[3]: Entering directory `/workspace/cvcsoft/TexMol/release/third-party/hdf5_proj-prefix/src/hdf5_proj-build/CMakeFiles/CMakeTmp'
/usr/bin/gmake -f CMakeFiles/cmTryCompileExec1410490904.dir/build.make CMakeFiles/cmTryCompileExec1410490904.dir/build
gmake[4]: Entering directory `/workspace/cvcsoft/TexMol/release/third-party/hdf5_proj-prefix/src/hdf5_proj-build/CMakeFiles/CMakeTmp'
/opt/apps/ossw/applications/cmake/cmake-2.8.9/sl6/bin/cmake -E cmake_progress_report /workspace/cvcsoft/TexMol/release/third-party/hdf5_proj-prefix/src/hdf5_proj-build/CMakeFiles/CMakeTmp/CMakeFiles 1
Building C object CMakeFiles/cmTryCompileExec1410490904.dir/H5_SIZEOF_INT.c.o
/usr/bin/gcc  -D_BSD_SOURCE -D_FILE_OFFSET_BITS=64 -D_LARGEFILE64_SOURCE -D_LARGEFILE_SOURCE  -o CMakeFiles/cmTryCompileExec1410490904.dir/H5_SIZEOF_INT.c.o   -c /workspace/cvcsoft/TexMol/release/third-party/hdf5_proj-prefix/src/hdf5_proj-build/CMakeFiles/CheckTypeSize/H5_SIZEOF_INT.c
Linking C executable cmTryCompileExec1410490904
/opt/apps/ossw/applications/cmake/cmake-2.8.9/sl6/bin/cmake -E cmake_link_script CMakeFiles/cmTryCompileExec1410490904.dir/link.txt --verbose=1
/usr/bin/gcc         CMakeFiles/cmTryCompileExec1410490904.dir/H5_SIZEOF_INT.c.o  -o cmTryCompileExec1410490904 -rdynamic -lm 
gmake[4]: Leaving directory `/workspace/cvcsoft/TexMol/release/third-party/hdf5_proj-prefix/src/hdf5_proj-build/CMakeFiles/CMakeTmp'
gmake[3]: Leaving directory `/workspace/cvcsoft/TexMol/release/third-party/hdf5_proj-prefix/src/hdf5_proj-build/CMakeFiles/CMakeTmp'


Determining size of unsigned passed with the following output:
Change Dir: /workspace/cvcsoft/TexMol/release/third-party/hdf5_proj-prefix/src/hdf5_proj-build/CMakeFiles/CMakeTmp

Run Build Command:/usr/bin/gmake "cmTryCompileExec3055020923/fast"
gmake[3]: Entering directory `/workspace/cvcsoft/TexMol/release/third-party/hdf5_proj-prefix/src/hdf5_proj-build/CMakeFiles/CMakeTmp'
/usr/bin/gmake -f CMakeFiles/cmTryCompileExec3055020923.dir/build.make CMakeFiles/cmTryCompileExec3055020923.dir/build
gmake[4]: Entering directory `/workspace/cvcsoft/TexMol/release/third-party/hdf5_proj-prefix/src/hdf5_proj-build/CMakeFiles/CMakeTmp'
/opt/apps/ossw/applications/cmake/cmake-2.8.9/sl6/bin/cmake -E cmake_progress_report /workspace/cvcsoft/TexMol/release/third-party/hdf5_proj-prefix/src/hdf5_proj-build/CMakeFiles/CMakeTmp/CMakeFiles 1
Building C object CMakeFiles/cmTryCompileExec3055020923.dir/H5_SIZEOF_UNSIGNED.c.o
/usr/bin/gcc  -D_BSD_SOURCE -D_FILE_OFFSET_BITS=64 -D_LARGEFILE64_SOURCE -D_LARGEFILE_SOURCE  -o CMakeFiles/cmTryCompileExec3055020923.dir/H5_SIZEOF_UNSIGNED.c.o   -c /workspace/cvcsoft/TexMol/release/third-party/hdf5_proj-prefix/src/hdf5_proj-build/CMakeFiles/CheckTypeSize/H5_SIZEOF_UNSIGNED.c
Linking C executable cmTryCompileExec3055020923
/opt/apps/ossw/applications/cmake/cmake-2.8.9/sl6/bin/cmake -E cmake_link_script CMakeFiles/cmTryCompileExec3055020923.dir/link.txt --verbose=1
/usr/bin/gcc         CMakeFiles/cmTryCompileExec3055020923.dir/H5_SIZEOF_UNSIGNED.c.o  -o cmTryCompileExec3055020923 -rdynamic -lm 
gmake[4]: Leaving directory `/workspace/cvcsoft/TexMol/release/third-party/hdf5_proj-prefix/src/hdf5_proj-build/CMakeFiles/CMakeTmp'
gmake[3]: Leaving directory `/workspace/cvcsoft/TexMol/release/third-party/hdf5_proj-prefix/src/hdf5_proj-build/CMakeFiles/CMakeTmp'


Determining size of long passed with the following output:
Change Dir: /workspace/cvcsoft/TexMol/release/third-party/hdf5_proj-prefix/src/hdf5_proj-build/CMakeFiles/CMakeTmp

Run Build Command:/usr/bin/gmake "cmTryCompileExec118016841/fast"
gmake[3]: Entering directory `/workspace/cvcsoft/TexMol/release/third-party/hdf5_proj-prefix/src/hdf5_proj-build/CMakeFiles/CMakeTmp'
/usr/bin/gmake -f CMakeFiles/cmTryCompileExec118016841.dir/build.make CMakeFiles/cmTryCompileExec118016841.dir/build
gmake[4]: Entering directory `/workspace/cvcsoft/TexMol/release/third-party/hdf5_proj-prefix/src/hdf5_proj-build/CMakeFiles/CMakeTmp'
/opt/apps/ossw/applications/cmake/cmake-2.8.9/sl6/bin/cmake -E cmake_progress_report /workspace/cvcsoft/TexMol/release/third-party/hdf5_proj-prefix/src/hdf5_proj-build/CMakeFiles/CMakeTmp/CMakeFiles 1
Building C object CMakeFiles/cmTryCompileExec118016841.dir/H5_SIZEOF_LONG.c.o
/usr/bin/gcc  -D_BSD_SOURCE -D_FILE_OFFSET_BITS=64 -D_LARGEFILE64_SOURCE -D_LARGEFILE_SOURCE  -o CMakeFiles/cmTryCompileExec118016841.dir/H5_SIZEOF_LONG.c.o   -c /workspace/cvcsoft/TexMol/release/third-party/hdf5_proj-prefix/src/hdf5_proj-build/CMakeFiles/CheckTypeSize/H5_SIZEOF_LONG.c
Linking C executable cmTryCompileExec118016841
/opt/apps/ossw/applications/cmake/cmake-2.8.9/sl6/bin/cmake -E cmake_link_script CMakeFiles/cmTryCompileExec118016841.dir/link.txt --verbose=1
/usr/bin/gcc         CMakeFiles/cmTryCompileExec118016841.dir/H5_SIZEOF_LONG.c.o  -o cmTryCompileExec118016841 -rdynamic -lm 
gmake[4]: Leaving directory `/workspace/cvcsoft/TexMol/release/third-party/hdf5_proj-prefix/src/hdf5_proj-build/CMakeFiles/CMakeTmp'
gmake[3]: Leaving directory `/workspace/cvcsoft/TexMol/release/third-party/hdf5_proj-prefix/src/hdf5_proj-build/CMakeFiles/CMakeTmp'


Determining size of long long passed with the following output:
Change Dir: /workspace/cvcsoft/TexMol/release/third-party/hdf5_proj-prefix/src/hdf5_proj-build/CMakeFiles/CMakeTmp

Run Build Command:/usr/bin/gmake "cmTryCompileExec2282138586/fast"
gmake[3]: Entering directory `/workspace/cvcsoft/TexMol/release/third-party/hdf5_proj-prefix/src/hdf5_proj-build/CMakeFiles/CMakeTmp'
/usr/bin/gmake -f CMakeFiles/cmTryCompileExec2282138586.dir/build.make CMakeFiles/cmTryCompileExec2282138586.dir/build
gmake[4]: Entering directory `/workspace/cvcsoft/TexMol/release/third-party/hdf5_proj-prefix/src/hdf5_proj-build/CMakeFiles/CMakeTmp'
/opt/apps/ossw/applications/cmake/cmake-2.8.9/sl6/bin/cmake -E cmake_progress_report /workspace/cvcsoft/TexMol/release/third-party/hdf5_proj-prefix/src/hdf5_proj-build/CMakeFiles/CMakeTmp/CMakeFiles 1
Building C object CMakeFiles/cmTryCompileExec2282138586.dir/H5_SIZEOF_LONG_LONG.c.o
/usr/bin/gcc  -D_BSD_SOURCE -D_FILE_OFFSET_BITS=64 -D_LARGEFILE64_SOURCE -D_LARGEFILE_SOURCE  -o CMakeFiles/cmTryCompileExec2282138586.dir/H5_SIZEOF_LONG_LONG.c.o   -c /workspace/cvcsoft/TexMol/release/third-party/hdf5_proj-prefix/src/hdf5_proj-build/CMakeFiles/CheckTypeSize/H5_SIZEOF_LONG_LONG.c
Linking C executable cmTryCompileExec2282138586
/opt/apps/ossw/applications/cmake/cmake-2.8.9/sl6/bin/cmake -E cmake_link_script CMakeFiles/cmTryCompileExec2282138586.dir/link.txt --verbose=1
/usr/bin/gcc         CMakeFiles/cmTryCompileExec2282138586.dir/H5_SIZEOF_LONG_LONG.c.o  -o cmTryCompileExec2282138586 -rdynamic -lm 
gmake[4]: Leaving directory `/workspace/cvcsoft/TexMol/release/third-party/hdf5_proj-prefix/src/hdf5_proj-build/CMakeFiles/CMakeTmp'
gmake[3]: Leaving directory `/workspace/cvcsoft/TexMol/release/third-party/hdf5_proj-prefix/src/hdf5_proj-build/CMakeFiles/CMakeTmp'


Determining size of float passed with the following output:
Change Dir: /workspace/cvcsoft/TexMol/release/third-party/hdf5_proj-prefix/src/hdf5_proj-build/CMakeFiles/CMakeTmp

Run Build Command:/usr/bin/gmake "cmTryCompileExec1564450569/fast"
gmake[3]: Entering directory `/workspace/cvcsoft/TexMol/release/third-party/hdf5_proj-prefix/src/hdf5_proj-build/CMakeFiles/CMakeTmp'
/usr/bin/gmake -f CMakeFiles/cmTryCompileExec1564450569.dir/build.make CMakeFiles/cmTryCompileExec1564450569.dir/build
gmake[4]: Entering directory `/workspace/cvcsoft/TexMol/release/third-party/hdf5_proj-prefix/src/hdf5_proj-build/CMakeFiles/CMakeTmp'
/opt/apps/ossw/applications/cmake/cmake-2.8.9/sl6/bin/cmake -E cmake_progress_report /workspace/cvcsoft/TexMol/release/third-party/hdf5_proj-prefix/src/hdf5_proj-build/CMakeFiles/CMakeTmp/CMakeFiles 1
Building C object CMakeFiles/cmTryCompileExec1564450569.dir/H5_SIZEOF_FLOAT.c.o
/usr/bin/gcc  -D_BSD_SOURCE -D_FILE_OFFSET_BITS=64 -D_LARGEFILE64_SOURCE -D_LARGEFILE_SOURCE  -o CMakeFiles/cmTryCompileExec1564450569.dir/H5_SIZEOF_FLOAT.c.o   -c /workspace/cvcsoft/TexMol/release/third-party/hdf5_proj-prefix/src/hdf5_proj-build/CMakeFiles/CheckTypeSize/H5_SIZEOF_FLOAT.c
Linking C executable cmTryCompileExec1564450569
/opt/apps/ossw/applications/cmake/cmake-2.8.9/sl6/bin/cmake -E cmake_link_script CMakeFiles/cmTryCompileExec1564450569.dir/link.txt --verbose=1
/usr/bin/gcc         CMakeFiles/cmTryCompileExec1564450569.dir/H5_SIZEOF_FLOAT.c.o  -o cmTryCompileExec1564450569 -rdynamic -lm 
gmake[4]: Leaving directory `/workspace/cvcsoft/TexMol/release/third-party/hdf5_proj-prefix/src/hdf5_proj-build/CMakeFiles/CMakeTmp'
gmake[3]: Leaving directory `/workspace/cvcsoft/TexMol/release/third-party/hdf5_proj-prefix/src/hdf5_proj-build/CMakeFiles/CMakeTmp'


Determining size of double passed with the following output:
Change Dir: /workspace/cvcsoft/TexMol/release/third-party/hdf5_proj-prefix/src/hdf5_proj-build/CMakeFiles/CMakeTmp

Run Build Command:/usr/bin/gmake "cmTryCompileExec3012939438/fast"
gmake[3]: Entering directory `/workspace/cvcsoft/TexMol/release/third-party/hdf5_proj-prefix/src/hdf5_proj-build/CMakeFiles/CMakeTmp'
/usr/bin/gmake -f CMakeFiles/cmTryCompileExec3012939438.dir/build.make CMakeFiles/cmTryCompileExec3012939438.dir/build
gmake[4]: Entering directory `/workspace/cvcsoft/TexMol/release/third-party/hdf5_proj-prefix/src/hdf5_proj-build/CMakeFiles/CMakeTmp'
/opt/apps/ossw/applications/cmake/cmake-2.8.9/sl6/bin/cmake -E cmake_progress_report /workspace/cvcsoft/TexMol/release/third-party/hdf5_proj-prefix/src/hdf5_proj-build/CMakeFiles/CMakeTmp/CMakeFiles 1
Building C object CMakeFiles/cmTryCompileExec3012939438.dir/H5_SIZEOF_DOUBLE.c.o
/usr/bin/gcc  -D_BSD_SOURCE -D_FILE_OFFSET_BITS=64 -D_LARGEFILE64_SOURCE -D_LARGEFILE_SOURCE  -o CMakeFiles/cmTryCompileExec3012939438.dir/H5_SIZEOF_DOUBLE.c.o   -c /workspace/cvcsoft/TexMol/release/third-party/hdf5_proj-prefix/src/hdf5_proj-build/CMakeFiles/CheckTypeSize/H5_SIZEOF_DOUBLE.c
Linking C executable cmTryCompileExec3012939438
/opt/apps/ossw/applications/cmake/cmake-2.8.9/sl6/bin/cmake -E cmake_link_script CMakeFiles/cmTryCompileExec3012939438.dir/link.txt --verbose=1
/usr/bin/gcc         CMakeFiles/cmTryCompileExec3012939438.dir/H5_SIZEOF_DOUBLE.c.o  -o cmTryCompileExec3012939438 -rdynamic -lm 
gmake[4]: Leaving directory `/workspace/cvcsoft/TexMol/release/third-party/hdf5_proj-prefix/src/hdf5_proj-build/CMakeFiles/CMakeTmp'
gmake[3]: Leaving directory `/workspace/cvcsoft/TexMol/release/third-party/hdf5_proj-prefix/src/hdf5_proj-build/CMakeFiles/CMakeTmp'


Determining size of long double passed with the following output:
Change Dir: /workspace/cvcsoft/TexMol/release/third-party/hdf5_proj-prefix/src/hdf5_proj-build/CMakeFiles/CMakeTmp

Run Build Command:/usr/bin/gmake "cmTryCompileExec2536260530/fast"
gmake[3]: Entering directory `/workspace/cvcsoft/TexMol/release/third-party/hdf5_proj-prefix/src/hdf5_proj-build/CMakeFiles/CMakeTmp'
/usr/bin/gmake -f CMakeFiles/cmTryCompileExec2536260530.dir/build.make CMakeFiles/cmTryCompileExec2536260530.dir/build
gmake[4]: Entering directory `/workspace/cvcsoft/TexMol/release/third-party/hdf5_proj-prefix/src/hdf5_proj-build/CMakeFiles/CMakeTmp'
/opt/apps/ossw/applications/cmake/cmake-2.8.9/sl6/bin/cmake -E cmake_progress_report /workspace/cvcsoft/TexMol/release/third-party/hdf5_proj-prefix/src/hdf5_proj-build/CMakeFiles/CMakeTmp/CMakeFiles 1
Building C object CMakeFiles/cmTryCompileExec2536260530.dir/H5_SIZEOF_LONG_DOUBLE.c.o
/usr/bin/gcc  -D_BSD_SOURCE -D_FILE_OFFSET_BITS=64 -D_LARGEFILE64_SOURCE -D_LARGEFILE_SOURCE  -o CMakeFiles/cmTryCompileExec2536260530.dir/H5_SIZEOF_LONG_DOUBLE.c.o   -c /workspace/cvcsoft/TexMol/release/third-party/hdf5_proj-prefix/src/hdf5_proj-build/CMakeFiles/CheckTypeSize/H5_SIZEOF_LONG_DOUBLE.c
Linking C executable cmTryCompileExec2536260530
/opt/apps/ossw/applications/cmake/cmake-2.8.9/sl6/bin/cmake -E cmake_link_script CMakeFiles/cmTryCompileExec2536260530.dir/link.txt --verbose=1
/usr/bin/gcc         CMakeFiles/cmTryCompileExec2536260530.dir/H5_SIZEOF_LONG_DOUBLE.c.o  -o cmTryCompileExec2536260530 -rdynamic -lm 
gmake[4]: Leaving directory `/workspace/cvcsoft/TexMol/release/third-party/hdf5_proj-prefix/src/hdf5_proj-build/CMakeFiles/CMakeTmp'
gmake[3]: Leaving directory `/workspace/cvcsoft/TexMol/release/third-party/hdf5_proj-prefix/src/hdf5_proj-build/CMakeFiles/CMakeTmp'


Determining size of int8_t passed with the following output:
Change Dir: /workspace/cvcsoft/TexMol/release/third-party/hdf5_proj-prefix/src/hdf5_proj-build/CMakeFiles/CMakeTmp

Run Build Command:/usr/bin/gmake "cmTryCompileExec777245985/fast"
gmake[3]: Entering directory `/workspace/cvcsoft/TexMol/release/third-party/hdf5_proj-prefix/src/hdf5_proj-build/CMakeFiles/CMakeTmp'
/usr/bin/gmake -f CMakeFiles/cmTryCompileExec777245985.dir/build.make CMakeFiles/cmTryCompileExec777245985.dir/build
gmake[4]: Entering directory `/workspace/cvcsoft/TexMol/release/third-party/hdf5_proj-prefix/src/hdf5_proj-build/CMakeFiles/CMakeTmp'
/opt/apps/ossw/applications/cmake/cmake-2.8.9/sl6/bin/cmake -E cmake_progress_report /workspace/cvcsoft/TexMol/release/third-party/hdf5_proj-prefix/src/hdf5_proj-build/CMakeFiles/CMakeTmp/CMakeFiles 1
Building C object CMakeFiles/cmTryCompileExec777245985.dir/H5_SIZEOF_INT8_T.c.o
/usr/bin/gcc  -D_BSD_SOURCE -D_FILE_OFFSET_BITS=64 -D_LARGEFILE64_SOURCE -D_LARGEFILE_SOURCE  -o CMakeFiles/cmTryCompileExec777245985.dir/H5_SIZEOF_INT8_T.c.o   -c /workspace/cvcsoft/TexMol/release/third-party/hdf5_proj-prefix/src/hdf5_proj-build/CMakeFiles/CheckTypeSize/H5_SIZEOF_INT8_T.c
Linking C executable cmTryCompileExec777245985
/opt/apps/ossw/applications/cmake/cmake-2.8.9/sl6/bin/cmake -E cmake_link_script CMakeFiles/cmTryCompileExec777245985.dir/link.txt --verbose=1
/usr/bin/gcc         CMakeFiles/cmTryCompileExec777245985.dir/H5_SIZEOF_INT8_T.c.o  -o cmTryCompileExec777245985 -rdynamic -lm 
gmake[4]: Leaving directory `/workspace/cvcsoft/TexMol/release/third-party/hdf5_proj-prefix/src/hdf5_proj-build/CMakeFiles/CMakeTmp'
gmake[3]: Leaving directory `/workspace/cvcsoft/TexMol/release/third-party/hdf5_proj-prefix/src/hdf5_proj-build/CMakeFiles/CMakeTmp'


Determining size of uint8_t passed with the following output:
Change Dir: /workspace/cvcsoft/TexMol/release/third-party/hdf5_proj-prefix/src/hdf5_proj-build/CMakeFiles/CMakeTmp

Run Build Command:/usr/bin/gmake "cmTryCompileExec2468179214/fast"
gmake[3]: Entering directory `/workspace/cvcsoft/TexMol/release/third-party/hdf5_proj-prefix/src/hdf5_proj-build/CMakeFiles/CMakeTmp'
/usr/bin/gmake -f CMakeFiles/cmTryCompileExec2468179214.dir/build.make CMakeFiles/cmTryCompileExec2468179214.dir/build
gmake[4]: Entering directory `/workspace/cvcsoft/TexMol/release/third-party/hdf5_proj-prefix/src/hdf5_proj-build/CMakeFiles/CMakeTmp'
/opt/apps/ossw/applications/cmake/cmake-2.8.9/sl6/bin/cmake -E cmake_progress_report /workspace/cvcsoft/TexMol/release/third-party/hdf5_proj-prefix/src/hdf5_proj-build/CMakeFiles/CMakeTmp/CMakeFiles 1
Building C object CMakeFiles/cmTryCompileExec2468179214.dir/H5_SIZEOF_UINT8_T.c.o
/usr/bin/gcc  -D_BSD_SOURCE -D_FILE_OFFSET_BITS=64 -D_LARGEFILE64_SOURCE -D_LARGEFILE_SOURCE  -o CMakeFiles/cmTryCompileExec2468179214.dir/H5_SIZEOF_UINT8_T.c.o   -c /workspace/cvcsoft/TexMol/release/third-party/hdf5_proj-prefix/src/hdf5_proj-build/CMakeFiles/CheckTypeSize/H5_SIZEOF_UINT8_T.c
Linking C executable cmTryCompileExec2468179214
/opt/apps/ossw/applications/cmake/cmake-2.8.9/sl6/bin/cmake -E cmake_link_script CMakeFiles/cmTryCompileExec2468179214.dir/link.txt --verbose=1
/usr/bin/gcc         CMakeFiles/cmTryCompileExec2468179214.dir/H5_SIZEOF_UINT8_T.c.o  -o cmTryCompileExec2468179214 -rdynamic -lm 
gmake[4]: Leaving directory `/workspace/cvcsoft/TexMol/release/third-party/hdf5_proj-prefix/src/hdf5_proj-build/CMakeFiles/CMakeTmp'
gmake[3]: Leaving directory `/workspace/cvcsoft/TexMol/release/third-party/hdf5_proj-prefix/src/hdf5_proj-build/CMakeFiles/CMakeTmp'


Determining size of int_least8_t passed with the following output:
Change Dir: /workspace/cvcsoft/TexMol/release/third-party/hdf5_proj-prefix/src/hdf5_proj-build/CMakeFiles/CMakeTmp

Run Build Command:/usr/bin/gmake "cmTryCompileExec2436547809/fast"
gmake[3]: Entering directory `/workspace/cvcsoft/TexMol/release/third-party/hdf5_proj-prefix/src/hdf5_proj-build/CMakeFiles/CMakeTmp'
/usr/bin/gmake -f CMakeFiles/cmTryCompileExec2436547809.dir/build.make CMakeFiles/cmTryCompileExec2436547809.dir/build
gmake[4]: Entering directory `/workspace/cvcsoft/TexMol/release/third-party/hdf5_proj-prefix/src/hdf5_proj-build/CMakeFiles/CMakeTmp'
/opt/apps/ossw/applications/cmake/cmake-2.8.9/sl6/bin/cmake -E cmake_progress_report /workspace/cvcsoft/TexMol/release/third-party/hdf5_proj-prefix/src/hdf5_proj-build/CMakeFiles/CMakeTmp/CMakeFiles 1
Building C object CMakeFiles/cmTryCompileExec2436547809.dir/H5_SIZEOF_INT_LEAST8_T.c.o
/usr/bin/gcc  -D_BSD_SOURCE -D_FILE_OFFSET_BITS=64 -D_LARGEFILE64_SOURCE -D_LARGEFILE_SOURCE  -o CMakeFiles/cmTryCompileExec2436547809.dir/H5_SIZEOF_INT_LEAST8_T.c.o   -c /workspace/cvcsoft/TexMol/release/third-party/hdf5_proj-prefix/src/hdf5_proj-build/CMakeFiles/CheckTypeSize/H5_SIZEOF_INT_LEAST8_T.c
Linking C executable cmTryCompileExec2436547809
/opt/apps/ossw/applications/cmake/cmake-2.8.9/sl6/bin/cmake -E cmake_link_script CMakeFiles/cmTryCompileExec2436547809.dir/link.txt --verbose=1
/usr/bin/gcc         CMakeFiles/cmTryCompileExec2436547809.dir/H5_SIZEOF_INT_LEAST8_T.c.o  -o cmTryCompileExec2436547809 -rdynamic -lm 
gmake[4]: Leaving directory `/workspace/cvcsoft/TexMol/release/third-party/hdf5_proj-prefix/src/hdf5_proj-build/CMakeFiles/CMakeTmp'
gmake[3]: Leaving directory `/workspace/cvcsoft/TexMol/release/third-party/hdf5_proj-prefix/src/hdf5_proj-build/CMakeFiles/CMakeTmp'


Determining size of uint_least8_t passed with the following output:
Change Dir: /workspace/cvcsoft/TexMol/release/third-party/hdf5_proj-prefix/src/hdf5_proj-build/CMakeFiles/CMakeTmp

Run Build Command:/usr/bin/gmake "cmTryCompileExec3003144839/fast"
gmake[3]: Entering directory `/workspace/cvcsoft/TexMol/release/third-party/hdf5_proj-prefix/src/hdf5_proj-build/CMakeFiles/CMakeTmp'
/usr/bin/gmake -f CMakeFiles/cmTryCompileExec3003144839.dir/build.make CMakeFiles/cmTryCompileExec3003144839.dir/build
gmake[4]: Entering directory `/workspace/cvcsoft/TexMol/release/third-party/hdf5_proj-prefix/src/hdf5_proj-build/CMakeFiles/CMakeTmp'
/opt/apps/ossw/applications/cmake/cmake-2.8.9/sl6/bin/cmake -E cmake_progress_report /workspace/cvcsoft/TexMol/release/third-party/hdf5_proj-prefix/src/hdf5_proj-build/CMakeFiles/CMakeTmp/CMakeFiles 1
Building C object CMakeFiles/cmTryCompileExec3003144839.dir/H5_SIZEOF_UINT_LEAST8_T.c.o
/usr/bin/gcc  -D_BSD_SOURCE -D_FILE_OFFSET_BITS=64 -D_LARGEFILE64_SOURCE -D_LARGEFILE_SOURCE  -o CMakeFiles/cmTryCompileExec3003144839.dir/H5_SIZEOF_UINT_LEAST8_T.c.o   -c /workspace/cvcsoft/TexMol/release/third-party/hdf5_proj-prefix/src/hdf5_proj-build/CMakeFiles/CheckTypeSize/H5_SIZEOF_UINT_LEAST8_T.c
Linking C executable cmTryCompileExec3003144839
/opt/apps/ossw/applications/cmake/cmake-2.8.9/sl6/bin/cmake -E cmake_link_script CMakeFiles/cmTryCompileExec3003144839.dir/link.txt --verbose=1
/usr/bin/gcc         CMakeFiles/cmTryCompileExec3003144839.dir/H5_SIZEOF_UINT_LEAST8_T.c.o  -o cmTryCompileExec3003144839 -rdynamic -lm 
gmake[4]: Leaving directory `/workspace/cvcsoft/TexMol/release/third-party/hdf5_proj-prefix/src/hdf5_proj-build/CMakeFiles/CMakeTmp'
gmake[3]: Leaving directory `/workspace/cvcsoft/TexMol/release/third-party/hdf5_proj-prefix/src/hdf5_proj-build/CMakeFiles/CMakeTmp'


Determining size of int_fast8_t passed with the following output:
Change Dir: /workspace/cvcsoft/TexMol/release/third-party/hdf5_proj-prefix/src/hdf5_proj-build/CMakeFiles/CMakeTmp

Run Build Command:/usr/bin/gmake "cmTryCompileExec494506296/fast"
gmake[3]: Entering directory `/workspace/cvcsoft/TexMol/release/third-party/hdf5_proj-prefix/src/hdf5_proj-build/CMakeFiles/CMakeTmp'
/usr/bin/gmake -f CMakeFiles/cmTryCompileExec494506296.dir/build.make CMakeFiles/cmTryCompileExec494506296.dir/build
gmake[4]: Entering directory `/workspace/cvcsoft/TexMol/release/third-party/hdf5_proj-prefix/src/hdf5_proj-build/CMakeFiles/CMakeTmp'
/opt/apps/ossw/applications/cmake/cmake-2.8.9/sl6/bin/cmake -E cmake_progress_report /workspace/cvcsoft/TexMol/release/third-party/hdf5_proj-prefix/src/hdf5_proj-build/CMakeFiles/CMakeTmp/CMakeFiles 1
Building C object CMakeFiles/cmTryCompileExec494506296.dir/H5_SIZEOF_INT_FAST8_T.c.o
/usr/bin/gcc  -D_BSD_SOURCE -D_FILE_OFFSET_BITS=64 -D_LARGEFILE64_SOURCE -D_LARGEFILE_SOURCE  -o CMakeFiles/cmTryCompileExec494506296.dir/H5_SIZEOF_INT_FAST8_T.c.o   -c /workspace/cvcsoft/TexMol/release/third-party/hdf5_proj-prefix/src/hdf5_proj-build/CMakeFiles/CheckTypeSize/H5_SIZEOF_INT_FAST8_T.c
Linking C executable cmTryCompileExec494506296
/opt/apps/ossw/applications/cmake/cmake-2.8.9/sl6/bin/cmake -E cmake_link_script CMakeFiles/cmTryCompileExec494506296.dir/link.txt --verbose=1
/usr/bin/gcc         CMakeFiles/cmTryCompileExec494506296.dir/H5_SIZEOF_INT_FAST8_T.c.o  -o cmTryCompileExec494506296 -rdynamic -lm 
gmake[4]: Leaving directory `/workspace/cvcsoft/TexMol/release/third-party/hdf5_proj-prefix/src/hdf5_proj-build/CMakeFiles/CMakeTmp'
gmake[3]: Leaving directory `/workspace/cvcsoft/TexMol/release/third-party/hdf5_proj-prefix/src/hdf5_proj-build/CMakeFiles/CMakeTmp'


Determining size of uint_fast8_t passed with the following output:
Change Dir: /workspace/cvcsoft/TexMol/release/third-party/hdf5_proj-prefix/src/hdf5_proj-build/CMakeFiles/CMakeTmp

Run Build Command:/usr/bin/gmake "cmTryCompileExec953184042/fast"
gmake[3]: Entering directory `/workspace/cvcsoft/TexMol/release/third-party/hdf5_proj-prefix/src/hdf5_proj-build/CMakeFiles/CMakeTmp'
/usr/bin/gmake -f CMakeFiles/cmTryCompileExec953184042.dir/build.make CMakeFiles/cmTryCompileExec953184042.dir/build
gmake[4]: Entering directory `/workspace/cvcsoft/TexMol/release/third-party/hdf5_proj-prefix/src/hdf5_proj-build/CMakeFiles/CMakeTmp'
/opt/apps/ossw/applications/cmake/cmake-2.8.9/sl6/bin/cmake -E cmake_progress_report /workspace/cvcsoft/TexMol/release/third-party/hdf5_proj-prefix/src/hdf5_proj-build/CMakeFiles/CMakeTmp/CMakeFiles 1
Building C object CMakeFiles/cmTryCompileExec953184042.dir/H5_SIZEOF_UINT_FAST8_T.c.o
/usr/bin/gcc  -D_BSD_SOURCE -D_FILE_OFFSET_BITS=64 -D_LARGEFILE64_SOURCE -D_LARGEFILE_SOURCE  -o CMakeFiles/cmTryCompileExec953184042.dir/H5_SIZEOF_UINT_FAST8_T.c.o   -c /workspace/cvcsoft/TexMol/release/third-party/hdf5_proj-prefix/src/hdf5_proj-build/CMakeFiles/CheckTypeSize/H5_SIZEOF_UINT_FAST8_T.c
Linking C executable cmTryCompileExec953184042
/opt/apps/ossw/applications/cmake/cmake-2.8.9/sl6/bin/cmake -E cmake_link_script CMakeFiles/cmTryCompileExec953184042.dir/link.txt --verbose=1
/usr/bin/gcc         CMakeFiles/cmTryCompileExec953184042.dir/H5_SIZEOF_UINT_FAST8_T.c.o  -o cmTryCompileExec953184042 -rdynamic -lm 
gmake[4]: Leaving directory `/workspace/cvcsoft/TexMol/release/third-party/hdf5_proj-prefix/src/hdf5_proj-build/CMakeFiles/CMakeTmp'
gmake[3]: Leaving directory `/workspace/cvcsoft/TexMol/release/third-party/hdf5_proj-prefix/src/hdf5_proj-build/CMakeFiles/CMakeTmp'


Determining size of int16_t passed with the following output:
Change Dir: /workspace/cvcsoft/TexMol/release/third-party/hdf5_proj-prefix/src/hdf5_proj-build/CMakeFiles/CMakeTmp

Run Build Command:/usr/bin/gmake "cmTryCompileExec686644967/fast"
gmake[3]: Entering directory `/workspace/cvcsoft/TexMol/release/third-party/hdf5_proj-prefix/src/hdf5_proj-build/CMakeFiles/CMakeTmp'
/usr/bin/gmake -f CMakeFiles/cmTryCompileExec686644967.dir/build.make CMakeFiles/cmTryCompileExec686644967.dir/build
gmake[4]: Entering directory `/workspace/cvcsoft/TexMol/release/third-party/hdf5_proj-prefix/src/hdf5_proj-build/CMakeFiles/CMakeTmp'
/opt/apps/ossw/applications/cmake/cmake-2.8.9/sl6/bin/cmake -E cmake_progress_report /workspace/cvcsoft/TexMol/release/third-party/hdf5_proj-prefix/src/hdf5_proj-build/CMakeFiles/CMakeTmp/CMakeFiles 1
Building C object CMakeFiles/cmTryCompileExec686644967.dir/H5_SIZEOF_INT16_T.c.o
/usr/bin/gcc  -D_BSD_SOURCE -D_FILE_OFFSET_BITS=64 -D_LARGEFILE64_SOURCE -D_LARGEFILE_SOURCE  -o CMakeFiles/cmTryCompileExec686644967.dir/H5_SIZEOF_INT16_T.c.o   -c /workspace/cvcsoft/TexMol/release/third-party/hdf5_proj-prefix/src/hdf5_proj-build/CMakeFiles/CheckTypeSize/H5_SIZEOF_INT16_T.c
Linking C executable cmTryCompileExec686644967
/opt/apps/ossw/applications/cmake/cmake-2.8.9/sl6/bin/cmake -E cmake_link_script CMakeFiles/cmTryCompileExec686644967.dir/link.txt --verbose=1
/usr/bin/gcc         CMakeFiles/cmTryCompileExec686644967.dir/H5_SIZEOF_INT16_T.c.o  -o cmTryCompileExec686644967 -rdynamic -lm 
gmake[4]: Leaving directory `/workspace/cvcsoft/TexMol/release/third-party/hdf5_proj-prefix/src/hdf5_proj-build/CMakeFiles/CMakeTmp'
gmake[3]: Leaving directory `/workspace/cvcsoft/TexMol/release/third-party/hdf5_proj-prefix/src/hdf5_proj-build/CMakeFiles/CMakeTmp'


Determining size of uint16_t passed with the following output:
Change Dir: /workspace/cvcsoft/TexMol/release/third-party/hdf5_proj-prefix/src/hdf5_proj-build/CMakeFiles/CMakeTmp

Run Build Command:/usr/bin/gmake "cmTryCompileExec1899291343/fast"
gmake[3]: Entering directory `/workspace/cvcsoft/TexMol/release/third-party/hdf5_proj-prefix/src/hdf5_proj-build/CMakeFiles/CMakeTmp'
/usr/bin/gmake -f CMakeFiles/cmTryCompileExec1899291343.dir/build.make CMakeFiles/cmTryCompileExec1899291343.dir/build
gmake[4]: Entering directory `/workspace/cvcsoft/TexMol/release/third-party/hdf5_proj-prefix/src/hdf5_proj-build/CMakeFiles/CMakeTmp'
/opt/apps/ossw/applications/cmake/cmake-2.8.9/sl6/bin/cmake -E cmake_progress_report /workspace/cvcsoft/TexMol/release/third-party/hdf5_proj-prefix/src/hdf5_proj-build/CMakeFiles/CMakeTmp/CMakeFiles 1
Building C object CMakeFiles/cmTryCompileExec1899291343.dir/H5_SIZEOF_UINT16_T.c.o
/usr/bin/gcc  -D_BSD_SOURCE -D_FILE_OFFSET_BITS=64 -D_LARGEFILE64_SOURCE -D_LARGEFILE_SOURCE  -o CMakeFiles/cmTryCompileExec1899291343.dir/H5_SIZEOF_UINT16_T.c.o   -c /workspace/cvcsoft/TexMol/release/third-party/hdf5_proj-prefix/src/hdf5_proj-build/CMakeFiles/CheckTypeSize/H5_SIZEOF_UINT16_T.c
Linking C executable cmTryCompileExec1899291343
/opt/apps/ossw/applications/cmake/cmake-2.8.9/sl6/bin/cmake -E cmake_link_script CMakeFiles/cmTryCompileExec1899291343.dir/link.txt --verbose=1
/usr/bin/gcc         CMakeFiles/cmTryCompileExec1899291343.dir/H5_SIZEOF_UINT16_T.c.o  -o cmTryCompileExec1899291343 -rdynamic -lm 
gmake[4]: Leaving directory `/workspace/cvcsoft/TexMol/release/third-party/hdf5_proj-prefix/src/hdf5_proj-build/CMakeFiles/CMakeTmp'
gmake[3]: Leaving directory `/workspace/cvcsoft/TexMol/release/third-party/hdf5_proj-prefix/src/hdf5_proj-build/CMakeFiles/CMakeTmp'


Determining size of int_least16_t passed with the following output:
Change Dir: /workspace/cvcsoft/TexMol/release/third-party/hdf5_proj-prefix/src/hdf5_proj-build/CMakeFiles/CMakeTmp

Run Build Command:/usr/bin/gmake "cmTryCompileExec1119136066/fast"
gmake[3]: Entering directory `/workspace/cvcsoft/TexMol/release/third-party/hdf5_proj-prefix/src/hdf5_proj-build/CMakeFiles/CMakeTmp'
/usr/bin/gmake -f CMakeFiles/cmTryCompileExec1119136066.dir/build.make CMakeFiles/cmTryCompileExec1119136066.dir/build
gmake[4]: Entering directory `/workspace/cvcsoft/TexMol/release/third-party/hdf5_proj-prefix/src/hdf5_proj-build/CMakeFiles/CMakeTmp'
/opt/apps/ossw/applications/cmake/cmake-2.8.9/sl6/bin/cmake -E cmake_progress_report /workspace/cvcsoft/TexMol/release/third-party/hdf5_proj-prefix/src/hdf5_proj-build/CMakeFiles/CMakeTmp/CMakeFiles 1
Building C object CMakeFiles/cmTryCompileExec1119136066.dir/H5_SIZEOF_INT_LEAST16_T.c.o
/usr/bin/gcc  -D_BSD_SOURCE -D_FILE_OFFSET_BITS=64 -D_LARGEFILE64_SOURCE -D_LARGEFILE_SOURCE  -o CMakeFiles/cmTryCompileExec1119136066.dir/H5_SIZEOF_INT_LEAST16_T.c.o   -c /workspace/cvcsoft/TexMol/release/third-party/hdf5_proj-prefix/src/hdf5_proj-build/CMakeFiles/CheckTypeSize/H5_SIZEOF_INT_LEAST16_T.c
Linking C executable cmTryCompileExec1119136066
/opt/apps/ossw/applications/cmake/cmake-2.8.9/sl6/bin/cmake -E cmake_link_script CMakeFiles/cmTryCompileExec1119136066.dir/link.txt --verbose=1
/usr/bin/gcc         CMakeFiles/cmTryCompileExec1119136066.dir/H5_SIZEOF_INT_LEAST16_T.c.o  -o cmTryCompileExec1119136066 -rdynamic -lm 
gmake[4]: Leaving directory `/workspace/cvcsoft/TexMol/release/third-party/hdf5_proj-prefix/src/hdf5_proj-build/CMakeFiles/CMakeTmp'
gmake[3]: Leaving directory `/workspace/cvcsoft/TexMol/release/third-party/hdf5_proj-prefix/src/hdf5_proj-build/CMakeFiles/CMakeTmp'


Determining size of uint_least16_t passed with the following output:
Change Dir: /workspace/cvcsoft/TexMol/release/third-party/hdf5_proj-prefix/src/hdf5_proj-build/CMakeFiles/CMakeTmp

Run Build Command:/usr/bin/gmake "cmTryCompileExec2601135281/fast"
gmake[3]: Entering directory `/workspace/cvcsoft/TexMol/release/third-party/hdf5_proj-prefix/src/hdf5_proj-build/CMakeFiles/CMakeTmp'
/usr/bin/gmake -f CMakeFiles/cmTryCompileExec2601135281.dir/build.make CMakeFiles/cmTryCompileExec2601135281.dir/build
gmake[4]: Entering directory `/workspace/cvcsoft/TexMol/release/third-party/hdf5_proj-prefix/src/hdf5_proj-build/CMakeFiles/CMakeTmp'
/opt/apps/ossw/applications/cmake/cmake-2.8.9/sl6/bin/cmake -E cmake_progress_report /workspace/cvcsoft/TexMol/release/third-party/hdf5_proj-prefix/src/hdf5_proj-build/CMakeFiles/CMakeTmp/CMakeFiles 1
Building C object CMakeFiles/cmTryCompileExec2601135281.dir/H5_SIZEOF_UINT_LEAST16_T.c.o
/usr/bin/gcc  -D_BSD_SOURCE -D_FILE_OFFSET_BITS=64 -D_LARGEFILE64_SOURCE -D_LARGEFILE_SOURCE  -o CMakeFiles/cmTryCompileExec2601135281.dir/H5_SIZEOF_UINT_LEAST16_T.c.o   -c /workspace/cvcsoft/TexMol/release/third-party/hdf5_proj-prefix/src/hdf5_proj-build/CMakeFiles/CheckTypeSize/H5_SIZEOF_UINT_LEAST16_T.c
Linking C executable cmTryCompileExec2601135281
/opt/apps/ossw/applications/cmake/cmake-2.8.9/sl6/bin/cmake -E cmake_link_script CMakeFiles/cmTryCompileExec2601135281.dir/link.txt --verbose=1
/usr/bin/gcc         CMakeFiles/cmTryCompileExec2601135281.dir/H5_SIZEOF_UINT_LEAST16_T.c.o  -o cmTryCompileExec2601135281 -rdynamic -lm 
gmake[4]: Leaving directory `/workspace/cvcsoft/TexMol/release/third-party/hdf5_proj-prefix/src/hdf5_proj-build/CMakeFiles/CMakeTmp'
gmake[3]: Leaving directory `/workspace/cvcsoft/TexMol/release/third-party/hdf5_proj-prefix/src/hdf5_proj-build/CMakeFiles/CMakeTmp'


Determining size of int_fast16_t passed with the following output:
Change Dir: /workspace/cvcsoft/TexMol/release/third-party/hdf5_proj-prefix/src/hdf5_proj-build/CMakeFiles/CMakeTmp

Run Build Command:/usr/bin/gmake "cmTryCompileExec1522560994/fast"
gmake[3]: Entering directory `/workspace/cvcsoft/TexMol/release/third-party/hdf5_proj-prefix/src/hdf5_proj-build/CMakeFiles/CMakeTmp'
/usr/bin/gmake -f CMakeFiles/cmTryCompileExec1522560994.dir/build.make CMakeFiles/cmTryCompileExec1522560994.dir/build
gmake[4]: Entering directory `/workspace/cvcsoft/TexMol/release/third-party/hdf5_proj-prefix/src/hdf5_proj-build/CMakeFiles/CMakeTmp'
/opt/apps/ossw/applications/cmake/cmake-2.8.9/sl6/bin/cmake -E cmake_progress_report /workspace/cvcsoft/TexMol/release/third-party/hdf5_proj-prefix/src/hdf5_proj-build/CMakeFiles/CMakeTmp/CMakeFiles 1
Building C object CMakeFiles/cmTryCompileExec1522560994.dir/H5_SIZEOF_INT_FAST16_T.c.o
/usr/bin/gcc  -D_BSD_SOURCE -D_FILE_OFFSET_BITS=64 -D_LARGEFILE64_SOURCE -D_LARGEFILE_SOURCE  -o CMakeFiles/cmTryCompileExec1522560994.dir/H5_SIZEOF_INT_FAST16_T.c.o   -c /workspace/cvcsoft/TexMol/release/third-party/hdf5_proj-prefix/src/hdf5_proj-build/CMakeFiles/CheckTypeSize/H5_SIZEOF_INT_FAST16_T.c
Linking C executable cmTryCompileExec1522560994
/opt/apps/ossw/applications/cmake/cmake-2.8.9/sl6/bin/cmake -E cmake_link_script CMakeFiles/cmTryCompileExec1522560994.dir/link.txt --verbose=1
/usr/bin/gcc         CMakeFiles/cmTryCompileExec1522560994.dir/H5_SIZEOF_INT_FAST16_T.c.o  -o cmTryCompileExec1522560994 -rdynamic -lm 
gmake[4]: Leaving directory `/workspace/cvcsoft/TexMol/release/third-party/hdf5_proj-prefix/src/hdf5_proj-build/CMakeFiles/CMakeTmp'
gmake[3]: Leaving directory `/workspace/cvcsoft/TexMol/release/third-party/hdf5_proj-prefix/src/hdf5_proj-build/CMakeFiles/CMakeTmp'


Determining size of uint_fast16_t passed with the following output:
Change Dir: /workspace/cvcsoft/TexMol/release/third-party/hdf5_proj-prefix/src/hdf5_proj-build/CMakeFiles/CMakeTmp

Run Build Command:/usr/bin/gmake "cmTryCompileExec383011699/fast"
gmake[3]: Entering directory `/workspace/cvcsoft/TexMol/release/third-party/hdf5_proj-prefix/src/hdf5_proj-build/CMakeFiles/CMakeTmp'
/usr/bin/gmake -f CMakeFiles/cmTryCompileExec383011699.dir/build.make CMakeFiles/cmTryCompileExec383011699.dir/build
gmake[4]: Entering directory `/workspace/cvcsoft/TexMol/release/third-party/hdf5_proj-prefix/src/hdf5_proj-build/CMakeFiles/CMakeTmp'
/opt/apps/ossw/applications/cmake/cmake-2.8.9/sl6/bin/cmake -E cmake_progress_report /workspace/cvcsoft/TexMol/release/third-party/hdf5_proj-prefix/src/hdf5_proj-build/CMakeFiles/CMakeTmp/CMakeFiles 1
Building C object CMakeFiles/cmTryCompileExec383011699.dir/H5_SIZEOF_UINT_FAST16_T.c.o
/usr/bin/gcc  -D_BSD_SOURCE -D_FILE_OFFSET_BITS=64 -D_LARGEFILE64_SOURCE -D_LARGEFILE_SOURCE  -o CMakeFiles/cmTryCompileExec383011699.dir/H5_SIZEOF_UINT_FAST16_T.c.o   -c /workspace/cvcsoft/TexMol/release/third-party/hdf5_proj-prefix/src/hdf5_proj-build/CMakeFiles/CheckTypeSize/H5_SIZEOF_UINT_FAST16_T.c
Linking C executable cmTryCompileExec383011699
/opt/apps/ossw/applications/cmake/cmake-2.8.9/sl6/bin/cmake -E cmake_link_script CMakeFiles/cmTryCompileExec383011699.dir/link.txt --verbose=1
/usr/bin/gcc         CMakeFiles/cmTryCompileExec383011699.dir/H5_SIZEOF_UINT_FAST16_T.c.o  -o cmTryCompileExec383011699 -rdynamic -lm 
gmake[4]: Leaving directory `/workspace/cvcsoft/TexMol/release/third-party/hdf5_proj-prefix/src/hdf5_proj-build/CMakeFiles/CMakeTmp'
gmake[3]: Leaving directory `/workspace/cvcsoft/TexMol/release/third-party/hdf5_proj-prefix/src/hdf5_proj-build/CMakeFiles/CMakeTmp'


Determining size of int32_t passed with the following output:
Change Dir: /workspace/cvcsoft/TexMol/release/third-party/hdf5_proj-prefix/src/hdf5_proj-build/CMakeFiles/CMakeTmp

Run Build Command:/usr/bin/gmake "cmTryCompileExec979162128/fast"
gmake[3]: Entering directory `/workspace/cvcsoft/TexMol/release/third-party/hdf5_proj-prefix/src/hdf5_proj-build/CMakeFiles/CMakeTmp'
/usr/bin/gmake -f CMakeFiles/cmTryCompileExec979162128.dir/build.make CMakeFiles/cmTryCompileExec979162128.dir/build
gmake[4]: Entering directory `/workspace/cvcsoft/TexMol/release/third-party/hdf5_proj-prefix/src/hdf5_proj-build/CMakeFiles/CMakeTmp'
/opt/apps/ossw/applications/cmake/cmake-2.8.9/sl6/bin/cmake -E cmake_progress_report /workspace/cvcsoft/TexMol/release/third-party/hdf5_proj-prefix/src/hdf5_proj-build/CMakeFiles/CMakeTmp/CMakeFiles 1
Building C object CMakeFiles/cmTryCompileExec979162128.dir/H5_SIZEOF_INT32_T.c.o
/usr/bin/gcc  -D_BSD_SOURCE -D_FILE_OFFSET_BITS=64 -D_LARGEFILE64_SOURCE -D_LARGEFILE_SOURCE  -o CMakeFiles/cmTryCompileExec979162128.dir/H5_SIZEOF_INT32_T.c.o   -c /workspace/cvcsoft/TexMol/release/third-party/hdf5_proj-prefix/src/hdf5_proj-build/CMakeFiles/CheckTypeSize/H5_SIZEOF_INT32_T.c
Linking C executable cmTryCompileExec979162128
/opt/apps/ossw/applications/cmake/cmake-2.8.9/sl6/bin/cmake -E cmake_link_script CMakeFiles/cmTryCompileExec979162128.dir/link.txt --verbose=1
/usr/bin/gcc         CMakeFiles/cmTryCompileExec979162128.dir/H5_SIZEOF_INT32_T.c.o  -o cmTryCompileExec979162128 -rdynamic -lm 
gmake[4]: Leaving directory `/workspace/cvcsoft/TexMol/release/third-party/hdf5_proj-prefix/src/hdf5_proj-build/CMakeFiles/CMakeTmp'
gmake[3]: Leaving directory `/workspace/cvcsoft/TexMol/release/third-party/hdf5_proj-prefix/src/hdf5_proj-build/CMakeFiles/CMakeTmp'


Determining size of uint32_t passed with the following output:
Change Dir: /workspace/cvcsoft/TexMol/release/third-party/hdf5_proj-prefix/src/hdf5_proj-build/CMakeFiles/CMakeTmp

Run Build Command:/usr/bin/gmake "cmTryCompileExec3893794381/fast"
gmake[3]: Entering directory `/workspace/cvcsoft/TexMol/release/third-party/hdf5_proj-prefix/src/hdf5_proj-build/CMakeFiles/CMakeTmp'
/usr/bin/gmake -f CMakeFiles/cmTryCompileExec3893794381.dir/build.make CMakeFiles/cmTryCompileExec3893794381.dir/build
gmake[4]: Entering directory `/workspace/cvcsoft/TexMol/release/third-party/hdf5_proj-prefix/src/hdf5_proj-build/CMakeFiles/CMakeTmp'
/opt/apps/ossw/applications/cmake/cmake-2.8.9/sl6/bin/cmake -E cmake_progress_report /workspace/cvcsoft/TexMol/release/third-party/hdf5_proj-prefix/src/hdf5_proj-build/CMakeFiles/CMakeTmp/CMakeFiles 1
Building C object CMakeFiles/cmTryCompileExec3893794381.dir/H5_SIZEOF_UINT32_T.c.o
/usr/bin/gcc  -D_BSD_SOURCE -D_FILE_OFFSET_BITS=64 -D_LARGEFILE64_SOURCE -D_LARGEFILE_SOURCE  -o CMakeFiles/cmTryCompileExec3893794381.dir/H5_SIZEOF_UINT32_T.c.o   -c /workspace/cvcsoft/TexMol/release/third-party/hdf5_proj-prefix/src/hdf5_proj-build/CMakeFiles/CheckTypeSize/H5_SIZEOF_UINT32_T.c
Linking C executable cmTryCompileExec3893794381
/opt/apps/ossw/applications/cmake/cmake-2.8.9/sl6/bin/cmake -E cmake_link_script CMakeFiles/cmTryCompileExec3893794381.dir/link.txt --verbose=1
/usr/bin/gcc         CMakeFiles/cmTryCompileExec3893794381.dir/H5_SIZEOF_UINT32_T.c.o  -o cmTryCompileExec3893794381 -rdynamic -lm 
gmake[4]: Leaving directory `/workspace/cvcsoft/TexMol/release/third-party/hdf5_proj-prefix/src/hdf5_proj-build/CMakeFiles/CMakeTmp'
gmake[3]: Leaving directory `/workspace/cvcsoft/TexMol/release/third-party/hdf5_proj-prefix/src/hdf5_proj-build/CMakeFiles/CMakeTmp'


Determining size of int_least32_t passed with the following output:
Change Dir: /workspace/cvcsoft/TexMol/release/third-party/hdf5_proj-prefix/src/hdf5_proj-build/CMakeFiles/CMakeTmp

Run Build Command:/usr/bin/gmake "cmTryCompileExec3679834382/fast"
gmake[3]: Entering directory `/workspace/cvcsoft/TexMol/release/third-party/hdf5_proj-prefix/src/hdf5_proj-build/CMakeFiles/CMakeTmp'
/usr/bin/gmake -f CMakeFiles/cmTryCompileExec3679834382.dir/build.make CMakeFiles/cmTryCompileExec3679834382.dir/build
gmake[4]: Entering directory `/workspace/cvcsoft/TexMol/release/third-party/hdf5_proj-prefix/src/hdf5_proj-build/CMakeFiles/CMakeTmp'
/opt/apps/ossw/applications/cmake/cmake-2.8.9/sl6/bin/cmake -E cmake_progress_report /workspace/cvcsoft/TexMol/release/third-party/hdf5_proj-prefix/src/hdf5_proj-build/CMakeFiles/CMakeTmp/CMakeFiles 1
Building C object CMakeFiles/cmTryCompileExec3679834382.dir/H5_SIZEOF_INT_LEAST32_T.c.o
/usr/bin/gcc  -D_BSD_SOURCE -D_FILE_OFFSET_BITS=64 -D_LARGEFILE64_SOURCE -D_LARGEFILE_SOURCE  -o CMakeFiles/cmTryCompileExec3679834382.dir/H5_SIZEOF_INT_LEAST32_T.c.o   -c /workspace/cvcsoft/TexMol/release/third-party/hdf5_proj-prefix/src/hdf5_proj-build/CMakeFiles/CheckTypeSize/H5_SIZEOF_INT_LEAST32_T.c
Linking C executable cmTryCompileExec3679834382
/opt/apps/ossw/applications/cmake/cmake-2.8.9/sl6/bin/cmake -E cmake_link_script CMakeFiles/cmTryCompileExec3679834382.dir/link.txt --verbose=1
/usr/bin/gcc         CMakeFiles/cmTryCompileExec3679834382.dir/H5_SIZEOF_INT_LEAST32_T.c.o  -o cmTryCompileExec3679834382 -rdynamic -lm 
gmake[4]: Leaving directory `/workspace/cvcsoft/TexMol/release/third-party/hdf5_proj-prefix/src/hdf5_proj-build/CMakeFiles/CMakeTmp'
gmake[3]: Leaving directory `/workspace/cvcsoft/TexMol/release/third-party/hdf5_proj-prefix/src/hdf5_proj-build/CMakeFiles/CMakeTmp'


Determining size of uint_least32_t passed with the following output:
Change Dir: /workspace/cvcsoft/TexMol/release/third-party/hdf5_proj-prefix/src/hdf5_proj-build/CMakeFiles/CMakeTmp

Run Build Command:/usr/bin/gmake "cmTryCompileExec3337170126/fast"
gmake[3]: Entering directory `/workspace/cvcsoft/TexMol/release/third-party/hdf5_proj-prefix/src/hdf5_proj-build/CMakeFiles/CMakeTmp'
/usr/bin/gmake -f CMakeFiles/cmTryCompileExec3337170126.dir/build.make CMakeFiles/cmTryCompileExec3337170126.dir/build
gmake[4]: Entering directory `/workspace/cvcsoft/TexMol/release/third-party/hdf5_proj-prefix/src/hdf5_proj-build/CMakeFiles/CMakeTmp'
/opt/apps/ossw/applications/cmake/cmake-2.8.9/sl6/bin/cmake -E cmake_progress_report /workspace/cvcsoft/TexMol/release/third-party/hdf5_proj-prefix/src/hdf5_proj-build/CMakeFiles/CMakeTmp/CMakeFiles 1
Building C object CMakeFiles/cmTryCompileExec3337170126.dir/H5_SIZEOF_UINT_LEAST32_T.c.o
/usr/bin/gcc  -D_BSD_SOURCE -D_FILE_OFFSET_BITS=64 -D_LARGEFILE64_SOURCE -D_LARGEFILE_SOURCE  -o CMakeFiles/cmTryCompileExec3337170126.dir/H5_SIZEOF_UINT_LEAST32_T.c.o   -c /workspace/cvcsoft/TexMol/release/third-party/hdf5_proj-prefix/src/hdf5_proj-build/CMakeFiles/CheckTypeSize/H5_SIZEOF_UINT_LEAST32_T.c
Linking C executable cmTryCompileExec3337170126
/opt/apps/ossw/applications/cmake/cmake-2.8.9/sl6/bin/cmake -E cmake_link_script CMakeFiles/cmTryCompileExec3337170126.dir/link.txt --verbose=1
/usr/bin/gcc         CMakeFiles/cmTryCompileExec3337170126.dir/H5_SIZEOF_UINT_LEAST32_T.c.o  -o cmTryCompileExec3337170126 -rdynamic -lm 
gmake[4]: Leaving directory `/workspace/cvcsoft/TexMol/release/third-party/hdf5_proj-prefix/src/hdf5_proj-build/CMakeFiles/CMakeTmp'
gmake[3]: Leaving directory `/workspace/cvcsoft/TexMol/release/third-party/hdf5_proj-prefix/src/hdf5_proj-build/CMakeFiles/CMakeTmp'


Determining size of int_fast32_t passed with the following output:
Change Dir: /workspace/cvcsoft/TexMol/release/third-party/hdf5_proj-prefix/src/hdf5_proj-build/CMakeFiles/CMakeTmp

Run Build Command:/usr/bin/gmake "cmTryCompileExec3378295031/fast"
gmake[3]: Entering directory `/workspace/cvcsoft/TexMol/release/third-party/hdf5_proj-prefix/src/hdf5_proj-build/CMakeFiles/CMakeTmp'
/usr/bin/gmake -f CMakeFiles/cmTryCompileExec3378295031.dir/build.make CMakeFiles/cmTryCompileExec3378295031.dir/build
gmake[4]: Entering directory `/workspace/cvcsoft/TexMol/release/third-party/hdf5_proj-prefix/src/hdf5_proj-build/CMakeFiles/CMakeTmp'
/opt/apps/ossw/applications/cmake/cmake-2.8.9/sl6/bin/cmake -E cmake_progress_report /workspace/cvcsoft/TexMol/release/third-party/hdf5_proj-prefix/src/hdf5_proj-build/CMakeFiles/CMakeTmp/CMakeFiles 1
Building C object CMakeFiles/cmTryCompileExec3378295031.dir/H5_SIZEOF_INT_FAST32_T.c.o
/usr/bin/gcc  -D_BSD_SOURCE -D_FILE_OFFSET_BITS=64 -D_LARGEFILE64_SOURCE -D_LARGEFILE_SOURCE  -o CMakeFiles/cmTryCompileExec3378295031.dir/H5_SIZEOF_INT_FAST32_T.c.o   -c /workspace/cvcsoft/TexMol/release/third-party/hdf5_proj-prefix/src/hdf5_proj-build/CMakeFiles/CheckTypeSize/H5_SIZEOF_INT_FAST32_T.c
Linking C executable cmTryCompileExec3378295031
/opt/apps/ossw/applications/cmake/cmake-2.8.9/sl6/bin/cmake -E cmake_link_script CMakeFiles/cmTryCompileExec3378295031.dir/link.txt --verbose=1
/usr/bin/gcc         CMakeFiles/cmTryCompileExec3378295031.dir/H5_SIZEOF_INT_FAST32_T.c.o  -o cmTryCompileExec3378295031 -rdynamic -lm 
gmake[4]: Leaving directory `/workspace/cvcsoft/TexMol/release/third-party/hdf5_proj-prefix/src/hdf5_proj-build/CMakeFiles/CMakeTmp'
gmake[3]: Leaving directory `/workspace/cvcsoft/TexMol/release/third-party/hdf5_proj-prefix/src/hdf5_proj-build/CMakeFiles/CMakeTmp'


Determining size of uint_fast32_t passed with the following output:
Change Dir: /workspace/cvcsoft/TexMol/release/third-party/hdf5_proj-prefix/src/hdf5_proj-build/CMakeFiles/CMakeTmp

Run Build Command:/usr/bin/gmake "cmTryCompileExec606639830/fast"
gmake[3]: Entering directory `/workspace/cvcsoft/TexMol/release/third-party/hdf5_proj-prefix/src/hdf5_proj-build/CMakeFiles/CMakeTmp'
/usr/bin/gmake -f CMakeFiles/cmTryCompileExec606639830.dir/build.make CMakeFiles/cmTryCompileExec606639830.dir/build
gmake[4]: Entering directory `/workspace/cvcsoft/TexMol/release/third-party/hdf5_proj-prefix/src/hdf5_proj-build/CMakeFiles/CMakeTmp'
/opt/apps/ossw/applications/cmake/cmake-2.8.9/sl6/bin/cmake -E cmake_progress_report /workspace/cvcsoft/TexMol/release/third-party/hdf5_proj-prefix/src/hdf5_proj-build/CMakeFiles/CMakeTmp/CMakeFiles 1
Building C object CMakeFiles/cmTryCompileExec606639830.dir/H5_SIZEOF_UINT_FAST32_T.c.o
/usr/bin/gcc  -D_BSD_SOURCE -D_FILE_OFFSET_BITS=64 -D_LARGEFILE64_SOURCE -D_LARGEFILE_SOURCE  -o CMakeFiles/cmTryCompileExec606639830.dir/H5_SIZEOF_UINT_FAST32_T.c.o   -c /workspace/cvcsoft/TexMol/release/third-party/hdf5_proj-prefix/src/hdf5_proj-build/CMakeFiles/CheckTypeSize/H5_SIZEOF_UINT_FAST32_T.c
Linking C executable cmTryCompileExec606639830
/opt/apps/ossw/applications/cmake/cmake-2.8.9/sl6/bin/cmake -E cmake_link_script CMakeFiles/cmTryCompileExec606639830.dir/link.txt --verbose=1
/usr/bin/gcc         CMakeFiles/cmTryCompileExec606639830.dir/H5_SIZEOF_UINT_FAST32_T.c.o  -o cmTryCompileExec606639830 -rdynamic -lm 
gmake[4]: Leaving directory `/workspace/cvcsoft/TexMol/release/third-party/hdf5_proj-prefix/src/hdf5_proj-build/CMakeFiles/CMakeTmp'
gmake[3]: Leaving directory `/workspace/cvcsoft/TexMol/release/third-party/hdf5_proj-prefix/src/hdf5_proj-build/CMakeFiles/CMakeTmp'


Determining size of int64_t passed with the following output:
Change Dir: /workspace/cvcsoft/TexMol/release/third-party/hdf5_proj-prefix/src/hdf5_proj-build/CMakeFiles/CMakeTmp

Run Build Command:/usr/bin/gmake "cmTryCompileExec1621384994/fast"
gmake[3]: Entering directory `/workspace/cvcsoft/TexMol/release/third-party/hdf5_proj-prefix/src/hdf5_proj-build/CMakeFiles/CMakeTmp'
/usr/bin/gmake -f CMakeFiles/cmTryCompileExec1621384994.dir/build.make CMakeFiles/cmTryCompileExec1621384994.dir/build
gmake[4]: Entering directory `/workspace/cvcsoft/TexMol/release/third-party/hdf5_proj-prefix/src/hdf5_proj-build/CMakeFiles/CMakeTmp'
/opt/apps/ossw/applications/cmake/cmake-2.8.9/sl6/bin/cmake -E cmake_progress_report /workspace/cvcsoft/TexMol/release/third-party/hdf5_proj-prefix/src/hdf5_proj-build/CMakeFiles/CMakeTmp/CMakeFiles 1
Building C object CMakeFiles/cmTryCompileExec1621384994.dir/H5_SIZEOF_INT64_T.c.o
/usr/bin/gcc  -D_BSD_SOURCE -D_FILE_OFFSET_BITS=64 -D_LARGEFILE64_SOURCE -D_LARGEFILE_SOURCE  -o CMakeFiles/cmTryCompileExec1621384994.dir/H5_SIZEOF_INT64_T.c.o   -c /workspace/cvcsoft/TexMol/release/third-party/hdf5_proj-prefix/src/hdf5_proj-build/CMakeFiles/CheckTypeSize/H5_SIZEOF_INT64_T.c
Linking C executable cmTryCompileExec1621384994
/opt/apps/ossw/applications/cmake/cmake-2.8.9/sl6/bin/cmake -E cmake_link_script CMakeFiles/cmTryCompileExec1621384994.dir/link.txt --verbose=1
/usr/bin/gcc         CMakeFiles/cmTryCompileExec1621384994.dir/H5_SIZEOF_INT64_T.c.o  -o cmTryCompileExec1621384994 -rdynamic -lm 
gmake[4]: Leaving directory `/workspace/cvcsoft/TexMol/release/third-party/hdf5_proj-prefix/src/hdf5_proj-build/CMakeFiles/CMakeTmp'
gmake[3]: Leaving directory `/workspace/cvcsoft/TexMol/release/third-party/hdf5_proj-prefix/src/hdf5_proj-build/CMakeFiles/CMakeTmp'


Determining size of uint64_t passed with the following output:
Change Dir: /workspace/cvcsoft/TexMol/release/third-party/hdf5_proj-prefix/src/hdf5_proj-build/CMakeFiles/CMakeTmp

Run Build Command:/usr/bin/gmake "cmTryCompileExec4232469553/fast"
gmake[3]: Entering directory `/workspace/cvcsoft/TexMol/release/third-party/hdf5_proj-prefix/src/hdf5_proj-build/CMakeFiles/CMakeTmp'
/usr/bin/gmake -f CMakeFiles/cmTryCompileExec4232469553.dir/build.make CMakeFiles/cmTryCompileExec4232469553.dir/build
gmake[4]: Entering directory `/workspace/cvcsoft/TexMol/release/third-party/hdf5_proj-prefix/src/hdf5_proj-build/CMakeFiles/CMakeTmp'
/opt/apps/ossw/applications/cmake/cmake-2.8.9/sl6/bin/cmake -E cmake_progress_report /workspace/cvcsoft/TexMol/release/third-party/hdf5_proj-prefix/src/hdf5_proj-build/CMakeFiles/CMakeTmp/CMakeFiles 1
Building C object CMakeFiles/cmTryCompileExec4232469553.dir/H5_SIZEOF_UINT64_T.c.o
/usr/bin/gcc  -D_BSD_SOURCE -D_FILE_OFFSET_BITS=64 -D_LARGEFILE64_SOURCE -D_LARGEFILE_SOURCE  -o CMakeFiles/cmTryCompileExec4232469553.dir/H5_SIZEOF_UINT64_T.c.o   -c /workspace/cvcsoft/TexMol/release/third-party/hdf5_proj-prefix/src/hdf5_proj-build/CMakeFiles/CheckTypeSize/H5_SIZEOF_UINT64_T.c
Linking C executable cmTryCompileExec4232469553
/opt/apps/ossw/applications/cmake/cmake-2.8.9/sl6/bin/cmake -E cmake_link_script CMakeFiles/cmTryCompileExec4232469553.dir/link.txt --verbose=1
/usr/bin/gcc         CMakeFiles/cmTryCompileExec4232469553.dir/H5_SIZEOF_UINT64_T.c.o  -o cmTryCompileExec4232469553 -rdynamic -lm 
gmake[4]: Leaving directory `/workspace/cvcsoft/TexMol/release/third-party/hdf5_proj-prefix/src/hdf5_proj-build/CMakeFiles/CMakeTmp'
gmake[3]: Leaving directory `/workspace/cvcsoft/TexMol/release/third-party/hdf5_proj-prefix/src/hdf5_proj-build/CMakeFiles/CMakeTmp'


Determining size of int_least64_t passed with the following output:
Change Dir: /workspace/cvcsoft/TexMol/release/third-party/hdf5_proj-prefix/src/hdf5_proj-build/CMakeFiles/CMakeTmp

Run Build Command:/usr/bin/gmake "cmTryCompileExec1083737110/fast"
gmake[3]: Entering directory `/workspace/cvcsoft/TexMol/release/third-party/hdf5_proj-prefix/src/hdf5_proj-build/CMakeFiles/CMakeTmp'
/usr/bin/gmake -f CMakeFiles/cmTryCompileExec1083737110.dir/build.make CMakeFiles/cmTryCompileExec1083737110.dir/build
gmake[4]: Entering directory `/workspace/cvcsoft/TexMol/release/third-party/hdf5_proj-prefix/src/hdf5_proj-build/CMakeFiles/CMakeTmp'
/opt/apps/ossw/applications/cmake/cmake-2.8.9/sl6/bin/cmake -E cmake_progress_report /workspace/cvcsoft/TexMol/release/third-party/hdf5_proj-prefix/src/hdf5_proj-build/CMakeFiles/CMakeTmp/CMakeFiles 1
Building C object CMakeFiles/cmTryCompileExec1083737110.dir/H5_SIZEOF_INT_LEAST64_T.c.o
/usr/bin/gcc  -D_BSD_SOURCE -D_FILE_OFFSET_BITS=64 -D_LARGEFILE64_SOURCE -D_LARGEFILE_SOURCE  -o CMakeFiles/cmTryCompileExec1083737110.dir/H5_SIZEOF_INT_LEAST64_T.c.o   -c /workspace/cvcsoft/TexMol/release/third-party/hdf5_proj-prefix/src/hdf5_proj-build/CMakeFiles/CheckTypeSize/H5_SIZEOF_INT_LEAST64_T.c
Linking C executable cmTryCompileExec1083737110
/opt/apps/ossw/applications/cmake/cmake-2.8.9/sl6/bin/cmake -E cmake_link_script CMakeFiles/cmTryCompileExec1083737110.dir/link.txt --verbose=1
/usr/bin/gcc         CMakeFiles/cmTryCompileExec1083737110.dir/H5_SIZEOF_INT_LEAST64_T.c.o  -o cmTryCompileExec1083737110 -rdynamic -lm 
gmake[4]: Leaving directory `/workspace/cvcsoft/TexMol/release/third-party/hdf5_proj-prefix/src/hdf5_proj-build/CMakeFiles/CMakeTmp'
gmake[3]: Leaving directory `/workspace/cvcsoft/TexMol/release/third-party/hdf5_proj-prefix/src/hdf5_proj-build/CMakeFiles/CMakeTmp'


Determining size of uint_least64_t passed with the following output:
Change Dir: /workspace/cvcsoft/TexMol/release/third-party/hdf5_proj-prefix/src/hdf5_proj-build/CMakeFiles/CMakeTmp

Run Build Command:/usr/bin/gmake "cmTryCompileExec3240175917/fast"
gmake[3]: Entering directory `/workspace/cvcsoft/TexMol/release/third-party/hdf5_proj-prefix/src/hdf5_proj-build/CMakeFiles/CMakeTmp'
/usr/bin/gmake -f CMakeFiles/cmTryCompileExec3240175917.dir/build.make CMakeFiles/cmTryCompileExec3240175917.dir/build
gmake[4]: Entering directory `/workspace/cvcsoft/TexMol/release/third-party/hdf5_proj-prefix/src/hdf5_proj-build/CMakeFiles/CMakeTmp'
/opt/apps/ossw/applications/cmake/cmake-2.8.9/sl6/bin/cmake -E cmake_progress_report /workspace/cvcsoft/TexMol/release/third-party/hdf5_proj-prefix/src/hdf5_proj-build/CMakeFiles/CMakeTmp/CMakeFiles 1
Building C object CMakeFiles/cmTryCompileExec3240175917.dir/H5_SIZEOF_UINT_LEAST64_T.c.o
/usr/bin/gcc  -D_BSD_SOURCE -D_FILE_OFFSET_BITS=64 -D_LARGEFILE64_SOURCE -D_LARGEFILE_SOURCE  -o CMakeFiles/cmTryCompileExec3240175917.dir/H5_SIZEOF_UINT_LEAST64_T.c.o   -c /workspace/cvcsoft/TexMol/release/third-party/hdf5_proj-prefix/src/hdf5_proj-build/CMakeFiles/CheckTypeSize/H5_SIZEOF_UINT_LEAST64_T.c
Linking C executable cmTryCompileExec3240175917
/opt/apps/ossw/applications/cmake/cmake-2.8.9/sl6/bin/cmake -E cmake_link_script CMakeFiles/cmTryCompileExec3240175917.dir/link.txt --verbose=1
/usr/bin/gcc         CMakeFiles/cmTryCompileExec3240175917.dir/H5_SIZEOF_UINT_LEAST64_T.c.o  -o cmTryCompileExec3240175917 -rdynamic -lm 
gmake[4]: Leaving directory `/workspace/cvcsoft/TexMol/release/third-party/hdf5_proj-prefix/src/hdf5_proj-build/CMakeFiles/CMakeTmp'
gmake[3]: Leaving directory `/workspace/cvcsoft/TexMol/release/third-party/hdf5_proj-prefix/src/hdf5_proj-build/CMakeFiles/CMakeTmp'


Determining size of int_fast64_t passed with the following output:
Change Dir: /workspace/cvcsoft/TexMol/release/third-party/hdf5_proj-prefix/src/hdf5_proj-build/CMakeFiles/CMakeTmp

Run Build Command:/usr/bin/gmake "cmTryCompileExec3112117349/fast"
gmake[3]: Entering directory `/workspace/cvcsoft/TexMol/release/third-party/hdf5_proj-prefix/src/hdf5_proj-build/CMakeFiles/CMakeTmp'
/usr/bin/gmake -f CMakeFiles/cmTryCompileExec3112117349.dir/build.make CMakeFiles/cmTryCompileExec3112117349.dir/build
gmake[4]: Entering directory `/workspace/cvcsoft/TexMol/release/third-party/hdf5_proj-prefix/src/hdf5_proj-build/CMakeFiles/CMakeTmp'
/opt/apps/ossw/applications/cmake/cmake-2.8.9/sl6/bin/cmake -E cmake_progress_report /workspace/cvcsoft/TexMol/release/third-party/hdf5_proj-prefix/src/hdf5_proj-build/CMakeFiles/CMakeTmp/CMakeFiles 1
Building C object CMakeFiles/cmTryCompileExec3112117349.dir/H5_SIZEOF_INT_FAST64_T.c.o
/usr/bin/gcc  -D_BSD_SOURCE -D_FILE_OFFSET_BITS=64 -D_LARGEFILE64_SOURCE -D_LARGEFILE_SOURCE  -o CMakeFiles/cmTryCompileExec3112117349.dir/H5_SIZEOF_INT_FAST64_T.c.o   -c /workspace/cvcsoft/TexMol/release/third-party/hdf5_proj-prefix/src/hdf5_proj-build/CMakeFiles/CheckTypeSize/H5_SIZEOF_INT_FAST64_T.c
Linking C executable cmTryCompileExec3112117349
/opt/apps/ossw/applications/cmake/cmake-2.8.9/sl6/bin/cmake -E cmake_link_script CMakeFiles/cmTryCompileExec3112117349.dir/link.txt --verbose=1
/usr/bin/gcc         CMakeFiles/cmTryCompileExec3112117349.dir/H5_SIZEOF_INT_FAST64_T.c.o  -o cmTryCompileExec3112117349 -rdynamic -lm 
gmake[4]: Leaving directory `/workspace/cvcsoft/TexMol/release/third-party/hdf5_proj-prefix/src/hdf5_proj-build/CMakeFiles/CMakeTmp'
gmake[3]: Leaving directory `/workspace/cvcsoft/TexMol/release/third-party/hdf5_proj-prefix/src/hdf5_proj-build/CMakeFiles/CMakeTmp'


Determining size of uint_fast64_t passed with the following output:
Change Dir: /workspace/cvcsoft/TexMol/release/third-party/hdf5_proj-prefix/src/hdf5_proj-build/CMakeFiles/CMakeTmp

Run Build Command:/usr/bin/gmake "cmTryCompileExec2353189236/fast"
gmake[3]: Entering directory `/workspace/cvcsoft/TexMol/release/third-party/hdf5_proj-prefix/src/hdf5_proj-build/CMakeFiles/CMakeTmp'
/usr/bin/gmake -f CMakeFiles/cmTryCompileExec2353189236.dir/build.make CMakeFiles/cmTryCompileExec2353189236.dir/build
gmake[4]: Entering directory `/workspace/cvcsoft/TexMol/release/third-party/hdf5_proj-prefix/src/hdf5_proj-build/CMakeFiles/CMakeTmp'
/opt/apps/ossw/applications/cmake/cmake-2.8.9/sl6/bin/cmake -E cmake_progress_report /workspace/cvcsoft/TexMol/release/third-party/hdf5_proj-prefix/src/hdf5_proj-build/CMakeFiles/CMakeTmp/CMakeFiles 1
Building C object CMakeFiles/cmTryCompileExec2353189236.dir/H5_SIZEOF_UINT_FAST64_T.c.o
/usr/bin/gcc  -D_BSD_SOURCE -D_FILE_OFFSET_BITS=64 -D_LARGEFILE64_SOURCE -D_LARGEFILE_SOURCE  -o CMakeFiles/cmTryCompileExec2353189236.dir/H5_SIZEOF_UINT_FAST64_T.c.o   -c /workspace/cvcsoft/TexMol/release/third-party/hdf5_proj-prefix/src/hdf5_proj-build/CMakeFiles/CheckTypeSize/H5_SIZEOF_UINT_FAST64_T.c
Linking C executable cmTryCompileExec2353189236
/opt/apps/ossw/applications/cmake/cmake-2.8.9/sl6/bin/cmake -E cmake_link_script CMakeFiles/cmTryCompileExec2353189236.dir/link.txt --verbose=1
/usr/bin/gcc         CMakeFiles/cmTryCompileExec2353189236.dir/H5_SIZEOF_UINT_FAST64_T.c.o  -o cmTryCompileExec2353189236 -rdynamic -lm 
gmake[4]: Leaving directory `/workspace/cvcsoft/TexMol/release/third-party/hdf5_proj-prefix/src/hdf5_proj-build/CMakeFiles/CMakeTmp'
gmake[3]: Leaving directory `/workspace/cvcsoft/TexMol/release/third-party/hdf5_proj-prefix/src/hdf5_proj-build/CMakeFiles/CMakeTmp'


Determining size of size_t passed with the following output:
Change Dir: /workspace/cvcsoft/TexMol/release/third-party/hdf5_proj-prefix/src/hdf5_proj-build/CMakeFiles/CMakeTmp

Run Build Command:/usr/bin/gmake "cmTryCompileExec3588073628/fast"
gmake[3]: Entering directory `/workspace/cvcsoft/TexMol/release/third-party/hdf5_proj-prefix/src/hdf5_proj-build/CMakeFiles/CMakeTmp'
/usr/bin/gmake -f CMakeFiles/cmTryCompileExec3588073628.dir/build.make CMakeFiles/cmTryCompileExec3588073628.dir/build
gmake[4]: Entering directory `/workspace/cvcsoft/TexMol/release/third-party/hdf5_proj-prefix/src/hdf5_proj-build/CMakeFiles/CMakeTmp'
/opt/apps/ossw/applications/cmake/cmake-2.8.9/sl6/bin/cmake -E cmake_progress_report /workspace/cvcsoft/TexMol/release/third-party/hdf5_proj-prefix/src/hdf5_proj-build/CMakeFiles/CMakeTmp/CMakeFiles 1
Building C object CMakeFiles/cmTryCompileExec3588073628.dir/H5_SIZEOF_SIZE_T.c.o
/usr/bin/gcc  -D_BSD_SOURCE -D_FILE_OFFSET_BITS=64 -D_LARGEFILE64_SOURCE -D_LARGEFILE_SOURCE  -o CMakeFiles/cmTryCompileExec3588073628.dir/H5_SIZEOF_SIZE_T.c.o   -c /workspace/cvcsoft/TexMol/release/third-party/hdf5_proj-prefix/src/hdf5_proj-build/CMakeFiles/CheckTypeSize/H5_SIZEOF_SIZE_T.c
Linking C executable cmTryCompileExec3588073628
/opt/apps/ossw/applications/cmake/cmake-2.8.9/sl6/bin/cmake -E cmake_link_script CMakeFiles/cmTryCompileExec3588073628.dir/link.txt --verbose=1
/usr/bin/gcc         CMakeFiles/cmTryCompileExec3588073628.dir/H5_SIZEOF_SIZE_T.c.o  -o cmTryCompileExec3588073628 -rdynamic -lm 
gmake[4]: Leaving directory `/workspace/cvcsoft/TexMol/release/third-party/hdf5_proj-prefix/src/hdf5_proj-build/CMakeFiles/CMakeTmp'
gmake[3]: Leaving directory `/workspace/cvcsoft/TexMol/release/third-party/hdf5_proj-prefix/src/hdf5_proj-build/CMakeFiles/CMakeTmp'


Determining size of ssize_t passed with the following output:
Change Dir: /workspace/cvcsoft/TexMol/release/third-party/hdf5_proj-prefix/src/hdf5_proj-build/CMakeFiles/CMakeTmp

Run Build Command:/usr/bin/gmake "cmTryCompileExec2747463133/fast"
gmake[3]: Entering directory `/workspace/cvcsoft/TexMol/release/third-party/hdf5_proj-prefix/src/hdf5_proj-build/CMakeFiles/CMakeTmp'
/usr/bin/gmake -f CMakeFiles/cmTryCompileExec2747463133.dir/build.make CMakeFiles/cmTryCompileExec2747463133.dir/build
gmake[4]: Entering directory `/workspace/cvcsoft/TexMol/release/third-party/hdf5_proj-prefix/src/hdf5_proj-build/CMakeFiles/CMakeTmp'
/opt/apps/ossw/applications/cmake/cmake-2.8.9/sl6/bin/cmake -E cmake_progress_report /workspace/cvcsoft/TexMol/release/third-party/hdf5_proj-prefix/src/hdf5_proj-build/CMakeFiles/CMakeTmp/CMakeFiles 1
Building C object CMakeFiles/cmTryCompileExec2747463133.dir/H5_SIZEOF_SSIZE_T.c.o
/usr/bin/gcc  -D_BSD_SOURCE -D_FILE_OFFSET_BITS=64 -D_LARGEFILE64_SOURCE -D_LARGEFILE_SOURCE  -o CMakeFiles/cmTryCompileExec2747463133.dir/H5_SIZEOF_SSIZE_T.c.o   -c /workspace/cvcsoft/TexMol/release/third-party/hdf5_proj-prefix/src/hdf5_proj-build/CMakeFiles/CheckTypeSize/H5_SIZEOF_SSIZE_T.c
Linking C executable cmTryCompileExec2747463133
/opt/apps/ossw/applications/cmake/cmake-2.8.9/sl6/bin/cmake -E cmake_link_script CMakeFiles/cmTryCompileExec2747463133.dir/link.txt --verbose=1
/usr/bin/gcc         CMakeFiles/cmTryCompileExec2747463133.dir/H5_SIZEOF_SSIZE_T.c.o  -o cmTryCompileExec2747463133 -rdynamic -lm 
gmake[4]: Leaving directory `/workspace/cvcsoft/TexMol/release/third-party/hdf5_proj-prefix/src/hdf5_proj-build/CMakeFiles/CMakeTmp'
gmake[3]: Leaving directory `/workspace/cvcsoft/TexMol/release/third-party/hdf5_proj-prefix/src/hdf5_proj-build/CMakeFiles/CMakeTmp'


Determining size of ptrdiff_t passed with the following output:
Change Dir: /workspace/cvcsoft/TexMol/release/third-party/hdf5_proj-prefix/src/hdf5_proj-build/CMakeFiles/CMakeTmp

Run Build Command:/usr/bin/gmake "cmTryCompileExec3664157874/fast"
gmake[3]: Entering directory `/workspace/cvcsoft/TexMol/release/third-party/hdf5_proj-prefix/src/hdf5_proj-build/CMakeFiles/CMakeTmp'
/usr/bin/gmake -f CMakeFiles/cmTryCompileExec3664157874.dir/build.make CMakeFiles/cmTryCompileExec3664157874.dir/build
gmake[4]: Entering directory `/workspace/cvcsoft/TexMol/release/third-party/hdf5_proj-prefix/src/hdf5_proj-build/CMakeFiles/CMakeTmp'
/opt/apps/ossw/applications/cmake/cmake-2.8.9/sl6/bin/cmake -E cmake_progress_report /workspace/cvcsoft/TexMol/release/third-party/hdf5_proj-prefix/src/hdf5_proj-build/CMakeFiles/CMakeTmp/CMakeFiles 1
Building C object CMakeFiles/cmTryCompileExec3664157874.dir/H5_SIZEOF_PTRDIFF_T.c.o
/usr/bin/gcc  -D_BSD_SOURCE -D_FILE_OFFSET_BITS=64 -D_LARGEFILE64_SOURCE -D_LARGEFILE_SOURCE  -o CMakeFiles/cmTryCompileExec3664157874.dir/H5_SIZEOF_PTRDIFF_T.c.o   -c /workspace/cvcsoft/TexMol/release/third-party/hdf5_proj-prefix/src/hdf5_proj-build/CMakeFiles/CheckTypeSize/H5_SIZEOF_PTRDIFF_T.c
Linking C executable cmTryCompileExec3664157874
/opt/apps/ossw/applications/cmake/cmake-2.8.9/sl6/bin/cmake -E cmake_link_script CMakeFiles/cmTryCompileExec3664157874.dir/link.txt --verbose=1
/usr/bin/gcc         CMakeFiles/cmTryCompileExec3664157874.dir/H5_SIZEOF_PTRDIFF_T.c.o  -o cmTryCompileExec3664157874 -rdynamic -lm 
gmake[4]: Leaving directory `/workspace/cvcsoft/TexMol/release/third-party/hdf5_proj-prefix/src/hdf5_proj-build/CMakeFiles/CMakeTmp'
gmake[3]: Leaving directory `/workspace/cvcsoft/TexMol/release/third-party/hdf5_proj-prefix/src/hdf5_proj-build/CMakeFiles/CMakeTmp'


Determining size of off_t passed with the following output:
Change Dir: /workspace/cvcsoft/TexMol/release/third-party/hdf5_proj-prefix/src/hdf5_proj-build/CMakeFiles/CMakeTmp

Run Build Command:/usr/bin/gmake "cmTryCompileExec3387522701/fast"
gmake[3]: Entering directory `/workspace/cvcsoft/TexMol/release/third-party/hdf5_proj-prefix/src/hdf5_proj-build/CMakeFiles/CMakeTmp'
/usr/bin/gmake -f CMakeFiles/cmTryCompileExec3387522701.dir/build.make CMakeFiles/cmTryCompileExec3387522701.dir/build
gmake[4]: Entering directory `/workspace/cvcsoft/TexMol/release/third-party/hdf5_proj-prefix/src/hdf5_proj-build/CMakeFiles/CMakeTmp'
/opt/apps/ossw/applications/cmake/cmake-2.8.9/sl6/bin/cmake -E cmake_progress_report /workspace/cvcsoft/TexMol/release/third-party/hdf5_proj-prefix/src/hdf5_proj-build/CMakeFiles/CMakeTmp/CMakeFiles 1
Building C object CMakeFiles/cmTryCompileExec3387522701.dir/H5_SIZEOF_OFF_T.c.o
/usr/bin/gcc  -D_BSD_SOURCE -D_FILE_OFFSET_BITS=64 -D_LARGEFILE64_SOURCE -D_LARGEFILE_SOURCE  -o CMakeFiles/cmTryCompileExec3387522701.dir/H5_SIZEOF_OFF_T.c.o   -c /workspace/cvcsoft/TexMol/release/third-party/hdf5_proj-prefix/src/hdf5_proj-build/CMakeFiles/CheckTypeSize/H5_SIZEOF_OFF_T.c
Linking C executable cmTryCompileExec3387522701
/opt/apps/ossw/applications/cmake/cmake-2.8.9/sl6/bin/cmake -E cmake_link_script CMakeFiles/cmTryCompileExec3387522701.dir/link.txt --verbose=1
/usr/bin/gcc         CMakeFiles/cmTryCompileExec3387522701.dir/H5_SIZEOF_OFF_T.c.o  -o cmTryCompileExec3387522701 -rdynamic -lm 
gmake[4]: Leaving directory `/workspace/cvcsoft/TexMol/release/third-party/hdf5_proj-prefix/src/hdf5_proj-build/CMakeFiles/CMakeTmp'
gmake[3]: Leaving directory `/workspace/cvcsoft/TexMol/release/third-party/hdf5_proj-prefix/src/hdf5_proj-build/CMakeFiles/CMakeTmp'


Determining size of off64_t passed with the following output:
Change Dir: /workspace/cvcsoft/TexMol/release/third-party/hdf5_proj-prefix/src/hdf5_proj-build/CMakeFiles/CMakeTmp

Run Build Command:/usr/bin/gmake "cmTryCompileExec3081380357/fast"
gmake[3]: Entering directory `/workspace/cvcsoft/TexMol/release/third-party/hdf5_proj-prefix/src/hdf5_proj-build/CMakeFiles/CMakeTmp'
/usr/bin/gmake -f CMakeFiles/cmTryCompileExec3081380357.dir/build.make CMakeFiles/cmTryCompileExec3081380357.dir/build
gmake[4]: Entering directory `/workspace/cvcsoft/TexMol/release/third-party/hdf5_proj-prefix/src/hdf5_proj-build/CMakeFiles/CMakeTmp'
/opt/apps/ossw/applications/cmake/cmake-2.8.9/sl6/bin/cmake -E cmake_progress_report /workspace/cvcsoft/TexMol/release/third-party/hdf5_proj-prefix/src/hdf5_proj-build/CMakeFiles/CMakeTmp/CMakeFiles 1
Building C object CMakeFiles/cmTryCompileExec3081380357.dir/H5_SIZEOF_OFF64_T.c.o
/usr/bin/gcc  -D_BSD_SOURCE -D_FILE_OFFSET_BITS=64 -D_LARGEFILE64_SOURCE -D_LARGEFILE_SOURCE  -o CMakeFiles/cmTryCompileExec3081380357.dir/H5_SIZEOF_OFF64_T.c.o   -c /workspace/cvcsoft/TexMol/release/third-party/hdf5_proj-prefix/src/hdf5_proj-build/CMakeFiles/CheckTypeSize/H5_SIZEOF_OFF64_T.c
Linking C executable cmTryCompileExec3081380357
/opt/apps/ossw/applications/cmake/cmake-2.8.9/sl6/bin/cmake -E cmake_link_script CMakeFiles/cmTryCompileExec3081380357.dir/link.txt --verbose=1
/usr/bin/gcc         CMakeFiles/cmTryCompileExec3081380357.dir/H5_SIZEOF_OFF64_T.c.o  -o cmTryCompileExec3081380357 -rdynamic -lm 
gmake[4]: Leaving directory `/workspace/cvcsoft/TexMol/release/third-party/hdf5_proj-prefix/src/hdf5_proj-build/CMakeFiles/CMakeTmp'
gmake[3]: Leaving directory `/workspace/cvcsoft/TexMol/release/third-party/hdf5_proj-prefix/src/hdf5_proj-build/CMakeFiles/CMakeTmp'


Determining if the function ioctl exists passed with the following output:
Change Dir: /workspace/cvcsoft/TexMol/release/third-party/hdf5_proj-prefix/src/hdf5_proj-build/CMakeFiles/CMakeTmp

Run Build Command:/usr/bin/gmake "cmTryCompileExec2212727513/fast"
gmake[3]: Entering directory `/workspace/cvcsoft/TexMol/release/third-party/hdf5_proj-prefix/src/hdf5_proj-build/CMakeFiles/CMakeTmp'
/usr/bin/gmake -f CMakeFiles/cmTryCompileExec2212727513.dir/build.make CMakeFiles/cmTryCompileExec2212727513.dir/build
gmake[4]: Entering directory `/workspace/cvcsoft/TexMol/release/third-party/hdf5_proj-prefix/src/hdf5_proj-build/CMakeFiles/CMakeTmp'
/opt/apps/ossw/applications/cmake/cmake-2.8.9/sl6/bin/cmake -E cmake_progress_report /workspace/cvcsoft/TexMol/release/third-party/hdf5_proj-prefix/src/hdf5_proj-build/CMakeFiles/CMakeTmp/CMakeFiles 1
Building C object CMakeFiles/cmTryCompileExec2212727513.dir/CheckFunctionExists.c.o
/usr/bin/gcc  -D_BSD_SOURCE -D_FILE_OFFSET_BITS=64 -D_LARGEFILE64_SOURCE -D_LARGEFILE_SOURCE -DCHECK_FUNCTION_EXISTS=ioctl   -o CMakeFiles/cmTryCompileExec2212727513.dir/CheckFunctionExists.c.o   -c /opt/apps/ossw/applications/cmake/cmake-2.8.9/sl6/share/cmake-2.8/Modules/CheckFunctionExists.c
Linking C executable cmTryCompileExec2212727513
/opt/apps/ossw/applications/cmake/cmake-2.8.9/sl6/bin/cmake -E cmake_link_script CMakeFiles/cmTryCompileExec2212727513.dir/link.txt --verbose=1
/usr/bin/gcc     -DCHECK_FUNCTION_EXISTS=ioctl    CMakeFiles/cmTryCompileExec2212727513.dir/CheckFunctionExists.c.o  -o cmTryCompileExec2212727513 -rdynamic -lm 
gmake[4]: Leaving directory `/workspace/cvcsoft/TexMol/release/third-party/hdf5_proj-prefix/src/hdf5_proj-build/CMakeFiles/CMakeTmp'
gmake[3]: Leaving directory `/workspace/cvcsoft/TexMol/release/third-party/hdf5_proj-prefix/src/hdf5_proj-build/CMakeFiles/CMakeTmp'


Determining if the TIOCGWINSZ exist passed with the following output:
Change Dir: /workspace/cvcsoft/TexMol/release/third-party/hdf5_proj-prefix/src/hdf5_proj-build/CMakeFiles/CMakeTmp

Run Build Command:/usr/bin/gmake "cmTryCompileExec4159618152/fast"
gmake[3]: Entering directory `/workspace/cvcsoft/TexMol/release/third-party/hdf5_proj-prefix/src/hdf5_proj-build/CMakeFiles/CMakeTmp'
/usr/bin/gmake -f CMakeFiles/cmTryCompileExec4159618152.dir/build.make CMakeFiles/cmTryCompileExec4159618152.dir/build
gmake[4]: Entering directory `/workspace/cvcsoft/TexMol/release/third-party/hdf5_proj-prefix/src/hdf5_proj-build/CMakeFiles/CMakeTmp'
/opt/apps/ossw/applications/cmake/cmake-2.8.9/sl6/bin/cmake -E cmake_progress_report /workspace/cvcsoft/TexMol/release/third-party/hdf5_proj-prefix/src/hdf5_proj-build/CMakeFiles/CMakeTmp/CMakeFiles 1
Building C object CMakeFiles/cmTryCompileExec4159618152.dir/CheckSymbolExists.c.o
/usr/bin/gcc  -D_BSD_SOURCE -D_FILE_OFFSET_BITS=64 -D_LARGEFILE64_SOURCE -D_LARGEFILE_SOURCE  -o CMakeFiles/cmTryCompileExec4159618152.dir/CheckSymbolExists.c.o   -c /workspace/cvcsoft/TexMol/release/third-party/hdf5_proj-prefix/src/hdf5_proj-build/CMakeFiles/CMakeTmp/CheckSymbolExists.c
Linking C executable cmTryCompileExec4159618152
/opt/apps/ossw/applications/cmake/cmake-2.8.9/sl6/bin/cmake -E cmake_link_script CMakeFiles/cmTryCompileExec4159618152.dir/link.txt --verbose=1
/usr/bin/gcc         CMakeFiles/cmTryCompileExec4159618152.dir/CheckSymbolExists.c.o  -o cmTryCompileExec4159618152 -rdynamic -lm 
gmake[4]: Leaving directory `/workspace/cvcsoft/TexMol/release/third-party/hdf5_proj-prefix/src/hdf5_proj-build/CMakeFiles/CMakeTmp'
gmake[3]: Leaving directory `/workspace/cvcsoft/TexMol/release/third-party/hdf5_proj-prefix/src/hdf5_proj-build/CMakeFiles/CMakeTmp'

File /workspace/cvcsoft/TexMol/release/third-party/hdf5_proj-prefix/src/hdf5_proj-build/CMakeFiles/CMakeTmp/CheckSymbolExists.c:
/* */
#include <sys/ioctl.h>

int main(int argc, char** argv)
{
  (void)argv;
#ifndef TIOCGWINSZ
  return ((int*)(&TIOCGWINSZ))[argc];
#else
  (void)argc;
  return 0;
#endif
}

Determining if the TIOCGETD exist passed with the following output:
Change Dir: /workspace/cvcsoft/TexMol/release/third-party/hdf5_proj-prefix/src/hdf5_proj-build/CMakeFiles/CMakeTmp

Run Build Command:/usr/bin/gmake "cmTryCompileExec771743699/fast"
gmake[3]: Entering directory `/workspace/cvcsoft/TexMol/release/third-party/hdf5_proj-prefix/src/hdf5_proj-build/CMakeFiles/CMakeTmp'
/usr/bin/gmake -f CMakeFiles/cmTryCompileExec771743699.dir/build.make CMakeFiles/cmTryCompileExec771743699.dir/build
gmake[4]: Entering directory `/workspace/cvcsoft/TexMol/release/third-party/hdf5_proj-prefix/src/hdf5_proj-build/CMakeFiles/CMakeTmp'
/opt/apps/ossw/applications/cmake/cmake-2.8.9/sl6/bin/cmake -E cmake_progress_report /workspace/cvcsoft/TexMol/release/third-party/hdf5_proj-prefix/src/hdf5_proj-build/CMakeFiles/CMakeTmp/CMakeFiles 1
Building C object CMakeFiles/cmTryCompileExec771743699.dir/CheckSymbolExists.c.o
/usr/bin/gcc  -D_BSD_SOURCE -D_FILE_OFFSET_BITS=64 -D_LARGEFILE64_SOURCE -D_LARGEFILE_SOURCE  -o CMakeFiles/cmTryCompileExec771743699.dir/CheckSymbolExists.c.o   -c /workspace/cvcsoft/TexMol/release/third-party/hdf5_proj-prefix/src/hdf5_proj-build/CMakeFiles/CMakeTmp/CheckSymbolExists.c
Linking C executable cmTryCompileExec771743699
/opt/apps/ossw/applications/cmake/cmake-2.8.9/sl6/bin/cmake -E cmake_link_script CMakeFiles/cmTryCompileExec771743699.dir/link.txt --verbose=1
/usr/bin/gcc         CMakeFiles/cmTryCompileExec771743699.dir/CheckSymbolExists.c.o  -o cmTryCompileExec771743699 -rdynamic -lm 
gmake[4]: Leaving directory `/workspace/cvcsoft/TexMol/release/third-party/hdf5_proj-prefix/src/hdf5_proj-build/CMakeFiles/CMakeTmp'
gmake[3]: Leaving directory `/workspace/cvcsoft/TexMol/release/third-party/hdf5_proj-prefix/src/hdf5_proj-build/CMakeFiles/CMakeTmp'

File /workspace/cvcsoft/TexMol/release/third-party/hdf5_proj-prefix/src/hdf5_proj-build/CMakeFiles/CMakeTmp/CheckSymbolExists.c:
/* */
#include <sys/ioctl.h>

int main(int argc, char** argv)
{
  (void)argv;
#ifndef TIOCGETD
  return ((int*)(&TIOCGETD))[argc];
#else
  (void)argc;
  return 0;
#endif
}

Determining if the function alarm exists passed with the following output:
Change Dir: /workspace/cvcsoft/TexMol/release/third-party/hdf5_proj-prefix/src/hdf5_proj-build/CMakeFiles/CMakeTmp

Run Build Command:/usr/bin/gmake "cmTryCompileExec64921127/fast"
gmake[3]: Entering directory `/workspace/cvcsoft/TexMol/release/third-party/hdf5_proj-prefix/src/hdf5_proj-build/CMakeFiles/CMakeTmp'
/usr/bin/gmake -f CMakeFiles/cmTryCompileExec64921127.dir/build.make CMakeFiles/cmTryCompileExec64921127.dir/build
gmake[4]: Entering directory `/workspace/cvcsoft/TexMol/release/third-party/hdf5_proj-prefix/src/hdf5_proj-build/CMakeFiles/CMakeTmp'
/opt/apps/ossw/applications/cmake/cmake-2.8.9/sl6/bin/cmake -E cmake_progress_report /workspace/cvcsoft/TexMol/release/third-party/hdf5_proj-prefix/src/hdf5_proj-build/CMakeFiles/CMakeTmp/CMakeFiles 1
Building C object CMakeFiles/cmTryCompileExec64921127.dir/CheckFunctionExists.c.o
/usr/bin/gcc  -D_BSD_SOURCE -D_FILE_OFFSET_BITS=64 -D_LARGEFILE64_SOURCE -D_LARGEFILE_SOURCE -DCHECK_FUNCTION_EXISTS=alarm   -o CMakeFiles/cmTryCompileExec64921127.dir/CheckFunctionExists.c.o   -c /opt/apps/ossw/applications/cmake/cmake-2.8.9/sl6/share/cmake-2.8/Modules/CheckFunctionExists.c
Linking C executable cmTryCompileExec64921127
/opt/apps/ossw/applications/cmake/cmake-2.8.9/sl6/bin/cmake -E cmake_link_script CMakeFiles/cmTryCompileExec64921127.dir/link.txt --verbose=1
/usr/bin/gcc     -DCHECK_FUNCTION_EXISTS=alarm    CMakeFiles/cmTryCompileExec64921127.dir/CheckFunctionExists.c.o  -o cmTryCompileExec64921127 -rdynamic -lm 
gmake[4]: Leaving directory `/workspace/cvcsoft/TexMol/release/third-party/hdf5_proj-prefix/src/hdf5_proj-build/CMakeFiles/CMakeTmp'
gmake[3]: Leaving directory `/workspace/cvcsoft/TexMol/release/third-party/hdf5_proj-prefix/src/hdf5_proj-build/CMakeFiles/CMakeTmp'


Determining if the function fork exists passed with the following output:
Change Dir: /workspace/cvcsoft/TexMol/release/third-party/hdf5_proj-prefix/src/hdf5_proj-build/CMakeFiles/CMakeTmp

Run Build Command:/usr/bin/gmake "cmTryCompileExec1667769369/fast"
gmake[3]: Entering directory `/workspace/cvcsoft/TexMol/release/third-party/hdf5_proj-prefix/src/hdf5_proj-build/CMakeFiles/CMakeTmp'
/usr/bin/gmake -f CMakeFiles/cmTryCompileExec1667769369.dir/build.make CMakeFiles/cmTryCompileExec1667769369.dir/build
gmake[4]: Entering directory `/workspace/cvcsoft/TexMol/release/third-party/hdf5_proj-prefix/src/hdf5_proj-build/CMakeFiles/CMakeTmp'
/opt/apps/ossw/applications/cmake/cmake-2.8.9/sl6/bin/cmake -E cmake_progress_report /workspace/cvcsoft/TexMol/release/third-party/hdf5_proj-prefix/src/hdf5_proj-build/CMakeFiles/CMakeTmp/CMakeFiles 1
Building C object CMakeFiles/cmTryCompileExec1667769369.dir/CheckFunctionExists.c.o
/usr/bin/gcc  -D_BSD_SOURCE -D_FILE_OFFSET_BITS=64 -D_LARGEFILE64_SOURCE -D_LARGEFILE_SOURCE -DCHECK_FUNCTION_EXISTS=fork   -o CMakeFiles/cmTryCompileExec1667769369.dir/CheckFunctionExists.c.o   -c /opt/apps/ossw/applications/cmake/cmake-2.8.9/sl6/share/cmake-2.8/Modules/CheckFunctionExists.c
/opt/apps/ossw/applications/cmake/cmake-2.8.9/sl6/share/cmake-2.8/Modules/CheckFunctionExists.c:3: warning: conflicting types for built-in function ‘fork’
Linking C executable cmTryCompileExec1667769369
/opt/apps/ossw/applications/cmake/cmake-2.8.9/sl6/bin/cmake -E cmake_link_script CMakeFiles/cmTryCompileExec1667769369.dir/link.txt --verbose=1
/usr/bin/gcc     -DCHECK_FUNCTION_EXISTS=fork    CMakeFiles/cmTryCompileExec1667769369.dir/CheckFunctionExists.c.o  -o cmTryCompileExec1667769369 -rdynamic -lm 
gmake[4]: Leaving directory `/workspace/cvcsoft/TexMol/release/third-party/hdf5_proj-prefix/src/hdf5_proj-build/CMakeFiles/CMakeTmp'
gmake[3]: Leaving directory `/workspace/cvcsoft/TexMol/release/third-party/hdf5_proj-prefix/src/hdf5_proj-build/CMakeFiles/CMakeTmp'


Determining if the function frexpf exists passed with the following output:
Change Dir: /workspace/cvcsoft/TexMol/release/third-party/hdf5_proj-prefix/src/hdf5_proj-build/CMakeFiles/CMakeTmp

Run Build Command:/usr/bin/gmake "cmTryCompileExec3396075388/fast"
gmake[3]: Entering directory `/workspace/cvcsoft/TexMol/release/third-party/hdf5_proj-prefix/src/hdf5_proj-build/CMakeFiles/CMakeTmp'
/usr/bin/gmake -f CMakeFiles/cmTryCompileExec3396075388.dir/build.make CMakeFiles/cmTryCompileExec3396075388.dir/build
gmake[4]: Entering directory `/workspace/cvcsoft/TexMol/release/third-party/hdf5_proj-prefix/src/hdf5_proj-build/CMakeFiles/CMakeTmp'
/opt/apps/ossw/applications/cmake/cmake-2.8.9/sl6/bin/cmake -E cmake_progress_report /workspace/cvcsoft/TexMol/release/third-party/hdf5_proj-prefix/src/hdf5_proj-build/CMakeFiles/CMakeTmp/CMakeFiles 1
Building C object CMakeFiles/cmTryCompileExec3396075388.dir/CheckFunctionExists.c.o
/usr/bin/gcc  -D_BSD_SOURCE -D_FILE_OFFSET_BITS=64 -D_LARGEFILE64_SOURCE -D_LARGEFILE_SOURCE -DCHECK_FUNCTION_EXISTS=frexpf   -o CMakeFiles/cmTryCompileExec3396075388.dir/CheckFunctionExists.c.o   -c /opt/apps/ossw/applications/cmake/cmake-2.8.9/sl6/share/cmake-2.8/Modules/CheckFunctionExists.c
/opt/apps/ossw/applications/cmake/cmake-2.8.9/sl6/share/cmake-2.8/Modules/CheckFunctionExists.c:3: warning: conflicting types for built-in function ‘frexpf’
Linking C executable cmTryCompileExec3396075388
/opt/apps/ossw/applications/cmake/cmake-2.8.9/sl6/bin/cmake -E cmake_link_script CMakeFiles/cmTryCompileExec3396075388.dir/link.txt --verbose=1
/usr/bin/gcc     -DCHECK_FUNCTION_EXISTS=frexpf    CMakeFiles/cmTryCompileExec3396075388.dir/CheckFunctionExists.c.o  -o cmTryCompileExec3396075388 -rdynamic -lm 
gmake[4]: Leaving directory `/workspace/cvcsoft/TexMol/release/third-party/hdf5_proj-prefix/src/hdf5_proj-build/CMakeFiles/CMakeTmp'
gmake[3]: Leaving directory `/workspace/cvcsoft/TexMol/release/third-party/hdf5_proj-prefix/src/hdf5_proj-build/CMakeFiles/CMakeTmp'


Determining if the function frexpl exists passed with the following output:
Change Dir: /workspace/cvcsoft/TexMol/release/third-party/hdf5_proj-prefix/src/hdf5_proj-build/CMakeFiles/CMakeTmp

Run Build Command:/usr/bin/gmake "cmTryCompileExec1901222400/fast"
gmake[3]: Entering directory `/workspace/cvcsoft/TexMol/release/third-party/hdf5_proj-prefix/src/hdf5_proj-build/CMakeFiles/CMakeTmp'
/usr/bin/gmake -f CMakeFiles/cmTryCompileExec1901222400.dir/build.make CMakeFiles/cmTryCompileExec1901222400.dir/build
gmake[4]: Entering directory `/workspace/cvcsoft/TexMol/release/third-party/hdf5_proj-prefix/src/hdf5_proj-build/CMakeFiles/CMakeTmp'
/opt/apps/ossw/applications/cmake/cmake-2.8.9/sl6/bin/cmake -E cmake_progress_report /workspace/cvcsoft/TexMol/release/third-party/hdf5_proj-prefix/src/hdf5_proj-build/CMakeFiles/CMakeTmp/CMakeFiles 1
Building C object CMakeFiles/cmTryCompileExec1901222400.dir/CheckFunctionExists.c.o
/usr/bin/gcc  -D_BSD_SOURCE -D_FILE_OFFSET_BITS=64 -D_LARGEFILE64_SOURCE -D_LARGEFILE_SOURCE -DCHECK_FUNCTION_EXISTS=frexpl   -o CMakeFiles/cmTryCompileExec1901222400.dir/CheckFunctionExists.c.o   -c /opt/apps/ossw/applications/cmake/cmake-2.8.9/sl6/share/cmake-2.8/Modules/CheckFunctionExists.c
/opt/apps/ossw/applications/cmake/cmake-2.8.9/sl6/share/cmake-2.8/Modules/CheckFunctionExists.c:3: warning: conflicting types for built-in function ‘frexpl’
Linking C executable cmTryCompileExec1901222400
/opt/apps/ossw/applications/cmake/cmake-2.8.9/sl6/bin/cmake -E cmake_link_script CMakeFiles/cmTryCompileExec1901222400.dir/link.txt --verbose=1
/usr/bin/gcc     -DCHECK_FUNCTION_EXISTS=frexpl    CMakeFiles/cmTryCompileExec1901222400.dir/CheckFunctionExists.c.o  -o cmTryCompileExec1901222400 -rdynamic -lm 
gmake[4]: Leaving directory `/workspace/cvcsoft/TexMol/release/third-party/hdf5_proj-prefix/src/hdf5_proj-build/CMakeFiles/CMakeTmp'
gmake[3]: Leaving directory `/workspace/cvcsoft/TexMol/release/third-party/hdf5_proj-prefix/src/hdf5_proj-build/CMakeFiles/CMakeTmp'


Determining if the function gethostname exists passed with the following output:
Change Dir: /workspace/cvcsoft/TexMol/release/third-party/hdf5_proj-prefix/src/hdf5_proj-build/CMakeFiles/CMakeTmp

Run Build Command:/usr/bin/gmake "cmTryCompileExec2042305774/fast"
gmake[3]: Entering directory `/workspace/cvcsoft/TexMol/release/third-party/hdf5_proj-prefix/src/hdf5_proj-build/CMakeFiles/CMakeTmp'
/usr/bin/gmake -f CMakeFiles/cmTryCompileExec2042305774.dir/build.make CMakeFiles/cmTryCompileExec2042305774.dir/build
gmake[4]: Entering directory `/workspace/cvcsoft/TexMol/release/third-party/hdf5_proj-prefix/src/hdf5_proj-build/CMakeFiles/CMakeTmp'
/opt/apps/ossw/applications/cmake/cmake-2.8.9/sl6/bin/cmake -E cmake_progress_report /workspace/cvcsoft/TexMol/release/third-party/hdf5_proj-prefix/src/hdf5_proj-build/CMakeFiles/CMakeTmp/CMakeFiles 1
Building C object CMakeFiles/cmTryCompileExec2042305774.dir/CheckFunctionExists.c.o
/usr/bin/gcc  -D_BSD_SOURCE -D_FILE_OFFSET_BITS=64 -D_LARGEFILE64_SOURCE -D_LARGEFILE_SOURCE -DCHECK_FUNCTION_EXISTS=gethostname   -o CMakeFiles/cmTryCompileExec2042305774.dir/CheckFunctionExists.c.o   -c /opt/apps/ossw/applications/cmake/cmake-2.8.9/sl6/share/cmake-2.8/Modules/CheckFunctionExists.c
Linking C executable cmTryCompileExec2042305774
/opt/apps/ossw/applications/cmake/cmake-2.8.9/sl6/bin/cmake -E cmake_link_script CMakeFiles/cmTryCompileExec2042305774.dir/link.txt --verbose=1
/usr/bin/gcc     -DCHECK_FUNCTION_EXISTS=gethostname    CMakeFiles/cmTryCompileExec2042305774.dir/CheckFunctionExists.c.o  -o cmTryCompileExec2042305774 -rdynamic -lm 
gmake[4]: Leaving directory `/workspace/cvcsoft/TexMol/release/third-party/hdf5_proj-prefix/src/hdf5_proj-build/CMakeFiles/CMakeTmp'
gmake[3]: Leaving directory `/workspace/cvcsoft/TexMol/release/third-party/hdf5_proj-prefix/src/hdf5_proj-build/CMakeFiles/CMakeTmp'


Determining if the function getpwuid exists passed with the following output:
Change Dir: /workspace/cvcsoft/TexMol/release/third-party/hdf5_proj-prefix/src/hdf5_proj-build/CMakeFiles/CMakeTmp

Run Build Command:/usr/bin/gmake "cmTryCompileExec296294614/fast"
gmake[3]: Entering directory `/workspace/cvcsoft/TexMol/release/third-party/hdf5_proj-prefix/src/hdf5_proj-build/CMakeFiles/CMakeTmp'
/usr/bin/gmake -f CMakeFiles/cmTryCompileExec296294614.dir/build.make CMakeFiles/cmTryCompileExec296294614.dir/build
gmake[4]: Entering directory `/workspace/cvcsoft/TexMol/release/third-party/hdf5_proj-prefix/src/hdf5_proj-build/CMakeFiles/CMakeTmp'
/opt/apps/ossw/applications/cmake/cmake-2.8.9/sl6/bin/cmake -E cmake_progress_report /workspace/cvcsoft/TexMol/release/third-party/hdf5_proj-prefix/src/hdf5_proj-build/CMakeFiles/CMakeTmp/CMakeFiles 1
Building C object CMakeFiles/cmTryCompileExec296294614.dir/CheckFunctionExists.c.o
/usr/bin/gcc  -D_BSD_SOURCE -D_FILE_OFFSET_BITS=64 -D_LARGEFILE64_SOURCE -D_LARGEFILE_SOURCE -DCHECK_FUNCTION_EXISTS=getpwuid   -o CMakeFiles/cmTryCompileExec296294614.dir/CheckFunctionExists.c.o   -c /opt/apps/ossw/applications/cmake/cmake-2.8.9/sl6/share/cmake-2.8/Modules/CheckFunctionExists.c
Linking C executable cmTryCompileExec296294614
/opt/apps/ossw/applications/cmake/cmake-2.8.9/sl6/bin/cmake -E cmake_link_script CMakeFiles/cmTryCompileExec296294614.dir/link.txt --verbose=1
/usr/bin/gcc     -DCHECK_FUNCTION_EXISTS=getpwuid    CMakeFiles/cmTryCompileExec296294614.dir/CheckFunctionExists.c.o  -o cmTryCompileExec296294614 -rdynamic -lm 
gmake[4]: Leaving directory `/workspace/cvcsoft/TexMol/release/third-party/hdf5_proj-prefix/src/hdf5_proj-build/CMakeFiles/CMakeTmp'
gmake[3]: Leaving directory `/workspace/cvcsoft/TexMol/release/third-party/hdf5_proj-prefix/src/hdf5_proj-build/CMakeFiles/CMakeTmp'


Determining if the function getrusage exists passed with the following output:
Change Dir: /workspace/cvcsoft/TexMol/release/third-party/hdf5_proj-prefix/src/hdf5_proj-build/CMakeFiles/CMakeTmp

Run Build Command:/usr/bin/gmake "cmTryCompileExec775245830/fast"
gmake[3]: Entering directory `/workspace/cvcsoft/TexMol/release/third-party/hdf5_proj-prefix/src/hdf5_proj-build/CMakeFiles/CMakeTmp'
/usr/bin/gmake -f CMakeFiles/cmTryCompileExec775245830.dir/build.make CMakeFiles/cmTryCompileExec775245830.dir/build
gmake[4]: Entering directory `/workspace/cvcsoft/TexMol/release/third-party/hdf5_proj-prefix/src/hdf5_proj-build/CMakeFiles/CMakeTmp'
/opt/apps/ossw/applications/cmake/cmake-2.8.9/sl6/bin/cmake -E cmake_progress_report /workspace/cvcsoft/TexMol/release/third-party/hdf5_proj-prefix/src/hdf5_proj-build/CMakeFiles/CMakeTmp/CMakeFiles 1
Building C object CMakeFiles/cmTryCompileExec775245830.dir/CheckFunctionExists.c.o
/usr/bin/gcc  -D_BSD_SOURCE -D_FILE_OFFSET_BITS=64 -D_LARGEFILE64_SOURCE -D_LARGEFILE_SOURCE -DCHECK_FUNCTION_EXISTS=getrusage   -o CMakeFiles/cmTryCompileExec775245830.dir/CheckFunctionExists.c.o   -c /opt/apps/ossw/applications/cmake/cmake-2.8.9/sl6/share/cmake-2.8/Modules/CheckFunctionExists.c
Linking C executable cmTryCompileExec775245830
/opt/apps/ossw/applications/cmake/cmake-2.8.9/sl6/bin/cmake -E cmake_link_script CMakeFiles/cmTryCompileExec775245830.dir/link.txt --verbose=1
/usr/bin/gcc     -DCHECK_FUNCTION_EXISTS=getrusage    CMakeFiles/cmTryCompileExec775245830.dir/CheckFunctionExists.c.o  -o cmTryCompileExec775245830 -rdynamic -lm 
gmake[4]: Leaving directory `/workspace/cvcsoft/TexMol/release/third-party/hdf5_proj-prefix/src/hdf5_proj-build/CMakeFiles/CMakeTmp'
gmake[3]: Leaving directory `/workspace/cvcsoft/TexMol/release/third-party/hdf5_proj-prefix/src/hdf5_proj-build/CMakeFiles/CMakeTmp'


Determining if the function lstat exists passed with the following output:
Change Dir: /workspace/cvcsoft/TexMol/release/third-party/hdf5_proj-prefix/src/hdf5_proj-build/CMakeFiles/CMakeTmp

Run Build Command:/usr/bin/gmake "cmTryCompileExec1888796630/fast"
gmake[3]: Entering directory `/workspace/cvcsoft/TexMol/release/third-party/hdf5_proj-prefix/src/hdf5_proj-build/CMakeFiles/CMakeTmp'
/usr/bin/gmake -f CMakeFiles/cmTryCompileExec1888796630.dir/build.make CMakeFiles/cmTryCompileExec1888796630.dir/build
gmake[4]: Entering directory `/workspace/cvcsoft/TexMol/release/third-party/hdf5_proj-prefix/src/hdf5_proj-build/CMakeFiles/CMakeTmp'
/opt/apps/ossw/applications/cmake/cmake-2.8.9/sl6/bin/cmake -E cmake_progress_report /workspace/cvcsoft/TexMol/release/third-party/hdf5_proj-prefix/src/hdf5_proj-build/CMakeFiles/CMakeTmp/CMakeFiles 1
Building C object CMakeFiles/cmTryCompileExec1888796630.dir/CheckFunctionExists.c.o
/usr/bin/gcc  -D_BSD_SOURCE -D_FILE_OFFSET_BITS=64 -D_LARGEFILE64_SOURCE -D_LARGEFILE_SOURCE -DCHECK_FUNCTION_EXISTS=lstat   -o CMakeFiles/cmTryCompileExec1888796630.dir/CheckFunctionExists.c.o   -c /opt/apps/ossw/applications/cmake/cmake-2.8.9/sl6/share/cmake-2.8/Modules/CheckFunctionExists.c
Linking C executable cmTryCompileExec1888796630
/opt/apps/ossw/applications/cmake/cmake-2.8.9/sl6/bin/cmake -E cmake_link_script CMakeFiles/cmTryCompileExec1888796630.dir/link.txt --verbose=1
/usr/bin/gcc     -DCHECK_FUNCTION_EXISTS=lstat    CMakeFiles/cmTryCompileExec1888796630.dir/CheckFunctionExists.c.o  -o cmTryCompileExec1888796630 -rdynamic -lm 
gmake[4]: Leaving directory `/workspace/cvcsoft/TexMol/release/third-party/hdf5_proj-prefix/src/hdf5_proj-build/CMakeFiles/CMakeTmp'
gmake[3]: Leaving directory `/workspace/cvcsoft/TexMol/release/third-party/hdf5_proj-prefix/src/hdf5_proj-build/CMakeFiles/CMakeTmp'


Determining if the function rand_r exists passed with the following output:
Change Dir: /workspace/cvcsoft/TexMol/release/third-party/hdf5_proj-prefix/src/hdf5_proj-build/CMakeFiles/CMakeTmp

Run Build Command:/usr/bin/gmake "cmTryCompileExec428411159/fast"
gmake[3]: Entering directory `/workspace/cvcsoft/TexMol/release/third-party/hdf5_proj-prefix/src/hdf5_proj-build/CMakeFiles/CMakeTmp'
/usr/bin/gmake -f CMakeFiles/cmTryCompileExec428411159.dir/build.make CMakeFiles/cmTryCompileExec428411159.dir/build
gmake[4]: Entering directory `/workspace/cvcsoft/TexMol/release/third-party/hdf5_proj-prefix/src/hdf5_proj-build/CMakeFiles/CMakeTmp'
/opt/apps/ossw/applications/cmake/cmake-2.8.9/sl6/bin/cmake -E cmake_progress_report /workspace/cvcsoft/TexMol/release/third-party/hdf5_proj-prefix/src/hdf5_proj-build/CMakeFiles/CMakeTmp/CMakeFiles 1
Building C object CMakeFiles/cmTryCompileExec428411159.dir/CheckFunctionExists.c.o
/usr/bin/gcc  -D_BSD_SOURCE -D_FILE_OFFSET_BITS=64 -D_LARGEFILE64_SOURCE -D_LARGEFILE_SOURCE -DCHECK_FUNCTION_EXISTS=rand_r   -o CMakeFiles/cmTryCompileExec428411159.dir/CheckFunctionExists.c.o   -c /opt/apps/ossw/applications/cmake/cmake-2.8.9/sl6/share/cmake-2.8/Modules/CheckFunctionExists.c
Linking C executable cmTryCompileExec428411159
/opt/apps/ossw/applications/cmake/cmake-2.8.9/sl6/bin/cmake -E cmake_link_script CMakeFiles/cmTryCompileExec428411159.dir/link.txt --verbose=1
/usr/bin/gcc     -DCHECK_FUNCTION_EXISTS=rand_r    CMakeFiles/cmTryCompileExec428411159.dir/CheckFunctionExists.c.o  -o cmTryCompileExec428411159 -rdynamic -lm 
gmake[4]: Leaving directory `/workspace/cvcsoft/TexMol/release/third-party/hdf5_proj-prefix/src/hdf5_proj-build/CMakeFiles/CMakeTmp'
gmake[3]: Leaving directory `/workspace/cvcsoft/TexMol/release/third-party/hdf5_proj-prefix/src/hdf5_proj-build/CMakeFiles/CMakeTmp'


Determining if the function random exists passed with the following output:
Change Dir: /workspace/cvcsoft/TexMol/release/third-party/hdf5_proj-prefix/src/hdf5_proj-build/CMakeFiles/CMakeTmp

Run Build Command:/usr/bin/gmake "cmTryCompileExec2121910305/fast"
gmake[3]: Entering directory `/workspace/cvcsoft/TexMol/release/third-party/hdf5_proj-prefix/src/hdf5_proj-build/CMakeFiles/CMakeTmp'
/usr/bin/gmake -f CMakeFiles/cmTryCompileExec2121910305.dir/build.make CMakeFiles/cmTryCompileExec2121910305.dir/build
gmake[4]: Entering directory `/workspace/cvcsoft/TexMol/release/third-party/hdf5_proj-prefix/src/hdf5_proj-build/CMakeFiles/CMakeTmp'
/opt/apps/ossw/applications/cmake/cmake-2.8.9/sl6/bin/cmake -E cmake_progress_report /workspace/cvcsoft/TexMol/release/third-party/hdf5_proj-prefix/src/hdf5_proj-build/CMakeFiles/CMakeTmp/CMakeFiles 1
Building C object CMakeFiles/cmTryCompileExec2121910305.dir/CheckFunctionExists.c.o
/usr/bin/gcc  -D_BSD_SOURCE -D_FILE_OFFSET_BITS=64 -D_LARGEFILE64_SOURCE -D_LARGEFILE_SOURCE -DCHECK_FUNCTION_EXISTS=random   -o CMakeFiles/cmTryCompileExec2121910305.dir/CheckFunctionExists.c.o   -c /opt/apps/ossw/applications/cmake/cmake-2.8.9/sl6/share/cmake-2.8/Modules/CheckFunctionExists.c
Linking C executable cmTryCompileExec2121910305
/opt/apps/ossw/applications/cmake/cmake-2.8.9/sl6/bin/cmake -E cmake_link_script CMakeFiles/cmTryCompileExec2121910305.dir/link.txt --verbose=1
/usr/bin/gcc     -DCHECK_FUNCTION_EXISTS=random    CMakeFiles/cmTryCompileExec2121910305.dir/CheckFunctionExists.c.o  -o cmTryCompileExec2121910305 -rdynamic -lm 
gmake[4]: Leaving directory `/workspace/cvcsoft/TexMol/release/third-party/hdf5_proj-prefix/src/hdf5_proj-build/CMakeFiles/CMakeTmp'
gmake[3]: Leaving directory `/workspace/cvcsoft/TexMol/release/third-party/hdf5_proj-prefix/src/hdf5_proj-build/CMakeFiles/CMakeTmp'


Determining if the function signal exists passed with the following output:
Change Dir: /workspace/cvcsoft/TexMol/release/third-party/hdf5_proj-prefix/src/hdf5_proj-build/CMakeFiles/CMakeTmp

Run Build Command:/usr/bin/gmake "cmTryCompileExec511287224/fast"
gmake[3]: Entering directory `/workspace/cvcsoft/TexMol/release/third-party/hdf5_proj-prefix/src/hdf5_proj-build/CMakeFiles/CMakeTmp'
/usr/bin/gmake -f CMakeFiles/cmTryCompileExec511287224.dir/build.make CMakeFiles/cmTryCompileExec511287224.dir/build
gmake[4]: Entering directory `/workspace/cvcsoft/TexMol/release/third-party/hdf5_proj-prefix/src/hdf5_proj-build/CMakeFiles/CMakeTmp'
/opt/apps/ossw/applications/cmake/cmake-2.8.9/sl6/bin/cmake -E cmake_progress_report /workspace/cvcsoft/TexMol/release/third-party/hdf5_proj-prefix/src/hdf5_proj-build/CMakeFiles/CMakeTmp/CMakeFiles 1
Building C object CMakeFiles/cmTryCompileExec511287224.dir/CheckFunctionExists.c.o
/usr/bin/gcc  -D_BSD_SOURCE -D_FILE_OFFSET_BITS=64 -D_LARGEFILE64_SOURCE -D_LARGEFILE_SOURCE -DCHECK_FUNCTION_EXISTS=signal   -o CMakeFiles/cmTryCompileExec511287224.dir/CheckFunctionExists.c.o   -c /opt/apps/ossw/applications/cmake/cmake-2.8.9/sl6/share/cmake-2.8/Modules/CheckFunctionExists.c
Linking C executable cmTryCompileExec511287224
/opt/apps/ossw/applications/cmake/cmake-2.8.9/sl6/bin/cmake -E cmake_link_script CMakeFiles/cmTryCompileExec511287224.dir/link.txt --verbose=1
/usr/bin/gcc     -DCHECK_FUNCTION_EXISTS=signal    CMakeFiles/cmTryCompileExec511287224.dir/CheckFunctionExists.c.o  -o cmTryCompileExec511287224 -rdynamic -lm 
gmake[4]: Leaving directory `/workspace/cvcsoft/TexMol/release/third-party/hdf5_proj-prefix/src/hdf5_proj-build/CMakeFiles/CMakeTmp'
gmake[3]: Leaving directory `/workspace/cvcsoft/TexMol/release/third-party/hdf5_proj-prefix/src/hdf5_proj-build/CMakeFiles/CMakeTmp'


Determining if the function longjmp exists passed with the following output:
Change Dir: /workspace/cvcsoft/TexMol/release/third-party/hdf5_proj-prefix/src/hdf5_proj-build/CMakeFiles/CMakeTmp

Run Build Command:/usr/bin/gmake "cmTryCompileExec1666179468/fast"
gmake[3]: Entering directory `/workspace/cvcsoft/TexMol/release/third-party/hdf5_proj-prefix/src/hdf5_proj-build/CMakeFiles/CMakeTmp'
/usr/bin/gmake -f CMakeFiles/cmTryCompileExec1666179468.dir/build.make CMakeFiles/cmTryCompileExec1666179468.dir/build
gmake[4]: Entering directory `/workspace/cvcsoft/TexMol/release/third-party/hdf5_proj-prefix/src/hdf5_proj-build/CMakeFiles/CMakeTmp'
/opt/apps/ossw/applications/cmake/cmake-2.8.9/sl6/bin/cmake -E cmake_progress_report /workspace/cvcsoft/TexMol/release/third-party/hdf5_proj-prefix/src/hdf5_proj-build/CMakeFiles/CMakeTmp/CMakeFiles 1
Building C object CMakeFiles/cmTryCompileExec1666179468.dir/CheckFunctionExists.c.o
/usr/bin/gcc  -D_BSD_SOURCE -D_FILE_OFFSET_BITS=64 -D_LARGEFILE64_SOURCE -D_LARGEFILE_SOURCE -DCHECK_FUNCTION_EXISTS=longjmp   -o CMakeFiles/cmTryCompileExec1666179468.dir/CheckFunctionExists.c.o   -c /opt/apps/ossw/applications/cmake/cmake-2.8.9/sl6/share/cmake-2.8/Modules/CheckFunctionExists.c
Linking C executable cmTryCompileExec1666179468
/opt/apps/ossw/applications/cmake/cmake-2.8.9/sl6/bin/cmake -E cmake_link_script CMakeFiles/cmTryCompileExec1666179468.dir/link.txt --verbose=1
/usr/bin/gcc     -DCHECK_FUNCTION_EXISTS=longjmp    CMakeFiles/cmTryCompileExec1666179468.dir/CheckFunctionExists.c.o  -o cmTryCompileExec1666179468 -rdynamic -lm 
gmake[4]: Leaving directory `/workspace/cvcsoft/TexMol/release/third-party/hdf5_proj-prefix/src/hdf5_proj-build/CMakeFiles/CMakeTmp'
gmake[3]: Leaving directory `/workspace/cvcsoft/TexMol/release/third-party/hdf5_proj-prefix/src/hdf5_proj-build/CMakeFiles/CMakeTmp'


Determining if the function setjmp exists passed with the following output:
Change Dir: /workspace/cvcsoft/TexMol/release/third-party/hdf5_proj-prefix/src/hdf5_proj-build/CMakeFiles/CMakeTmp

Run Build Command:/usr/bin/gmake "cmTryCompileExec1125365757/fast"
gmake[3]: Entering directory `/workspace/cvcsoft/TexMol/release/third-party/hdf5_proj-prefix/src/hdf5_proj-build/CMakeFiles/CMakeTmp'
/usr/bin/gmake -f CMakeFiles/cmTryCompileExec1125365757.dir/build.make CMakeFiles/cmTryCompileExec1125365757.dir/build
gmake[4]: Entering directory `/workspace/cvcsoft/TexMol/release/third-party/hdf5_proj-prefix/src/hdf5_proj-build/CMakeFiles/CMakeTmp'
/opt/apps/ossw/applications/cmake/cmake-2.8.9/sl6/bin/cmake -E cmake_progress_report /workspace/cvcsoft/TexMol/release/third-party/hdf5_proj-prefix/src/hdf5_proj-build/CMakeFiles/CMakeTmp/CMakeFiles 1
Building C object CMakeFiles/cmTryCompileExec1125365757.dir/CheckFunctionExists.c.o
/usr/bin/gcc  -D_BSD_SOURCE -D_FILE_OFFSET_BITS=64 -D_LARGEFILE64_SOURCE -D_LARGEFILE_SOURCE -DCHECK_FUNCTION_EXISTS=setjmp   -o CMakeFiles/cmTryCompileExec1125365757.dir/CheckFunctionExists.c.o   -c /opt/apps/ossw/applications/cmake/cmake-2.8.9/sl6/share/cmake-2.8/Modules/CheckFunctionExists.c
Linking C executable cmTryCompileExec1125365757
/opt/apps/ossw/applications/cmake/cmake-2.8.9/sl6/bin/cmake -E cmake_link_script CMakeFiles/cmTryCompileExec1125365757.dir/link.txt --verbose=1
/usr/bin/gcc     -DCHECK_FUNCTION_EXISTS=setjmp    CMakeFiles/cmTryCompileExec1125365757.dir/CheckFunctionExists.c.o  -o cmTryCompileExec1125365757 -rdynamic -lm 
gmake[4]: Leaving directory `/workspace/cvcsoft/TexMol/release/third-party/hdf5_proj-prefix/src/hdf5_proj-build/CMakeFiles/CMakeTmp'
gmake[3]: Leaving directory `/workspace/cvcsoft/TexMol/release/third-party/hdf5_proj-prefix/src/hdf5_proj-build/CMakeFiles/CMakeTmp'


Determining if the function siglongjmp exists passed with the following output:
Change Dir: /workspace/cvcsoft/TexMol/release/third-party/hdf5_proj-prefix/src/hdf5_proj-build/CMakeFiles/CMakeTmp

Run Build Command:/usr/bin/gmake "cmTryCompileExec1060701472/fast"
gmake[3]: Entering directory `/workspace/cvcsoft/TexMol/release/third-party/hdf5_proj-prefix/src/hdf5_proj-build/CMakeFiles/CMakeTmp'
/usr/bin/gmake -f CMakeFiles/cmTryCompileExec1060701472.dir/build.make CMakeFiles/cmTryCompileExec1060701472.dir/build
gmake[4]: Entering directory `/workspace/cvcsoft/TexMol/release/third-party/hdf5_proj-prefix/src/hdf5_proj-build/CMakeFiles/CMakeTmp'
/opt/apps/ossw/applications/cmake/cmake-2.8.9/sl6/bin/cmake -E cmake_progress_report /workspace/cvcsoft/TexMol/release/third-party/hdf5_proj-prefix/src/hdf5_proj-build/CMakeFiles/CMakeTmp/CMakeFiles 1
Building C object CMakeFiles/cmTryCompileExec1060701472.dir/CheckFunctionExists.c.o
/usr/bin/gcc  -D_BSD_SOURCE -D_FILE_OFFSET_BITS=64 -D_LARGEFILE64_SOURCE -D_LARGEFILE_SOURCE -DCHECK_FUNCTION_EXISTS=siglongjmp   -o CMakeFiles/cmTryCompileExec1060701472.dir/CheckFunctionExists.c.o   -c /opt/apps/ossw/applications/cmake/cmake-2.8.9/sl6/share/cmake-2.8/Modules/CheckFunctionExists.c
Linking C executable cmTryCompileExec1060701472
/opt/apps/ossw/applications/cmake/cmake-2.8.9/sl6/bin/cmake -E cmake_link_script CMakeFiles/cmTryCompileExec1060701472.dir/link.txt --verbose=1
/usr/bin/gcc     -DCHECK_FUNCTION_EXISTS=siglongjmp    CMakeFiles/cmTryCompileExec1060701472.dir/CheckFunctionExists.c.o  -o cmTryCompileExec1060701472 -rdynamic -lm 
gmake[4]: Leaving directory `/workspace/cvcsoft/TexMol/release/third-party/hdf5_proj-prefix/src/hdf5_proj-build/CMakeFiles/CMakeTmp'
gmake[3]: Leaving directory `/workspace/cvcsoft/TexMol/release/third-party/hdf5_proj-prefix/src/hdf5_proj-build/CMakeFiles/CMakeTmp'


Determining if the function sigaction exists passed with the following output:
Change Dir: /workspace/cvcsoft/TexMol/release/third-party/hdf5_proj-prefix/src/hdf5_proj-build/CMakeFiles/CMakeTmp

Run Build Command:/usr/bin/gmake "cmTryCompileExec2056018477/fast"
gmake[3]: Entering directory `/workspace/cvcsoft/TexMol/release/third-party/hdf5_proj-prefix/src/hdf5_proj-build/CMakeFiles/CMakeTmp'
/usr/bin/gmake -f CMakeFiles/cmTryCompileExec2056018477.dir/build.make CMakeFiles/cmTryCompileExec2056018477.dir/build
gmake[4]: Entering directory `/workspace/cvcsoft/TexMol/release/third-party/hdf5_proj-prefix/src/hdf5_proj-build/CMakeFiles/CMakeTmp'
/opt/apps/ossw/applications/cmake/cmake-2.8.9/sl6/bin/cmake -E cmake_progress_report /workspace/cvcsoft/TexMol/release/third-party/hdf5_proj-prefix/src/hdf5_proj-build/CMakeFiles/CMakeTmp/CMakeFiles 1
Building C object CMakeFiles/cmTryCompileExec2056018477.dir/CheckFunctionExists.c.o
/usr/bin/gcc  -D_BSD_SOURCE -D_FILE_OFFSET_BITS=64 -D_LARGEFILE64_SOURCE -D_LARGEFILE_SOURCE -DCHECK_FUNCTION_EXISTS=sigaction   -o CMakeFiles/cmTryCompileExec2056018477.dir/CheckFunctionExists.c.o   -c /opt/apps/ossw/applications/cmake/cmake-2.8.9/sl6/share/cmake-2.8/Modules/CheckFunctionExists.c
Linking C executable cmTryCompileExec2056018477
/opt/apps/ossw/applications/cmake/cmake-2.8.9/sl6/bin/cmake -E cmake_link_script CMakeFiles/cmTryCompileExec2056018477.dir/link.txt --verbose=1
/usr/bin/gcc     -DCHECK_FUNCTION_EXISTS=sigaction    CMakeFiles/cmTryCompileExec2056018477.dir/CheckFunctionExists.c.o  -o cmTryCompileExec2056018477 -rdynamic -lm 
gmake[4]: Leaving directory `/workspace/cvcsoft/TexMol/release/third-party/hdf5_proj-prefix/src/hdf5_proj-build/CMakeFiles/CMakeTmp'
gmake[3]: Leaving directory `/workspace/cvcsoft/TexMol/release/third-party/hdf5_proj-prefix/src/hdf5_proj-build/CMakeFiles/CMakeTmp'


Determining if the function sigprocmask exists passed with the following output:
Change Dir: /workspace/cvcsoft/TexMol/release/third-party/hdf5_proj-prefix/src/hdf5_proj-build/CMakeFiles/CMakeTmp

Run Build Command:/usr/bin/gmake "cmTryCompileExec3459275799/fast"
gmake[3]: Entering directory `/workspace/cvcsoft/TexMol/release/third-party/hdf5_proj-prefix/src/hdf5_proj-build/CMakeFiles/CMakeTmp'
/usr/bin/gmake -f CMakeFiles/cmTryCompileExec3459275799.dir/build.make CMakeFiles/cmTryCompileExec3459275799.dir/build
gmake[4]: Entering directory `/workspace/cvcsoft/TexMol/release/third-party/hdf5_proj-prefix/src/hdf5_proj-build/CMakeFiles/CMakeTmp'
/opt/apps/ossw/applications/cmake/cmake-2.8.9/sl6/bin/cmake -E cmake_progress_report /workspace/cvcsoft/TexMol/release/third-party/hdf5_proj-prefix/src/hdf5_proj-build/CMakeFiles/CMakeTmp/CMakeFiles 1
Building C object CMakeFiles/cmTryCompileExec3459275799.dir/CheckFunctionExists.c.o
/usr/bin/gcc  -D_BSD_SOURCE -D_FILE_OFFSET_BITS=64 -D_LARGEFILE64_SOURCE -D_LARGEFILE_SOURCE -DCHECK_FUNCTION_EXISTS=sigprocmask   -o CMakeFiles/cmTryCompileExec3459275799.dir/CheckFunctionExists.c.o   -c /opt/apps/ossw/applications/cmake/cmake-2.8.9/sl6/share/cmake-2.8/Modules/CheckFunctionExists.c
Linking C executable cmTryCompileExec3459275799
/opt/apps/ossw/applications/cmake/cmake-2.8.9/sl6/bin/cmake -E cmake_link_script CMakeFiles/cmTryCompileExec3459275799.dir/link.txt --verbose=1
/usr/bin/gcc     -DCHECK_FUNCTION_EXISTS=sigprocmask    CMakeFiles/cmTryCompileExec3459275799.dir/CheckFunctionExists.c.o  -o cmTryCompileExec3459275799 -rdynamic -lm 
gmake[4]: Leaving directory `/workspace/cvcsoft/TexMol/release/third-party/hdf5_proj-prefix/src/hdf5_proj-build/CMakeFiles/CMakeTmp'
gmake[3]: Leaving directory `/workspace/cvcsoft/TexMol/release/third-party/hdf5_proj-prefix/src/hdf5_proj-build/CMakeFiles/CMakeTmp'


Determining if the function snprintf exists passed with the following output:
Change Dir: /workspace/cvcsoft/TexMol/release/third-party/hdf5_proj-prefix/src/hdf5_proj-build/CMakeFiles/CMakeTmp

Run Build Command:/usr/bin/gmake "cmTryCompileExec2103266350/fast"
gmake[3]: Entering directory `/workspace/cvcsoft/TexMol/release/third-party/hdf5_proj-prefix/src/hdf5_proj-build/CMakeFiles/CMakeTmp'
/usr/bin/gmake -f CMakeFiles/cmTryCompileExec2103266350.dir/build.make CMakeFiles/cmTryCompileExec2103266350.dir/build
gmake[4]: Entering directory `/workspace/cvcsoft/TexMol/release/third-party/hdf5_proj-prefix/src/hdf5_proj-build/CMakeFiles/CMakeTmp'
/opt/apps/ossw/applications/cmake/cmake-2.8.9/sl6/bin/cmake -E cmake_progress_report /workspace/cvcsoft/TexMol/release/third-party/hdf5_proj-prefix/src/hdf5_proj-build/CMakeFiles/CMakeTmp/CMakeFiles 1
Building C object CMakeFiles/cmTryCompileExec2103266350.dir/CheckFunctionExists.c.o
/usr/bin/gcc  -D_BSD_SOURCE -D_FILE_OFFSET_BITS=64 -D_LARGEFILE64_SOURCE -D_LARGEFILE_SOURCE -DCHECK_FUNCTION_EXISTS=snprintf   -o CMakeFiles/cmTryCompileExec2103266350.dir/CheckFunctionExists.c.o   -c /opt/apps/ossw/applications/cmake/cmake-2.8.9/sl6/share/cmake-2.8/Modules/CheckFunctionExists.c
/opt/apps/ossw/applications/cmake/cmake-2.8.9/sl6/share/cmake-2.8/Modules/CheckFunctionExists.c:3: warning: conflicting types for built-in function ‘snprintf’
Linking C executable cmTryCompileExec2103266350
/opt/apps/ossw/applications/cmake/cmake-2.8.9/sl6/bin/cmake -E cmake_link_script CMakeFiles/cmTryCompileExec2103266350.dir/link.txt --verbose=1
/usr/bin/gcc     -DCHECK_FUNCTION_EXISTS=snprintf    CMakeFiles/cmTryCompileExec2103266350.dir/CheckFunctionExists.c.o  -o cmTryCompileExec2103266350 -rdynamic -lm 
gmake[4]: Leaving directory `/workspace/cvcsoft/TexMol/release/third-party/hdf5_proj-prefix/src/hdf5_proj-build/CMakeFiles/CMakeTmp'
gmake[3]: Leaving directory `/workspace/cvcsoft/TexMol/release/third-party/hdf5_proj-prefix/src/hdf5_proj-build/CMakeFiles/CMakeTmp'


Determining if the function srandom exists passed with the following output:
Change Dir: /workspace/cvcsoft/TexMol/release/third-party/hdf5_proj-prefix/src/hdf5_proj-build/CMakeFiles/CMakeTmp

Run Build Command:/usr/bin/gmake "cmTryCompileExec2580075836/fast"
gmake[3]: Entering directory `/workspace/cvcsoft/TexMol/release/third-party/hdf5_proj-prefix/src/hdf5_proj-build/CMakeFiles/CMakeTmp'
/usr/bin/gmake -f CMakeFiles/cmTryCompileExec2580075836.dir/build.make CMakeFiles/cmTryCompileExec2580075836.dir/build
gmake[4]: Entering directory `/workspace/cvcsoft/TexMol/release/third-party/hdf5_proj-prefix/src/hdf5_proj-build/CMakeFiles/CMakeTmp'
/opt/apps/ossw/applications/cmake/cmake-2.8.9/sl6/bin/cmake -E cmake_progress_report /workspace/cvcsoft/TexMol/release/third-party/hdf5_proj-prefix/src/hdf5_proj-build/CMakeFiles/CMakeTmp/CMakeFiles 1
Building C object CMakeFiles/cmTryCompileExec2580075836.dir/CheckFunctionExists.c.o
/usr/bin/gcc  -D_BSD_SOURCE -D_FILE_OFFSET_BITS=64 -D_LARGEFILE64_SOURCE -D_LARGEFILE_SOURCE -DCHECK_FUNCTION_EXISTS=srandom   -o CMakeFiles/cmTryCompileExec2580075836.dir/CheckFunctionExists.c.o   -c /opt/apps/ossw/applications/cmake/cmake-2.8.9/sl6/share/cmake-2.8/Modules/CheckFunctionExists.c
Linking C executable cmTryCompileExec2580075836
/opt/apps/ossw/applications/cmake/cmake-2.8.9/sl6/bin/cmake -E cmake_link_script CMakeFiles/cmTryCompileExec2580075836.dir/link.txt --verbose=1
/usr/bin/gcc     -DCHECK_FUNCTION_EXISTS=srandom    CMakeFiles/cmTryCompileExec2580075836.dir/CheckFunctionExists.c.o  -o cmTryCompileExec2580075836 -rdynamic -lm 
gmake[4]: Leaving directory `/workspace/cvcsoft/TexMol/release/third-party/hdf5_proj-prefix/src/hdf5_proj-build/CMakeFiles/CMakeTmp'
gmake[3]: Leaving directory `/workspace/cvcsoft/TexMol/release/third-party/hdf5_proj-prefix/src/hdf5_proj-build/CMakeFiles/CMakeTmp'


Determining if the function strdup exists passed with the following output:
Change Dir: /workspace/cvcsoft/TexMol/release/third-party/hdf5_proj-prefix/src/hdf5_proj-build/CMakeFiles/CMakeTmp

Run Build Command:/usr/bin/gmake "cmTryCompileExec2199810612/fast"
gmake[3]: Entering directory `/workspace/cvcsoft/TexMol/release/third-party/hdf5_proj-prefix/src/hdf5_proj-build/CMakeFiles/CMakeTmp'
/usr/bin/gmake -f CMakeFiles/cmTryCompileExec2199810612.dir/build.make CMakeFiles/cmTryCompileExec2199810612.dir/build
gmake[4]: Entering directory `/workspace/cvcsoft/TexMol/release/third-party/hdf5_proj-prefix/src/hdf5_proj-build/CMakeFiles/CMakeTmp'
/opt/apps/ossw/applications/cmake/cmake-2.8.9/sl6/bin/cmake -E cmake_progress_report /workspace/cvcsoft/TexMol/release/third-party/hdf5_proj-prefix/src/hdf5_proj-build/CMakeFiles/CMakeTmp/CMakeFiles 1
Building C object CMakeFiles/cmTryCompileExec2199810612.dir/CheckFunctionExists.c.o
/usr/bin/gcc  -D_BSD_SOURCE -D_FILE_OFFSET_BITS=64 -D_LARGEFILE64_SOURCE -D_LARGEFILE_SOURCE -DCHECK_FUNCTION_EXISTS=strdup   -o CMakeFiles/cmTryCompileExec2199810612.dir/CheckFunctionExists.c.o   -c /opt/apps/ossw/applications/cmake/cmake-2.8.9/sl6/share/cmake-2.8/Modules/CheckFunctionExists.c
/opt/apps/ossw/applications/cmake/cmake-2.8.9/sl6/share/cmake-2.8/Modules/CheckFunctionExists.c:3: warning: conflicting types for built-in function ‘strdup’
Linking C executable cmTryCompileExec2199810612
/opt/apps/ossw/applications/cmake/cmake-2.8.9/sl6/bin/cmake -E cmake_link_script CMakeFiles/cmTryCompileExec2199810612.dir/link.txt --verbose=1
/usr/bin/gcc     -DCHECK_FUNCTION_EXISTS=strdup    CMakeFiles/cmTryCompileExec2199810612.dir/CheckFunctionExists.c.o  -o cmTryCompileExec2199810612 -rdynamic -lm 
gmake[4]: Leaving directory `/workspace/cvcsoft/TexMol/release/third-party/hdf5_proj-prefix/src/hdf5_proj-build/CMakeFiles/CMakeTmp'
gmake[3]: Leaving directory `/workspace/cvcsoft/TexMol/release/third-party/hdf5_proj-prefix/src/hdf5_proj-build/CMakeFiles/CMakeTmp'


Determining if the function symlink exists passed with the following output:
Change Dir: /workspace/cvcsoft/TexMol/release/third-party/hdf5_proj-prefix/src/hdf5_proj-build/CMakeFiles/CMakeTmp

Run Build Command:/usr/bin/gmake "cmTryCompileExec60173115/fast"
gmake[3]: Entering directory `/workspace/cvcsoft/TexMol/release/third-party/hdf5_proj-prefix/src/hdf5_proj-build/CMakeFiles/CMakeTmp'
/usr/bin/gmake -f CMakeFiles/cmTryCompileExec60173115.dir/build.make CMakeFiles/cmTryCompileExec60173115.dir/build
gmake[4]: Entering directory `/workspace/cvcsoft/TexMol/release/third-party/hdf5_proj-prefix/src/hdf5_proj-build/CMakeFiles/CMakeTmp'
/opt/apps/ossw/applications/cmake/cmake-2.8.9/sl6/bin/cmake -E cmake_progress_report /workspace/cvcsoft/TexMol/release/third-party/hdf5_proj-prefix/src/hdf5_proj-build/CMakeFiles/CMakeTmp/CMakeFiles 1
Building C object CMakeFiles/cmTryCompileExec60173115.dir/CheckFunctionExists.c.o
/usr/bin/gcc  -D_BSD_SOURCE -D_FILE_OFFSET_BITS=64 -D_LARGEFILE64_SOURCE -D_LARGEFILE_SOURCE -DCHECK_FUNCTION_EXISTS=symlink   -o CMakeFiles/cmTryCompileExec60173115.dir/CheckFunctionExists.c.o   -c /opt/apps/ossw/applications/cmake/cmake-2.8.9/sl6/share/cmake-2.8/Modules/CheckFunctionExists.c
Linking C executable cmTryCompileExec60173115
/opt/apps/ossw/applications/cmake/cmake-2.8.9/sl6/bin/cmake -E cmake_link_script CMakeFiles/cmTryCompileExec60173115.dir/link.txt --verbose=1
/usr/bin/gcc     -DCHECK_FUNCTION_EXISTS=symlink    CMakeFiles/cmTryCompileExec60173115.dir/CheckFunctionExists.c.o  -o cmTryCompileExec60173115 -rdynamic -lm 
gmake[4]: Leaving directory `/workspace/cvcsoft/TexMol/release/third-party/hdf5_proj-prefix/src/hdf5_proj-build/CMakeFiles/CMakeTmp'
gmake[3]: Leaving directory `/workspace/cvcsoft/TexMol/release/third-party/hdf5_proj-prefix/src/hdf5_proj-build/CMakeFiles/CMakeTmp'


Determining if the function system exists passed with the following output:
Change Dir: /workspace/cvcsoft/TexMol/release/third-party/hdf5_proj-prefix/src/hdf5_proj-build/CMakeFiles/CMakeTmp

Run Build Command:/usr/bin/gmake "cmTryCompileExec1064472270/fast"
gmake[3]: Entering directory `/workspace/cvcsoft/TexMol/release/third-party/hdf5_proj-prefix/src/hdf5_proj-build/CMakeFiles/CMakeTmp'
/usr/bin/gmake -f CMakeFiles/cmTryCompileExec1064472270.dir/build.make CMakeFiles/cmTryCompileExec1064472270.dir/build
gmake[4]: Entering directory `/workspace/cvcsoft/TexMol/release/third-party/hdf5_proj-prefix/src/hdf5_proj-build/CMakeFiles/CMakeTmp'
/opt/apps/ossw/applications/cmake/cmake-2.8.9/sl6/bin/cmake -E cmake_progress_report /workspace/cvcsoft/TexMol/release/third-party/hdf5_proj-prefix/src/hdf5_proj-build/CMakeFiles/CMakeTmp/CMakeFiles 1
Building C object CMakeFiles/cmTryCompileExec1064472270.dir/CheckFunctionExists.c.o
/usr/bin/gcc  -D_BSD_SOURCE -D_FILE_OFFSET_BITS=64 -D_LARGEFILE64_SOURCE -D_LARGEFILE_SOURCE -DCHECK_FUNCTION_EXISTS=system   -o CMakeFiles/cmTryCompileExec1064472270.dir/CheckFunctionExists.c.o   -c /opt/apps/ossw/applications/cmake/cmake-2.8.9/sl6/share/cmake-2.8/Modules/CheckFunctionExists.c
Linking C executable cmTryCompileExec1064472270
/opt/apps/ossw/applications/cmake/cmake-2.8.9/sl6/bin/cmake -E cmake_link_script CMakeFiles/cmTryCompileExec1064472270.dir/link.txt --verbose=1
/usr/bin/gcc     -DCHECK_FUNCTION_EXISTS=system    CMakeFiles/cmTryCompileExec1064472270.dir/CheckFunctionExists.c.o  -o cmTryCompileExec1064472270 -rdynamic -lm 
gmake[4]: Leaving directory `/workspace/cvcsoft/TexMol/release/third-party/hdf5_proj-prefix/src/hdf5_proj-build/CMakeFiles/CMakeTmp'
gmake[3]: Leaving directory `/workspace/cvcsoft/TexMol/release/third-party/hdf5_proj-prefix/src/hdf5_proj-build/CMakeFiles/CMakeTmp'


Determining if the function vasprintf exists passed with the following output:
Change Dir: /workspace/cvcsoft/TexMol/release/third-party/hdf5_proj-prefix/src/hdf5_proj-build/CMakeFiles/CMakeTmp

Run Build Command:/usr/bin/gmake "cmTryCompileExec3501896220/fast"
gmake[3]: Entering directory `/workspace/cvcsoft/TexMol/release/third-party/hdf5_proj-prefix/src/hdf5_proj-build/CMakeFiles/CMakeTmp'
/usr/bin/gmake -f CMakeFiles/cmTryCompileExec3501896220.dir/build.make CMakeFiles/cmTryCompileExec3501896220.dir/build
gmake[4]: Entering directory `/workspace/cvcsoft/TexMol/release/third-party/hdf5_proj-prefix/src/hdf5_proj-build/CMakeFiles/CMakeTmp'
/opt/apps/ossw/applications/cmake/cmake-2.8.9/sl6/bin/cmake -E cmake_progress_report /workspace/cvcsoft/TexMol/release/third-party/hdf5_proj-prefix/src/hdf5_proj-build/CMakeFiles/CMakeTmp/CMakeFiles 1
Building C object CMakeFiles/cmTryCompileExec3501896220.dir/CheckFunctionExists.c.o
/usr/bin/gcc  -D_BSD_SOURCE -D_FILE_OFFSET_BITS=64 -D_LARGEFILE64_SOURCE -D_LARGEFILE_SOURCE -DCHECK_FUNCTION_EXISTS=vasprintf   -o CMakeFiles/cmTryCompileExec3501896220.dir/CheckFunctionExists.c.o   -c /opt/apps/ossw/applications/cmake/cmake-2.8.9/sl6/share/cmake-2.8/Modules/CheckFunctionExists.c
Linking C executable cmTryCompileExec3501896220
/opt/apps/ossw/applications/cmake/cmake-2.8.9/sl6/bin/cmake -E cmake_link_script CMakeFiles/cmTryCompileExec3501896220.dir/link.txt --verbose=1
/usr/bin/gcc     -DCHECK_FUNCTION_EXISTS=vasprintf    CMakeFiles/cmTryCompileExec3501896220.dir/CheckFunctionExists.c.o  -o cmTryCompileExec3501896220 -rdynamic -lm 
gmake[4]: Leaving directory `/workspace/cvcsoft/TexMol/release/third-party/hdf5_proj-prefix/src/hdf5_proj-build/CMakeFiles/CMakeTmp'
gmake[3]: Leaving directory `/workspace/cvcsoft/TexMol/release/third-party/hdf5_proj-prefix/src/hdf5_proj-build/CMakeFiles/CMakeTmp'


Determining if the function waitpid exists passed with the following output:
Change Dir: /workspace/cvcsoft/TexMol/release/third-party/hdf5_proj-prefix/src/hdf5_proj-build/CMakeFiles/CMakeTmp

Run Build Command:/usr/bin/gmake "cmTryCompileExec2086249530/fast"
gmake[3]: Entering directory `/workspace/cvcsoft/TexMol/release/third-party/hdf5_proj-prefix/src/hdf5_proj-build/CMakeFiles/CMakeTmp'
/usr/bin/gmake -f CMakeFiles/cmTryCompileExec2086249530.dir/build.make CMakeFiles/cmTryCompileExec2086249530.dir/build
gmake[4]: Entering directory `/workspace/cvcsoft/TexMol/release/third-party/hdf5_proj-prefix/src/hdf5_proj-build/CMakeFiles/CMakeTmp'
/opt/apps/ossw/applications/cmake/cmake-2.8.9/sl6/bin/cmake -E cmake_progress_report /workspace/cvcsoft/TexMol/release/third-party/hdf5_proj-prefix/src/hdf5_proj-build/CMakeFiles/CMakeTmp/CMakeFiles 1
Building C object CMakeFiles/cmTryCompileExec2086249530.dir/CheckFunctionExists.c.o
/usr/bin/gcc  -D_BSD_SOURCE -D_FILE_OFFSET_BITS=64 -D_LARGEFILE64_SOURCE -D_LARGEFILE_SOURCE -DCHECK_FUNCTION_EXISTS=waitpid   -o CMakeFiles/cmTryCompileExec2086249530.dir/CheckFunctionExists.c.o   -c /opt/apps/ossw/applications/cmake/cmake-2.8.9/sl6/share/cmake-2.8/Modules/CheckFunctionExists.c
Linking C executable cmTryCompileExec2086249530
/opt/apps/ossw/applications/cmake/cmake-2.8.9/sl6/bin/cmake -E cmake_link_script CMakeFiles/cmTryCompileExec2086249530.dir/link.txt --verbose=1
/usr/bin/gcc     -DCHECK_FUNCTION_EXISTS=waitpid    CMakeFiles/cmTryCompileExec2086249530.dir/CheckFunctionExists.c.o  -o cmTryCompileExec2086249530 -rdynamic -lm 
gmake[4]: Leaving directory `/workspace/cvcsoft/TexMol/release/third-party/hdf5_proj-prefix/src/hdf5_proj-build/CMakeFiles/CMakeTmp'
gmake[3]: Leaving directory `/workspace/cvcsoft/TexMol/release/third-party/hdf5_proj-prefix/src/hdf5_proj-build/CMakeFiles/CMakeTmp'


Determining if the function vsnprintf exists passed with the following output:
Change Dir: /workspace/cvcsoft/TexMol/release/third-party/hdf5_proj-prefix/src/hdf5_proj-build/CMakeFiles/CMakeTmp

Run Build Command:/usr/bin/gmake "cmTryCompileExec1338407261/fast"
gmake[3]: Entering directory `/workspace/cvcsoft/TexMol/release/third-party/hdf5_proj-prefix/src/hdf5_proj-build/CMakeFiles/CMakeTmp'
/usr/bin/gmake -f CMakeFiles/cmTryCompileExec1338407261.dir/build.make CMakeFiles/cmTryCompileExec1338407261.dir/build
gmake[4]: Entering directory `/workspace/cvcsoft/TexMol/release/third-party/hdf5_proj-prefix/src/hdf5_proj-build/CMakeFiles/CMakeTmp'
/opt/apps/ossw/applications/cmake/cmake-2.8.9/sl6/bin/cmake -E cmake_progress_report /workspace/cvcsoft/TexMol/release/third-party/hdf5_proj-prefix/src/hdf5_proj-build/CMakeFiles/CMakeTmp/CMakeFiles 1
Building C object CMakeFiles/cmTryCompileExec1338407261.dir/CheckFunctionExists.c.o
/usr/bin/gcc  -D_BSD_SOURCE -D_FILE_OFFSET_BITS=64 -D_LARGEFILE64_SOURCE -D_LARGEFILE_SOURCE -DCHECK_FUNCTION_EXISTS=vsnprintf   -o CMakeFiles/cmTryCompileExec1338407261.dir/CheckFunctionExists.c.o   -c /opt/apps/ossw/applications/cmake/cmake-2.8.9/sl6/share/cmake-2.8/Modules/CheckFunctionExists.c
/opt/apps/ossw/applications/cmake/cmake-2.8.9/sl6/share/cmake-2.8/Modules/CheckFunctionExists.c:3: warning: conflicting types for built-in function ‘vsnprintf’
Linking C executable cmTryCompileExec1338407261
/opt/apps/ossw/applications/cmake/cmake-2.8.9/sl6/bin/cmake -E cmake_link_script CMakeFiles/cmTryCompileExec1338407261.dir/link.txt --verbose=1
/usr/bin/gcc     -DCHECK_FUNCTION_EXISTS=vsnprintf    CMakeFiles/cmTryCompileExec1338407261.dir/CheckFunctionExists.c.o  -o cmTryCompileExec1338407261 -rdynamic -lm 
gmake[4]: Leaving directory `/workspace/cvcsoft/TexMol/release/third-party/hdf5_proj-prefix/src/hdf5_proj-build/CMakeFiles/CMakeTmp'
gmake[3]: Leaving directory `/workspace/cvcsoft/TexMol/release/third-party/hdf5_proj-prefix/src/hdf5_proj-build/CMakeFiles/CMakeTmp'


Determining if the sigsetjmp exist passed with the following output:
Change Dir: /workspace/cvcsoft/TexMol/release/third-party/hdf5_proj-prefix/src/hdf5_proj-build/CMakeFiles/CMakeTmp

Run Build Command:/usr/bin/gmake "cmTryCompileExec4011949723/fast"
gmake[3]: Entering directory `/workspace/cvcsoft/TexMol/release/third-party/hdf5_proj-prefix/src/hdf5_proj-build/CMakeFiles/CMakeTmp'
/usr/bin/gmake -f CMakeFiles/cmTryCompileExec4011949723.dir/build.make CMakeFiles/cmTryCompileExec4011949723.dir/build
gmake[4]: Entering directory `/workspace/cvcsoft/TexMol/release/third-party/hdf5_proj-prefix/src/hdf5_proj-build/CMakeFiles/CMakeTmp'
/opt/apps/ossw/applications/cmake/cmake-2.8.9/sl6/bin/cmake -E cmake_progress_report /workspace/cvcsoft/TexMol/release/third-party/hdf5_proj-prefix/src/hdf5_proj-build/CMakeFiles/CMakeTmp/CMakeFiles 1
Building C object CMakeFiles/cmTryCompileExec4011949723.dir/CheckSymbolExists.c.o
/usr/bin/gcc  -D_BSD_SOURCE -D_FILE_OFFSET_BITS=64 -D_LARGEFILE64_SOURCE -D_LARGEFILE_SOURCE  -o CMakeFiles/cmTryCompileExec4011949723.dir/CheckSymbolExists.c.o   -c /workspace/cvcsoft/TexMol/release/third-party/hdf5_proj-prefix/src/hdf5_proj-build/CMakeFiles/CMakeTmp/CheckSymbolExists.c
Linking C executable cmTryCompileExec4011949723
/opt/apps/ossw/applications/cmake/cmake-2.8.9/sl6/bin/cmake -E cmake_link_script CMakeFiles/cmTryCompileExec4011949723.dir/link.txt --verbose=1
/usr/bin/gcc         CMakeFiles/cmTryCompileExec4011949723.dir/CheckSymbolExists.c.o  -o cmTryCompileExec4011949723 -rdynamic -lm 
gmake[4]: Leaving directory `/workspace/cvcsoft/TexMol/release/third-party/hdf5_proj-prefix/src/hdf5_proj-build/CMakeFiles/CMakeTmp'
gmake[3]: Leaving directory `/workspace/cvcsoft/TexMol/release/third-party/hdf5_proj-prefix/src/hdf5_proj-build/CMakeFiles/CMakeTmp'

File /workspace/cvcsoft/TexMol/release/third-party/hdf5_proj-prefix/src/hdf5_proj-build/CMakeFiles/CMakeTmp/CheckSymbolExists.c:
/* */
#include <setjmp.h>

int main(int argc, char** argv)
{
  (void)argv;
#ifndef sigsetjmp
  return ((int*)(&sigsetjmp))[argc];
#else
  (void)argc;
  return 0;
#endif
}

Determining if the tzname exist passed with the following output:
Change Dir: /workspace/cvcsoft/TexMol/release/third-party/hdf5_proj-prefix/src/hdf5_proj-build/CMakeFiles/CMakeTmp

Run Build Command:/usr/bin/gmake "cmTryCompileExec3527261751/fast"
gmake[3]: Entering directory `/workspace/cvcsoft/TexMol/release/third-party/hdf5_proj-prefix/src/hdf5_proj-build/CMakeFiles/CMakeTmp'
/usr/bin/gmake -f CMakeFiles/cmTryCompileExec3527261751.dir/build.make CMakeFiles/cmTryCompileExec3527261751.dir/build
gmake[4]: Entering directory `/workspace/cvcsoft/TexMol/release/third-party/hdf5_proj-prefix/src/hdf5_proj-build/CMakeFiles/CMakeTmp'
/opt/apps/ossw/applications/cmake/cmake-2.8.9/sl6/bin/cmake -E cmake_progress_report /workspace/cvcsoft/TexMol/release/third-party/hdf5_proj-prefix/src/hdf5_proj-build/CMakeFiles/CMakeTmp/CMakeFiles 1
Building C object CMakeFiles/cmTryCompileExec3527261751.dir/CheckSymbolExists.c.o
/usr/bin/gcc  -D_BSD_SOURCE -D_FILE_OFFSET_BITS=64 -D_LARGEFILE64_SOURCE -D_LARGEFILE_SOURCE  -o CMakeFiles/cmTryCompileExec3527261751.dir/CheckSymbolExists.c.o   -c /workspace/cvcsoft/TexMol/release/third-party/hdf5_proj-prefix/src/hdf5_proj-build/CMakeFiles/CMakeTmp/CheckSymbolExists.c
Linking C executable cmTryCompileExec3527261751
/opt/apps/ossw/applications/cmake/cmake-2.8.9/sl6/bin/cmake -E cmake_link_script CMakeFiles/cmTryCompileExec3527261751.dir/link.txt --verbose=1
/usr/bin/gcc         CMakeFiles/cmTryCompileExec3527261751.dir/CheckSymbolExists.c.o  -o cmTryCompileExec3527261751 -rdynamic -lm 
gmake[4]: Leaving directory `/workspace/cvcsoft/TexMol/release/third-party/hdf5_proj-prefix/src/hdf5_proj-build/CMakeFiles/CMakeTmp'
gmake[3]: Leaving directory `/workspace/cvcsoft/TexMol/release/third-party/hdf5_proj-prefix/src/hdf5_proj-build/CMakeFiles/CMakeTmp'

File /workspace/cvcsoft/TexMol/release/third-party/hdf5_proj-prefix/src/hdf5_proj-build/CMakeFiles/CMakeTmp/CheckSymbolExists.c:
/* */
#include <time.h>

int main(int argc, char** argv)
{
  (void)argv;
#ifndef tzname
  return ((int*)(&tzname))[argc];
#else
  (void)argc;
  return 0;
#endif
}

